{"type": "FeatureCollection", "features": [{"type": "Feature", "properties": {"boat": "yes", "canoe": "yes", "deep_draft": "no", "intermittent": "no", "name": "South Branch Chicago River", "oneway:canoe": "no", "rapids": "no", "ship": "yes", "source:deep_draft": "National Transportation Atlas Database 2011", "tidal": "no", "waterway": "river", "wikidata": "Q643284", "wikipedia": "en:Chicago River", "_id": 24984723}, "geometry": {"type": "LineString", "coordinates": [[-87.6438839, 41.8495264], [-87.6461288, 41.8493781], [-87.6467027, 41.849271], [-87.6491103, 41.848467], [-87.6495758, 41.8483869], [-87.6503961, 41.848368], [-87.6506942, 41.8483403], [-87.6519773, 41.8481272], [-87.6529689, 41.8479593], [-87.6533041, 41.8479515], [-87.6560186, 41.8483358], [-87.6566943, 41.8483143], [-87.6571172, 41.8481954], [-87.6575478, 41.8480147], [-87.6579882, 41.8477609], [-87.6592685, 41.8468781], [-87.6604541, 41.8460198], [-87.6611157, 41.8456438], [-87.6621191, 41.8451145], [-87.6631779, 41.8446076], [-87.6634158, 41.8445503], [-87.6644337, 41.8447157]]}}, {"type": "Feature", "properties": {"canoe": "yes", "name": "North Branch Chicago River", "tidal": "no", "waterway": "river", "wikidata": "Q643284", "wikipedia": "en:Chicago River", "_id": 25003663}, "geometry": {"type": "LineString", "coordinates": [[-87.6947475, 41.9612701], [-87.6947439, 41.9611732], [-87.6947196, 41.9603634], [-87.6946828, 41.9598976], [-87.6946023, 41.9593112], [-87.6943997, 41.9581371], [-87.6943608, 41.9574974], [-87.6943562, 41.9564656], [-87.6943617, 41.9563391], [-87.6944075, 41.9547979], [-87.6945025, 41.9541596], [-87.6945026, 41.9538438], [-87.6947033, 41.9535774], [-87.6954374, 41.9526783], [-87.6959491, 41.9518771], [-87.6963352, 41.951093], [-87.696691, 41.9504696], [-87.6967811, 41.950321], [-87.6968039, 41.9501621], [-87.6967341, 41.949315], [-87.6965145, 41.9483546], [-87.6963793, 41.9476458], [-87.6961584, 41.9468095], [-87.6961531, 41.9466881]]}}, {"type": "Feature", "properties": {"created_by": "Potlatch 0.10e", "tunnel": "yes", "waterway": "drain", "_id": 27750045}, "geometry": {"type": "LineString", "coordinates": [[-87.9119874, 42.0311617], [-87.911723, 42.0313131]]}}, {"type": "Feature", "properties": {"boat": "no", "layer": "-1", "tunnel": "yes", "waterway": "stream", "_id": 31297644}, "geometry": {"type": "LineString", "coordinates": [[-87.8686291, 41.7636924], [-87.8681952, 41.7635568]]}}, {"type": "Feature", "properties": {"boat": "no", "layer": "-1", "tunnel": "yes", "waterway": "stream", "_id": 31297658}, "geometry": {"type": "LineString", "coordinates": [[-87.8666381, 41.7622394], [-87.8664748, 41.7615635]]}}, {"type": "Feature", "properties": {"boat": "no", "layer": "-1", "tunnel": "yes", "waterway": "stream", "_id": 31297660}, "geometry": {"type": "LineString", "coordinates": [[-87.8677684, 41.7633515], [-87.8669509, 41.7629634]]}}, {"type": "Feature", "properties": {"boat": "no", "layer": "-1", "tunnel": "yes", "waterway": "stream", "_id": 31297665}, "geometry": {"type": "LineString", "coordinates": [[-87.8660032, 41.7609269], [-87.8655263, 41.7605933]]}}, {"type": "Feature", "properties": {"NHD:ComID": "109978054", "NHD:FCode": "46003", "NHD:FType": "StreamRiver", "NHD:ReachCode": "7120004002959", "NHD:way_id": "109978054", "attribution": "NHD", "check_date": "2025-04-01", "covered": "yes", "layer": "-1", "salt": "no", "source": "survey", "tidal": "no", "tunnel": "culvert", "waterway": "stream", "_id": 35383859}, "geometry": {"type": "LineString", "coordinates": [[-87.953255, 41.721419], [-87.95319, 41.721344], [-87.953161, 41.721296], [-87.953153, 41.721268], [-87.953124, 41.721234], [-87.953101, 41.7211], [-87.953117, 41.720894], [-87.95314, 41.720843], [-87.953166, 41.720733], [-87.95324, 41.720664], [-87.953275, 41.720636], [-87.9532851, 41.7206132], [-87.953348, 41.720471], [-87.953356, 41.720416], [-87.953411, 41.72034]]}}, {"type": "Feature", "properties": {"NHD:ComID": "109977282", "NHD:FCode": "46003", "NHD:FType": "StreamRiver", "NHD:ReachCode": "7120004000543", "NHD:way_id": "109977282", "attribution": "NHD", "layer": "-1", "source": "NHD_import_v0.3_20090601163626", "tunnel": "culvert", "waterway": "stream", "_id": 35383891}, "geometry": {"type": "LineString", "coordinates": [[-87.9478942, 41.7753791], [-87.947406, 41.7752968], [-87.9472164, 41.7752649]]}}, {"type": "Feature", "properties": {"NHD:ComID": "109977452", "NHD:FCode": "46003", "NHD:FType": "StreamRiver", "NHD:ReachCode": "7120004000321", "NHD:way_id": "109977452", "attribution": "NHD", "layer": "-1", "source": "NHD_import_v0.3_20090601163626", "tunnel": "culvert", "waterway": "stream", "_id": 35384161}, "geometry": {"type": "LineString", "coordinates": [[-87.862535, 41.759143], [-87.861648, 41.760137], [-87.860813, 41.760994], [-87.860402, 41.760819], [-87.859889, 41.760566], [-87.859676, 41.760457], [-87.859596, 41.760435], [-87.859471, 41.760363], [-87.859324, 41.760281], [-87.8591015, 41.7601442]]}}, {"type": "Feature", "properties": {"NHD:ComID": "109977354", "NHD:FCode": "46003", "NHD:FType": "StreamRiver", "NHD:ReachCode": "7120004000322", "NHD:way_id": "109977354", "attribution": "NHD", "layer": "-1", "source": "NHD_import_v0.3_20090601163626", "tunnel": "culvert", "waterway": "stream", "_id": 35384297}, "geometry": {"type": "LineString", "coordinates": [[-87.858454, 41.772877], [-87.858409, 41.772684], [-87.858431, 41.772481], [-87.85846, 41.771674], [-87.858386, 41.771175], [-87.858357, 41.770752], [-87.858297, 41.769764], [-87.858422, 41.769472], [-87.858678, 41.769094], [-87.858788, 41.768945], [-87.8589456, 41.7688636], [-87.859001, 41.768835], [-87.8590114, 41.7688155], [-87.859059, 41.768726], [-87.858861, 41.768528], [-87.858538, 41.768325], [-87.858054, 41.768023], [-87.858083, 41.767617], [-87.858141, 41.766755], [-87.858045, 41.766277], [-87.858023, 41.765882], [-87.85792, 41.765728], [-87.8578952, 41.7657124], [-87.857685, 41.76558], [-87.857304, 41.765377], [-87.856607, 41.765042], [-87.855316, 41.764428], [-87.855184, 41.764357], [-87.854817, 41.764187], [-87.854612, 41.764071], [-87.85445, 41.764011], [-87.853636, 41.763622], [-87.8525896, 41.763164]]}}, {"type": "Feature", "properties": {"NHD:ComID": "109978778", "NHD:FCode": "46003", "NHD:FType": "StreamRiver", "NHD:ReachCode": "7120004003053", "NHD:way_id": "109978778", "attribution": "NHD", "layer": "-1", "source": "NHD_import_v0.3_20090601163626", "tunnel": "culvert", "waterway": "stream", "_id": 35384301}, "geometry": {"type": "LineString", "coordinates": [[-87.925784, 41.633579], [-87.925687, 41.634094], [-87.925615, 41.63426], [-87.92557, 41.634311], [-87.925178, 41.634618], [-87.925133, 41.634639], [-87.925087, 41.634646], [-87.925033, 41.63468], [-87.924978, 41.634694], [-87.924822, 41.634715], [-87.924785, 41.634736], [-87.924722, 41.634764], [-87.9246314, 41.634759], [-87.9245484, 41.634793], [-87.9245124, 41.634801], [-87.9244674, 41.634822], [-87.9243474, 41.634849], [-87.9243154, 41.63486], [-87.9242014, 41.634877], [-87.9241244, 41.634902], [-87.9240914, 41.634905], [-87.924032, 41.634942], [-87.923853, 41.634966], [-87.923698, 41.635015], [-87.923615, 41.635057], [-87.923565, 41.635078], [-87.923297, 41.635305], [-87.923278, 41.635329], [-87.923215, 41.635388], [-87.923097, 41.635529], [-87.9230273, 41.6355789], [-87.922879, 41.635685], [-87.922814, 41.63572], [-87.922641, 41.635796], [-87.922568, 41.635813], [-87.922476, 41.635844], [-87.922317, 41.635934], [-87.92223, 41.635996], [-87.922103, 41.636106], [-87.922049, 41.636169], [-87.92203, 41.636217], [-87.921985, 41.636265], [-87.921986, 41.636286], [-87.921949, 41.63632], [-87.921863, 41.63653], [-87.921819, 41.636739], [-87.921802, 41.63677], [-87.921726, 41.637199], [-87.921677, 41.637306], [-87.921647, 41.637537], [-87.921666, 41.637577], [-87.921784, 41.637656], [-87.92184, 41.63768], [-87.922042, 41.637699], [-87.922074, 41.637689], [-87.92217, 41.637699], [-87.922252, 41.637719], [-87.922491, 41.637897], [-87.922566, 41.637965], [-87.922575, 41.63799], [-87.922602, 41.638013], [-87.922603, 41.638033], [-87.922667, 41.638102], [-87.922696, 41.638163], [-87.922779, 41.63828], [-87.922844, 41.638362], [-87.922844, 41.63839], [-87.922881, 41.63843], [-87.922908, 41.638486], [-87.923029, 41.63867], [-87.923056, 41.638698], [-87.923085, 41.638746], [-87.923103, 41.638766], [-87.923129, 41.63884], [-87.923177, 41.638896], [-87.92326, 41.639033], [-87.923239, 41.639123], [-87.923211, 41.639182], [-87.923189, 41.639281], [-87.923158, 41.639353], [-87.923145, 41.639432], [-87.923145, 41.639467], [-87.923163, 41.639556], [-87.923266, 41.639665], [-87.923275, 41.639685], [-87.923258, 41.639898], [-87.923304, 41.640001], [-87.923332, 41.640022], [-87.923341, 41.640056], [-87.923361, 41.640077]]}}, {"type": "Feature", "properties": {"NHD:ComID": "109976578", "NHD:FCode": "33400", "NHD:FType": "Connector", "NHD:ReachCode": "7120004002805", "NHD:way_id": "109976578", "attribution": "NHD", "layer": "-1", "source": "NHD_import_v0.3_20090601163626", "tunnel": "yes", "waterway": "drain", "_id": 35384460}, "geometry": {"type": "LineString", "coordinates": [[-87.8917817, 41.8375123], [-87.891634, 41.836874], [-87.890851, 41.836158], [-87.890567, 41.835212], [-87.890006, 41.834625], [-87.889371, 41.834324], [-87.888339, 41.834404], [-87.887557, 41.834703], [-87.88696, 41.8351], [-87.886531, 41.83574], [-87.88633, 41.836453], [-87.886123, 41.837223], [-87.885667, 41.838093], [-87.885227, 41.838501], [-87.884413, 41.839406], [-87.884106, 41.839677], [-87.883874, 41.839982], [-87.883659, 41.840142], [-87.88329, 41.840335], [-87.8831582, 41.840343]]}}, {"type": "Feature", "properties": {"NHD:FCode": "46003", "NHD:ReachCode": "7120004000229", "NHD:way_id": "109975956", "attribution": "NHD", "gnis:feature_id": "421693", "name": "Addison Creek", "tunnel": "yes", "waterway": "stream", "_id": 35384690}, "geometry": {"type": "LineString", "coordinates": [[-87.9285642, 41.9419169], [-87.9284506, 41.941576]]}}, {"type": "Feature", "properties": {"NHD:ComID": "109977540", "NHD:FCode": "46003", "NHD:FType": "StreamRiver", "NHD:ReachCode": "7120004000544", "NHD:way_id": "109977540", "attribution": "NHD", "layer": "-1", "source": "NHD_import_v0.3_20090601163626", "tunnel": "culvert", "waterway": "stream", "_id": 35384836}, "geometry": {"type": "LineString", "coordinates": [[-87.927956, 41.7633478], [-87.927908, 41.763525], [-87.927564, 41.763733], [-87.927234, 41.763909], [-87.9269293, 41.7640135], [-87.9265744, 41.7640688], [-87.9264474, 41.7641486], [-87.9263126, 41.7642188], [-87.9259718, 41.7643653], [-87.925657, 41.764485], [-87.92521, 41.764666], [-87.924535, 41.764908], [-87.924132, 41.765122], [-87.923574, 41.765402], [-87.92342, 41.765468], [-87.9226564, 41.7657572], [-87.9224765, 41.7658204], [-87.9221781, 41.7658772], [-87.9210872, 41.7658906], [-87.92062, 41.7658998], [-87.9203319, 41.7659406], [-87.9202492, 41.7659732], [-87.919811, 41.7664204]]}}, {"type": "Feature", "properties": {"NHD:ComID": "109977370", "NHD:FCode": "33400", "NHD:FType": "Connector", "NHD:ReachCode": "7120004003474", "NHD:way_id": "109977370", "attribution": "NHD", "source": "NHD_import_v0.3_20090601163626", "tunnel": "yes", "waterway": "drain", "_id": 35384908}, "geometry": {"type": "LineString", "coordinates": [[-87.8425125, 41.7622391], [-87.8426507, 41.7621253]]}}, {"type": "Feature", "properties": {"NHD:ComID": "109977502", "NHD:FCode": "33400", "NHD:FType": "Connector", "NHD:ReachCode": "7120004003492", "NHD:way_id": "109977502", "attribution": "NHD", "source": "NHD_import_v0.3_20090601163626", "tunnel": "yes", "waterway": "drain", "_id": 35384915}, "geometry": {"type": "LineString", "coordinates": [[-87.8491512, 41.7548657], [-87.8493264, 41.7547328]]}}, {"type": "Feature", "properties": {"NHD:ComID": "109978314", "NHD:FCode": "33400", "NHD:FType": "Connector", "NHD:ReachCode": "7120004002997", "NHD:way_id": "109978314", "attribution": "NHD", "source": "NHD_import_v0.3_20090601163626", "tunnel": "yes", "waterway": "drain", "_id": 35385024}, "geometry": {"type": "LineString", "coordinates": [[-87.957507, 41.687473], [-87.959347, 41.688553], [-87.960786, 41.689203], [-87.96148, 41.68946]]}}, {"type": "Feature", "properties": {"NHD:ComID": "109978840", "NHD:FCode": "46003", "NHD:FType": "StreamRiver", "NHD:ReachCode": "7120004003069", "NHD:way_id": "109978840", "attribution": "NHD", "layer": "-1", "source": "NHD_import_v0.3_20090601163626", "tunnel": "culvert", "waterway": "stream", "_id": 35385210}, "geometry": {"type": "LineString", "coordinates": [[-87.954224, 41.62919], [-87.955028, 41.629571], [-87.9561449, 41.6302662]]}}, {"type": "Feature", "properties": {"NHD:ComID": "109977348", "NHD:FCode": "33400", "NHD:FType": "Connector", "NHD:ReachCode": "7120004003474", "NHD:way_id": "109977348", "attribution": "NHD", "layer": "-1", "source": "NHD_import_v0.3_20090601163626", "tunnel": "yes", "waterway": "drain", "_id": 35386759}, "geometry": {"type": "LineString", "coordinates": [[-87.8413791, 41.7634017], [-87.8419531, 41.7628011]]}}, {"type": "Feature", "properties": {"NHD:ComID": "109977556", "NHD:FCode": "46003", "NHD:FType": "StreamRiver", "NHD:ReachCode": "7120004000321", "NHD:way_id": "109977556", "attribution": "NHD", "layer": "-1", "source": "NHD_import_v0.3_20090601163626", "tunnel": "culvert", "waterway": "stream", "_id": 35386868}, "geometry": {"type": "LineString", "coordinates": [[-87.870893, 41.750047], [-87.870564, 41.750421], [-87.87008, 41.751008], [-87.869589, 41.751492], [-87.869135, 41.751964], [-87.868769, 41.75236], [-87.86841, 41.752722], [-87.867626, 41.753574], [-87.8675336, 41.753668], [-87.867114, 41.754095], [-87.866593, 41.754579], [-87.866037, 41.755222], [-87.865619, 41.755628], [-87.865062, 41.756326], [-87.864681, 41.756743], [-87.863934, 41.757578], [-87.862535, 41.759143]]}}, {"type": "Feature", "properties": {"NHD:ComID": "109977946", "NHD:FCode": "46003", "NHD:FType": "StreamRiver", "NHD:ReachCode": "7120004002947", "NHD:way_id": "109977946", "layer": "-1", "source": "NHD", "tunnel": "culvert", "waterway": "stream", "_id": 35387082}, "geometry": {"type": "LineString", "coordinates": [[-87.835973, 41.710373], [-87.835626, 41.710374], [-87.834778, 41.710399], [-87.834398, 41.710437], [-87.83421, 41.710496], [-87.833958, 41.710554], [-87.833903, 41.710588], [-87.833758, 41.710643], [-87.833245, 41.710987], [-87.832975, 41.711091], [-87.832897, 41.71114], [-87.832655, 41.711212], [-87.832568, 41.711222], [-87.832495, 41.711256], [-87.832059, 41.711328]]}}, {"type": "Feature", "properties": {"NHD:ComID": "109977868", "NHD:FCode": "46003", "NHD:FType": "StreamRiver", "NHD:ReachCode": "7120004000338", "NHD:way_id": "109977868", "layer": "-1", "source": "NHD", "tunnel": "culvert", "waterway": "stream", "_id": 35387193}, "geometry": {"type": "LineString", "coordinates": [[-87.8268061, 41.7170648], [-87.826682, 41.716947], [-87.8266347, 41.7166839], [-87.826561, 41.716274], [-87.826616, 41.71587], [-87.826524, 41.715746], [-87.826473, 41.715657], [-87.82646, 41.715609], [-87.826303, 41.715403], [-87.826156, 41.715259], [-87.826092, 41.715163], [-87.825992, 41.715073], [-87.8258448, 41.7149741]]}}, {"type": "Feature", "properties": {"NHD:ComID": "109977874", "NHD:FCode": "46003", "NHD:FType": "StreamRiver", "NHD:ReachCode": "7120004002959", "NHD:way_id": "109977874", "attribution": "NHD", "layer": "-1", "source": "NHD_import_v0.3_20090601163626", "tunnel": "culvert", "waterway": "stream", "_id": 35387239}, "geometry": {"type": "LineString", "coordinates": [[-87.9493024, 41.7275675], [-87.94931, 41.727501], [-87.949328, 41.727471], [-87.949299, 41.727248], [-87.949276, 41.727189], [-87.949233, 41.727042], [-87.949153, 41.726826], [-87.94912, 41.726706], [-87.94905, 41.72651], [-87.948995, 41.726374], [-87.948975, 41.72623], [-87.948979, 41.726137], [-87.949045, 41.7259978], [-87.9489674, 41.7259729], [-87.9488893, 41.7259362], [-87.9488536, 41.7258342], [-87.9490168, 41.7254806], [-87.949233, 41.72524], [-87.9493021, 41.7251398], [-87.9493407, 41.725034], [-87.949412, 41.724758], [-87.949443, 41.724583], [-87.949423, 41.724323], [-87.949452, 41.723976], [-87.949507, 41.7239], [-87.949525, 41.723831], [-87.949589, 41.723749], [-87.949633, 41.723701], [-87.949652, 41.723652], [-87.949683, 41.723611], [-87.949734, 41.723563], [-87.949751, 41.723514], [-87.9498742, 41.7234547]]}}, {"type": "Feature", "properties": {"NHD:ComID": "109978194", "NHD:FCode": "33400", "NHD:FType": "Connector", "NHD:ReachCode": "7120004002981", "NHD:way_id": "109978194", "attribution": "NHD", "source": "NHD_import_v0.3_20090601163626", "tunnel": "yes", "waterway": "drain", "_id": 35387375}, "geometry": {"type": "LineString", "coordinates": [[-87.959478, 41.699862], [-87.959272, 41.699668], [-87.959177, 41.699518], [-87.959034, 41.699302], [-87.958699, 41.699054], [-87.95817, 41.698794], [-87.957624, 41.698677], [-87.957285, 41.69847], [-87.957213, 41.698363], [-87.957103, 41.698108], [-87.957027, 41.697794], [-87.956774, 41.697546]]}}, {"type": "Feature", "properties": {"NHD:ComID": "109975992", "NHD:FCode": "33400", "NHD:FType": "Connector", "NHD:ReachCode": "7120004000977", "NHD:way_id": "109975992", "attribution": "NHD", "source": "NHD_import_v0.3_20090601163626", "tunnel": "yes", "waterway": "drain", "_id": 35387383}, "geometry": {"type": "LineString", "coordinates": [[-87.9458812, 41.9357773], [-87.9458517, 41.9358872]]}}, {"type": "Feature", "properties": {"NHD:ComID": "109977880", "NHD:FCode": "33400", "NHD:FType": "Connector", "NHD:ReachCode": "7120004002959", "NHD:way_id": "109977880", "attribution": "NHD", "check_date": "2025-04-01", "covered": "yes", "salt": "no", "source": "survey", "tidal": "no", "tunnel": "yes", "waterway": "stream", "_id": 35387499}, "geometry": {"type": "LineString", "coordinates": [[-87.9532318, 41.7219613], [-87.9532246, 41.7219087], [-87.953315, 41.721816], [-87.953314, 41.72162], [-87.953255, 41.721419]]}}, {"type": "Feature", "properties": {"NHD:ComID": "109978564", "NHD:FCode": "46003", "NHD:FType": "StreamRiver", "NHD:ReachCode": "7120004003023", "NHD:way_id": "109978564", "attribution": "NHD", "layer": "-1", "source": "NHD_import_v0.3_20090601163626", "tunnel": "culvert", "waterway": "stream", "_id": 35387541}, "geometry": {"type": "LineString", "coordinates": [[-87.864412, 41.654442], [-87.864493, 41.654449], [-87.865074, 41.65443], [-87.865304, 41.654417], [-87.865419, 41.654406], [-87.865555, 41.654372], [-87.865692, 41.654283], [-87.865757, 41.654255], [-87.86583, 41.6542], [-87.865921, 41.654145], [-87.865963, 41.654124], [-87.866003, 41.654096], [-87.866173, 41.65402], [-87.866396, 41.653876], [-87.866588, 41.653779], [-87.866616, 41.65378], [-87.866708, 41.653725], [-87.866914, 41.653615], [-87.866945, 41.653594], [-87.86706, 41.65357], [-87.867174, 41.653566], [-87.867303, 41.653568], [-87.867504, 41.653421], [-87.86754, 41.653387], [-87.867755, 41.653284], [-87.867969, 41.653147], [-87.868044, 41.653125], [-87.868208, 41.65303], [-87.868455, 41.652905], [-87.868574, 41.652884], [-87.868886, 41.652863], [-87.86893, 41.652877], [-87.869014, 41.652925], [-87.869339, 41.653089], [-87.869573, 41.653261], [-87.869683, 41.653371], [-87.869719, 41.653415], [-87.869747, 41.653439], [-87.869746, 41.653459], [-87.869834, 41.653543], [-87.870022, 41.653692], [-87.870159, 41.653809], [-87.870316, 41.653926], [-87.870361, 41.653973], [-87.870398, 41.654056], [-87.87043, 41.654141], [-87.870448, 41.654203], [-87.870481, 41.654345], [-87.870481, 41.654419], [-87.870519, 41.654859], [-87.870638, 41.655106], [-87.870702, 41.65525], [-87.870731, 41.655284], [-87.870767, 41.655414], [-87.870795, 41.655552], [-87.870819, 41.655754], [-87.870833, 41.655813], [-87.87086, 41.655875], [-87.871447, 41.656313], [-87.871602, 41.656409], [-87.871735, 41.656477], [-87.872006, 41.656641], [-87.872262, 41.656833], [-87.872309, 41.656881], [-87.872336, 41.65693], [-87.872364, 41.656985], [-87.872419, 41.657156], [-87.872465, 41.657272], [-87.872492, 41.6573], [-87.872539, 41.657375], [-87.872593, 41.65741], [-87.87273, 41.65741], [-87.872776, 41.657417], [-87.872804, 41.657437], [-87.872913, 41.657457], [-87.873024, 41.657485], [-87.873326, 41.657669], [-87.873376, 41.657689], [-87.873399, 41.657704], [-87.874745, 41.657729]]}}, {"type": "Feature", "properties": {"NHD:ComID": "109976896", "NHD:FCode": "46003", "NHD:FType": "StreamRiver", "NHD:ReachCode": "7120004002844", "NHD:way_id": "109976896", "attribution": "NHD", "layer": "-1", "source": "NHD_import_v0.3_20090601163626", "tunnel": "culvert", "waterway": "stream", "_id": 35387623}, "geometry": {"type": "LineString", "coordinates": [[-87.951967, 41.81152], [-87.95179, 41.811597], [-87.951526, 41.811602], [-87.9512621, 41.811512]]}}, {"type": "Feature", "properties": {"NHD:ComID": "109976042", "NHD:FCode": "46003", "NHD:FType": "StreamRiver", "NHD:ReachCode": "7120004000229", "NHD:way_id": "109976042", "attribution": "NHD", "gnis:feature_id": "421693", "name": "Addison Creek", "source": "NHD_import_v0.3_20090601163626", "tunnel": "yes", "waterway": "stream", "_id": 35387837}, "geometry": {"type": "LineString", "coordinates": [[-87.9204547, 41.9266081], [-87.9192102, 41.9265843]]}}, {"type": "Feature", "properties": {"NHD:ComID": "109978710", "NHD:FCode": "46003", "NHD:FType": "StreamRiver", "NHD:ReachCode": "7120004003047", "NHD:way_id": "109978710", "attribution": "NHD", "layer": "-1", "source": "NHD_import_v0.3_20090601163626", "tunnel": "culvert", "waterway": "stream", "_id": 35387913}, "geometry": {"type": "LineString", "coordinates": [[-87.93844, 41.644164], [-87.938548, 41.64403], [-87.938578, 41.64398], [-87.938582, 41.643963], [-87.938666, 41.643879], [-87.938748, 41.643823], [-87.938954, 41.643805], [-87.939224, 41.643733], [-87.939727, 41.643696], [-87.939828, 41.643709], [-87.940149, 41.643708], [-87.940386, 41.643686], [-87.940469, 41.643665], [-87.940697, 41.643489], [-87.940733, 41.643437], [-87.940796, 41.643369], [-87.940832, 41.643273], [-87.941042, 41.6431], [-87.941196, 41.642979], [-87.94126, 41.642913], [-87.941296, 41.642837], [-87.9413191, 41.6428076]]}}, {"type": "Feature", "properties": {"NHD:ComID": "109975814", "NHD:FCode": "46003", "NHD:FType": "StreamRiver", "NHD:ReachCode": "7120004000732", "NHD:way_id": "109975814", "attribution": "NHD", "gnis:feature_id": "406862", "intermittent": "yes", "layer": "-1", "name": "Crystal Creek", "source": "NHD_import_v0.3_20090601163626", "tunnel": "yes", "waterway": "drain", "_id": 35387955}, "geometry": {"type": "LineString", "coordinates": [[-87.8932587, 41.9618663], [-87.8891501, 41.9608001]]}}, {"type": "Feature", "properties": {"NHD:ComID": "109977968", "NHD:FCode": "46006", "NHD:FType": "StreamRiver", "NHD:ReachCode": "7120004003494", "NHD:way_id": "109977968", "layer": "-1", "source": "NHD", "tunnel": "culvert", "waterway": "stream", "_id": 35388020}, "geometry": {"type": "LineString", "coordinates": [[-87.9131811, 41.713929], [-87.913644, 41.7137412]]}}, {"type": "Feature", "properties": {"NHD:ComID": "109975778", "NHD:FCode": "33400", "NHD:FType": "Connector", "NHD:ReachCode": "7120004000732", "NHD:way_id": "109975778", "attribution": "NHD", "gnis:feature_id": "406862", "layer": "-1", "name": "Crystal Creek", "source": "NHD_import_v0.3_20090601163626", "tunnel": "culvert", "waterway": "drain", "_id": 35388027}, "geometry": {"type": "LineString", "coordinates": [[-87.8701012, 41.9608264], [-87.8680039, 41.9620588]]}}, {"type": "Feature", "properties": {"NHD:ComID": "109976076", "NHD:FCode": "33400", "NHD:FType": "Connector", "NHD:ReachCode": "7120004000547", "NHD:way_id": "109976076", "attribution": "NHD", "layer": "-1", "name": "Golf Corse Tributary", "source": "NHD_import_v0.3_20090601163626", "tunnel": "yes", "waterway": "stream", "_id": 35388041}, "geometry": {"type": "LineString", "coordinates": [[-87.8218849, 41.9162143], [-87.822974, 41.9148334], [-87.8256298, 41.9147699]]}}, {"type": "Feature", "properties": {"NHD:ComID": "109977564", "NHD:FCode": "46003", "NHD:FType": "StreamRiver", "NHD:ReachCode": "7120004002915", "NHD:way_id": "109977564", "attribution": "NHD", "layer": "-1", "source": "NHD_import_v0.3_20090601163626", "tunnel": "culvert", "waterway": "stream", "_id": 35388203}, "geometry": {"type": "LineString", "coordinates": [[-87.9064473, 41.7533217], [-87.9061979, 41.7534249], [-87.9060452, 41.7534002], [-87.9059611, 41.753348], [-87.9059584, 41.7532211], [-87.905738, 41.7530603], [-87.9055898, 41.7529043], [-87.9054675, 41.7528437], [-87.9047482, 41.7526214], [-87.9047285, 41.7524053], [-87.9047137, 41.7521401], [-87.9045536, 41.7520377], [-87.9043896, 41.7519881], [-87.9042747, 41.7520079], [-87.9041567, 41.7519478], [-87.9038274, 41.7519366], [-87.9034005, 41.7518982], [-87.9028589, 41.7519178], [-87.902575, 41.751827], [-87.9023721, 41.7518464], [-87.9018517, 41.7517285], [-87.9014817, 41.7517206], [-87.9012145, 41.751784], [-87.901005, 41.7517703]]}}, {"type": "Feature", "properties": {"NHD:ComID": "109977900", "NHD:FCode": "46003", "NHD:FType": "StreamRiver", "NHD:ReachCode": "7120004000338", "NHD:way_id": "109977900", "layer": "-1", "source": "NHD", "tunnel": "culvert", "waterway": "stream", "_id": 35388229}, "geometry": {"type": "LineString", "coordinates": [[-87.824735, 41.714279], [-87.824671, 41.714314], [-87.824616, 41.71432], [-87.824534, 41.714272], [-87.824524, 41.714176], [-87.824552, 41.713997], [-87.824515, 41.713915], [-87.824377, 41.713764], [-87.824308, 41.713716], [-87.824194, 41.713655], [-87.824028, 41.713641], [-87.823863, 41.713538], [-87.823754, 41.713456], [-87.823726, 41.713421], [-87.823579, 41.713312], [-87.823551, 41.713306], [-87.823511, 41.713302], [-87.823121, 41.713312], [-87.822936, 41.713335], [-87.822668, 41.713316], [-87.822517, 41.713272], [-87.822408, 41.713252], [-87.822269, 41.713149], [-87.822214, 41.713094], [-87.82216, 41.713053], [-87.821976, 41.71293], [-87.821861, 41.712926], [-87.821775, 41.712909], [-87.8216, 41.712799], [-87.821344, 41.712724], [-87.821307, 41.712704], [-87.821243, 41.712683], [-87.821188, 41.712656], [-87.821041, 41.712615], [-87.821018, 41.712601], [-87.820877, 41.712543], [-87.820757, 41.712484], [-87.820702, 41.712451], [-87.820666, 41.712444], [-87.820492, 41.712357], [-87.82029, 41.712265], [-87.820079, 41.712122], [-87.820033, 41.712115], [-87.819731, 41.712094], [-87.8195873, 41.7121249]]}}, {"type": "Feature", "properties": {"NHD:ComID": "109977852", "NHD:FCode": "33400", "NHD:FType": "Connector", "NHD:ReachCode": "7120004002942", "NHD:way_id": "109977852", "layer": "-1", "source": "NHD", "tunnel": "culvert", "waterway": "drain", "_id": 35388240}, "geometry": {"type": "LineString", "coordinates": [[-87.8568816, 41.7178635], [-87.8568546, 41.7176561]]}}, {"type": "Feature", "properties": {"NHD:ComID": "109978592", "NHD:FCode": "46003", "NHD:FType": "StreamRiver", "NHD:ReachCode": "7120004003028", "NHD:way_id": "109978592", "attribution": "NHD", "layer": "-1", "source": "NHD_import_v0.3_20090601163626", "tunnel": "culvert", "waterway": "stream", "_id": 35388249}, "geometry": {"type": "LineString", "coordinates": [[-87.9053989, 41.6514023], [-87.9053979, 41.6512557]]}}, {"type": "Feature", "properties": {"NHD:ComID": "109977916", "NHD:FCode": "46003", "NHD:FType": "StreamRiver", "NHD:ReachCode": "7120004002955", "NHD:way_id": "109977916", "layer": "-1", "source": "NHD", "tunnel": "culvert", "waterway": "stream", "_id": 35388257}, "geometry": {"type": "LineString", "coordinates": [[-87.938245, 41.722315], [-87.938275, 41.722281], [-87.938312, 41.722212], [-87.938312, 41.722177], [-87.938293, 41.72216], [-87.938219, 41.722041], [-87.93817, 41.721991], [-87.938025, 41.721759], [-87.9379726, 41.7216568], [-87.937885, 41.721486], [-87.937715, 41.720787], [-87.937713, 41.720628], [-87.937731, 41.720546], [-87.937638, 41.720477], [-87.93758, 41.720488], [-87.937547, 41.720499], [-87.937411, 41.720527], [-87.937376, 41.720544], [-87.937209, 41.720644], [-87.936799, 41.720935], [-87.936726, 41.720959], [-87.9365293, 41.7209775], [-87.936428, 41.720987], [-87.936185, 41.721005], [-87.936163, 41.721019], [-87.936113, 41.72104], [-87.936003, 41.721109], [-87.935857, 41.721158], [-87.935738, 41.721193], [-87.935601, 41.721214], [-87.935573, 41.721235], [-87.935445, 41.72127], [-87.93539, 41.721297]]}}, {"type": "Feature", "properties": {"NHD:ComID": "109975996", "NHD:FCode": "33400", "NHD:FType": "Connector", "NHD:ReachCode": "7120004002765", "NHD:way_id": "109975996", "attribution": "NHD", "gnis:feature_id": "404181", "layer": "-1", "name": "Bensenville Ditch", "source": "NHD_import_v0.3_20090601163626", "tunnel": "yes", "waterway": "drain", "_id": 35388315}, "geometry": {"type": "LineString", "coordinates": [[-87.893973, 41.9363358], [-87.8940172, 41.9361252]]}}, {"type": "Feature", "properties": {"NHD:ComID": "109978850", "NHD:FCode": "46003", "NHD:FType": "StreamRiver", "NHD:ReachCode": "7120004003066", "NHD:way_id": "109978850", "attribution": "NHD", "layer": "-1", "source": "NHD_import_v0.3_20090601163626", "tunnel": "culvert", "waterway": "stream", "_id": 35388409}, "geometry": {"type": "LineString", "coordinates": [[-87.9340794, 41.6270261], [-87.9341517, 41.6270603], [-87.934179, 41.6270595], [-87.934204, 41.6270416], [-87.9342302, 41.6270229], [-87.9342529, 41.6270203], [-87.9342643, 41.6270339], [-87.9342564, 41.6270629], [-87.9342541, 41.6270875], [-87.9342859, 41.6270952], [-87.9343132, 41.6270926], [-87.934336, 41.6270527], [-87.934369, 41.6270424], [-87.9344168, 41.6270254], [-87.9344316, 41.6270118], [-87.9344157, 41.6269863], [-87.9344179, 41.6269574], [-87.9344305, 41.6269364], [-87.9344652, 41.6269352], [-87.9344783, 41.6269491], [-87.9344837, 41.6269664], [-87.9344999, 41.6269681], [-87.934513, 41.6269565], [-87.9345377, 41.6269243], [-87.9345624, 41.6269075], [-87.9345869, 41.6269049], [-87.9346048, 41.6269173], [-87.9346341, 41.6269237], [-87.9346958, 41.6269064], [-87.9347251, 41.626915], [-87.934766, 41.6268943], [-87.9348038, 41.6269098], [-87.9348308, 41.6269024], [-87.9348578, 41.6269122], [-87.9349002, 41.6268989], [-87.9349557, 41.6269], [-87.9350599, 41.6269127], [-87.9351386, 41.6269012], [-87.9352195, 41.6269098], [-87.9352728, 41.6269185], [-87.9353329, 41.6269047], [-87.9353877, 41.6269133], [-87.9354371, 41.62693], [-87.9354725, 41.626911], [-87.9354961, 41.6269186], [-87.9355623, 41.6269212], [-87.935632, 41.6269172], [-87.9357609, 41.6269186], [-87.9358127, 41.6269146], [-87.9358324, 41.6269306], [-87.9358664, 41.6269346], [-87.9358861, 41.6269092], [-87.9359272, 41.6268958], [-87.9359987, 41.6269259], [-87.9360419, 41.6269172], [-87.9362407, 41.6269206], [-87.936296, 41.6269027], [-87.9363239, 41.6269175], [-87.9363579, 41.6269248], [-87.9364083, 41.6269176], [-87.9364679, 41.6269358], [-87.9366257, 41.6269348], [-87.9366587, 41.6269141], [-87.9366326, 41.6268689], [-87.9366936, 41.6268554], [-87.9368338, 41.626843], [-87.937081, 41.626894], [-87.937438, 41.626927], [-87.937511, 41.626947], [-87.937539, 41.626961], [-87.937595, 41.626975], [-87.937723, 41.627053], [-87.937861, 41.627117], [-87.93819, 41.627157], [-87.938356, 41.627157], [-87.938539, 41.627197], [-87.938732, 41.627319], [-87.939035, 41.627469], [-87.9391, 41.627483], [-87.939215, 41.627544], [-87.939395, 41.627667], [-87.939426, 41.627677], [-87.939567, 41.627699], [-87.939669, 41.627745], [-87.939844, 41.627788], [-87.940055, 41.627945], [-87.940075, 41.627966], [-87.940074, 41.627987], [-87.940102, 41.628014], [-87.940121, 41.628117], [-87.940149, 41.628199], [-87.940205, 41.628254], [-87.940306, 41.628329], [-87.940361, 41.628356], [-87.940499, 41.628377], [-87.940531, 41.628394], [-87.940737, 41.62841], [-87.940797, 41.628419], [-87.941021, 41.628401], [-87.941185, 41.628359], [-87.941212, 41.628339], [-87.941413, 41.628297], [-87.941478, 41.628297], [-87.941625, 41.628317], [-87.941673, 41.628339], [-87.941726, 41.628344], [-87.941753, 41.628364], [-87.942048, 41.628511], [-87.942166, 41.628561], [-87.942287, 41.628588], [-87.942433, 41.628636], [-87.94247, 41.628657], [-87.942721, 41.628666], [-87.942879, 41.628643], [-87.943264, 41.628337], [-87.943309, 41.62833], [-87.943383, 41.62833], [-87.943511, 41.628356], [-87.943613, 41.628411], [-87.943723, 41.628479], [-87.943898, 41.628609], [-87.944026, 41.628664], [-87.944068, 41.628673], [-87.944173, 41.628687], [-87.944289, 41.628721], [-87.944801, 41.628698], [-87.945038, 41.628683], [-87.9459646, 41.628678]]}}, {"type": "Feature", "properties": {"NHD:ComID": "109976132", "NHD:FCode": "46006", "NHD:FType": "StreamRiver", "NHD:ReachCode": "7120004002765", "NHD:way_id": "109976132", "attribution": "NHD", "gnis:feature_id": "404181", "layer": "-1", "name": "Bensenville Ditch", "source": "NHD_import_v0.3_20090601163626", "tunnel": "yes", "waterway": "stream", "_id": 35388436}, "geometry": {"type": "LineString", "coordinates": [[-87.8749815, 41.928225], [-87.8747723, 41.9282469]]}}, {"type": "Feature", "properties": {"NHD:ComID": "109976148", "NHD:FCode": "33400", "NHD:FType": "Connector", "NHD:ReachCode": "7120004002765", "NHD:way_id": "109976148", "attribution": "NHD", "gnis:feature_id": "404181", "name": "Silver Creek (Bensenville Ditch)", "source": "NHD_import_v0.3_20090601163626", "tunnel": "building_passage", "waterway": "stream", "_id": 35388518}, "geometry": {"type": "LineString", "coordinates": [[-87.864915, 41.912357], [-87.8640267, 41.912059], [-87.863934, 41.9120003], [-87.8623841, 41.911133], [-87.8622133, 41.9111297]]}}, {"type": "Feature", "properties": {"NHD:ComID": "109977346", "NHD:FCode": "46003", "NHD:FType": "StreamRiver", "NHD:ReachCode": "7120004002896", "NHD:way_id": "109977346", "attribution": "NHD", "layer": "-1", "source": "NHD_import_v0.3_20090601163626", "tunnel": "culvert", "waterway": "stream", "_id": 35388576}, "geometry": {"type": "LineString", "coordinates": [[-87.946162, 41.769932], [-87.9460303, 41.7699922]]}}, {"type": "Feature", "properties": {"NHD:ComID": "109978398", "NHD:FCode": "46003", "NHD:FType": "StreamRiver", "NHD:ReachCode": "7120004000787", "NHD:way_id": "109978398", "layer": "-1", "source": "NHD", "tunnel": "culvert", "waterway": "stream", "_id": 35388605}, "geometry": {"type": "LineString", "coordinates": [[-87.9451813, 41.6813513], [-87.945209, 41.681393], [-87.9452979, 41.6815645], [-87.94524, 41.681657], [-87.945268, 41.681691], [-87.945479, 41.681828], [-87.945581, 41.681853], [-87.945609, 41.681869], [-87.945672, 41.681882], [-87.945718, 41.681902], [-87.9458352, 41.6819674], [-87.9460008, 41.6820041], [-87.9460878, 41.6820541], [-87.9461397, 41.6820841], [-87.946235, 41.682367]]}}, {"type": "Feature", "properties": {"NHD:ComID": "109978170", "NHD:FCode": "33400", "NHD:FType": "Connector", "NHD:ReachCode": "7120004002976", "NHD:way_id": "109978170", "source": "NHD", "tunnel": "yes", "waterway": "drain", "_id": 35388614}, "geometry": {"type": "LineString", "coordinates": [[-87.880617, 41.696685], [-87.881009, 41.6963], [-87.881364, 41.695612], [-87.8814562, 41.694996]]}}, {"type": "Feature", "properties": {"NHD:ComID": "109978072", "NHD:FCode": "33400", "NHD:FType": "Connector", "NHD:ReachCode": "7120004002962", "NHD:way_id": "109978072", "attribution": "NHD", "source": "NHD_import_v0.3_20090601163626", "tunnel": "yes", "waterway": "drain", "_id": 35388620}, "geometry": {"type": "LineString", "coordinates": [[-87.958065, 41.709452], [-87.958669, 41.709458], [-87.959679, 41.709756], [-87.960224, 41.710014], [-87.960537, 41.71019], [-87.9608343, 41.710375]]}}, {"type": "Feature", "properties": {"NHD:ComID": "109977848", "NHD:FCode": "33400", "NHD:FType": "Connector", "NHD:ReachCode": "7120004002941", "NHD:way_id": "109977848", "gnis:feature_id": "406813", "name": "Crooked Creek", "source": "NHD", "tunnel": "yes", "waterway": "drain", "_id": 35388633}, "geometry": {"type": "LineString", "coordinates": [[-87.8548136, 41.717937], [-87.8548208, 41.7178948], [-87.8548489, 41.7176807]]}}, {"type": "Feature", "properties": {"NHD:ComID": "109977754", "NHD:FCode": "46003", "NHD:FType": "StreamRiver", "NHD:ReachCode": "7120004000523", "NHD:way_id": "109977754", "attribution": "NHD", "gnis:feature_id": "422075", "layer": "-1", "name": "Sawmill Creek", "source": "NHD_import_v0.3_20090601163626", "tunnel": "culvert", "waterway": "stream", "_id": 35388761}, "geometry": {"type": "LineString", "coordinates": [[-87.9534895, 41.7576275], [-87.9534302, 41.7573479], [-87.9534277, 41.7572945], [-87.9532586, 41.7570569], [-87.9530892, 41.7569814], [-87.952762, 41.7568165], [-87.9525983, 41.7566392], [-87.95248, 41.756392], [-87.952487, 41.755975], [-87.952487, 41.755821], [-87.952428, 41.755722], [-87.952363, 41.755695], [-87.952025, 41.755711], [-87.951952, 41.755678], [-87.951835, 41.755497], [-87.951812, 41.755437], [-87.951732, 41.755426], [-87.951622, 41.755442], [-87.951541, 41.755387], [-87.951446, 41.755201], [-87.951153, 41.755201], [-87.950947, 41.755008], [-87.950456, 41.754992], [-87.9502324, 41.7549786], [-87.9500388, 41.7549346], [-87.9496466, 41.7549374], [-87.949425, 41.7549129], [-87.9479549, 41.7549969]]}}, {"type": "Feature", "properties": {"NHD:ComID": "109977252", "NHD:FCode": "33400", "NHD:FType": "Connector", "NHD:ReachCode": "7120004003474", "NHD:way_id": "109977252", "attribution": "NHD", "source": "NHD_import_v0.3_20090601163626", "tunnel": "yes", "waterway": "drain", "_id": 35388792}, "geometry": {"type": "LineString", "coordinates": [[-87.835012, 41.7702978], [-87.8353492, 41.7700342]]}}, {"type": "Feature", "properties": {"NHD:ComID": "109975624", "NHD:FCode": "46003", "NHD:FType": "StreamRiver", "NHD:ReachCode": "7120004000729", "NHD:way_id": "109975624", "attribution": "NHD", "gnis:feature_id": "410206", "intermittent": "no", "layer": "-1", "man_made": "water_canal", "name": "Higgins Creek", "source": "NHD_import_v0.3_20090601163626", "tunnel": "yes", "waterway": "drain", "_id": 35413107}, "geometry": {"type": "LineString", "coordinates": [[-87.937193, 42.0193702], [-87.9368515, 42.0192844], [-87.9367825, 42.0192502], [-87.9367461, 42.0192106], [-87.9367255, 42.019159], [-87.9367139, 42.0190154], [-87.9367121, 42.0186313]]}}, {"type": "Feature", "properties": {"tunnel": "yes", "waterway": "drain", "_id": 59112566}, "geometry": {"type": "LineString", "coordinates": [[-87.9115471, 42.0371621], [-87.9119167, 42.0374445]]}}, {"type": "Feature", "properties": {"NHD:ComID": "109975546", "NHD:FCode": "46003", "NHD:FType": "StreamRiver", "NHD:ReachCode": "7120004000731", "NHD:way_id": "109975546", "attribution": "NHD", "gnis:feature_id": "410206", "intermittent": "yes", "source": "NHD_import_v0.3_20090601163626;local knowledge", "tunnel": "culvert", "waterway": "ditch", "_id": 70240099}, "geometry": {"type": "LineString", "coordinates": [[-87.952585, 42.0172508], [-87.9523595, 42.0173997]]}}, {"type": "Feature", "properties": {"NHD:ComID": "109975492", "NHD:FCode": "46003", "NHD:FType": "StreamRiver", "NHD:ReachCode": "7120004000730", "NHD:way_id": "109975492", "attribution": "NHD", "layer": "-1", "name": "Higgins Creek", "source": "NHD_import_v0.3_20090601163626", "tunnel": "covered", "waterway": "stream", "_id": 70240527}, "geometry": {"type": "LineString", "coordinates": [[-87.9474236, 42.0209162], [-87.9472914, 42.0207521]]}}, {"type": "Feature", "properties": {"NHD:ComID": "109975546", "NHD:FCode": "46003", "NHD:FType": "StreamRiver", "NHD:ReachCode": "7120004000731", "NHD:way_id": "109975546", "attribution": "NHD", "gnis:feature_id": "410206", "intermittent": "yes", "source": "NHD_import_v0.3_20090601163626;local knowledge", "tunnel": "yes", "waterway": "ditch", "_id": 72077491}, "geometry": {"type": "LineString", "coordinates": [[-87.9438027, 42.0183869], [-87.9434422, 42.019209]]}}, {"type": "Feature", "properties": {"NHD:ComID": "109975816", "NHD:FCode": "46003", "NHD:FType": "StreamRiver", "NHD:ReachCode": "7120004000316", "NHD:way_id": "109975816", "attribution": "NHD", "gnis:feature_id": "422081", "name": "Silver Creek", "source": "NHD_import_v0.3_20090601163626", "tunnel": "yes", "waterway": "stream", "_id": 73026847}, "geometry": {"type": "LineString", "coordinates": [[-87.9492032, 41.9598982], [-87.9489375, 41.9598492]]}}, {"type": "Feature", "properties": {"NHD:ComID": "109975922", "NHD:FCode": "33400", "NHD:FType": "Connector", "NHD:ReachCode": "7120004002765", "NHD:way_id": "109975922", "attribution": "NHD", "gnis:feature_id": "404181", "layer": "-1", "name": "Bensenville Ditch", "source": "NHD_import_v0.3_20090601163626", "tunnel": "yes", "waterway": "drain", "_id": 83324116}, "geometry": {"type": "LineString", "coordinates": [[-87.8961033, 41.9468967], [-87.895883, 41.946094], [-87.8958315, 41.9452325]]}}, {"type": "Feature", "properties": {"NHD:ComID": "109975958", "NHD:FCode": "46003", "NHD:FType": "StreamRiver", "NHD:ReachCode": "7120004002765", "NHD:way_id": "109975958", "attribution": "NHD", "gnis:feature_id": "404181", "layer": "-1", "name": "Bensenville Ditch", "source": "NHD_import_v0.3_20090601163626", "tunnel": "yes", "waterway": "stream", "_id": 83324131}, "geometry": {"type": "LineString", "coordinates": [[-87.8959383, 41.9421482], [-87.8959635, 41.9420124]]}}, {"type": "Feature", "properties": {"NHD:ComID": "109975922", "NHD:FCode": "33400", "NHD:FType": "Connector", "NHD:ReachCode": "7120004002765", "NHD:way_id": "109975922", "attribution": "NHD", "gnis:feature_id": "404181", "layer": "-1", "name": "Bensenville Ditch", "source": "NHD_import_v0.3_20090601163626", "tunnel": "yes", "waterway": "drain", "_id": 83324136}, "geometry": {"type": "LineString", "coordinates": [[-87.8958907, 41.9451479], [-87.8958838, 41.9450794], [-87.895828, 41.944525], [-87.895925, 41.943182]]}}, {"type": "Feature", "properties": {"NHD:ComID": "109975958", "NHD:FCode": "46003", "NHD:FType": "StreamRiver", "NHD:ReachCode": "7120004002765", "NHD:way_id": "109975958", "attribution": "NHD", "gnis:feature_id": "404181", "layer": "-1", "name": "Bensenville Ditch", "source": "NHD_import_v0.3_20090601163626", "tunnel": "yes", "waterway": "stream", "_id": 83324143}, "geometry": {"type": "LineString", "coordinates": [[-87.895925, 41.943182], [-87.8959313, 41.942204]]}}, {"type": "Feature", "properties": {"NHD:ComID": "109975958", "NHD:FCode": "46003", "NHD:FType": "StreamRiver", "NHD:ReachCode": "7120004002765", "NHD:way_id": "109975958", "attribution": "NHD", "gnis:feature_id": "404181", "layer": "-1", "name": "Bensenville Ditch", "source": "NHD_import_v0.3_20090601163626", "tunnel": "yes", "waterway": "stream", "_id": 83324145}, "geometry": {"type": "LineString", "coordinates": [[-87.8959421, 41.9418768], [-87.8959004, 41.9416572]]}}, {"type": "Feature", "properties": {"NHD:ComID": "109975768", "NHD:FCode": "46003", "NHD:FType": "StreamRiver", "NHD:ReachCode": "7120004000732", "NHD:way_id": "109975768", "attribution": "NHD", "gnis:feature_id": "406862", "layer": "-1", "name": "Crystal Creek", "source": "NHD_import_v0.3_20090601163626", "tunnel": "culvert", "waterway": "stream", "_id": 83666268}, "geometry": {"type": "LineString", "coordinates": [[-87.8674265, 41.9625874], [-87.8668344, 41.9632409]]}}, {"type": "Feature", "properties": {"NHD:ComID": "109976032", "NHD:FCode": "46003", "NHD:FType": "StreamRiver", "NHD:ReachCode": "7120004002765", "NHD:way_id": "109976032", "attribution": "NHD", "gnis:feature_id": "404181", "layer": "-1", "name": "Bensenville Ditch", "source": "NHD_import_v0.3_20090601163626", "tunnel": "yes", "waterway": "stream", "_id": 86246397}, "geometry": {"type": "LineString", "coordinates": [[-87.8837389, 41.9273609], [-87.8836665, 41.9272372]]}}, {"type": "Feature", "properties": {"NHD:ComID": "109975996", "NHD:FCode": "33400", "NHD:FType": "Connector", "NHD:ReachCode": "7120004002765", "NHD:way_id": "109975996", "attribution": "NHD", "gnis:feature_id": "404181", "layer": "-1", "name": "Bensenville Ditch", "source": "NHD_import_v0.3_20090601163626", "tunnel": "yes", "waterway": "drain", "_id": 86246454}, "geometry": {"type": "LineString", "coordinates": [[-87.8928423, 41.9319684], [-87.892625, 41.9319086]]}}, {"type": "Feature", "properties": {"NHD:ComID": "109976032", "NHD:FCode": "46003", "NHD:FType": "StreamRiver", "NHD:ReachCode": "7120004002765", "NHD:way_id": "109976032", "attribution": "NHD", "gnis:feature_id": "404181", "layer": "-1", "name": "Bensenville Ditch", "source": "NHD_import_v0.3_20090601163626", "tunnel": "yes", "waterway": "stream", "_id": 86246489}, "geometry": {"type": "LineString", "coordinates": [[-87.8848493, 41.928225], [-87.884468, 41.928125], [-87.884358, 41.928092], [-87.884321, 41.927994], [-87.884248, 41.92767], [-87.884227, 41.9274347]]}}, {"type": "Feature", "properties": {"NHD:ComID": "109976486", "NHD:FCode": "46006", "NHD:FType": "StreamRiver", "NHD:ReachCode": "7120004000229", "NHD:way_id": "109976486", "attribution": "NHD", "gnis:feature_id": "421693", "layer": "-1", "name": "Addison Creek", "source": "NHD_import_v0.3_20090601163626", "tunnel": "yes", "waterway": "stream", "_id": 86249452}, "geometry": {"type": "LineString", "coordinates": [[-87.9035069, 41.9105082], [-87.9032082, 41.9103726], [-87.9031153, 41.9103366]]}}, {"type": "Feature", "properties": {"NHD:ComID": "109976486", "NHD:FCode": "46006", "NHD:FType": "StreamRiver", "NHD:ReachCode": "7120004000229", "NHD:way_id": "109976486", "attribution": "NHD", "gnis:feature_id": "421693", "layer": "-1", "name": "Addison Creek", "source": "NHD_import_v0.3_20090601163626", "tunnel": "yes", "waterway": "stream", "_id": 86249548}, "geometry": {"type": "LineString", "coordinates": [[-87.8909435, 41.9075779], [-87.8909435, 41.907051]]}}, {"type": "Feature", "properties": {"NHD:ComID": "109975882", "NHD:FCode": "46003", "NHD:FType": "StreamRiver", "NHD:ReachCode": "7120004000548", "NHD:way_id": "109975882", "attribution": "NHD", "intermittent": "yes", "layer": "-1", "source": "NHD_import_v0.3_20090601163626", "tunnel": "yes", "waterway": "stream", "_id": 86355595}, "geometry": {"type": "LineString", "coordinates": [[-87.8391065, 41.9522926], [-87.839233, 41.9520902]]}}, {"type": "Feature", "properties": {"NHD:ComID": "109975882", "NHD:FCode": "46003", "NHD:FType": "StreamRiver", "NHD:ReachCode": "7120004000548", "NHD:way_id": "109975882", "attribution": "NHD", "intermittent": "yes", "layer": "-1", "source": "NHD_import_v0.3_20090601163626", "tunnel": "yes", "waterway": "stream", "_id": 86355607}, "geometry": {"type": "LineString", "coordinates": [[-87.8364704, 41.9559065], [-87.8369947, 41.9558021]]}}, {"type": "Feature", "properties": {"NHD:ComID": "109975650", "NHD:FCode": "46003", "NHD:FType": "StreamRiver", "NHD:ReachCode": "7120004002714", "NHD:way_id": "109975650", "attribution": "NHD", "intermittent": "yes", "layer": "-1", "source": "NHD_import_v0.3_20090601163626", "tunnel": "culvert", "waterway": "drain", "_id": 93401724}, "geometry": {"type": "LineString", "coordinates": [[-87.9128843, 41.9965191], [-87.9120388, 41.9957442], [-87.9083419, 41.9974836], [-87.906223, 41.9956565], [-87.9058832, 41.9958569]]}}, {"type": "Feature", "properties": {"NHD:ComID": "109975694", "NHD:FCode": "46003", "NHD:FType": "StreamRiver", "NHD:ReachCode": "7120004002717", "NHD:way_id": "109975694", "layer": "-1", "source": "NHD", "tunnel": "yes", "waterway": "stream", "_id": 99809074}, "geometry": {"type": "LineString", "coordinates": [[-87.8793634, 41.9870778], [-87.8784059, 41.9871708]]}}, {"type": "Feature", "properties": {"NHD:ComID": "109975624", "NHD:FCode": "46003", "NHD:FType": "StreamRiver", "NHD:ReachCode": "7120004000729", "NHD:way_id": "109975624", "attribution": "NHD", "gnis:feature_id": "410206", "intermittent": "no", "layer": "-1", "man_made": "water_canal", "name": "Higgins Creek", "source": "NHD_import_v0.3_20090601163626", "tunnel": "yes", "waterway": "stream", "_id": 104684918}, "geometry": {"type": "LineString", "coordinates": [[-87.9250446, 42.0085014], [-87.9249578, 42.0081695]]}}, {"type": "Feature", "properties": {"NHD:ComID": "109975624", "NHD:FCode": "46003", "NHD:FType": "StreamRiver", "NHD:ReachCode": "7120004000729", "NHD:way_id": "109975624", "attribution": "NHD", "gnis:feature_id": "410206", "intermittent": "no", "layer": "-1", "man_made": "water_canal", "name": "Higgins Creek", "source": "NHD_import_v0.3_20090601163626", "tunnel": "yes", "waterway": "stream", "_id": 104684921}, "geometry": {"type": "LineString", "coordinates": [[-87.9255619, 42.0089164], [-87.9254234, 42.0088195]]}}, {"type": "Feature", "properties": {"NHD:ComID": "109976236", "NHD:FCode": "46006", "NHD:FType": "StreamRiver", "NHD:ReachCode": "7120004002765", "NHD:way_id": "109976236", "attribution": "NHD", "gnis:feature_id": "404181", "layer": "-1", "name": "Silver Creek", "source": "NHD_import_v0.3_20090601163626", "tunnel": "culvert", "waterway": "stream", "_id": 118055619}, "geometry": {"type": "LineString", "coordinates": [[-87.8545619, 41.9076327], [-87.8534959, 41.9072875]]}}, {"type": "Feature", "properties": {"NHD:ComID": "109975814", "NHD:FCode": "46003", "NHD:FType": "StreamRiver", "NHD:ReachCode": "7120004000732", "NHD:way_id": "109975814", "attribution": "NHD", "gnis:feature_id": "406862", "layer": "-1", "name": "Crystal Creek", "source": "NHD_import_v0.3_20090601163626", "tunnel": "yes", "waterway": "stream", "_id": 160139297}, "geometry": {"type": "LineString", "coordinates": [[-87.8715348, 41.9602757], [-87.8712496, 41.9603493]]}}, {"type": "Feature", "properties": {"NHD:ComID": "109975814", "NHD:FCode": "46003", "NHD:FType": "StreamRiver", "NHD:ReachCode": "7120004000732", "NHD:way_id": "109975814", "attribution": "NHD", "gnis:feature_id": "406862", "layer": "-1", "name": "Crystal Creek", "source": "NHD_import_v0.3_20090601163626", "tunnel": "yes", "waterway": "stream", "_id": 160139317}, "geometry": {"type": "LineString", "coordinates": [[-87.8737546, 41.9582527], [-87.8736094, 41.9584367]]}}, {"type": "Feature", "properties": {"NHD:ComID": "109977754", "NHD:FCode": "46003", "NHD:FType": "StreamRiver", "NHD:ReachCode": "7120004000523", "NHD:way_id": "109977754", "attribution": "NHD", "gnis:feature_id": "422075", "layer": "-1", "name": "Sawmill Creek", "source": "NHD_import_v0.3_20090601163626", "tunnel": "yes", "waterway": "stream", "_id": 160840446}, "geometry": {"type": "LineString", "coordinates": [[-87.9575958, 41.7370771], [-87.9579104, 41.7363089]]}}, {"type": "Feature", "properties": {"NHD:ComID": "109977754", "NHD:FCode": "46003", "NHD:FType": "StreamRiver", "NHD:ReachCode": "7120004000523", "NHD:way_id": "109977754", "attribution": "NHD", "gnis:feature_id": "422075", "layer": "-1", "name": "Sawmill Creek", "source": "NHD_import_v0.3_20090601163626", "tunnel": "yes", "waterway": "stream", "_id": 160840447}, "geometry": {"type": "LineString", "coordinates": [[-87.957926, 41.7362801], [-87.9579653, 41.7361261]]}}, {"type": "Feature", "properties": {"boat": "yes", "canoe": "yes", "deep_draft": "no", "intermittent": "no", "name": "Calumet River", "oneway:canoe": "no", "rapids": "no", "ship": "yes", "source:deep_draft": "National Transportation Atlas Database 2011", "tidal": "no", "waterway": "river", "wikidata": "Q2934412", "wikipedia": "en:Calumet River", "_id": 163520480}, "geometry": {"type": "LineString", "coordinates": [[-87.5904542, 41.6490863], [-87.5914333, 41.6493881], [-87.5916812, 41.6494645], [-87.5937947, 41.6495844], [-87.5961444, 41.649127], [-87.5981875, 41.6487596], [-87.5997774, 41.6487549], [-87.6049785, 41.6496337], [-87.6080475, 41.6497227], [-87.6112006, 41.6498745], [-87.6165528, 41.6502261], [-87.6172237, 41.6503614], [-87.6200734, 41.6508534], [-87.6223115, 41.6519357], [-87.6227857, 41.6536444], [-87.6226321, 41.6556491], [-87.6218775, 41.6566167], [-87.6205401, 41.6576801], [-87.6196588, 41.6593798], [-87.6193862, 41.6605757], [-87.6195595, 41.6612851], [-87.6203867, 41.661895], [-87.6214059, 41.6621351], [-87.6229396, 41.6621956], [-87.6251149, 41.6614085], [-87.6268433, 41.6603525], [-87.6297594, 41.6583734], [-87.6324132, 41.6571698], [-87.6364209, 41.6570384], [-87.6398225, 41.657333], [-87.6409541, 41.6573817], [-87.6454021, 41.6570672], [-87.6469073, 41.6569658], [-87.6494645, 41.6566151]]}}, {"type": "Feature", "properties": {"boat": "yes", "canoe": "yes", "deep_draft": "no", "name": "North Branch Chicago River", "ship": "yes", "source:deep_draft": "National Transportation Atlas Database 2011", "tidal": "no", "waterway": "river", "wikidata": "Q643284", "wikipedia": "en:Chicago River", "_id": 163874735}, "geometry": {"type": "LineString", "coordinates": [[-87.6961531, 41.9466881], [-87.696131, 41.9463136], [-87.6957129, 41.9446297], [-87.6954368, 41.9433179], [-87.6953261, 41.9427919], [-87.6952351, 41.9424771], [-87.6950557, 41.9422939], [-87.6943027, 41.9412794], [-87.6939512, 41.9407389], [-87.693315, 41.9400748], [-87.6926975, 41.9396064], [-87.6921595, 41.9391534], [-87.6917101, 41.938954], [-87.6914051, 41.9387364], [-87.6910386, 41.9383024], [-87.6907828, 41.937864], [-87.6906481, 41.9377302], [-87.6905255, 41.9374599], [-87.6905217, 41.937076], [-87.6903726, 41.9368534], [-87.6898575, 41.9365454], [-87.6890361, 41.9364312], [-87.6882593, 41.9362083], [-87.6879825, 41.9360981]]}}, {"type": "Feature", "properties": {"boat": "yes", "canoe": "yes", "deep_draft": "no", "intermittent": "no", "lock": "yes", "lock:name": "Thomas J. O'Brien Lock", "lock:ref": "01", "name": "Calumet River", "name:mia": "kinwikami", "oneway:canoe": "no", "rapids": "no", "ship": "yes", "source:deep_draft": "National Transportation Atlas Database 2011", "tidal": "no", "waterway": "canal", "wikidata": "Q2934412", "wikipedia": "en:Calumet River", "_id": 164030662}, "geometry": {"type": "LineString", "coordinates": [[-87.5681998, 41.6527952], [-87.565899, 41.6504934]]}}, {"type": "Feature", "properties": {"boat": "yes", "canoe": "yes", "deep_draft": "no", "intermittent": "no", "name": "Calumet River", "name:mia": "kinwikami", "oneway:canoe": "no", "rapids": "no", "ship": "yes", "source:deep_draft": "National Transportation Atlas Database 2011", "tidal": "no", "waterway": "river", "wikidata": "Q2934412", "wikipedia": "en:Calumet River", "_id": 164030663}, "geometry": {"type": "LineString", "coordinates": [[-87.5714808, 41.6619224], [-87.5726249, 41.6594588], [-87.5726072, 41.6587362], [-87.572412, 41.6573519], [-87.5720014, 41.6565843], [-87.5710266, 41.6556128], [-87.5708279, 41.6554148], [-87.5689973, 41.6535901], [-87.5687957, 41.6533891]]}}, {"type": "Feature", "properties": {"boat": "yes", "canoe": "yes", "deep_draft": "yes", "intermittent": "no", "name": "Calumet River", "name:mia": "kinwikami", "oneway:canoe": "no", "rapids": "no", "ship": "yes", "source:deep_draft": "National Transportation Atlas Database 2011", "tidal": "no", "waterway": "river", "wikidata": "Q2934412", "wikipedia": "en:Calumet River", "_id": 164124999}, "geometry": {"type": "LineString", "coordinates": [[-87.5291827, 41.7330964], [-87.529609, 41.7329443], [-87.5406213, 41.728275], [-87.5421933, 41.7269433], [-87.5431705, 41.7233495], [-87.5430964, 41.7228625], [-87.5427315, 41.7207809], [-87.5430643, 41.7191847], [-87.54297, 41.7173362], [-87.5423894, 41.7158985], [-87.5426726, 41.7113949], [-87.5432816, 41.7099148], [-87.545675, 41.7076522], [-87.5459447, 41.7027583], [-87.5459866, 41.7024925], [-87.547502, 41.7012553], [-87.5495553, 41.7004097], [-87.5514006, 41.6995446], [-87.5521946, 41.6987435], [-87.5529695, 41.6976366], [-87.5532126, 41.6969461], [-87.553212, 41.6962606], [-87.5523065, 41.6940917], [-87.5519991, 41.6929551], [-87.5519156, 41.6915174], [-87.5520873, 41.6884088], [-87.5522375, 41.6850117], [-87.5518512, 41.6818868], [-87.5520444, 41.6768224], [-87.5519371, 41.6743863], [-87.5524091, 41.6733285], [-87.5544476, 41.671886], [-87.5576448, 41.6701389], [-87.559576, 41.6691611], [-87.5611209, 41.667975], [-87.5634598, 41.666372], [-87.5654125, 41.6655064], [-87.5667643, 41.6645607], [-87.5675624, 41.6631204], [-87.5714808, 41.6619224]]}}, {"type": "Feature", "properties": {"boat": "yes", "canoe": "yes", "deep_draft": "yes", "name": "North Branch Chicago River", "ship": "yes", "source:deep_draft": "National Transportation Atlas Database 2011", "tidal": "no", "waterway": "river", "wikidata": "Q643284", "wikipedia": "en:Chicago River", "_id": 164125005}, "geometry": {"type": "LineString", "coordinates": [[-87.6574412, 41.9090903], [-87.6574836, 41.9090086], [-87.6577532, 41.9084992], [-87.6578168, 41.9082744], [-87.658024, 41.9066451], [-87.6581868, 41.905448], [-87.6582296, 41.9051035], [-87.6582216, 41.9048588], [-87.6581113, 41.9044131], [-87.6579934, 41.904154], [-87.6578652, 41.9039784], [-87.6576108, 41.903737], [-87.6572996, 41.9033524], [-87.6568085, 41.9029165], [-87.656495, 41.9025607], [-87.6563079, 41.9021842], [-87.6561899, 41.9017473], [-87.6561267, 41.9014611], [-87.655905, 41.9011841], [-87.6556039, 41.900943], [-87.6552882, 41.9007559], [-87.6547484, 41.9005523], [-87.6541421, 41.9003753], [-87.6520573, 41.9000665], [-87.6514305, 41.8997695], [-87.6504502, 41.899107], [-87.649326, 41.8982518], [-87.6490539, 41.8981431], [-87.6487563, 41.8980753], [-87.6480597, 41.8979932], [-87.6475387, 41.8979924], [-87.6456915, 41.8978159], [-87.6450534, 41.8977616], [-87.6447394, 41.8975254], [-87.6443066, 41.897088], [-87.6442754, 41.8969622], [-87.6442014, 41.8966631], [-87.644143, 41.8942943], [-87.6440655, 41.8941218], [-87.6437828, 41.8938603], [-87.6435693, 41.8936052], [-87.6422481, 41.8927025], [-87.6418027, 41.8922809], [-87.6411716, 41.8915647], [-87.641109, 41.8912943], [-87.6406595, 41.8905977], [-87.6396247, 41.8894409], [-87.639546, 41.8892039], [-87.6395115, 41.8890736]]}}, {"type": "Feature", "properties": {"boat": "yes", "canoe": "yes", "intermittent": "no", "name": "North Branch Chicago River", "tidal": "no", "waterway": "river", "wikidata": "Q643284", "wikipedia": "en:Chicago River", "_id": 164125006}, "geometry": {"type": "LineString", "coordinates": [[-87.7606442, 41.9879825], [-87.7605454, 41.9880202], [-87.7603848, 41.9880586], [-87.7597707, 41.988264], [-87.7596304, 41.9882914], [-87.759496, 41.9882849], [-87.7593659, 41.9882473], [-87.7591526, 41.9881339], [-87.7590356, 41.9880227], [-87.7588756, 41.9878212], [-87.7586834, 41.9876437], [-87.7584492, 41.9874814], [-87.7582745, 41.9873362], [-87.7581306, 41.9871261], [-87.7580645, 41.9869914], [-87.7577268, 41.9861523], [-87.757568, 41.9858405], [-87.7574716, 41.9857425], [-87.7573339, 41.9856615], [-87.7570866, 41.9856081], [-87.7568915, 41.9855368], [-87.7567895, 41.9854538], [-87.7566889, 41.9853164], [-87.7566818, 41.9852024], [-87.7567026, 41.9851034], [-87.7567877, 41.9850041], [-87.757019, 41.9849563], [-87.7572396, 41.9849141], [-87.757338, 41.984867], [-87.757383, 41.9847818], [-87.7573949, 41.9846742], [-87.7573549, 41.9845508], [-87.7572197, 41.9843756], [-87.7566594, 41.983929], [-87.7563628, 41.9835696], [-87.7562941, 41.9834405], [-87.7562625, 41.9832562], [-87.7562567, 41.9830033], [-87.7563369, 41.9826765], [-87.7562877, 41.9825533], [-87.7561953, 41.9824582], [-87.7560588, 41.982368], [-87.7557424, 41.9823146], [-87.7554824, 41.9823224], [-87.7552542, 41.9823819], [-87.7550818, 41.98245], [-87.7548704, 41.9825494], [-87.7546742, 41.9826847], [-87.7544997, 41.9828503], [-87.7543495, 41.9830575], [-87.7541721, 41.9834587], [-87.7540668, 41.9835508], [-87.7539713, 41.9835925], [-87.753802, 41.9836213], [-87.7535421, 41.9836041], [-87.7532762, 41.9835763], [-87.7529784, 41.9835088], [-87.7527151, 41.9833996], [-87.7523085, 41.9831544], [-87.7521291, 41.9831021], [-87.7519224, 41.9830788], [-87.751714, 41.9831015], [-87.7514955, 41.9831736], [-87.7513145, 41.9832646], [-87.7509632, 41.9834529], [-87.7506154, 41.9837105], [-87.7504732, 41.9837624], [-87.750217, 41.9837763], [-87.7499972, 41.9837548], [-87.7487994, 41.9837063], [-87.7485061, 41.9836978], [-87.7482569, 41.983678], [-87.7479549, 41.9836462], [-87.7477371, 41.9835746], [-87.7475068, 41.983471], [-87.7472776, 41.9832856], [-87.7471247, 41.9831156], [-87.7470487, 41.9829864], [-87.7470165, 41.9828899], [-87.7469917, 41.9826871], [-87.7469825, 41.9826193], [-87.7469587, 41.9824431], [-87.746847, 41.9821999], [-87.7467735, 41.9820457], [-87.7466122, 41.9819375], [-87.7463446, 41.9819031], [-87.7460365, 41.9819544], [-87.7450956, 41.9822928], [-87.7447194, 41.9823192], [-87.7444182, 41.982292], [-87.7442013, 41.9822536], [-87.7439728, 41.9822033], [-87.7435964, 41.9820749], [-87.7429757, 41.9818751], [-87.7425357, 41.9816962], [-87.7411185, 41.9807802], [-87.7408925, 41.9805815], [-87.7407645, 41.9803666], [-87.7407256, 41.9801132], [-87.7407765, 41.9799108], [-87.7410694, 41.9791331], [-87.7411426, 41.9787963], [-87.7411701, 41.9785798], [-87.741135, 41.978444], [-87.7410657, 41.9783485], [-87.7409031, 41.9782301], [-87.7405396, 41.9780893], [-87.7400684, 41.9778925], [-87.7399349, 41.9778367], [-87.7390066, 41.9775878], [-87.7376242, 41.9770502], [-87.7370656, 41.9768952], [-87.7366862, 41.9768804], [-87.7364015, 41.9768743], [-87.7360654, 41.9768142], [-87.7357726, 41.9767454], [-87.735467, 41.9766407], [-87.7350408, 41.976516], [-87.7347044, 41.976431], [-87.7340295, 41.9762832], [-87.7337272, 41.9761752], [-87.7334311, 41.9760448], [-87.7329547, 41.9758683], [-87.7326667, 41.9758495], [-87.7321501, 41.9758953], [-87.7319885, 41.9759166], [-87.7318354, 41.9759046], [-87.7312007, 41.9756659], [-87.7295141, 41.9751827], [-87.7288186, 41.974854], [-87.728621, 41.9747998], [-87.7283878, 41.9748091], [-87.7281015, 41.9748662], [-87.7279379, 41.9749188], [-87.7277361, 41.9750884], [-87.7273425, 41.9755306]]}}, {"type": "Feature", "properties": {"NHD:ComID": "109975380", "NHD:FCode": "46003", "NHD:FType": "StreamRiver", "NHD:ReachCode": "7120004000550", "NHD:way_id": "109975380", "layer": "-1", "name": "Farmer's Creek", "source": "NHD", "tunnel": "yes", "waterway": "stream", "_id": 165523049}, "geometry": {"type": "LineString", "coordinates": [[-87.8690345, 42.0376446], [-87.8693455, 42.0374459]]}}, {"type": "Feature", "properties": {"NHD:ComID": "109975380", "NHD:FCode": "46003", "NHD:FType": "StreamRiver", "NHD:ReachCode": "7120004000550", "NHD:way_id": "109975380", "layer": "-1", "name": "Farmer's Creek", "source": "NHD", "tunnel": "yes", "waterway": "stream", "_id": 165523051}, "geometry": {"type": "LineString", "coordinates": [[-87.8678125, 42.0384331], [-87.868664, 42.0378857]]}}, {"type": "Feature", "properties": {"intermittent": "yes", "layer": "-1", "name": "Salt Creek Overflow", "tunnel": "yes", "waterway": "drain", "_id": 168760005}, "geometry": {"type": "LineString", "coordinates": [[-87.8386975, 41.8399697], [-87.8332626, 41.8398752]]}}, {"type": "Feature", "properties": {"NHD:FCode": "46003", "NHD:ReachCode": "7120004000229", "NHD:way_id": "109975956", "attribution": "NHD", "gnis:feature_id": "421693", "name": "Addison Creek", "tunnel": "yes", "waterway": "stream", "_id": 174411253}, "geometry": {"type": "LineString", "coordinates": [[-87.9284231, 41.9415055], [-87.9283622, 41.9413415]]}}, {"type": "Feature", "properties": {"NHD:FCode": "46003", "NHD:ReachCode": "7120004000736", "NHD:way_id": "109975920", "attribution": "NHD", "gnis:feature_id": "421693", "name": "Addison Creek", "tunnel": "yes", "waterway": "stream", "_id": 174411255}, "geometry": {"type": "LineString", "coordinates": [[-87.9264052, 41.9463083], [-87.9263873, 41.9461695]]}}, {"type": "Feature", "properties": {"NHD:ComID": "109977216", "NHD:FCode": "46003", "NHD:FType": "StreamRiver", "NHD:ReachCode": "7120004000538", "NHD:way_id": "109977216", "attribution": "NHD", "source": "NHD_import_v0.3_20090601163626", "tunnel": "culvert", "waterway": "stream", "_id": 180858849}, "geometry": {"type": "LineString", "coordinates": [[-87.9081492, 41.7786976], [-87.9071181, 41.7787183]]}}, {"type": "Feature", "properties": {"source": "Bing", "tunnel": "yes", "waterway": "drain", "_id": 184704134}, "geometry": {"type": "LineString", "coordinates": [[-87.7039648, 41.6819412], [-87.703822, 41.6820607]]}}, {"type": "Feature", "properties": {"layer": "-1", "name": "Willow Creek", "tunnel": "yes", "waterway": "canal", "_id": 188225073}, "geometry": {"type": "LineString", "coordinates": [[-87.8795801, 41.9954435], [-87.8798588, 41.9951007]]}}, {"type": "Feature", "properties": {"NHD:ComID": "109975624", "NHD:FCode": "46003", "NHD:FType": "StreamRiver", "NHD:ReachCode": "7120004000729", "NHD:way_id": "109975624", "attribution": "NHD", "gnis:feature_id": "410206", "intermittent": "no", "layer": "-1", "man_made": "water_canal", "name": "Higgins Creek", "source": "NHD_import_v0.3_20090601163626", "tunnel": "culvert", "waterway": "stream", "_id": 194525733}, "geometry": {"type": "LineString", "coordinates": [[-87.9242915, 42.0071471], [-87.9238582, 42.0068846]]}}, {"type": "Feature", "properties": {"NHD:ComID": "109976236", "NHD:FCode": "46006", "NHD:FType": "StreamRiver", "NHD:ReachCode": "7120004002765", "NHD:way_id": "109976236", "attribution": "NHD", "gnis:feature_id": "404181", "layer": "-1", "name": "Bensenville Ditch", "source": "NHD_import_v0.3_20090601163626", "tunnel": "culvert", "waterway": "stream", "_id": 202880693}, "geometry": {"type": "LineString", "coordinates": [[-87.8587112, 41.9082262], [-87.8587205, 41.9077659]]}}, {"type": "Feature", "properties": {"addr:city": "Chicago", "addr:housenumber": "7425-7427", "addr:postcode": "60649", "addr:state": "IL", "addr:street": "South South Shore Drive", "addr:street:name": "South Shore", "addr:street:prefix": "South", "addr:street:type": "Drive", "architect": "Eric Edwin Hall", "building": "apartments", "building:architecture": "tudor_revival", "building:levels": "3", "chicago:building_id": "581572", "heritage": "2", "heritage:operator": "nrhp", "heritage:website": "https://npgallery.nps.gov/NRHP/AssetDetail/fbac27f9-974c-4b2c-abd4-5c07b77b4962", "historic": "heritage", "name": "Lakeside Grant Manor Apartments", "nrhp:criteria": "C", "nrhp:inscription_date": "1984-11-13", "ref:nrhp": "84000289", "start_date": "1923", "wikidata": "Q85775587", "wikimedia_commons": "File:Southshore.jpg", "wikipedia": "en:Lake-Side Terrace Apartments", "_id": 211319622}, "geometry": {"type": "LineString", "coordinates": [[-87.5571498, 41.7617629], [-87.5575507, 41.7621959], [-87.5571593, 41.7623992], [-87.5569642, 41.7624977], [-87.556889, 41.7624184], [-87.5569831, 41.762371], [-87.5569921, 41.7623807], [-87.5570179, 41.7623671], [-87.5570218, 41.762352], [-87.5570439, 41.7623398], [-87.5570659, 41.7623427], [-87.5570972, 41.7623279], [-87.5571011, 41.7623114], [-87.5571232, 41.7622992], [-87.557147, 41.7623021], [-87.5571673, 41.7622913], [-87.5571711, 41.7622762], [-87.5571951, 41.762264], [-87.5572171, 41.7622669], [-87.5572466, 41.762252], [-87.5572504, 41.7622356], [-87.5572763, 41.762222], [-87.5572982, 41.7622249], [-87.5573166, 41.7622168], [-87.5573205, 41.762199], [-87.5573426, 41.7621882], [-87.5573664, 41.7621911], [-87.5574033, 41.7621721], [-87.5573653, 41.7621293], [-87.5573489, 41.7621265], [-87.5573398, 41.7621182], [-87.5573437, 41.7621045], [-87.5573075, 41.7620658], [-87.5572743, 41.7620834], [-87.5572632, 41.7620875], [-87.5572613, 41.7620971], [-87.5572354, 41.7621106], [-87.5572172, 41.7621078], [-87.5571895, 41.7621227], [-87.5571857, 41.7621336], [-87.5571672, 41.7621445], [-87.5571508, 41.7621416], [-87.5570955, 41.7621701], [-87.5570916, 41.7621837], [-87.5570713, 41.7621932], [-87.5570549, 41.7621904], [-87.5569608, 41.7622377], [-87.5569717, 41.7622502], [-87.5568813, 41.7622962], [-87.5568649, 41.7622947], [-87.5568522, 41.7622796], [-87.5568542, 41.7622645], [-87.5568708, 41.7622577], [-87.556822, 41.7621984], [-87.5568054, 41.7622079], [-87.5567871, 41.7622078], [-87.5567744, 41.762194], [-87.5567783, 41.7621803], [-87.5568649, 41.7621369], [-87.5568758, 41.7621494], [-87.556968, 41.7621033], [-87.5569699, 41.762091], [-87.5569994, 41.7620775], [-87.5570141, 41.7620789], [-87.5570639, 41.7620532], [-87.5570677, 41.7620395], [-87.5570898, 41.7620287], [-87.5571081, 41.7620316], [-87.5571395, 41.7620153], [-87.5571414, 41.7620043], [-87.5571654, 41.7619935], [-87.5571782, 41.761995], [-87.5572224, 41.7619733], [-87.5571863, 41.7619333], [-87.557168, 41.7619304], [-87.5571571, 41.761918], [-87.557161, 41.7619029], [-87.557123, 41.7618629], [-87.5570861, 41.7618805], [-87.5570822, 41.7618996], [-87.5570564, 41.7619132], [-87.5570363, 41.7619103], [-87.5570197, 41.7619184], [-87.5570158, 41.7619335], [-87.5569863, 41.7619484], [-87.5569662, 41.7619455], [-87.5569386, 41.7619591], [-87.5569347, 41.7619741], [-87.5569089, 41.7619877], [-87.5568924, 41.7619848], [-87.5568685, 41.761997], [-87.5568665, 41.7620093], [-87.5568388, 41.7620229], [-87.5568132, 41.76202], [-87.5567874, 41.7620335], [-87.5567817, 41.7620513], [-87.5567595, 41.7620635], [-87.5567394, 41.7620606], [-87.5567154, 41.7620742], [-87.5567226, 41.7620825], [-87.5566138, 41.762138], [-87.5565451, 41.762062], [-87.5566244, 41.7620228], [-87.556628, 41.7620269], [-87.5571498, 41.7617629]]}}, {"type": "Feature", "properties": {"NHD:ComID": "109976832", "NHD:FCode": "33400", "NHD:FType": "Connector", "NHD:ReachCode": "7120004002844", "NHD:way_id": "109976832", "attribution": "NHD", "source": "NHD_import_v0.3_20090601163626", "tunnel": "yes", "waterway": "stream", "_id": 218539564}, "geometry": {"type": "LineString", "coordinates": [[-87.9412759, 41.818916], [-87.9410962, 41.8192858]]}}, {"type": "Feature", "properties": {"layer": "-1", "name": "Indian Creek", "source": "Bing", "tunnel": "yes", "waterway": "stream", "_id": 219725458}, "geometry": {"type": "LineString", "coordinates": [[-87.5394192, 41.6646598], [-87.5397707, 41.6646695]]}}, {"type": "Feature", "properties": {"layer": "-1", "name": "Indian Creek", "source": "Bing", "tunnel": "yes", "waterway": "stream", "_id": 219725471}, "geometry": {"type": "LineString", "coordinates": [[-87.540666, 41.6647143], [-87.5409492, 41.6647657]]}}, {"type": "Feature", "properties": {"name": "Golf Corse Tributary", "source": "Bing", "tunnel": "yes", "waterway": "stream", "_id": 221027448}, "geometry": {"type": "LineString", "coordinates": [[-87.8239022, 41.9211235], [-87.8238002, 41.9210478]]}}, {"type": "Feature", "properties": {"source": "Bing", "tunnel": "yes", "waterway": "stream", "_id": 225052658}, "geometry": {"type": "LineString", "coordinates": [[-87.8063711, 41.8063458], [-87.8063845, 41.8055441]]}}, {"type": "Feature", "properties": {"layer": "-1", "source": "Bing", "tunnel": "yes", "waterway": "stream", "_id": 225052659}, "geometry": {"type": "LineString", "coordinates": [[-87.8064966, 41.8069474], [-87.8064301, 41.8066457]]}}, {"type": "Feature", "properties": {"NHD:ComID": "109976670", "NHD:FCode": "46003", "NHD:FType": "StreamRiver", "NHD:ReachCode": "7120004002816", "NHD:way_id": "109976670", "attribution": "NHD", "layer": "-1", "source": "NHD_import_v0.3_20090601163626", "tunnel": "yes", "waterway": "stream", "_id": 226187887}, "geometry": {"type": "LineString", "coordinates": [[-87.9497132, 41.8321174], [-87.9495293, 41.8332147]]}}, {"type": "Feature", "properties": {"source": "Bing", "tunnel": "yes", "waterway": "stream", "_id": 228201223}, "geometry": {"type": "LineString", "coordinates": [[-87.8806464, 41.7962602], [-87.8807011, 41.7962126]]}}, {"type": "Feature", "properties": {"source": "Bing", "tunnel": "yes", "waterway": "stream", "_id": 228201224}, "geometry": {"type": "LineString", "coordinates": [[-87.8820462, 41.7935162], [-87.8820673, 41.7934646]]}}, {"type": "Feature", "properties": {"source": "Bing", "tunnel": "yes", "waterway": "stream", "_id": 228201225}, "geometry": {"type": "LineString", "coordinates": [[-87.8826498, 41.7931526], [-87.8827979, 41.7931669]]}}, {"type": "Feature", "properties": {"source": "Bing", "tunnel": "yes", "waterway": "stream", "_id": 228201226}, "geometry": {"type": "LineString", "coordinates": [[-87.8817738, 41.7937979], [-87.8818204, 41.7937497]]}}, {"type": "Feature", "properties": {"source": "Bing", "tunnel": "yes", "waterway": "stream", "_id": 228201227}, "geometry": {"type": "LineString", "coordinates": [[-87.8812475, 41.7952149], [-87.8812589, 41.7951248]]}}, {"type": "Feature", "properties": {"source": "Bing", "tunnel": "yes", "waterway": "stream", "_id": 228201228}, "geometry": {"type": "LineString", "coordinates": [[-87.8815471, 41.7941533], [-87.881566, 41.7940931]]}}, {"type": "Feature", "properties": {"source": "Bing", "tunnel": "yes", "waterway": "stream", "_id": 235297901}, "geometry": {"type": "LineString", "coordinates": [[-87.7553616, 41.6323105], [-87.7559112, 41.6323711]]}}, {"type": "Feature", "properties": {"NHD:ComID": "109975768", "NHD:FCode": "46003", "NHD:FType": "StreamRiver", "NHD:ReachCode": "7120004000732", "NHD:way_id": "109975768", "attribution": "NHD", "gnis:feature_id": "406862", "layer": "-1", "name": "Crystal Creek", "source": "NHD_import_v0.3_20090601163626", "tunnel": "yes", "waterway": "stream", "_id": 235507062}, "geometry": {"type": "LineString", "coordinates": [[-87.8667305, 41.965114], [-87.8666525, 41.9652242], [-87.8666725, 41.9656629], [-87.8647221, 41.9657468], [-87.8643562, 41.9657586], [-87.863888, 41.965772], [-87.863255, 41.965783], [-87.8624229, 41.9657857], [-87.8619862, 41.9657911], [-87.8617145, 41.965804], [-87.8613084, 41.9656928]]}}, {"type": "Feature", "properties": {"NHD:ComID": "109977886", "NHD:FCode": "46003", "NHD:FType": "StreamRiver", "NHD:ReachCode": "7120004002947", "NHD:way_id": "109977886", "layer": "-1", "source": "NHD", "tunnel": "culvert", "waterway": "stream", "_id": 236884305}, "geometry": {"type": "LineString", "coordinates": [[-87.826818, 41.7132374], [-87.8266705, 41.7133154], [-87.8266249, 41.7133595], [-87.82659, 41.7134356], [-87.8265416, 41.7134537], [-87.8265336, 41.7134797], [-87.8264772, 41.7135218], [-87.8264666, 41.7135737], [-87.8264397, 41.7135919], [-87.826421, 41.7136278], [-87.8263674, 41.7136658], [-87.826354, 41.7137039], [-87.8262789, 41.7137179], [-87.8262386, 41.7137539], [-87.8262036, 41.7137681], [-87.8261929, 41.7137941], [-87.8261128, 41.713855], [-87.8260432, 41.7138669]]}}, {"type": "Feature", "properties": {"NHD:ComID": "109977868", "NHD:FCode": "46003", "NHD:FType": "StreamRiver", "NHD:ReachCode": "7120004000338", "NHD:way_id": "109977868", "layer": "-1", "source": "NHD", "tunnel": "culvert", "waterway": "stream", "_id": 236884310}, "geometry": {"type": "LineString", "coordinates": [[-87.825585, 41.7147166], [-87.825451, 41.714607], [-87.825111, 41.714382], [-87.824955, 41.714333], [-87.824818, 41.71432], [-87.824735, 41.714279]]}}, {"type": "Feature", "properties": {"NHD:ComID": "109977886", "NHD:FCode": "46003", "NHD:FType": "StreamRiver", "NHD:ReachCode": "7120004002947", "NHD:way_id": "109977886", "layer": "-1", "source": "NHD", "tunnel": "culvert", "waterway": "stream", "_id": 236884311}, "geometry": {"type": "LineString", "coordinates": [[-87.8260432, 41.7138669], [-87.824808, 41.714206], [-87.824735, 41.714279]]}}, {"type": "Feature", "properties": {"NHD:ComID": "109975816", "NHD:FCode": "46003", "NHD:FType": "StreamRiver", "NHD:ReachCode": "7120004000316", "NHD:way_id": "109975816", "attribution": "NHD", "gnis:feature_id": "422081", "name": "Silver Creek", "source": "NHD_import_v0.3_20090601163626", "tunnel": "yes", "waterway": "stream", "_id": 244315446}, "geometry": {"type": "LineString", "coordinates": [[-87.9444541, 41.9604137], [-87.9442566, 41.9604248]]}}, {"type": "Feature", "properties": {"NHD:ComID": "109975816", "NHD:FCode": "46003", "NHD:FType": "StreamRiver", "NHD:ReachCode": "7120004000316", "NHD:way_id": "109975816", "attribution": "NHD", "gnis:feature_id": "422081", "name": "Silver Creek", "source": "NHD_import_v0.3_20090601163626", "tunnel": "yes", "waterway": "stream", "_id": 244315448}, "geometry": {"type": "LineString", "coordinates": [[-87.9433663, 41.9608301], [-87.9431747, 41.9610618]]}}, {"type": "Feature", "properties": {"layer": "-1", "tunnel": "yes", "waterway": "stream", "_id": 244318944}, "geometry": {"type": "LineString", "coordinates": [[-87.9428142, 41.9776921], [-87.942175, 41.9790504]]}}, {"type": "Feature", "properties": {"tunnel": "yes", "waterway": "stream", "_id": 244318946}, "geometry": {"type": "LineString", "coordinates": [[-87.9552094, 41.99337], [-87.9550077, 41.9931032]]}}, {"type": "Feature", "properties": {"tunnel": "yes", "waterway": "stream", "_id": 244318947}, "geometry": {"type": "LineString", "coordinates": [[-87.9508637, 41.9911502], [-87.9505759, 41.9910142]]}}, {"type": "Feature", "properties": {"tunnel": "yes", "waterway": "stream", "_id": 244318949}, "geometry": {"type": "LineString", "coordinates": [[-87.9537788, 41.9925296], [-87.9534668, 41.9923822]]}}, {"type": "Feature", "properties": {"tunnel": "yes", "waterway": "stream", "_id": 244318950}, "geometry": {"type": "LineString", "coordinates": [[-87.9546552, 41.9929623], [-87.9543812, 41.992845]]}}, {"type": "Feature", "properties": {"tunnel": "yes", "waterway": "stream", "_id": 244318951}, "geometry": {"type": "LineString", "coordinates": [[-87.9521957, 41.99175], [-87.9509351, 41.9911678]]}}, {"type": "Feature", "properties": {"tunnel": "yes", "waterway": "stream", "_id": 245820869}, "geometry": {"type": "LineString", "coordinates": [[-87.9364734, 41.9414819], [-87.9364734, 41.9416597]]}}, {"type": "Feature", "properties": {"NHD:ComID": "109975934", "NHD:FCode": "46003", "NHD:FType": "StreamRiver", "NHD:ReachCode": "7120004000313", "NHD:way_id": "109975934", "attribution": "NHD", "source": "NHD_import_v0.3_20090601163626", "tunnel": "yes", "waterway": "stream", "_id": 245820870}, "geometry": {"type": "LineString", "coordinates": [[-87.9365351, 41.9442007], [-87.9363888, 41.9440034]]}}, {"type": "Feature", "properties": {"tunnel": "yes", "waterway": "stream", "_id": 245820871}, "geometry": {"type": "LineString", "coordinates": [[-87.936451, 41.941154], [-87.9364659, 41.941343]]}}, {"type": "Feature", "properties": {"NHD:ComID": "109975934", "NHD:FCode": "46003", "NHD:FType": "StreamRiver", "NHD:ReachCode": "7120004000313", "NHD:way_id": "109975934", "attribution": "NHD", "source": "NHD_import_v0.3_20090601163626", "tunnel": "yes", "waterway": "stream", "_id": 245820872}, "geometry": {"type": "LineString", "coordinates": [[-87.9397747, 41.9442108], [-87.9394749, 41.9442196]]}}, {"type": "Feature", "properties": {"NHD:ComID": "109976010", "NHD:FCode": "46003", "NHD:FType": "StreamRiver", "NHD:ReachCode": "7120004000977", "NHD:way_id": "109976010", "attribution": "NHD", "source": "NHD_import_v0.3_20090601163626", "tunnel": "yes", "waterway": "stream", "_id": 245822484}, "geometry": {"type": "LineString", "coordinates": [[-87.9537045, 41.932694], [-87.9534681, 41.9327496], [-87.953321, 41.932846], [-87.9528932, 41.9330426], [-87.9528771, 41.93313]]}}, {"type": "Feature", "properties": {"NHD:ComID": "109975676", "NHD:FCode": "46003", "NHD:FType": "StreamRiver", "NHD:ReachCode": "7120004002716", "NHD:way_id": "109975676", "attribution": "NHD", "layer": "-1", "source": "NHD_import_v0.3_20090601163626", "tunnel": "yes", "waterway": "stream", "_id": 245868402}, "geometry": {"type": "LineString", "coordinates": [[-87.9642778, 41.9956673], [-87.964165, 41.993257], [-87.961273, 41.993318], [-87.9611917, 41.9933177], [-87.9607748, 41.9933227], [-87.9598743, 41.9933663], [-87.9598117, 41.9934106], [-87.9598077, 41.9937014]]}}, {"type": "Feature", "properties": {"tunnel": "yes", "waterway": "stream", "_id": 245868408}, "geometry": {"type": "LineString", "coordinates": [[-87.9561055, 41.9955521], [-87.956111, 41.9958334]]}}, {"type": "Feature", "properties": {"tunnel": "yes", "waterway": "stream", "_id": 245868410}, "geometry": {"type": "LineString", "coordinates": [[-87.9561441, 41.9968437], [-87.9561414, 41.9970141]]}}, {"type": "Feature", "properties": {"tunnel": "yes", "waterway": "stream", "_id": 245868411}, "geometry": {"type": "LineString", "coordinates": [[-87.9560641, 41.9944162], [-87.9560875, 41.9946347]]}}, {"type": "Feature", "properties": {"NHD:ComID": "109975676", "NHD:FCode": "46003", "NHD:FType": "StreamRiver", "NHD:ReachCode": "7120004002716", "NHD:way_id": "109975676", "attribution": "NHD", "source": "NHD_import_v0.3_20090601163626", "tunnel": "yes", "waterway": "stream", "_id": 245868418}, "geometry": {"type": "LineString", "coordinates": [[-87.9568245, 41.9933781], [-87.9564983, 41.9933767]]}}, {"type": "Feature", "properties": {"layer": "-1", "tunnel": "culvert", "waterway": "stream", "width": "2", "_id": 245868425}, "geometry": {"type": "LineString", "coordinates": [[-87.9561813, 41.9981651], [-87.9561866, 41.9984899]]}}, {"type": "Feature", "properties": {"layer": "-1", "tunnel": "culvert", "waterway": "stream", "_id": 245868426}, "geometry": {"type": "LineString", "coordinates": [[-87.9592166, 42.0029153], [-87.9596872, 42.0029132]]}}, {"type": "Feature", "properties": {"layer": "-1", "tunnel": "culvert", "waterway": "stream", "width": "2", "_id": 245868428}, "geometry": {"type": "LineString", "coordinates": [[-87.9562685, 42.0019875], [-87.9562774, 42.002216]]}}, {"type": "Feature", "properties": {"tunnel": "yes", "waterway": "stream", "_id": 245868429}, "geometry": {"type": "LineString", "coordinates": [[-87.9561966, 41.9999566], [-87.9561973, 42.000217]]}}, {"type": "Feature", "properties": {"NHD:ComID": "109975676", "NHD:FCode": "46003", "NHD:FType": "StreamRiver", "NHD:ReachCode": "7120004002716", "NHD:way_id": "109975676", "attribution": "NHD", "layer": "-1", "source": "NHD_import_v0.3_20090601163626", "tunnel": "yes", "waterway": "stream", "_id": 245870295}, "geometry": {"type": "LineString", "coordinates": [[-87.9597687, 41.9937696], [-87.959242, 41.993769], [-87.959095, 41.993747]]}}, {"type": "Feature", "properties": {"tunnel": "yes", "waterway": "stream", "_id": 245875663}, "geometry": {"type": "LineString", "coordinates": [[-87.9555232, 41.9773042], [-87.9557752, 41.9773538]]}}, {"type": "Feature", "properties": {"layer": "-1", "tunnel": "yes", "waterway": "stream", "_id": 245875665}, "geometry": {"type": "LineString", "coordinates": [[-87.9590146, 41.9775231], [-87.9594913, 41.9775186]]}}, {"type": "Feature", "properties": {"layer": "-1", "tunnel": "yes", "waterway": "stream", "_id": 245875671}, "geometry": {"type": "LineString", "coordinates": [[-87.957615, 41.9790375], [-87.957618, 41.9792271]]}}, {"type": "Feature", "properties": {"layer": "-1", "tunnel": "yes", "waterway": "stream", "_id": 245875672}, "geometry": {"type": "LineString", "coordinates": [[-87.9457419, 41.9759904], [-87.9454869, 41.9759946]]}}, {"type": "Feature", "properties": {"layer": "-1", "tunnel": "yes", "waterway": "stream", "_id": 245875673}, "geometry": {"type": "LineString", "coordinates": [[-87.954009, 41.9754953], [-87.9540295, 41.9765593]]}}, {"type": "Feature", "properties": {"layer": "-1", "tunnel": "yes", "waterway": "stream", "_id": 245875674}, "geometry": {"type": "LineString", "coordinates": [[-87.948009, 41.9755759], [-87.9477422, 41.9755985]]}}, {"type": "Feature", "properties": {"tunnel": "yes", "waterway": "stream", "_id": 245875676}, "geometry": {"type": "LineString", "coordinates": [[-87.9540295, 41.9770739], [-87.9540295, 41.9772703]]}}, {"type": "Feature", "properties": {"layer": "-1", "tunnel": "yes", "waterway": "stream", "_id": 245875677}, "geometry": {"type": "LineString", "coordinates": [[-87.9509912, 41.9755239], [-87.9507134, 41.9755357]]}}, {"type": "Feature", "properties": {"NHD:FCode": "46003", "NHD:ReachCode": "7120004000229", "NHD:way_id": "109975956", "attribution": "NHD", "gnis:feature_id": "421693", "name": "Addison Creek", "tunnel": "yes", "waterway": "stream", "_id": 246350753}, "geometry": {"type": "LineString", "coordinates": [[-87.9278205, 41.9398691], [-87.9276764, 41.9396705]]}}, {"type": "Feature", "properties": {"NHD:ComID": "109976008", "NHD:FCode": "46003", "NHD:FType": "StreamRiver", "NHD:ReachCode": "7120004000229", "NHD:way_id": "109976008", "attribution": "NHD", "gnis:feature_id": "421693", "name": "Addison Creek", "source": "NHD_import_v0.3_20090601163626", "tunnel": "yes", "waterway": "stream", "_id": 246350754}, "geometry": {"type": "LineString", "coordinates": [[-87.9220178, 41.9340616], [-87.9220253, 41.9337959]]}}, {"type": "Feature", "properties": {"NHD:ComID": "109976008", "NHD:FCode": "46003", "NHD:FType": "StreamRiver", "NHD:ReachCode": "7120004000229", "NHD:way_id": "109976008", "attribution": "NHD", "gnis:feature_id": "421693", "name": "Addison Creek", "source": "NHD_import_v0.3_20090601163626", "tunnel": "yes", "waterway": "stream", "_id": 246350755}, "geometry": {"type": "LineString", "coordinates": [[-87.9220515, 41.9314601], [-87.9220436, 41.9312606]]}}, {"type": "Feature", "properties": {"NHD:ComID": "109976062", "NHD:FCode": "46003", "NHD:FType": "StreamRiver", "NHD:ReachCode": "7120004002748", "NHD:way_id": "109976062", "attribution": "NHD", "source": "NHD_import_v0.3_20090601163626", "tunnel": "yes", "waterway": "stream", "_id": 246880309}, "geometry": {"type": "LineString", "coordinates": [[-87.9365624, 41.9245971], [-87.935881, 41.924601], [-87.933036, 41.924579], [-87.9319501, 41.9246344]]}}, {"type": "Feature", "properties": {"NHD:ComID": "109976042", "NHD:FCode": "46003", "NHD:FType": "StreamRiver", "NHD:ReachCode": "7120004000229", "NHD:way_id": "109976042", "attribution": "NHD", "gnis:feature_id": "421693", "name": "Addison Creek", "source": "NHD_import_v0.3_20090601163626", "tunnel": "yes", "waterway": "stream", "_id": 246895464}, "geometry": {"type": "LineString", "coordinates": [[-87.9146812, 41.9285903], [-87.9139337, 41.9286146]]}}, {"type": "Feature", "properties": {"NHD:ComID": "109975996", "NHD:FCode": "33400", "NHD:FType": "Connector", "NHD:ReachCode": "7120004002765", "NHD:way_id": "109975996", "attribution": "NHD", "gnis:feature_id": "404181", "layer": "-1", "name": "Bensenville Ditch", "source": "NHD_import_v0.3_20090601163626", "tunnel": "yes", "waterway": "drain", "_id": 247079084}, "geometry": {"type": "LineString", "coordinates": [[-87.890069, 41.9305742], [-87.8899509, 41.9303162]]}}, {"type": "Feature", "properties": {"NHD:ComID": "109975996", "NHD:FCode": "33400", "NHD:FType": "Connector", "NHD:ReachCode": "7120004002765", "NHD:way_id": "109975996", "attribution": "NHD", "gnis:feature_id": "404181", "layer": "-1", "name": "Bensenville Ditch", "source": "NHD_import_v0.3_20090601163626", "tunnel": "yes", "waterway": "drain", "_id": 247079090}, "geometry": {"type": "LineString", "coordinates": [[-87.8925473, 41.9318467], [-87.8925285, 41.9317868]]}}, {"type": "Feature", "properties": {"NHD:ComID": "109975996", "NHD:FCode": "33400", "NHD:FType": "Connector", "NHD:ReachCode": "7120004002765", "NHD:way_id": "109975996", "attribution": "NHD", "gnis:feature_id": "404181", "layer": "-1", "name": "Bensenville Ditch", "source": "NHD_import_v0.3_20090601163626", "tunnel": "yes", "waterway": "drain", "_id": 247079094}, "geometry": {"type": "LineString", "coordinates": [[-87.8938178, 41.9324932], [-87.8936813, 41.9325048]]}}, {"type": "Feature", "properties": {"NHD:ComID": "109975958", "NHD:FCode": "46003", "NHD:FType": "StreamRiver", "NHD:ReachCode": "7120004002765", "NHD:way_id": "109975958", "attribution": "NHD", "gnis:feature_id": "404181", "name": "Bensenville Ditch", "source": "NHD_import_v0.3_20090601163626", "tunnel": "yes", "waterway": "stream", "_id": 247079096}, "geometry": {"type": "LineString", "coordinates": [[-87.8953057, 41.9406366], [-87.8949712, 41.9400004]]}}, {"type": "Feature", "properties": {"boat": "no", "layer": "-1", "name": "Silver Creek", "tunnel": "culvert", "waterway": "stream", "_id": 257750890}, "geometry": {"type": "LineString", "coordinates": [[-87.9335469, 41.9587423], [-87.9333681, 41.9578042], [-87.9331106, 41.9571819], [-87.9326385, 41.9567191], [-87.9321879, 41.9564638], [-87.9312223, 41.9562564], [-87.9295057, 41.9559692], [-87.9268664, 41.9557298], [-87.9237765, 41.9557138], [-87.9195484, 41.9555548]]}}, {"type": "Feature", "properties": {"layer": "-1", "name": "Willow Creek", "tunnel": "culvert", "waterway": "stream", "_id": 257751945}, "geometry": {"type": "LineString", "coordinates": [[-87.9341042, 41.995329], [-87.933486, 41.9957496], [-87.9318628, 41.9968316], [-87.9305221, 41.9977752], [-87.9284874, 41.9991831], [-87.9283449, 41.9992986], [-87.9283011, 41.9993916], [-87.9283048, 41.99953], [-87.9283904, 41.9996942], [-87.9288833, 42.0001086], [-87.9290771, 42.0004027]]}}, {"type": "Feature", "properties": {"name": "Willow Creek", "tunnel": "yes", "waterway": "stream", "_id": 257751947}, "geometry": {"type": "LineString", "coordinates": [[-87.932829, 41.993596], [-87.9330017, 41.9939036]]}}, {"type": "Feature", "properties": {"NHD:ComID": "109976698", "NHD:FCode": "46003", "NHD:FType": "StreamRiver", "NHD:ReachCode": "7120004002820", "NHD:way_id": "109976698", "attribution": "NHD", "layer": "-1", "source": "NHD_import_v0.3_20090601163626", "tunnel": "culvert", "waterway": "stream", "_id": 259485084}, "geometry": {"type": "LineString", "coordinates": [[-87.959012, 41.831899], [-87.95913, 41.832228], [-87.9592625, 41.8327717]]}}, {"type": "Feature", "properties": {"NHD:ComID": "109977754", "NHD:FCode": "46003", "NHD:FType": "StreamRiver", "NHD:ReachCode": "7120004000523", "NHD:way_id": "109977754", "attribution": "NHD", "gnis:feature_id": "422075", "layer": "-1", "name": "Sawmill Creek", "source": "NHD_import_v0.3_20090601163626", "tunnel": "culvert", "waterway": "stream", "_id": 259501396}, "geometry": {"type": "LineString", "coordinates": [[-87.9493576, 41.7524948], [-87.9493464, 41.7521606]]}}, {"type": "Feature", "properties": {"NHD:ComID": "109976480", "NHD:FCode": "46003", "NHD:FType": "StreamRiver", "NHD:ReachCode": "7120004000770", "NHD:way_id": "109976480", "attribution": "NHD", "layer": "-1", "source": "NHD_import_v0.3_20090601163626", "tunnel": "culvert", "waterway": "ditch", "_id": 259501449}, "geometry": {"type": "LineString", "coordinates": [[-87.9489902, 41.8537164], [-87.9487685, 41.8537488]]}}, {"type": "Feature", "properties": {"boat": "no", "layer": "-1", "name": "Illinois and Michigan Canal", "short_name": "I&M Canal", "tunnel": "culvert", "waterway": "derelict_canal", "wikidata": "Q952760", "wikipedia": "en:Illinois and Michigan Canal", "_id": 259632491}, "geometry": {"type": "LineString", "coordinates": [[-87.9391527, 41.7006418], [-87.939579, 41.7004862]]}}, {"type": "Feature", "properties": {"NHD:ComID": "109978318", "NHD:FCode": "46003", "NHD:FType": "StreamRiver", "NHD:ReachCode": "7120004003506", "NHD:way_id": "109978318", "source": "NHD", "tunnel": "culvert", "waterway": "stream", "_id": 259632535}, "geometry": {"type": "LineString", "coordinates": [[-87.881648, 41.687827], [-87.8816389, 41.6879224]]}}, {"type": "Feature", "properties": {"NHD:ComID": "109978692", "NHD:FCode": "46003", "NHD:FType": "StreamRiver", "NHD:ReachCode": "7120004003043", "NHD:way_id": "109978692", "attribution": "NHD", "source": "NHD_import_v0.3_20090601163626", "tunnel": "culvert", "waterway": "stream", "_id": 259632537}, "geometry": {"type": "LineString", "coordinates": [[-87.9118336, 41.6451356], [-87.9121029, 41.6451313]]}}, {"type": "Feature", "properties": {"NHD:ComID": "109977772", "NHD:FCode": "46003", "NHD:FType": "StreamRiver", "NHD:ReachCode": "7120004000332", "NHD:way_id": "109977772", "attribution": "NHD", "source": "NHD_import_v0.3_20090601163626", "tunnel": "culvert", "waterway": "stream", "_id": 259632539}, "geometry": {"type": "LineString", "coordinates": [[-87.862011, 41.725105], [-87.8618546, 41.7252045]]}}, {"type": "Feature", "properties": {"NHD:ComID": "109977738", "NHD:FCode": "46003", "NHD:FType": "StreamRiver", "NHD:ReachCode": "7120004000337", "NHD:way_id": "109977738", "attribution": "NHD", "source": "NHD_import_v0.3_20090601163626", "tunnel": "culvert", "waterway": "stream", "_id": 259632540}, "geometry": {"type": "LineString", "coordinates": [[-87.8625219, 41.7440397], [-87.8626364, 41.7441331]]}}, {"type": "Feature", "properties": {"NHD:ComID": "109978254", "NHD:FCode": "46003", "NHD:FType": "StreamRiver", "NHD:ReachCode": "7120004000993", "NHD:way_id": "109978254", "source": "NHD", "tunnel": "culvert", "waterway": "stream", "_id": 259632541}, "geometry": {"type": "LineString", "coordinates": [[-87.8752381, 41.6888653], [-87.8752127, 41.688303]]}}, {"type": "Feature", "properties": {"NHD:ComID": "109977930", "NHD:FCode": "46003", "NHD:FType": "StreamRiver", "NHD:ReachCode": "7120004000339", "NHD:way_id": "109977930", "source": "NHD", "tunnel": "culvert", "waterway": "stream", "_id": 259632545}, "geometry": {"type": "LineString", "coordinates": [[-87.846552, 41.7145699], [-87.8468488, 41.7145628], [-87.8468846, 41.7145237]]}}, {"type": "Feature", "properties": {"NHD:ComID": "109977738", "NHD:FCode": "46003", "NHD:FType": "StreamRiver", "NHD:ReachCode": "7120004000337", "NHD:way_id": "109977738", "attribution": "NHD", "source": "NHD_import_v0.3_20090601163626", "tunnel": "culvert", "waterway": "stream", "_id": 259632546}, "geometry": {"type": "LineString", "coordinates": [[-87.849708, 41.732262], [-87.849745, 41.732338], [-87.849762, 41.732392], [-87.84979, 41.732413], [-87.849846, 41.732543], [-87.849873, 41.732598], [-87.84991, 41.732646]]}}, {"type": "Feature", "properties": {"NHD:ComID": "109978068", "NHD:FCode": "46003", "NHD:FType": "StreamRiver", "NHD:ReachCode": "7120004002962", "NHD:way_id": "109978068", "attribution": "NHD", "source": "NHD_import_v0.3_20090601163626", "tunnel": "culvert", "waterway": "stream", "_id": 259640906}, "geometry": {"type": "LineString", "coordinates": [[-87.9553749, 41.7100939], [-87.955494, 41.710048]]}}, {"type": "Feature", "properties": {"layer": "-1", "tunnel": "culvert", "waterway": "stream", "_id": 281978049}, "geometry": {"type": "LineString", "coordinates": [[-87.7664788, 41.6466047], [-87.7664906, 41.6467647]]}}, {"type": "Feature", "properties": {"layer": "-1", "tunnel": "culvert", "waterway": "stream", "_id": 281978050}, "geometry": {"type": "LineString", "coordinates": [[-87.7528814, 41.6612684], [-87.7528781, 41.6613245], [-87.7528645, 41.6617381]]}}, {"type": "Feature", "properties": {"layer": "-1", "tunnel": "culvert", "waterway": "stream", "_id": 281978062}, "geometry": {"type": "LineString", "coordinates": [[-87.7580625, 41.6568926], [-87.7578379, 41.6568934]]}}, {"type": "Feature", "properties": {"layer": "-1", "tunnel": "culvert", "waterway": "stream", "_id": 281978287}, "geometry": {"type": "LineString", "coordinates": [[-87.7955786, 41.6288332], [-87.7950959, 41.6289655]]}}, {"type": "Feature", "properties": {"layer": "-1", "tunnel": "culvert", "waterway": "stream", "_id": 281978292}, "geometry": {"type": "LineString", "coordinates": [[-87.7768222, 41.6353398], [-87.7764899, 41.6355008]]}}, {"type": "Feature", "properties": {"layer": "-1", "tunnel": "culvert", "waterway": "stream", "_id": 281978293}, "geometry": {"type": "LineString", "coordinates": [[-87.7827338, 41.6316543], [-87.7826362, 41.6318787]]}}, {"type": "Feature", "properties": {"layer": "-1", "tunnel": "culvert", "waterway": "stream", "_id": 281978294}, "geometry": {"type": "LineString", "coordinates": [[-87.7850537, 41.6303849], [-87.7849142, 41.630429]]}}, {"type": "Feature", "properties": {"NHD:ComID": "109978370", "NHD:FCode": "46003", "NHD:FType": "StreamRiver", "NHD:ReachCode": "7120004000786", "NHD:way_id": "109978370", "layer": "-1", "source": "NHD", "tunnel": "culvert", "waterway": "stream", "_id": 284936437}, "geometry": {"type": "LineString", "coordinates": [[-87.9216818, 41.6800289], [-87.9216696, 41.680169]]}}, {"type": "Feature", "properties": {"NHD:ComID": "109978370", "NHD:FCode": "46003", "NHD:FType": "StreamRiver", "NHD:ReachCode": "7120004000786", "NHD:way_id": "109978370", "layer": "-1", "source": "NHD", "tunnel": "culvert", "waterway": "stream", "_id": 284936462}, "geometry": {"type": "LineString", "coordinates": [[-87.9236374, 41.6834914], [-87.9238044, 41.6835836]]}}, {"type": "Feature", "properties": {"canoe": "yes", "intermittent": "no", "name": "Grand Calumet River", "name:mia": "kinwikami", "oneway:canoe": "no", "tidal": "no", "waterway": "river", "width": "15", "wikidata": "Q19866964", "wikipedia": "en:Grand Calumet River", "_id": 307583965}, "geometry": {"type": "LineString", "coordinates": [[-87.521028, 41.6256562], [-87.5212081, 41.6256806], [-87.5214192, 41.6256764], [-87.5221916, 41.6257727], [-87.5226852, 41.6258248], [-87.5230982, 41.625897], [-87.5236615, 41.6259411], [-87.5241228, 41.6259732], [-87.5244214, 41.6259974], [-87.5246968, 41.6260654], [-87.5251153, 41.6261215], [-87.5253387, 41.6261257], [-87.5254889, 41.6261658], [-87.5256946, 41.6262378], [-87.5259467, 41.6262699], [-87.5263759, 41.6263501], [-87.5267836, 41.6264624], [-87.5280335, 41.6269115], [-87.5288918, 41.6272242], [-87.5295248, 41.627529], [-87.5301417, 41.6278137], [-87.530746, 41.6282148], [-87.5312468, 41.6285274], [-87.5316974, 41.6288923], [-87.5323197, 41.6295258], [-87.5329615, 41.6301074], [-87.5337696, 41.6306229], [-87.5339808, 41.6308291], [-87.5340363, 41.6308554], [-87.5342007, 41.6309334], [-87.534603, 41.6310256], [-87.5349517, 41.6310336], [-87.535515, 41.6309013], [-87.53603, 41.6308291], [-87.5366201, 41.6308452], [-87.537237, 41.6309053], [-87.5380041, 41.6310256], [-87.5389609, 41.6312829], [-87.5394073, 41.6314501], [-87.5394807, 41.6314705], [-87.5398191, 41.6315627], [-87.5402483, 41.6317511], [-87.5413354, 41.632453], [-87.5420346, 41.632958], [-87.5424619, 41.633311], [-87.5429037, 41.6338441], [-87.5434347, 41.6345898], [-87.543821, 41.6353315], [-87.543939, 41.6356844], [-87.5439712, 41.6360091], [-87.5439157, 41.6363661], [-87.543821, 41.6366185], [-87.5436654, 41.6368631], [-87.5434811, 41.6371119], [-87.5432738, 41.6375206], [-87.5430753, 41.6380739], [-87.5430324, 41.6384627], [-87.5430324, 41.6388436], [-87.5430807, 41.6392124], [-87.5431987, 41.6398419], [-87.5433704, 41.6406878], [-87.5436171, 41.6415455], [-87.5436869, 41.6417098], [-87.5437333, 41.6418546], [-87.5439175, 41.6419945], [-87.5446184, 41.6426964], [-87.5449134, 41.642977], [-87.5451675, 41.6431971], [-87.5453552, 41.6433214], [-87.5455859, 41.6434096], [-87.5458331, 41.643469], [-87.5460382, 41.6434564], [-87.5463123, 41.6433743], [-87.5465472, 41.643273], [-87.5469197, 41.6431173], [-87.5474366, 41.6429847], [-87.5480267, 41.6430207], [-87.5485578, 41.6430809], [-87.5490172, 41.6431534], [-87.5493463, 41.6432492], [-87.5508679, 41.6439432], [-87.5513902, 41.6441472], [-87.5521144, 41.6444158], [-87.5525435, 41.6446323], [-87.5530529, 41.6448688], [-87.5534375, 41.6450776], [-87.55485, 41.6460433], [-87.5549787, 41.6460994], [-87.5552898, 41.6461355], [-87.5556101, 41.6461359], [-87.5559336, 41.6460794], [-87.5565558, 41.6457707], [-87.5576341, 41.6453859], [-87.5584388, 41.6451334], [-87.5590755, 41.6448692], [-87.5595154, 41.6446367], [-87.5600305, 41.6441194], [-87.5605491, 41.6439075], [-87.5615654, 41.6439886]]}}, {"type": "Feature", "properties": {"NHD:ComID": "109978634", "NHD:FCode": "46003", "NHD:FType": "StreamRiver", "NHD:ReachCode": "7120004000831", "NHD:way_id": "109978634", "attribution": "NHD", "layer": "-1", "source": "NHD_import_v0.3_20090601163626", "tunnel": "culvert", "waterway": "stream", "_id": 315045069}, "geometry": {"type": "LineString", "coordinates": [[-87.9549202, 41.6509772], [-87.955177, 41.650896]]}}, {"type": "Feature", "properties": {"NHD:ComID": "109978634", "NHD:FCode": "46003", "NHD:FType": "StreamRiver", "NHD:ReachCode": "7120004000831", "NHD:way_id": "109978634", "attribution": "NHD", "layer": "-1", "source": "NHD_import_v0.3_20090601163626", "tunnel": "culvert", "waterway": "stream", "_id": 315045070}, "geometry": {"type": "LineString", "coordinates": [[-87.9495268, 41.653401], [-87.949688, 41.6532157]]}}, {"type": "Feature", "properties": {"NHD:ComID": "109978634", "NHD:FCode": "46003", "NHD:FType": "StreamRiver", "NHD:ReachCode": "7120004000831", "NHD:way_id": "109978634", "attribution": "NHD", "layer": "-1", "source": "NHD_import_v0.3_20090601163626", "tunnel": "culvert", "waterway": "stream", "_id": 315045073}, "geometry": {"type": "LineString", "coordinates": [[-87.9512684, 41.6518494], [-87.9515003, 41.6517017]]}}, {"type": "Feature", "properties": {"NHD:ComID": "109978236", "NHD:FCode": "46003", "NHD:FType": "StreamRiver", "NHD:ReachCode": "7120004002986", "NHD:way_id": "109978236", "source": "NHD", "tunnel": "culvert", "waterway": "stream", "_id": 317313103}, "geometry": {"type": "LineString", "coordinates": [[-87.9254436, 41.6939283], [-87.9253675, 41.6941334]]}}, {"type": "Feature", "properties": {"layer": "-1", "name": "Natalie Creek", "source": "http://waterdata.usgs.gov/il/nwis/nwismap/?site_no=05536343&agency_cd=USGS", "tunnel": "culvert", "waterway": "stream", "_id": 364720072}, "geometry": {"type": "LineString", "coordinates": [[-87.7351159, 41.6216476], [-87.735188, 41.6216074]]}}, {"type": "Feature", "properties": {"NHD:ComID": "109978864", "NHD:FCode": "46003", "NHD:FType": "StreamRiver", "NHD:ReachCode": "7120004000825", "NHD:way_id": "109978864", "attribution": "NHD", "gnis:feature_id": "412604", "layer": "-1", "name": "Long Run", "source": "NHD_import_v0.3_20090601163626", "tunnel": "culvert", "waterway": "stream", "_id": 388774996}, "geometry": {"type": "LineString", "coordinates": [[-87.8972322, 41.6296016], [-87.8972192, 41.6297486]]}}, {"type": "Feature", "properties": {"NHD:ComID": "109978792", "NHD:FCode": "46003", "NHD:FType": "StreamRiver", "NHD:ReachCode": "7120004000824", "NHD:way_id": "109978792", "attribution": "NHD", "gnis:feature_id": "412604", "layer": "-1", "name": "Long Run", "source": "NHD_import_v0.3_20090601163626", "tunnel": "culvert", "waterway": "stream", "_id": 388775000}, "geometry": {"type": "LineString", "coordinates": [[-87.9000645, 41.6316955], [-87.9002593, 41.6317419]]}}, {"type": "Feature", "properties": {"NHD:ComID": "109978792", "NHD:FCode": "46003", "NHD:FType": "StreamRiver", "NHD:ReachCode": "7120004000824", "NHD:way_id": "109978792", "attribution": "NHD", "gnis:feature_id": "412604", "layer": "-1", "name": "Long Run", "source": "NHD_import_v0.3_20090601163626", "tunnel": "culvert", "waterway": "stream", "_id": 388775003}, "geometry": {"type": "LineString", "coordinates": [[-87.9116256, 41.6363316], [-87.911838, 41.6363431]]}}, {"type": "Feature", "properties": {"boat": "yes", "canoe": "yes", "deep_draft": "yes", "intermittent": "no", "name": "Chicago River", "oneway:canoe": "no", "rapids": "no", "ship": "yes", "source:deep_draft": "National Transportation Atlas Database 2011", "tidal": "no", "waterway": "river", "wikidata": "Q643284", "wikipedia": "en:Chicago River", "_id": 407267816}, "geometry": {"type": "LineString", "coordinates": [[-87.6252968, 41.8887419], [-87.6277714, 41.8875606], [-87.6293534, 41.8875448], [-87.6313699, 41.8875339], [-87.6317497, 41.8875319], [-87.6341378, 41.887516], [-87.6355963, 41.8875109], [-87.6375505, 41.8865413], [-87.6377617, 41.8863953]]}}, {"type": "Feature", "properties": {"NHD:ComID": "109975814", "NHD:FCode": "46003", "NHD:FType": "StreamRiver", "NHD:ReachCode": "7120004000732", "NHD:way_id": "109975814", "attribution": "NHD", "gnis:feature_id": "406862", "name": "Crystal Creek", "source": "NHD_import_v0.3_20090601163626", "tunnel": "culvert", "waterway": "stream", "_id": 412456630}, "geometry": {"type": "LineString", "coordinates": [[-87.8743636, 41.9575675], [-87.8742094, 41.9577594]]}}, {"type": "Feature", "properties": {"layer": "-1", "name": "Stony Creek", "tunnel": "yes", "waterway": "stream", "_id": 416998589}, "geometry": {"type": "LineString", "coordinates": [[-87.740312, 41.6837497], [-87.7402947, 41.6835108]]}}, {"type": "Feature", "properties": {"layer": "-1", "name": "Stony Creek", "tunnel": "yes", "waterway": "stream", "_id": 416998592}, "geometry": {"type": "LineString", "coordinates": [[-87.7396348, 41.683292], [-87.7392757, 41.6832299]]}}, {"type": "Feature", "properties": {"layer": "-1", "name": "Stony Creek", "tunnel": "yes", "waterway": "stream", "_id": 417010357}, "geometry": {"type": "LineString", "coordinates": [[-87.7389589, 41.6830356], [-87.7388382, 41.6828914]]}}, {"type": "Feature", "properties": {"layer": "-1", "name": "Stony Creek", "tunnel": "yes", "waterway": "stream", "_id": 417010367}, "geometry": {"type": "LineString", "coordinates": [[-87.7209076, 41.6699496], [-87.7191856, 41.6691361]]}}, {"type": "Feature", "properties": {"layer": "-1", "name": "Stony Creek", "tunnel": "yes", "waterway": "stream", "_id": 417010371}, "geometry": {"type": "LineString", "coordinates": [[-87.7219215, 41.6703583], [-87.7212241, 41.6700738]]}}, {"type": "Feature", "properties": {"name": "Stony Creek", "tunnel": "yes", "waterway": "stream", "_id": 417015098}, "geometry": {"type": "LineString", "coordinates": [[-87.6866075, 41.6543198], [-87.6862052, 41.6541074]]}}, {"type": "Feature", "properties": {"layer": "-1", "name": "Stony Creek", "tunnel": "yes", "waterway": "stream", "_id": 417015109}, "geometry": {"type": "LineString", "coordinates": [[-87.6899978, 41.6560152], [-87.6872566, 41.6545683]]}}, {"type": "Feature", "properties": {"layer": "-1", "name": "Stony Creek", "tunnel": "yes", "waterway": "stream", "_id": 417015119}, "geometry": {"type": "LineString", "coordinates": [[-87.7000347, 41.6611372], [-87.6994607, 41.6609008]]}}, {"type": "Feature", "properties": {"layer": "-1", "name": "Stony Creek", "tunnel": "yes", "waterway": "stream", "_id": 417015148}, "geometry": {"type": "LineString", "coordinates": [[-87.7293995, 41.6725361], [-87.7291769, 41.672452]]}}, {"type": "Feature", "properties": {"layer": "-1", "name": "Willow Creek", "tunnel": "yes", "waterway": "stream", "_id": 419238214}, "geometry": {"type": "LineString", "coordinates": [[-87.8650809, 41.988812], [-87.8645573, 41.989057]]}}, {"type": "Feature", "properties": {"name": "Grand Calumet River", "name:mia": "kinwikami", "tidal": "no", "waterway": "river", "width": "15", "wikidata": "Q19866964", "wikipedia": "en:Grand Calumet River", "_id": 419701497}, "geometry": {"type": "LineString", "coordinates": [[-87.500213, 41.618744], [-87.5006486, 41.6189168], [-87.5008252, 41.6189474], [-87.5010397, 41.6189755], [-87.5012751, 41.619], [-87.5015047, 41.6190309], [-87.501766, 41.6190101], [-87.5021796, 41.6189936], [-87.5027991, 41.6190093], [-87.5031909, 41.6190116], [-87.5036737, 41.6190958], [-87.5040063, 41.6191359], [-87.5045052, 41.619172], [-87.504988, 41.6192161], [-87.5056531, 41.6193284], [-87.5066187, 41.619533], [-87.5072839, 41.6197174], [-87.5077024, 41.6198738], [-87.508507, 41.620319], [-87.5090856, 41.6204611], [-87.5095904, 41.6207268], [-87.51032, 41.6210528], [-87.5107376, 41.6213058], [-87.511595, 41.621835], [-87.512997, 41.6224163], [-87.5131039, 41.6224925]]}}, {"type": "Feature", "properties": {"layer": "-1", "name": "Willow Creek", "tunnel": "yes", "waterway": "stream", "_id": 431821603}, "geometry": {"type": "LineString", "coordinates": [[-87.869627, 41.9878299], [-87.8693449, 41.9877853]]}}, {"type": "Feature", "properties": {"layer": "-1", "name": "Willow Creek", "tunnel": "yes", "waterway": "stream", "_id": 431821604}, "geometry": {"type": "LineString", "coordinates": [[-87.8688992, 41.9877498], [-87.8680531, 41.987755]]}}, {"type": "Feature", "properties": {"layer": "-1", "tunnel": "culvert", "waterway": "stream", "_id": 443118005}, "geometry": {"type": "LineString", "coordinates": [[-87.9038033, 41.6875852], [-87.9038388, 41.6878781]]}}, {"type": "Feature", "properties": {"layer": "-1", "tunnel": "culvert", "waterway": "stream", "_id": 443118006}, "geometry": {"type": "LineString", "coordinates": [[-87.9371346, 41.7157819], [-87.9371205, 41.7156292]]}}, {"type": "Feature", "properties": {"layer": "-1", "tunnel": "culvert", "waterway": "stream", "_id": 443118007}, "geometry": {"type": "LineString", "coordinates": [[-87.9363961, 41.7188966], [-87.9366193, 41.718783]]}}, {"type": "Feature", "properties": {"layer": "-1", "tunnel": "culvert", "waterway": "stream", "_id": 443118008}, "geometry": {"type": "LineString", "coordinates": [[-87.9345128, 41.713174], [-87.9344108, 41.713122]]}}, {"type": "Feature", "properties": {"layer": "-1", "tunnel": "culvert", "waterway": "stream", "_id": 443118010}, "geometry": {"type": "LineString", "coordinates": [[-87.9343565, 41.7130834], [-87.9342472, 41.7129838]]}}, {"type": "Feature", "properties": {"gnis:feature_id": "406813", "layer": "-1", "name": "Crooked Creek", "tunnel": "culvert", "waterway": "stream", "_id": 443125852}, "geometry": {"type": "LineString", "coordinates": [[-87.8556719, 41.6997005], [-87.85607, 41.699672]]}}, {"type": "Feature", "properties": {"layer": "-1", "tunnel": "culvert", "waterway": "stream", "_id": 443125855}, "geometry": {"type": "LineString", "coordinates": [[-87.8436026, 41.7178617], [-87.8435871, 41.7174995], [-87.8436092, 41.7170007], [-87.8437733, 41.7168668]]}}, {"type": "Feature", "properties": {"layer": "-1", "tunnel": "culvert", "waterway": "stream", "_id": 443125856}, "geometry": {"type": "LineString", "coordinates": [[-87.843608, 41.7182021], [-87.8436053, 41.7179198]]}}, {"type": "Feature", "properties": {"layer": "-1", "name": "Stony Creek", "tunnel": "culvert", "waterway": "stream", "_id": 472208820}, "geometry": {"type": "LineString", "coordinates": [[-87.7663039, 41.7052344], [-87.7660849, 41.7051502], [-87.7658381, 41.7050201], [-87.7657175, 41.7049511]]}}, {"type": "Feature", "properties": {"tunnel": "yes", "waterway": "drain", "_id": 474736824}, "geometry": {"type": "LineString", "coordinates": [[-87.9387232, 41.9851219], [-87.9369812, 41.9851242]]}}, {"type": "Feature", "properties": {"layer": "-1", "tunnel": "culvert", "waterway": "drain", "_id": 474736832}, "geometry": {"type": "LineString", "coordinates": [[-87.9386778, 41.9837954], [-87.9366623, 41.9838242]]}}, {"type": "Feature", "properties": {"layer": "-1", "name": "Willow Creek", "tunnel": "culvert", "waterway": "stream", "_id": 474736843}, "geometry": {"type": "LineString", "coordinates": [[-87.935515, 41.9877206], [-87.933037, 41.9921043]]}}, {"type": "Feature", "properties": {"tunnel": "yes", "waterway": "stream", "_id": 474736853}, "geometry": {"type": "LineString", "coordinates": [[-87.9387303, 41.9866829], [-87.9375072, 41.9862855], [-87.936709, 41.9860227]]}}, {"type": "Feature", "properties": {"intermittent": "no", "layer": "-1", "name": "Willow Creek", "tunnel": "culvert", "waterway": "stream", "_id": 474736861}, "geometry": {"type": "LineString", "coordinates": [[-87.9295467, 42.0010736], [-87.9297096, 42.0013275], [-87.9292583, 42.0024008], [-87.9283718, 42.0044707], [-87.9280384, 42.0045881]]}}, {"type": "Feature", "properties": {"NHD:ComID": "109978872", "NHD:FCode": "46003", "NHD:FType": "StreamRiver", "NHD:ReachCode": "7120004000829", "NHD:way_id": "109978872", "attribution": "NHD", "layer": "-1", "source": "NHD_import_v0.3_20090601163626", "tunnel": "culvert", "waterway": "stream", "_id": 516717972}, "geometry": {"type": "LineString", "coordinates": [[-87.9505067, 41.6226979], [-87.9499444, 41.6226459]]}}, {"type": "Feature", "properties": {"NHD:ComID": "109978840", "NHD:FCode": "46003", "NHD:FType": "StreamRiver", "NHD:ReachCode": "7120004003069", "NHD:way_id": "109978840", "attribution": "NHD", "layer": "-1", "source": "NHD_import_v0.3_20090601163626", "tunnel": "culvert", "waterway": "stream", "_id": 516717979}, "geometry": {"type": "LineString", "coordinates": [[-87.9533569, 41.628541], [-87.953365, 41.6287127]]}}, {"type": "Feature", "properties": {"NHD:ComID": "109978840", "NHD:FCode": "46003", "NHD:FType": "StreamRiver", "NHD:ReachCode": "7120004003069", "NHD:way_id": "109978840", "attribution": "NHD", "layer": "-1", "source": "NHD_import_v0.3_20090601163626", "tunnel": "culvert", "waterway": "stream", "_id": 516717980}, "geometry": {"type": "LineString", "coordinates": [[-87.9533605, 41.6283583], [-87.9533569, 41.628541]]}}, {"type": "Feature", "properties": {"NHD:ComID": "109978872", "NHD:FCode": "46003", "NHD:FType": "StreamRiver", "NHD:ReachCode": "7120004000829", "NHD:way_id": "109978872", "attribution": "NHD", "layer": "-1", "source": "NHD_import_v0.3_20090601163626", "tunnel": "culvert", "waterway": "stream", "_id": 517809210}, "geometry": {"type": "LineString", "coordinates": [[-87.9469362, 41.6234469], [-87.9468256, 41.6235942]]}}, {"type": "Feature", "properties": {"NHD:ComID": "109978836", "NHD:FCode": "46003", "NHD:FType": "StreamRiver", "NHD:ReachCode": "7120004000829", "NHD:way_id": "109978836", "attribution": "NHD", "layer": "-1", "source": "NHD_import_v0.3_20090601163626", "tunnel": "culvert", "waterway": "stream", "_id": 517809249}, "geometry": {"type": "LineString", "coordinates": [[-87.9460728, 41.6287058], [-87.9460522, 41.628854]]}}, {"type": "Feature", "properties": {"NHD:ComID": "109978872", "NHD:FCode": "46003", "NHD:FType": "StreamRiver", "NHD:ReachCode": "7120004000829", "NHD:way_id": "109978872", "attribution": "NHD", "layer": "-1", "source": "NHD_import_v0.3_20090601163626", "tunnel": "culvert", "waterway": "stream", "_id": 517809253}, "geometry": {"type": "LineString", "coordinates": [[-87.9467529, 41.6244504], [-87.946781, 41.6246658]]}}, {"type": "Feature", "properties": {"NHD:ComID": "109978836", "NHD:FCode": "46003", "NHD:FType": "StreamRiver", "NHD:ReachCode": "7120004000829", "NHD:way_id": "109978836", "attribution": "NHD", "layer": "-1", "source": "NHD_import_v0.3_20090601163626", "tunnel": "culvert", "waterway": "stream", "_id": 520431868}, "geometry": {"type": "LineString", "coordinates": [[-87.9505214, 41.6339949], [-87.9506896, 41.6340369]]}}, {"type": "Feature", "properties": {"NHD:ComID": "109978710", "NHD:FCode": "46003", "NHD:FType": "StreamRiver", "NHD:ReachCode": "7120004003047", "NHD:way_id": "109978710", "attribution": "NHD", "layer": "-1", "source": "NHD_import_v0.3_20090601163626", "tunnel": "culvert", "waterway": "stream", "_id": 523887920}, "geometry": {"type": "LineString", "coordinates": [[-87.9426513, 41.6412621], [-87.9427131, 41.6411554]]}}, {"type": "Feature", "properties": {"NHD:ComID": "109978720", "NHD:FCode": "46003", "NHD:FType": "StreamRiver", "NHD:ReachCode": "7120004000824", "NHD:way_id": "109978720", "attribution": "NHD", "gnis:feature_id": "412604", "layer": "-1", "name": "Long Run", "source": "NHD_import_v0.3_20090601163626", "tunnel": "culvert", "waterway": "stream", "_id": 523887944}, "geometry": {"type": "LineString", "coordinates": [[-87.935942, 41.6392208], [-87.936195, 41.639258]]}}, {"type": "Feature", "properties": {"NHD:ComID": "109978728", "NHD:FCode": "46003", "NHD:FType": "StreamRiver", "NHD:ReachCode": "7120004000824", "NHD:way_id": "109978728", "attribution": "NHD", "gnis:feature_id": "412604", "layer": "-1", "name": "Long Run", "source": "NHD_import_v0.3_20090601163626", "tunnel": "culvert", "waterway": "stream", "_id": 524091831}, "geometry": {"type": "LineString", "coordinates": [[-87.9191598, 41.64059], [-87.9192039, 41.6407121]]}}, {"type": "Feature", "properties": {"NHD:ComID": "109978726", "NHD:FCode": "46003", "NHD:FType": "StreamRiver", "NHD:ReachCode": "7120004003050", "NHD:way_id": "109978726", "attribution": "NHD", "intermittent": "yes", "layer": "-1", "source": "NHD_import_v0.3_20090601163626", "tunnel": "culvert", "waterway": "stream", "_id": 524091834}, "geometry": {"type": "LineString", "coordinates": [[-87.914716, 41.6373599], [-87.9148109, 41.6372829]]}}, {"type": "Feature", "properties": {"NHD:ComID": "109978792", "NHD:FCode": "46003", "NHD:FType": "StreamRiver", "NHD:ReachCode": "7120004000824", "NHD:way_id": "109978792", "attribution": "NHD", "gnis:feature_id": "412604", "layer": "-1", "name": "Long Run", "source": "NHD_import_v0.3_20090601163626", "tunnel": "culvert", "waterway": "stream", "_id": 524091836}, "geometry": {"type": "LineString", "coordinates": [[-87.9141922, 41.6368289], [-87.9143138, 41.6368298]]}}, {"type": "Feature", "properties": {"NHD:ComID": "109978692", "NHD:FCode": "46003", "NHD:FType": "StreamRiver", "NHD:ReachCode": "7120004003043", "NHD:way_id": "109978692", "attribution": "NHD", "layer": "-1", "source": "NHD_import_v0.3_20090601163626", "tunnel": "culvert", "waterway": "stream", "_id": 524091838}, "geometry": {"type": "LineString", "coordinates": [[-87.9207929, 41.6429599], [-87.9206888, 41.6427658]]}}, {"type": "Feature", "properties": {"NHD:ComID": "109977296", "NHD:FCode": "46003", "NHD:FType": "StreamRiver", "NHD:ReachCode": "7120004002890", "NHD:way_id": "109977296", "attribution": "NHD", "layer": "-1", "source": "NHD_import_v0.3_20090601163626", "tunnel": "yes", "waterway": "stream", "_id": 525813655}, "geometry": {"type": "LineString", "coordinates": [[-87.8680696, 41.7740786], [-87.868004, 41.774097], [-87.8678377, 41.7741085]]}}, {"type": "Feature", "properties": {"NHD:ComID": "109977454", "NHD:FCode": "46003", "NHD:FType": "StreamRiver", "NHD:ReachCode": "7120004002902", "NHD:way_id": "109977454", "attribution": "NHD", "layer": "-1", "source": "NHD_import_v0.3_20090601163626", "tunnel": "yes", "waterway": "stream", "_id": 525813658}, "geometry": {"type": "LineString", "coordinates": [[-87.879045, 41.7691692], [-87.8772855, 41.7697324]]}}, {"type": "Feature", "properties": {"NHD:ComID": "109977454", "NHD:FCode": "46003", "NHD:FType": "StreamRiver", "NHD:ReachCode": "7120004002902", "NHD:way_id": "109977454", "attribution": "NHD", "layer": "-1", "source": "NHD_import_v0.3_20090601163626", "tunnel": "yes", "waterway": "stream", "_id": 525813659}, "geometry": {"type": "LineString", "coordinates": [[-87.8726964, 41.7686457], [-87.872641, 41.768637]]}}, {"type": "Feature", "properties": {"NHD:ComID": "109977454", "NHD:FCode": "46003", "NHD:FType": "StreamRiver", "NHD:ReachCode": "7120004002902", "NHD:way_id": "109977454", "attribution": "NHD", "layer": "-1", "source": "NHD_import_v0.3_20090601163626", "tunnel": "yes", "waterway": "stream", "_id": 525813661}, "geometry": {"type": "LineString", "coordinates": [[-87.877157, 41.769774], [-87.8771393, 41.7697643]]}}, {"type": "Feature", "properties": {"NHD:ComID": "109975816", "NHD:FCode": "46003", "NHD:FType": "StreamRiver", "NHD:ReachCode": "7120004000316", "NHD:way_id": "109975816", "attribution": "NHD", "boat": "no", "gnis:feature_id": "422081", "layer": "-1", "name": "Bensenville Ditch", "source": "NHD_import_v0.3_20090601163626", "tunnel": "yes", "waterway": "stream", "_id": 525829765}, "geometry": {"type": "LineString", "coordinates": [[-87.9115367, 41.9552646], [-87.911201, 41.9548891]]}}, {"type": "Feature", "properties": {"name": "Little Calumet River", "source": "Bing", "waterway": "river", "_id": 527053934}, "geometry": {"type": "LineString", "coordinates": [[-87.6214729, 41.6170032], [-87.6223678, 41.6166918], [-87.6230587, 41.6165731], [-87.6236703, 41.6165972], [-87.6246895, 41.6168298], [-87.6255156, 41.6171346], [-87.6261808, 41.6176078], [-87.6264851, 41.617968], [-87.626721, 41.6183976], [-87.626823, 41.6189377], [-87.6268353, 41.6195488], [-87.626728, 41.6201825], [-87.6265819, 41.6211114], [-87.6266207, 41.6216021], [-87.6267387, 41.621971], [-87.6267968, 41.6220594]]}}, {"type": "Feature", "properties": {"name": "Little Calumet River", "source": "Bing", "waterway": "river", "_id": 527053935}, "geometry": {"type": "LineString", "coordinates": [[-87.6267968, 41.6220594], [-87.6270391, 41.6224282], [-87.6273932, 41.6228853], [-87.6279618, 41.6232302], [-87.6283802, 41.6234146], [-87.6290561, 41.6238156], [-87.6300968, 41.6244412], [-87.6308157, 41.6248743], [-87.6318564, 41.6253234], [-87.6337876, 41.6259329], [-87.6344397, 41.6261783], [-87.6348742, 41.6263948], [-87.6358773, 41.626892], [-87.6363226, 41.6271246], [-87.6370361, 41.6275657], [-87.6374408, 41.6278257], [-87.6379021, 41.6282628], [-87.6383689, 41.6286597], [-87.6385757, 41.6287846], [-87.6389404, 41.6289691], [-87.6393213, 41.6291255], [-87.6397796, 41.6292291], [-87.640206, 41.6292632], [-87.6405869, 41.6292451], [-87.6409758, 41.629195], [-87.6412414, 41.629175], [-87.6416173, 41.629156], [-87.6418931, 41.6291569], [-87.6420299, 41.6291449], [-87.6422395, 41.6290974], [-87.6425154, 41.6290186], [-87.6426683, 41.6290026], [-87.6430545, 41.6289865], [-87.6433174, 41.6290106], [-87.6439123, 41.6291243]]}}, {"type": "Feature", "properties": {"canoe": "yes", "name": "Little Calumet River", "source": "Bing", "tidal": "no", "waterway": "river", "wikidata": "Q42310496", "_id": 527336338}, "geometry": {"type": "LineString", "coordinates": [[-87.6510353, 41.6329189], [-87.6512593, 41.6330442], [-87.6515999, 41.6331986], [-87.6520479, 41.6334311], [-87.6522946, 41.6335795], [-87.6525709, 41.63381], [-87.6528445, 41.6340305], [-87.6532656, 41.6343433], [-87.6540756, 41.6350228], [-87.6548186, 41.6357385], [-87.6550466, 41.6359209], [-87.6569241, 41.6372299], [-87.6573533, 41.6374705], [-87.6585039, 41.638136], [-87.6598343, 41.6388416], [-87.6605376, 41.6391589], [-87.6608401, 41.6393427], [-87.661398, 41.6397236], [-87.6622188, 41.6401706], [-87.6624548, 41.640337], [-87.6627853, 41.6406583], [-87.6631635, 41.6410452], [-87.6634451, 41.6412616], [-87.6637643, 41.6414801], [-87.6646628, 41.6419893], [-87.6651912, 41.642316], [-87.6654863, 41.6425726], [-87.6657867, 41.6429213], [-87.6661434, 41.6434124], [-87.6663928, 41.6438333], [-87.6665672, 41.6440939], [-87.6666584, 41.6442061], [-87.6667979, 41.6443104], [-87.6671895, 41.6444868], [-87.667573, 41.6446611], [-87.6679324, 41.6448636], [-87.6684233, 41.6451943], [-87.6688202, 41.645527], [-87.6691126, 41.6458677], [-87.669354, 41.6462305], [-87.6695203, 41.6465392], [-87.6695434, 41.6466215], [-87.66959, 41.6467877], [-87.6696061, 41.6471605], [-87.6695766, 41.6475373], [-87.6695471, 41.6479442], [-87.6694747, 41.6482228], [-87.6693057, 41.6485455], [-87.6691287, 41.6487679], [-87.6688444, 41.6490084], [-87.668611, 41.6491708], [-87.6683562, 41.6493231], [-87.6681577, 41.6493993], [-87.6679056, 41.6494574], [-87.6676803, 41.6495275], [-87.667219, 41.6496899], [-87.6667254, 41.6498101], [-87.66613, 41.6499204], [-87.6654326, 41.6500025], [-87.6648398, 41.6500847], [-87.6643383, 41.6501789], [-87.6638126, 41.6503412], [-87.6633914, 41.6505276], [-87.6629247, 41.650704], [-87.662458, 41.6509124], [-87.661994, 41.6511509], [-87.661758, 41.6512531], [-87.6611411, 41.6515037], [-87.660323, 41.6517882], [-87.6597651, 41.6519626], [-87.6592984, 41.6520809], [-87.6585822, 41.6522211], [-87.6579653, 41.6523073], [-87.6574369, 41.6523995], [-87.6563802, 41.6526119], [-87.6556881, 41.6528063], [-87.654913, 41.6530488], [-87.6544865, 41.6532252], [-87.6542478, 41.6533555], [-87.6537148, 41.6536682], [-87.6515609, 41.6553792], [-87.6494645, 41.6566151]]}}, {"type": "Feature", "properties": {"canoe": "yes", "name": "Little Calumet River", "source": "Bing", "tidal": "no", "waterway": "river", "_id": 527336341}, "geometry": {"type": "LineString", "coordinates": [[-87.649105, 41.6298359], [-87.6491056, 41.630007], [-87.6491244, 41.6301092], [-87.6491834, 41.6303338], [-87.6492612, 41.6306124], [-87.6493872, 41.6309071], [-87.6495374, 41.6312259], [-87.6497063, 41.6314905], [-87.6499638, 41.6318754], [-87.6502052, 41.6322022], [-87.650468, 41.6324969], [-87.6507126, 41.6327341], [-87.6510353, 41.6329189]]}}, {"type": "Feature", "properties": {"layer": "-1", "tunnel": "culvert", "waterway": "ditch", "_id": 583585408}, "geometry": {"type": "LineString", "coordinates": [[-87.9540477, 41.7354306], [-87.9538241, 41.7354367]]}}, {"type": "Feature", "properties": {"NHD:ComID": "109975814", "NHD:FCode": "46003", "NHD:FType": "StreamRiver", "NHD:ReachCode": "7120004000732", "NHD:way_id": "109975814", "attribution": "NHD", "gnis:feature_id": "406862", "layer": "-1", "name": "Crystal Creek", "source": "NHD_import_v0.3_20090601163626", "tunnel": "culvert", "waterway": "stream", "_id": 599454647}, "geometry": {"type": "LineString", "coordinates": [[-87.8855917, 41.9599098], [-87.8853569, 41.9598558]]}}, {"type": "Feature", "properties": {"NHD:ComID": "109975814", "NHD:FCode": "46003", "NHD:FType": "StreamRiver", "NHD:ReachCode": "7120004000732", "NHD:way_id": "109975814", "attribution": "NHD", "gnis:feature_id": "406862", "layer": "-1", "name": "Crystal Creek", "source": "NHD_import_v0.3_20090601163626", "tunnel": "culvert", "waterway": "stream", "_id": 599454650}, "geometry": {"type": "LineString", "coordinates": [[-87.8829531, 41.9591716], [-87.8820985, 41.9589161]]}}, {"type": "Feature", "properties": {"NHD:ComID": "109975814", "NHD:FCode": "46003", "NHD:FType": "StreamRiver", "NHD:ReachCode": "7120004000732", "NHD:way_id": "109975814", "attribution": "NHD", "gnis:feature_id": "406862", "layer": "-1", "name": "Crystal Creek", "source": "NHD_import_v0.3_20090601163626", "tunnel": "culvert", "waterway": "stream", "_id": 600789408}, "geometry": {"type": "LineString", "coordinates": [[-87.8795428, 41.9581821], [-87.8786046, 41.9576195]]}}, {"type": "Feature", "properties": {"boat": "no", "layer": "-1", "name": "Silver Creek", "tunnel": "culvert", "waterway": "stream", "_id": 600814519}, "geometry": {"type": "LineString", "coordinates": [[-87.9398313, 41.9619083], [-87.9388218, 41.9618956]]}}, {"type": "Feature", "properties": {"boat": "no", "layer": "-1", "name": "Silver Creek", "tunnel": "culvert", "waterway": "stream", "_id": 600814527}, "geometry": {"type": "LineString", "coordinates": [[-87.9385255, 41.9618892], [-87.9380503, 41.9618504]]}}, {"type": "Feature", "properties": {"NHD:ComID": "109977136", "NHD:FCode": "46003", "NHD:FType": "StreamRiver", "NHD:ReachCode": "7120004000537", "NHD:way_id": "109977136", "attribution": "NHD", "gnis:feature_id": "421803", "layer": "-1", "name": "Flag Creek", "source": "NHD_import_v0.3_20090601163626", "tunnel": "culvert", "waterway": "stream", "_id": 604078071}, "geometry": {"type": "LineString", "coordinates": [[-87.9164123, 41.80586], [-87.9160346, 41.8059619], [-87.9145206, 41.8062964], [-87.9143935, 41.8063146], [-87.9141813, 41.806396], [-87.9133239, 41.8066922], [-87.913248, 41.8067182], [-87.9131879, 41.8067277], [-87.9131552, 41.8067023], [-87.9131307, 41.8066578]]}}, {"type": "Feature", "properties": {"NHD:ComID": "109976896", "NHD:FCode": "46003", "NHD:FType": "StreamRiver", "NHD:ReachCode": "7120004002844", "NHD:way_id": "109976896", "attribution": "NHD", "layer": "-1", "source": "NHD_import_v0.3_20090601163626", "tunnel": "culvert", "waterway": "stream", "_id": 613109775}, "geometry": {"type": "LineString", "coordinates": [[-87.9474101, 41.8115359], [-87.946785, 41.8116675]]}}, {"type": "Feature", "properties": {"NHD:ComID": "109976896", "NHD:FCode": "46003", "NHD:FType": "StreamRiver", "NHD:ReachCode": "7120004002844", "NHD:way_id": "109976896", "attribution": "NHD", "layer": "-1", "source": "NHD_import_v0.3_20090601163626", "tunnel": "culvert", "waterway": "stream", "_id": 613109777}, "geometry": {"type": "LineString", "coordinates": [[-87.9458289, 41.812781], [-87.945502, 41.8129395]]}}, {"type": "Feature", "properties": {"NHD:ComID": "109976896", "NHD:FCode": "46003", "NHD:FType": "StreamRiver", "NHD:ReachCode": "7120004002844", "NHD:way_id": "109976896", "attribution": "NHD", "layer": "-1", "source": "NHD_import_v0.3_20090601163626", "tunnel": "culvert", "waterway": "stream", "_id": 613109779}, "geometry": {"type": "LineString", "coordinates": [[-87.9422451, 41.8129033], [-87.9420473, 41.8129193]]}}, {"type": "Feature", "properties": {"NHD:ComID": "109976896", "NHD:FCode": "46003", "NHD:FType": "StreamRiver", "NHD:ReachCode": "7120004002844", "NHD:way_id": "109976896", "attribution": "NHD", "layer": "-1", "source": "NHD_import_v0.3_20090601163626", "tunnel": "culvert", "waterway": "stream", "_id": 613109781}, "geometry": {"type": "LineString", "coordinates": [[-87.9489888, 41.8111598], [-87.9485775, 41.8111378]]}}, {"type": "Feature", "properties": {"NHD:ComID": "109975888", "NHD:FCode": "46003", "NHD:FType": "StreamRiver", "NHD:ReachCode": "7120004002765", "NHD:way_id": "109975888", "attribution": "NHD", "gnis:feature_id": "404181", "layer": "1", "name": "Bensenville Ditch", "source": "NHD_import_v0.3_20090601163626", "tunnel": "yes", "waterway": "stream", "_id": 672953960}, "geometry": {"type": "LineString", "coordinates": [[-87.9014279, 41.9503998], [-87.9013978, 41.950265], [-87.9009189, 41.9488833], [-87.9008827, 41.9487789]]}}, {"type": "Feature", "properties": {"boat": "yes", "loc_name": "Bubbly Creek", "name": "South Fork South Branch Chicago River", "waterway": "river", "wikidata": "Q4982285", "wikipedia": "en:Bubbly Creek", "_id": 679631054}, "geometry": {"type": "LineString", "coordinates": [[-87.6574978, 41.8259827], [-87.6574337, 41.8261212], [-87.6574018, 41.8262877], [-87.6574023, 41.8265647], [-87.6574785, 41.8271491], [-87.6576244, 41.8287672], [-87.6573669, 41.8310312], [-87.6574099, 41.8312742], [-87.6590921, 41.8330457], [-87.660577, 41.8345166], [-87.6613237, 41.8349067], [-87.6620276, 41.8356869], [-87.6627228, 41.8363391], [-87.6630575, 41.836774], [-87.6633751, 41.8376373], [-87.6642396, 41.839043]]}}, {"type": "Feature", "properties": {"layer": "-1", "tunnel": "culvert", "waterway": "stream", "_id": 685674251}, "geometry": {"type": "LineString", "coordinates": [[-87.9471523, 41.7954112], [-87.9473805, 41.7953571], [-87.9475681, 41.7953215], [-87.9477752, 41.7952806], [-87.9479822, 41.7952436], [-87.9481255, 41.7952225], [-87.9482547, 41.7952133], [-87.9483432, 41.7952186], [-87.9484299, 41.7952225], [-87.9485538, 41.7952067], [-87.9486546, 41.7951869], [-87.9487573, 41.7951566], [-87.9488511, 41.7951209], [-87.9489626, 41.7950748], [-87.9490475, 41.7950418], [-87.94912, 41.7950101], [-87.9492121, 41.7949679], [-87.9493076, 41.7949323], [-87.9494032, 41.7949046], [-87.949497, 41.794869], [-87.949589, 41.7948373], [-87.9496863, 41.7948043], [-87.9498049, 41.7947779], [-87.9499181, 41.7947674], [-87.9500473, 41.7947476], [-87.9501393, 41.7947357], [-87.950334, 41.7947384], [-87.9504873, 41.7947515]]}}, {"type": "Feature", "properties": {"layer": "-1", "tunnel": "culvert", "waterway": "stream", "_id": 685674252}, "geometry": {"type": "LineString", "coordinates": [[-87.9504873, 41.7947515], [-87.9506932, 41.7948386]]}}, {"type": "Feature", "properties": {"layer": "-1", "tunnel": "culvert", "waterway": "stream", "_id": 685674253}, "geometry": {"type": "LineString", "coordinates": [[-87.9506932, 41.7948386], [-87.9507357, 41.7948808], [-87.9508012, 41.7949099], [-87.9508631, 41.7949349], [-87.9509073, 41.7949481], [-87.9509321, 41.7949705], [-87.9509569, 41.7949877], [-87.950987, 41.7949983], [-87.9510312, 41.7950062], [-87.9510666, 41.7950128], [-87.9511197, 41.7950431], [-87.9511498, 41.7950695], [-87.9511799, 41.79508], [-87.9512418, 41.7950998], [-87.951286, 41.7951117], [-87.9513197, 41.7951236], [-87.951348, 41.7951421], [-87.9513851, 41.7951566], [-87.9514205, 41.7951711], [-87.9514435, 41.795183], [-87.9515568, 41.795241], [-87.9516346, 41.79527], [-87.9516789, 41.7952938], [-87.9517178, 41.7953228], [-87.9517851, 41.7953571], [-87.951847, 41.7953848], [-87.9519443, 41.7954231], [-87.9520434, 41.7954587], [-87.9521177, 41.7954851], [-87.9522009, 41.7955088], [-87.9522894, 41.7955392], [-87.9523602, 41.7955629], [-87.9525071, 41.795613], [-87.9526168, 41.7956566], [-87.9527229, 41.7956948], [-87.9527796, 41.7957212], [-87.9528486, 41.7957423], [-87.9528981, 41.7957648], [-87.9529289, 41.795782]]}}, {"type": "Feature", "properties": {"NHD:ComID": "109976896", "NHD:FCode": "46003", "NHD:FType": "StreamRiver", "NHD:ReachCode": "7120004002844", "NHD:way_id": "109976896", "attribution": "NHD", "layer": "-1", "source": "NHD_import_v0.3_20090601163626", "tunnel": "culvert", "waterway": "stream", "_id": 687356379}, "geometry": {"type": "LineString", "coordinates": [[-87.95096, 41.8114116], [-87.950748, 41.81135], [-87.950315, 41.811257], [-87.9500953, 41.8112521], [-87.950044, 41.811251], [-87.9489888, 41.8111598]]}}, {"type": "Feature", "properties": {"layer": "-1", "tunnel": "culvert", "waterway": "drain", "_id": 687356409}, "geometry": {"type": "LineString", "coordinates": [[-87.955823, 41.8176599], [-87.9551751, 41.8177025]]}}, {"type": "Feature", "properties": {"NHD:ComID": "109976766", "NHD:FCode": "46003", "NHD:FType": "StreamRiver", "NHD:ReachCode": "7120004002828", "NHD:way_id": "109976766", "attribution": "NHD", "layer": "-1", "source": "NHD_import_v0.3_20090601163626", "tunnel": "culvert", "waterway": "stream", "_id": 692260771}, "geometry": {"type": "LineString", "coordinates": [[-87.9455008, 41.825166], [-87.94532, 41.825329]]}}, {"type": "Feature", "properties": {"NHD:ComID": "109976766", "NHD:FCode": "46003", "NHD:FType": "StreamRiver", "NHD:ReachCode": "7120004002828", "NHD:way_id": "109976766", "attribution": "NHD", "layer": "-1", "source": "NHD_import_v0.3_20090601163626", "tunnel": "culvert", "waterway": "stream", "_id": 692260777}, "geometry": {"type": "LineString", "coordinates": [[-87.94306, 41.827168], [-87.942898, 41.827207], [-87.9427566, 41.827184]]}}, {"type": "Feature", "properties": {"layer": "-1", "tunnel": "culvert", "waterway": "drain", "_id": 701346591}, "geometry": {"type": "LineString", "coordinates": [[-87.952427, 41.816926], [-87.9519715, 41.817117]]}}, {"type": "Feature", "properties": {"NHD:ComID": "109977738", "NHD:FCode": "46003", "NHD:FType": "StreamRiver", "NHD:ReachCode": "7120004000337", "NHD:way_id": "109977738", "attribution": "NHD", "layer": "-1", "source": "NHD_import_v0.3_20090601163626", "tunnel": "culvert", "waterway": "stream", "_id": 701923584}, "geometry": {"type": "LineString", "coordinates": [[-87.8596, 41.741406], [-87.859626, 41.741427], [-87.8597, 41.741443], [-87.8598324, 41.7414885]]}}, {"type": "Feature", "properties": {"NHD:ComID": "109977738", "NHD:FCode": "46003", "NHD:FType": "StreamRiver", "NHD:ReachCode": "7120004000337", "NHD:way_id": "109977738", "attribution": "NHD", "layer": "-1", "source": "NHD_import_v0.3_20090601163626", "tunnel": "culvert", "waterway": "stream", "_id": 701923587}, "geometry": {"type": "LineString", "coordinates": [[-87.8523797, 41.7355007], [-87.852567, 41.735522], [-87.852846, 41.735512], [-87.853039, 41.735594]]}}, {"type": "Feature", "properties": {"NHD:ComID": "109977426", "NHD:FCode": "46003", "NHD:FType": "StreamRiver", "NHD:ReachCode": "7120004000330", "NHD:way_id": "109977426", "attribution": "NHD", "layer": "-1", "source": "NHD_import_v0.3_20090601163626", "tunnel": "culvert", "waterway": "stream", "_id": 701923590}, "geometry": {"type": "LineString", "coordinates": [[-87.8332812, 41.76223], [-87.8332797, 41.7620829]]}}, {"type": "Feature", "properties": {"NHD:ComID": "109977426", "NHD:FCode": "46003", "NHD:FType": "StreamRiver", "NHD:ReachCode": "7120004000330", "NHD:way_id": "109977426", "attribution": "NHD", "layer": "-1", "source": "NHD_import_v0.3_20090601163626", "tunnel": "culvert", "waterway": "stream", "_id": 701923594}, "geometry": {"type": "LineString", "coordinates": [[-87.8249132, 41.764154], [-87.8252169, 41.7642427]]}}, {"type": "Feature", "properties": {"NHD:ComID": "109977426", "NHD:FCode": "46003", "NHD:FType": "StreamRiver", "NHD:ReachCode": "7120004000330", "NHD:way_id": "109977426", "attribution": "NHD", "layer": "-1", "source": "NHD_import_v0.3_20090601163626", "tunnel": "culvert", "waterway": "stream", "_id": 701923596}, "geometry": {"type": "LineString", "coordinates": [[-87.82324, 41.763782], [-87.823921, 41.76376]]}}, {"type": "Feature", "properties": {"NHD:ComID": "109977282", "NHD:FCode": "46003", "NHD:FType": "StreamRiver", "NHD:ReachCode": "7120004000543", "NHD:way_id": "109977282", "attribution": "NHD", "layer": "-1", "source": "NHD_import_v0.3_20090601163626", "tunnel": "culvert", "waterway": "stream", "_id": 727901766}, "geometry": {"type": "LineString", "coordinates": [[-87.9469924, 41.7752461], [-87.9464153, 41.7752726]]}}, {"type": "Feature", "properties": {"intermittent": "yes", "layer": "-1", "tunnel": "culvert", "waterway": "stream", "_id": 731682821}, "geometry": {"type": "LineString", "coordinates": [[-87.8845415, 41.9453795], [-87.8842859, 41.9457607], [-87.8842593, 41.9458024]]}}, {"type": "Feature", "properties": {"intermittent": "yes", "layer": "-1", "tunnel": "culvert", "waterway": "stream", "_id": 732003567}, "geometry": {"type": "LineString", "coordinates": [[-87.881304, 41.9531898], [-87.8812117, 41.953409], [-87.8809462, 41.954042], [-87.8808294, 41.9542723], [-87.8806808, 41.9546263], [-87.8804684, 41.9550422], [-87.88019, 41.9554061]]}}, {"type": "Feature", "properties": {"intermittent": "yes", "layer": "-1", "tunnel": "culvert", "waterway": "stream", "_id": 732003570}, "geometry": {"type": "LineString", "coordinates": [[-87.8784546, 41.9562976], [-87.8782317, 41.9563095]]}}, {"type": "Feature", "properties": {"intermittent": "yes", "layer": "-1", "tunnel": "culvert", "waterway": "stream", "_id": 732003572}, "geometry": {"type": "LineString", "coordinates": [[-87.877673, 41.9562739], [-87.8776391, 41.9565323]]}}, {"type": "Feature", "properties": {"NHD:ComID": "109976566", "NHD:FCode": "46003", "NHD:FType": "StreamRiver", "NHD:ReachCode": "7120004002802", "NHD:way_id": "109976566", "attribution": "NHD", "layer": "-1", "name": "Middle Fork", "source": "NHD_import_v0.3_20090601163626", "tunnel": "culvert", "waterway": "stream", "_id": 735194800}, "geometry": {"type": "LineString", "coordinates": [[-87.9010861, 41.8395172], [-87.900581, 41.8395], [-87.899803, 41.8395], [-87.898386, 41.839527], [-87.897806, 41.839488], [-87.897454, 41.839466], [-87.897116, 41.839466], [-87.896778, 41.839362], [-87.896499, 41.839263], [-87.8961007, 41.8390829]]}}, {"type": "Feature", "properties": {"layer": "-1", "tunnel": "culvert", "waterway": "drain", "_id": 736302610}, "geometry": {"type": "LineString", "coordinates": [[-87.9559556, 41.8217863], [-87.9552019, 41.8216344]]}}, {"type": "Feature", "properties": {"NHD:ComID": "109976486", "NHD:FCode": "46006", "NHD:FType": "StreamRiver", "NHD:ReachCode": "7120004000229", "NHD:way_id": "109976486", "attribution": "NHD", "boat": "no", "gnis:feature_id": "421693", "layer": "-1", "name": "Addison Creek", "source": "NHD_import_v0.3_20090601163626", "tunnel": "culvert", "waterway": "stream", "_id": 738342415}, "geometry": {"type": "LineString", "coordinates": [[-87.8718796, 41.86371], [-87.8718663, 41.8634125]]}}, {"type": "Feature", "properties": {"layer": "-1", "name": "Natalie Creek", "source": "http://waterdata.usgs.gov/il/nwis/nwismap/?site_no=05536343&agency_cd=USGS", "tunnel": "culvert", "waterway": "stream", "_id": 766521625}, "geometry": {"type": "LineString", "coordinates": [[-87.7188913, 41.6273613], [-87.7191333, 41.6273532]]}}, {"type": "Feature", "properties": {"layer": "-1", "name": "Natalie Creek", "source": "http://waterdata.usgs.gov/il/nwis/nwismap/?site_no=05536343&agency_cd=USGS", "tunnel": "culvert", "waterway": "stream", "_id": 766521627}, "geometry": {"type": "LineString", "coordinates": [[-87.7201109, 41.6273342], [-87.7203482, 41.6273273]]}}, {"type": "Feature", "properties": {"layer": "-1", "name": "Natalie Creek", "source": "http://waterdata.usgs.gov/il/nwis/nwismap/?site_no=05536343&agency_cd=USGS", "tunnel": "culvert", "waterway": "stream", "_id": 766521629}, "geometry": {"type": "LineString", "coordinates": [[-87.7225579, 41.6272879], [-87.7227991, 41.6272822]]}}, {"type": "Feature", "properties": {"layer": "-1", "name": "Natalie Creek", "source": "http://waterdata.usgs.gov/il/nwis/nwismap/?site_no=05536343&agency_cd=USGS", "tunnel": "culvert", "waterway": "stream", "_id": 766521631}, "geometry": {"type": "LineString", "coordinates": [[-87.7274468, 41.6271645], [-87.7276727, 41.6271159]]}}, {"type": "Feature", "properties": {"layer": "-1", "name": "Natalie Creek", "source": "http://waterdata.usgs.gov/il/nwis/nwismap/?site_no=05536343&agency_cd=USGS", "tunnel": "culvert", "waterway": "stream", "_id": 766521633}, "geometry": {"type": "LineString", "coordinates": [[-87.7298834, 41.6258461], [-87.7300775, 41.6257609]]}}, {"type": "Feature", "properties": {"layer": "-1", "name": "Natalie Creek", "source": "http://waterdata.usgs.gov/il/nwis/nwismap/?site_no=05536343&agency_cd=USGS", "tunnel": "culvert", "waterway": "stream", "_id": 766521635}, "geometry": {"type": "LineString", "coordinates": [[-87.7303604, 41.6254197], [-87.7303779, 41.6252563]]}}, {"type": "Feature", "properties": {"layer": "-1", "name": "Natalie Creek", "source": "http://waterdata.usgs.gov/il/nwis/nwismap/?site_no=05536343&agency_cd=USGS", "tunnel": "culvert", "waterway": "stream", "_id": 766521637}, "geometry": {"type": "LineString", "coordinates": [[-87.7345898, 41.6216767], [-87.7348416, 41.6216698]]}}, {"type": "Feature", "properties": {"layer": "-1", "name": "Natalie Creek", "source": "http://waterdata.usgs.gov/il/nwis/nwismap/?site_no=05536343&agency_cd=USGS", "tunnel": "culvert", "waterway": "stream", "_id": 766521639}, "geometry": {"type": "LineString", "coordinates": [[-87.7320821, 41.6222133], [-87.7323684, 41.6219369]]}}, {"type": "Feature", "properties": {"NHD:ComID": "109978196", "NHD:FCode": "46003", "NHD:FType": "StreamRiver", "NHD:ReachCode": "7120004003552", "NHD:way_id": "109978196", "gnis:feature_id": "406813", "layer": "-1", "name": "Crooked Creek", "source": "NHD", "tunnel": "culvert", "waterway": "stream", "_id": 792120979}, "geometry": {"type": "LineString", "coordinates": [[-87.8748419, 41.6958555], [-87.8754127, 41.6955429]]}}, {"type": "Feature", "properties": {"NHD:ComID": "109977572", "NHD:FCode": "46003", "NHD:FType": "StreamRiver", "NHD:ReachCode": "7120004000545", "NHD:way_id": "109977572", "attribution": "NHD", "layer": "-1", "source": "NHD_import_v0.3_20090601163626", "tunnel": "culvert", "waterway": "stream", "_id": 801511746}, "geometry": {"type": "LineString", "coordinates": [[-87.8961561, 41.7495562], [-87.896086, 41.749551]]}}, {"type": "Feature", "properties": {"NHD:ComID": "109977572", "NHD:FCode": "46003", "NHD:FType": "StreamRiver", "NHD:ReachCode": "7120004000545", "NHD:way_id": "109977572", "attribution": "NHD", "layer": "-1", "source": "NHD_import_v0.3_20090601163626", "tunnel": "culvert", "waterway": "stream", "_id": 801511747}, "geometry": {"type": "LineString", "coordinates": [[-87.8962355, 41.7495621], [-87.8961561, 41.7495562]]}}, {"type": "Feature", "properties": {"NHD:ComID": "109977572", "NHD:FCode": "46003", "NHD:FType": "StreamRiver", "NHD:ReachCode": "7120004000545", "NHD:way_id": "109977572", "attribution": "NHD", "layer": "-1", "source": "NHD_import_v0.3_20090601163626", "tunnel": "culvert", "waterway": "stream", "_id": 801511748}, "geometry": {"type": "LineString", "coordinates": [[-87.8966307, 41.7497784], [-87.89661, 41.749762], [-87.8965425, 41.7497123], [-87.89637, 41.749585], [-87.896315, 41.749568], [-87.8962355, 41.7495621]]}}, {"type": "Feature", "properties": {"NHD:ComID": "109977572", "NHD:FCode": "46003", "NHD:FType": "StreamRiver", "NHD:ReachCode": "7120004000545", "NHD:way_id": "109977572", "attribution": "NHD", "layer": "-1", "source": "NHD_import_v0.3_20090601163626", "tunnel": "culvert", "waterway": "stream", "_id": 801511749}, "geometry": {"type": "LineString", "coordinates": [[-87.896739, 41.749864], [-87.8966307, 41.7497784]]}}, {"type": "Feature", "properties": {"NHD:ComID": "109977572", "NHD:FCode": "46003", "NHD:FType": "StreamRiver", "NHD:ReachCode": "7120004000545", "NHD:way_id": "109977572", "attribution": "NHD", "layer": "-1", "source": "NHD_import_v0.3_20090601163626", "tunnel": "culvert", "waterway": "stream", "_id": 801511751}, "geometry": {"type": "LineString", "coordinates": [[-87.8973325, 41.7504715], [-87.8972467, 41.7503804]]}}, {"type": "Feature", "properties": {"NHD:ComID": "109977550", "NHD:FCode": "46003", "NHD:FType": "StreamRiver", "NHD:ReachCode": "7120004002913", "NHD:way_id": "109977550", "attribution": "NHD", "layer": "-1", "source": "NHD_import_v0.3_20090601163626", "tunnel": "culvert", "waterway": "stream", "_id": 801511753}, "geometry": {"type": "LineString", "coordinates": [[-87.8930473, 41.753506], [-87.8929697, 41.7535092]]}}, {"type": "Feature", "properties": {"NHD:ComID": "109975652", "NHD:FCode": "46003", "NHD:FType": "StreamRiver", "NHD:ReachCode": "7120004002715", "NHD:way_id": "109975652", "layer": "-1", "source": "NHD", "tunnel": "culvert", "waterway": "stream", "_id": 804788000}, "geometry": {"type": "LineString", "coordinates": [[-87.8535554, 41.9942001], [-87.8540075, 41.9941174]]}}, {"type": "Feature", "properties": {"name": "Grand Calumet River", "name:mia": "kinwikami", "waterway": "river", "width": "15", "wikidata": "Q19866964", "wikipedia": "en:Grand Calumet River", "_id": 807997080}, "geometry": {"type": "LineString", "coordinates": [[-87.5134972, 41.62263], [-87.5136184, 41.6226677], [-87.5141611, 41.6228454], [-87.5144401, 41.6229617], [-87.5147351, 41.6229937], [-87.5149497, 41.6230539], [-87.5152447, 41.6232343], [-87.5156666, 41.6234751], [-87.516246, 41.6237398], [-87.5177445, 41.6243451], [-87.5182179, 41.6245777], [-87.519209, 41.6251271], [-87.5198957, 41.6254158], [-87.52018, 41.62552], [-87.5204107, 41.6255762], [-87.5206199, 41.6256083], [-87.5206827, 41.6256167]]}}, {"type": "Feature", "properties": {"layer": "-1", "name": "Grand Calumet River", "tunnel": "culvert", "waterway": "river", "width": "15", "wikidata": "Q19866964", "wikipedia": "en:Grand Calumet River", "_id": 807997081}, "geometry": {"type": "LineString", "coordinates": [[-87.5206827, 41.6256167], [-87.521028, 41.6256562]]}}, {"type": "Feature", "properties": {"layer": "-1", "name": "Illinois and Michigan Canal", "tunnel": "culvert", "waterway": "canal", "_id": 812738408}, "geometry": {"type": "LineString", "coordinates": [[-87.9513784, 41.6939104], [-87.951506, 41.6938818]]}}, {"type": "Feature", "properties": {"NHD:ComID": "109978322", "NHD:FCode": "46003", "NHD:FType": "StreamRiver", "NHD:ReachCode": "7120004000787", "NHD:way_id": "109978322", "layer": "-1", "source": "NHD", "tunnel": "culvert", "waterway": "stream", "_id": 812738410}, "geometry": {"type": "LineString", "coordinates": [[-87.9448527, 41.6925194], [-87.9447614, 41.6925916]]}}, {"type": "Feature", "properties": {"NHD:ComID": "109978804", "NHD:FCode": "46003", "NHD:FType": "StreamRiver", "NHD:ReachCode": "7120004000830", "NHD:way_id": "109978804", "attribution": "NHD", "layer": "-1", "source": "NHD_import_v0.3_20090601163626", "tunnel": "culvert", "waterway": "stream", "_id": 838355954}, "geometry": {"type": "LineString", "coordinates": [[-87.892253, 41.6320747], [-87.8927226, 41.6320314]]}}, {"type": "Feature", "properties": {"layer": "-1", "tunnel": "culvert", "waterway": "stream", "_id": 838367939}, "geometry": {"type": "LineString", "coordinates": [[-87.8191694, 41.6237916], [-87.819017, 41.6237811]]}}, {"type": "Feature", "properties": {"layer": "-1", "tunnel": "culvert", "waterway": "stream", "_id": 838367941}, "geometry": {"type": "LineString", "coordinates": [[-87.8194436, 41.6238104], [-87.819311, 41.6238013]]}}, {"type": "Feature", "properties": {"layer": "-1", "name": "Natalie Creek", "source": "http://waterdata.usgs.gov/il/nwis/nwismap/?site_no=05536343&agency_cd=USGS", "tunnel": "culvert", "waterway": "stream", "_id": 859531295}, "geometry": {"type": "LineString", "coordinates": [[-87.735188, 41.6216074], [-87.7352645, 41.6214906]]}}, {"type": "Feature", "properties": {"layer": "-1", "name": "Midlothian Creek", "tunnel": "culvert", "waterway": "stream", "_id": 859531325}, "geometry": {"type": "LineString", "coordinates": [[-87.7177155, 41.6218094], [-87.7174154, 41.6220762]]}}, {"type": "Feature", "properties": {"layer": "-1", "name": "Midlothian Creek", "tunnel": "culvert", "waterway": "stream", "_id": 859531327}, "geometry": {"type": "LineString", "coordinates": [[-87.7132824, 41.6255097], [-87.7129965, 41.6257582]]}}, {"type": "Feature", "properties": {"layer": "-1", "tunnel": "culvert", "waterway": "stream", "_id": 859531329}, "geometry": {"type": "LineString", "coordinates": [[-87.6989851, 41.6403161], [-87.6987349, 41.6406807]]}}, {"type": "Feature", "properties": {"layer": "-1", "tunnel": "culvert", "waterway": "stream", "_id": 859531331}, "geometry": {"type": "LineString", "coordinates": [[-87.6985379, 41.6441104], [-87.6984566, 41.6442041]]}}, {"type": "Feature", "properties": {"NHD:ComID": "109977346", "NHD:FCode": "46003", "NHD:FType": "StreamRiver", "NHD:ReachCode": "7120004002896", "NHD:way_id": "109977346", "attribution": "NHD", "layer": "-1", "source": "NHD_import_v0.3_20090601163626", "tunnel": "culvert", "waterway": "stream", "_id": 862992450}, "geometry": {"type": "LineString", "coordinates": [[-87.9453043, 41.7702264], [-87.945296, 41.770228], [-87.945113, 41.770338], [-87.944944, 41.770574], [-87.944622, 41.770689], [-87.944218, 41.770744], [-87.943771, 41.770717], [-87.943566, 41.770761], [-87.94328, 41.770904], [-87.943133, 41.771041], [-87.942898, 41.771112], [-87.942796, 41.771228], [-87.942774, 41.77142], [-87.942752, 41.771886], [-87.9427583, 41.7719632], [-87.9427207, 41.7720412], [-87.9426864, 41.7720758], [-87.9426368, 41.772079]]}}, {"type": "Feature", "properties": {"NHD:ComID": "109977346", "NHD:FCode": "46003", "NHD:FType": "StreamRiver", "NHD:ReachCode": "7120004002896", "NHD:way_id": "109977346", "attribution": "NHD", "layer": "-1", "source": "NHD_import_v0.3_20090601163626", "tunnel": "culvert", "waterway": "stream", "_id": 862992451}, "geometry": {"type": "LineString", "coordinates": [[-87.9454569, 41.7701975], [-87.9453043, 41.7702264]]}}, {"type": "Feature", "properties": {"NHD:ComID": "109977346", "NHD:FCode": "46003", "NHD:FType": "StreamRiver", "NHD:ReachCode": "7120004002896", "NHD:way_id": "109977346", "attribution": "NHD", "layer": "-1", "source": "NHD_import_v0.3_20090601163626", "tunnel": "culvert", "waterway": "stream", "_id": 862992452}, "geometry": {"type": "LineString", "coordinates": [[-87.9455318, 41.7701832], [-87.9454569, 41.7701975]]}}, {"type": "Feature", "properties": {"NHD:ComID": "109977346", "NHD:FCode": "46003", "NHD:FType": "StreamRiver", "NHD:ReachCode": "7120004002896", "NHD:way_id": "109977346", "attribution": "NHD", "layer": "-1", "source": "NHD_import_v0.3_20090601163626", "tunnel": "culvert", "waterway": "stream", "_id": 862992453}, "geometry": {"type": "LineString", "coordinates": [[-87.94567, 41.770157], [-87.9455318, 41.7701832]]}}, {"type": "Feature", "properties": {"NHD:ComID": "109977346", "NHD:FCode": "46003", "NHD:FType": "StreamRiver", "NHD:ReachCode": "7120004002896", "NHD:way_id": "109977346", "attribution": "NHD", "layer": "-1", "source": "NHD_import_v0.3_20090601163626", "tunnel": "culvert", "waterway": "stream", "_id": 862992454}, "geometry": {"type": "LineString", "coordinates": [[-87.9459114, 41.7700466], [-87.94567, 41.770157]]}}, {"type": "Feature", "properties": {"NHD:ComID": "109977346", "NHD:FCode": "46003", "NHD:FType": "StreamRiver", "NHD:ReachCode": "7120004002896", "NHD:way_id": "109977346", "attribution": "NHD", "layer": "-1", "source": "NHD_import_v0.3_20090601163626", "tunnel": "culvert", "waterway": "stream", "_id": 862992455}, "geometry": {"type": "LineString", "coordinates": [[-87.9460303, 41.7699922], [-87.9459114, 41.7700466]]}}, {"type": "Feature", "properties": {"NHD:ComID": "109976486", "NHD:FCode": "46006", "NHD:FType": "StreamRiver", "NHD:ReachCode": "7120004000229", "NHD:way_id": "109976486", "attribution": "NHD", "gnis:feature_id": "421693", "layer": "-1", "name": "Addison Creek", "source": "NHD_import_v0.3_20090601163626", "tunnel": "culvert", "waterway": "stream", "_id": 869014816}, "geometry": {"type": "LineString", "coordinates": [[-87.9088104, 41.9212844], [-87.9087324, 41.9212252]]}}, {"type": "Feature", "properties": {"tunnel": "culvert", "waterway": "stream", "_id": 876606359}, "geometry": {"type": "LineString", "coordinates": [[-87.6893608, 41.9876961], [-87.6892743, 41.9876881]]}}, {"type": "Feature", "properties": {"tunnel": "culvert", "waterway": "stream", "_id": 876606360}, "geometry": {"type": "LineString", "coordinates": [[-87.6893608, 41.9876961], [-87.6892737, 41.9877547]]}}, {"type": "Feature", "properties": {"NHD:ComID": "109977324", "NHD:FCode": "46003", "NHD:FType": "StreamRiver", "NHD:ReachCode": "7120004000544", "NHD:way_id": "109977324", "attribution": "NHD", "layer": "-1", "source": "NHD_import_v0.3_20090601163626", "tunnel": "culvert", "waterway": "stream", "_id": 880009844}, "geometry": {"type": "LineString", "coordinates": [[-87.9166257, 41.7693984], [-87.915932, 41.769398]]}}, {"type": "Feature", "properties": {"NHD:ComID": "109977324", "NHD:FCode": "46003", "NHD:FType": "StreamRiver", "NHD:ReachCode": "7120004000544", "NHD:way_id": "109977324", "attribution": "NHD", "layer": "-1", "source": "NHD_import_v0.3_20090601163626", "tunnel": "culvert", "waterway": "stream", "_id": 880009846}, "geometry": {"type": "LineString", "coordinates": [[-87.9131926, 41.7711628], [-87.9131622, 41.7711809], [-87.9130969, 41.7712362]]}}, {"type": "Feature", "properties": {"NHD:ComID": "109977324", "NHD:FCode": "46003", "NHD:FType": "StreamRiver", "NHD:ReachCode": "7120004000544", "NHD:way_id": "109977324", "attribution": "NHD", "layer": "-1", "source": "NHD_import_v0.3_20090601163626", "tunnel": "culvert", "waterway": "stream", "_id": 880009848}, "geometry": {"type": "LineString", "coordinates": [[-87.9115858, 41.7715215], [-87.9115262, 41.7715278], [-87.9114355, 41.7715258]]}}, {"type": "Feature", "properties": {"NHD:ComID": "109977324", "NHD:FCode": "46003", "NHD:FType": "StreamRiver", "NHD:ReachCode": "7120004000544", "NHD:way_id": "109977324", "attribution": "NHD", "layer": "-1", "source": "NHD_import_v0.3_20090601163626", "tunnel": "culvert", "waterway": "stream", "_id": 880009849}, "geometry": {"type": "LineString", "coordinates": [[-87.9073726, 41.7713654], [-87.906023, 41.7715386]]}}, {"type": "Feature", "properties": {"NHD:ComID": "109977324", "NHD:FCode": "46003", "NHD:FType": "StreamRiver", "NHD:ReachCode": "7120004000544", "NHD:way_id": "109977324", "attribution": "NHD", "layer": "-1", "source": "NHD_import_v0.3_20090601163626", "tunnel": "culvert", "waterway": "stream", "_id": 880009850}, "geometry": {"type": "LineString", "coordinates": [[-87.90841, 41.771502], [-87.9081193, 41.7714453]]}}, {"type": "Feature", "properties": {"NHD:ComID": "109977324", "NHD:FCode": "46003", "NHD:FType": "StreamRiver", "NHD:ReachCode": "7120004000544", "NHD:way_id": "109977324", "attribution": "NHD", "layer": "-1", "source": "NHD_import_v0.3_20090601163626", "tunnel": "culvert", "waterway": "stream", "_id": 880009852}, "geometry": {"type": "LineString", "coordinates": [[-87.906023, 41.7715386], [-87.90559, 41.771581], [-87.905431, 41.7715905]]}}, {"type": "Feature", "properties": {"NHD:ComID": "109976570", "NHD:FCode": "46003", "NHD:FType": "StreamRiver", "NHD:ReachCode": "7120004002804", "NHD:way_id": "109976570", "attribution": "NHD", "layer": "-1", "name": "South Fork", "source": "NHD_import_v0.3_20090601163626", "tunnel": "culvert", "waterway": "stream", "_id": 891123942}, "geometry": {"type": "LineString", "coordinates": [[-87.9008418, 41.836797], [-87.9007022, 41.8368415]]}}, {"type": "Feature", "properties": {"NHD:ComID": "109977874", "NHD:FCode": "46003", "NHD:FType": "StreamRiver", "NHD:ReachCode": "7120004002959", "NHD:way_id": "109977874", "attribution": "NHD", "layer": "-1", "source": "NHD_import_v0.3_20090601163626", "tunnel": "culvert", "waterway": "stream", "_id": 905536682}, "geometry": {"type": "LineString", "coordinates": [[-87.9493783, 41.7276723], [-87.9493024, 41.7275675]]}}, {"type": "Feature", "properties": {"NHD:ComID": "109977874", "NHD:FCode": "46003", "NHD:FType": "StreamRiver", "NHD:ReachCode": "7120004002959", "NHD:way_id": "109977874", "attribution": "NHD", "layer": "-1", "source": "NHD_import_v0.3_20090601163626", "tunnel": "culvert", "waterway": "stream", "_id": 905536684}, "geometry": {"type": "LineString", "coordinates": [[-87.9494156, 41.7277515], [-87.9493783, 41.7276723]]}}, {"type": "Feature", "properties": {"NHD:ComID": "109978340", "NHD:FCode": "46003", "NHD:FType": "StreamRiver", "NHD:ReachCode": "7120004002998", "NHD:way_id": "109978340", "attribution": "NHD", "layer": "-1", "source": "NHD_import_v0.3_20090601163626", "tunnel": "culvert", "waterway": "stream", "_id": 908025723}, "geometry": {"type": "LineString", "coordinates": [[-87.9570587, 41.6866719], [-87.957063, 41.68674], [-87.957127, 41.686878], [-87.957312, 41.687138], [-87.957369, 41.687206], [-87.957378, 41.687234], [-87.957414, 41.687281], [-87.957424, 41.687309], [-87.957461, 41.687357], [-87.957507, 41.687473]]}}, {"type": "Feature", "properties": {"layer": "-1", "tunnel": "culvert", "waterway": "stream", "_id": 910502123}, "geometry": {"type": "LineString", "coordinates": [[-87.7451686, 41.6292907], [-87.7459414, 41.62903]]}}, {"type": "Feature", "properties": {"layer": "-1", "tunnel": "culvert", "waterway": "stream", "_id": 910502124}, "geometry": {"type": "LineString", "coordinates": [[-87.747205, 41.6295832], [-87.7475596, 41.6298644]]}}, {"type": "Feature", "properties": {"boat": "yes", "canoe": "yes", "deep_draft": "yes", "intermittent": "no", "motorboat": "yes", "name": "Chicago River", "oneway:canoe": "no", "rapids": "no", "ship": "yes", "source:deep_draft": "National Transportation Atlas Database 2011", "tidal": "no", "toll": "no", "waterway": "river", "wikidata": "Q643284", "wikipedia": "en:Chicago River", "_id": 911629844}, "geometry": {"type": "LineString", "coordinates": [[-87.6078321, 41.8884166], [-87.6103288, 41.888401], [-87.6119724, 41.8884124], [-87.6135948, 41.8884086]]}}, {"type": "Feature", "properties": {"NHD:ComID": "109976584", "NHD:FCode": "46003", "NHD:FType": "StreamRiver", "NHD:ReachCode": "7120004002806", "NHD:way_id": "109976584", "attribution": "NHD", "layer": "-1", "name": "Ginger Creek", "source": "NHD_import_v0.3_20090601163626", "tunnel": "culvert", "waterway": "stream", "_id": 911702380}, "geometry": {"type": "LineString", "coordinates": [[-87.9578359, 41.8386051], [-87.957315, 41.8388476]]}}, {"type": "Feature", "properties": {"NHD:ComID": "109976670", "NHD:FCode": "46003", "NHD:FType": "StreamRiver", "NHD:ReachCode": "7120004002816", "NHD:way_id": "109976670", "attribution": "NHD", "layer": "-1", "source": "NHD_import_v0.3_20090601163626", "tunnel": "culvert", "waterway": "stream", "_id": 911702384}, "geometry": {"type": "LineString", "coordinates": [[-87.9474483, 41.8350056], [-87.9472549, 41.8353034]]}}, {"type": "Feature", "properties": {"layer": "-1", "tunnel": "culvert", "waterway": "stream", "_id": 914287601}, "geometry": {"type": "LineString", "coordinates": [[-87.9599622, 41.8730748], [-87.9597364, 41.873094]]}}, {"type": "Feature", "properties": {"NHD:ComID": "109976518", "NHD:FCode": "46003", "NHD:FType": "StreamRiver", "NHD:ReachCode": "7120004000770", "NHD:way_id": "109976518", "attribution": "NHD", "layer": "-1", "source": "NHD_import_v0.3_20090601163626", "tunnel": "culvert", "waterway": "ditch", "_id": 914425156}, "geometry": {"type": "LineString", "coordinates": [[-87.9548491, 41.8535013], [-87.9546628, 41.8535425]]}}, {"type": "Feature", "properties": {"NHD:ComID": "109976518", "NHD:FCode": "46003", "NHD:FType": "StreamRiver", "NHD:ReachCode": "7120004000770", "NHD:way_id": "109976518", "attribution": "NHD", "layer": "-1", "source": "NHD_import_v0.3_20090601163626", "tunnel": "culvert", "waterway": "ditch", "_id": 914425158}, "geometry": {"type": "LineString", "coordinates": [[-87.9572751, 41.8518633], [-87.9572334, 41.8519428]]}}, {"type": "Feature", "properties": {"NHD:ComID": "109976518", "NHD:FCode": "46003", "NHD:FType": "StreamRiver", "NHD:ReachCode": "7120004000770", "NHD:way_id": "109976518", "attribution": "NHD", "layer": "-1", "source": "NHD_import_v0.3_20090601163626", "tunnel": "culvert", "waterway": "ditch", "_id": 914425159}, "geometry": {"type": "LineString", "coordinates": [[-87.9573162, 41.8517744], [-87.9572751, 41.8518633]]}}, {"type": "Feature", "properties": {"NHD:ComID": "109976518", "NHD:FCode": "46003", "NHD:FType": "StreamRiver", "NHD:ReachCode": "7120004000770", "NHD:way_id": "109976518", "attribution": "NHD", "layer": "-1", "source": "NHD_import_v0.3_20090601163626", "tunnel": "culvert", "waterway": "ditch", "_id": 914425161}, "geometry": {"type": "LineString", "coordinates": [[-87.9579802, 41.8512308], [-87.957573, 41.851417]]}}, {"type": "Feature", "properties": {"NHD:ComID": "109976518", "NHD:FCode": "46003", "NHD:FType": "StreamRiver", "NHD:ReachCode": "7120004000770", "NHD:way_id": "109976518", "attribution": "NHD", "layer": "-1", "source": "NHD_import_v0.3_20090601163626", "tunnel": "culvert", "waterway": "ditch", "_id": 914425163}, "geometry": {"type": "LineString", "coordinates": [[-87.9593467, 41.850079], [-87.9593024, 41.8502312]]}}, {"type": "Feature", "properties": {"NHD:ComID": "109976518", "NHD:FCode": "46003", "NHD:FType": "StreamRiver", "NHD:ReachCode": "7120004000770", "NHD:way_id": "109976518", "attribution": "NHD", "layer": "-1", "source": "NHD_import_v0.3_20090601163626", "tunnel": "culvert", "waterway": "ditch", "_id": 914425165}, "geometry": {"type": "LineString", "coordinates": [[-87.9595822, 41.8492909], [-87.9595576, 41.8493705]]}}, {"type": "Feature", "properties": {"NHD:ComID": "109976518", "NHD:FCode": "46003", "NHD:FType": "StreamRiver", "NHD:ReachCode": "7120004000770", "NHD:way_id": "109976518", "attribution": "NHD", "layer": "-1", "source": "NHD_import_v0.3_20090601163626", "tunnel": "culvert", "waterway": "ditch", "_id": 914425167}, "geometry": {"type": "LineString", "coordinates": [[-87.9563381, 41.8527711], [-87.956229, 41.8528546]]}}, {"type": "Feature", "properties": {"NHD:ComID": "109976480", "NHD:FCode": "46003", "NHD:FType": "StreamRiver", "NHD:ReachCode": "7120004000770", "NHD:way_id": "109976480", "attribution": "NHD", "intermittent": "yes", "layer": "-1", "source": "NHD_import_v0.3_20090601163626", "tunnel": "culvert", "waterway": "ditch", "_id": 914425168}, "geometry": {"type": "LineString", "coordinates": [[-87.9485546, 41.853758], [-87.9482595, 41.8538062]]}}, {"type": "Feature", "properties": {"layer": "-1", "tunnel": "culvert", "waterway": "ditch", "_id": 914425172}, "geometry": {"type": "LineString", "coordinates": [[-87.9485826, 41.8537288], [-87.9482447, 41.8537699]]}}, {"type": "Feature", "properties": {"layer": "-1", "tunnel": "culvert", "waterway": "ditch", "_id": 914425173}, "geometry": {"type": "LineString", "coordinates": [[-87.949007, 41.8536768], [-87.9487538, 41.8537152]]}}, {"type": "Feature", "properties": {"NHD:ComID": "109975492", "NHD:FCode": "46003", "NHD:FType": "StreamRiver", "NHD:ReachCode": "7120004000730", "NHD:way_id": "109975492", "attribution": "NHD", "intermittent": "no", "layer": "-1", "name": "Higgins Creek", "source": "NHD_import_v0.3_20090601163626", "tunnel": "culvert", "waterway": "stream", "_id": 927642186}, "geometry": {"type": "LineString", "coordinates": [[-87.949542, 42.0245521], [-87.9495391, 42.0244857]]}}, {"type": "Feature", "properties": {"NHD:ComID": "109975492", "NHD:FCode": "46003", "NHD:FType": "StreamRiver", "NHD:ReachCode": "7120004000730", "NHD:way_id": "109975492", "attribution": "NHD", "intermittent": "no", "layer": "-1", "name": "Higgins Creek", "source": "NHD_import_v0.3_20090601163626", "tunnel": "culvert", "waterway": "stream", "_id": 927642188}, "geometry": {"type": "LineString", "coordinates": [[-87.9503824, 42.0255948], [-87.9502831, 42.0255913]]}}, {"type": "Feature", "properties": {"NHD:ComID": "109975492", "NHD:FCode": "46003", "NHD:FType": "StreamRiver", "NHD:ReachCode": "7120004000730", "NHD:way_id": "109975492", "attribution": "NHD", "intermittent": "no", "layer": "-1", "name": "Higgins Creek", "source": "NHD_import_v0.3_20090601163626", "tunnel": "culvert", "waterway": "stream", "_id": 927642190}, "geometry": {"type": "LineString", "coordinates": [[-87.9566689, 42.0339461], [-87.9564976, 42.0338846]]}}, {"type": "Feature", "properties": {"NHD:ComID": "109975492", "NHD:FCode": "46003", "NHD:FType": "StreamRiver", "NHD:ReachCode": "7120004000730", "NHD:way_id": "109975492", "attribution": "NHD", "intermittent": "no", "layer": "-1", "name": "Higgins Creek", "source": "NHD_import_v0.3_20090601163626", "tunnel": "culvert", "waterway": "stream", "_id": 927642192}, "geometry": {"type": "LineString", "coordinates": [[-87.9573007, 42.034069], [-87.9570733, 42.0340694]]}}, {"type": "Feature", "properties": {"NHD:ComID": "109975546", "NHD:FCode": "46003", "NHD:FType": "StreamRiver", "NHD:ReachCode": "7120004000731", "NHD:way_id": "109975546", "attribution": "NHD", "gnis:feature_id": "410206", "intermittent": "yes", "layer": "-1", "seasonal": "wet_season", "source": "NHD_import_v0.3_20090601163626;local knowledge", "tunnel": "culvert", "waterway": "ditch", "_id": 936845511}, "geometry": {"type": "LineString", "coordinates": [[-87.9599088, 42.013847], [-87.9594425, 42.013854]]}}, {"type": "Feature", "properties": {"NHD:ComID": "109975934", "NHD:FCode": "46003", "NHD:FType": "StreamRiver", "NHD:ReachCode": "7120004000313", "NHD:way_id": "109975934", "attribution": "NHD", "layer": "-1", "source": "NHD_import_v0.3_20090601163626", "tunnel": "culvert", "waterway": "stream", "_id": 940669053}, "geometry": {"type": "LineString", "coordinates": [[-87.9388752, 41.944374], [-87.9387507, 41.9444381]]}}, {"type": "Feature", "properties": {"layer": "-1", "tunnel": "culvert", "waterway": "stream", "_id": 942448471}, "geometry": {"type": "LineString", "coordinates": [[-87.6800409, 41.6437723], [-87.6798957, 41.6437747]]}}, {"type": "Feature", "properties": {"layer": "-1", "tunnel": "culvert", "waterway": "stream", "_id": 942448473}, "geometry": {"type": "LineString", "coordinates": [[-87.6849948, 41.6436073], [-87.684331, 41.6436463]]}}, {"type": "Feature", "properties": {"layer": "-1", "tunnel": "culvert", "waterway": "stream", "_id": 942448475}, "geometry": {"type": "LineString", "coordinates": [[-87.6724411, 41.6454624], [-87.6723431, 41.6455732]]}}, {"type": "Feature", "properties": {"layer": "-1", "tunnel": "culvert", "waterway": "stream", "_id": 942448477}, "geometry": {"type": "LineString", "coordinates": [[-87.675215, 41.6445811], [-87.6750837, 41.6446024]]}}, {"type": "Feature", "properties": {"layer": "-1", "tunnel": "yes", "waterway": "stream", "_id": 944051026}, "geometry": {"type": "LineString", "coordinates": [[-87.941626, 41.9802284], [-87.9416272, 41.9804547], [-87.9416213, 41.9820239]]}}, {"type": "Feature", "properties": {"intermittent": "yes", "layer": "-1", "tunnel": "culvert", "waterway": "stream", "_id": 944118355}, "geometry": {"type": "LineString", "coordinates": [[-87.9593067, 41.9001204], [-87.9591738, 41.9001311]]}}, {"type": "Feature", "properties": {"layer": "-1", "tunnel": "culvert", "waterway": "ditch", "_id": 947381383}, "geometry": {"type": "LineString", "coordinates": [[-87.8477516, 41.8050481], [-87.8477642, 41.8049959], [-87.8477621, 41.8049479], [-87.8477321, 41.8048847]]}}, {"type": "Feature", "properties": {"layer": "-1", "tunnel": "culvert", "waterway": "ditch", "_id": 947381385}, "geometry": {"type": "LineString", "coordinates": [[-87.84571, 41.798563], [-87.8455368, 41.7984755]]}}, {"type": "Feature", "properties": {"layer": "-1", "tunnel": "culvert", "waterway": "ditch", "_id": 947381387}, "geometry": {"type": "LineString", "coordinates": [[-87.8390634, 41.7977959], [-87.8389556, 41.7977936]]}}, {"type": "Feature", "properties": {"layer": "-1", "tunnel": "culvert", "waterway": "ditch", "_id": 947381389}, "geometry": {"type": "LineString", "coordinates": [[-87.8384823, 41.7978027], [-87.83837, 41.7978027]]}}, {"type": "Feature", "properties": {"layer": "-1", "tunnel": "culvert", "waterway": "ditch", "_id": 947381391}, "geometry": {"type": "LineString", "coordinates": [[-87.8379718, 41.7945602], [-87.8379156, 41.7944652], [-87.8375666, 41.7942355]]}}, {"type": "Feature", "properties": {"layer": "-1", "tunnel": "culvert", "waterway": "ditch", "_id": 947381393}, "geometry": {"type": "LineString", "coordinates": [[-87.8370887, 41.7939753], [-87.8369294, 41.7938747]]}}, {"type": "Feature", "properties": {"layer": "-1", "tunnel": "culvert", "waterway": "ditch", "_id": 947381397}, "geometry": {"type": "LineString", "coordinates": [[-87.8328843, 41.7916541], [-87.8325323, 41.7914799]]}}, {"type": "Feature", "properties": {"layer": "-1", "tunnel": "culvert", "waterway": "ditch", "_id": 947381399}, "geometry": {"type": "LineString", "coordinates": [[-87.8301608, 41.791188], [-87.8298958, 41.7911941]]}}, {"type": "Feature", "properties": {"layer": "-1", "tunnel": "culvert", "waterway": "stream", "_id": 947415285}, "geometry": {"type": "LineString", "coordinates": [[-87.8221676, 41.7964122], [-87.8218983, 41.7966491]]}}, {"type": "Feature", "properties": {"layer": "-1", "tunnel": "culvert", "waterway": "ditch", "_id": 948196256}, "geometry": {"type": "LineString", "coordinates": [[-87.8317322, 41.7877117], [-87.8314399, 41.7874543]]}}, {"type": "Feature", "properties": {"layer": "-1", "tunnel": "culvert", "waterway": "ditch", "_id": 948196259}, "geometry": {"type": "LineString", "coordinates": [[-87.8165217, 41.8004405], [-87.8163857, 41.8002821]]}}, {"type": "Feature", "properties": {"layer": "-1", "tunnel": "culvert", "waterway": "drain", "_id": 948196260}, "geometry": {"type": "LineString", "coordinates": [[-87.8177763, 41.7992973], [-87.8136641, 41.7958705]]}}, {"type": "Feature", "properties": {"NHD:ComID": "109977804", "NHD:FCode": "46003", "NHD:FType": "StreamRiver", "NHD:ReachCode": "7120004000339", "NHD:way_id": "109977804", "layer": "-1", "source": "NHD", "tunnel": "culvert", "waterway": "stream", "_id": 958346352}, "geometry": {"type": "LineString", "coordinates": [[-87.842314, 41.721425], [-87.842314, 41.721391], [-87.84236, 41.721342], [-87.842377, 41.721288], [-87.842423, 41.721246], [-87.842488, 41.721088], [-87.842542, 41.721026], [-87.842569, 41.720965], [-87.842596, 41.720944], [-87.842605, 41.720917], [-87.842642, 41.720875], [-87.842651, 41.720848], [-87.8426997, 41.7207989]]}}, {"type": "Feature", "properties": {"NHD:ComID": "109977804", "NHD:FCode": "46003", "NHD:FType": "StreamRiver", "NHD:ReachCode": "7120004000339", "NHD:way_id": "109977804", "layer": "-1", "source": "NHD", "tunnel": "culvert", "waterway": "stream", "_id": 958346353}, "geometry": {"type": "LineString", "coordinates": [[-87.8426997, 41.7207989], [-87.84278, 41.720718]]}}, {"type": "Feature", "properties": {"NHD:ComID": "109977804", "NHD:FCode": "46003", "NHD:FType": "StreamRiver", "NHD:ReachCode": "7120004000339", "NHD:way_id": "109977804", "layer": "-1", "source": "NHD", "tunnel": "culvert", "waterway": "stream", "_id": 958346354}, "geometry": {"type": "LineString", "coordinates": [[-87.84278, 41.720718], [-87.842797, 41.720683], [-87.842824, 41.720656], [-87.842843, 41.720622], [-87.842871, 41.720594], [-87.842899, 41.720525], [-87.842934, 41.720494], [-87.843039, 41.72036], [-87.843227, 41.720198], [-87.843396, 41.720065], [-87.84357, 41.719954]]}}, {"type": "Feature", "properties": {"NHD:ComID": "109977868", "NHD:FCode": "46003", "NHD:FType": "StreamRiver", "NHD:ReachCode": "7120004000338", "NHD:way_id": "109977868", "layer": "-1", "source": "NHD", "tunnel": "culvert", "waterway": "stream", "_id": 958346355}, "geometry": {"type": "LineString", "coordinates": [[-87.827352, 41.718237], [-87.827293, 41.717904], [-87.827251, 41.717819], [-87.827233, 41.717743], [-87.827159, 41.71764], [-87.827031, 41.717379], [-87.826985, 41.717331], [-87.82692, 41.717173], [-87.826888, 41.7171426]]}}, {"type": "Feature", "properties": {"NHD:ComID": "109977868", "NHD:FCode": "46003", "NHD:FType": "StreamRiver", "NHD:ReachCode": "7120004000338", "NHD:way_id": "109977868", "layer": "-1", "source": "NHD", "tunnel": "culvert", "waterway": "stream", "_id": 958346356}, "geometry": {"type": "LineString", "coordinates": [[-87.826888, 41.7171426], [-87.8268061, 41.7170648]]}}, {"type": "Feature", "properties": {"NHD:ComID": "109977900", "NHD:FCode": "46003", "NHD:FType": "StreamRiver", "NHD:ReachCode": "7120004000338", "NHD:way_id": "109977900", "layer": "-1", "source": "NHD", "tunnel": "culvert", "waterway": "stream", "_id": 958346357}, "geometry": {"type": "LineString", "coordinates": [[-87.8191769, 41.7121205], [-87.8189381, 41.7121103], [-87.818843, 41.712061], [-87.818741, 41.71204], [-87.818668, 41.71204], [-87.8184745, 41.7120941], [-87.8183278, 41.7121051], [-87.8179256, 41.7121045]]}}, {"type": "Feature", "properties": {"NHD:ComID": "109977900", "NHD:FCode": "46003", "NHD:FType": "StreamRiver", "NHD:ReachCode": "7120004000338", "NHD:way_id": "109977900", "layer": "-1", "source": "NHD", "tunnel": "culvert", "waterway": "stream", "_id": 958346358}, "geometry": {"type": "LineString", "coordinates": [[-87.8195873, 41.7121249], [-87.8191769, 41.7121205]]}}, {"type": "Feature", "properties": {"NHD:ComID": "109977900", "NHD:FCode": "46003", "NHD:FType": "StreamRiver", "NHD:ReachCode": "7120004000338", "NHD:way_id": "109977900", "layer": "-1", "source": "NHD", "tunnel": "culvert", "waterway": "stream", "_id": 958346359}, "geometry": {"type": "LineString", "coordinates": [[-87.8179256, 41.7121045], [-87.8178428, 41.7121051]]}}, {"type": "Feature", "properties": {"layer": "-1", "tunnel": "culvert", "waterway": "stream", "_id": 961191474}, "geometry": {"type": "LineString", "coordinates": [[-87.7715923, 41.6245894], [-87.7715901, 41.6246973]]}}, {"type": "Feature", "properties": {"NHD:ComID": "109976044", "NHD:FCode": "46003", "NHD:FType": "StreamRiver", "NHD:ReachCode": "7120004000229", "NHD:way_id": "109976044", "attribution": "NHD", "gnis:feature_id": "421693", "layer": "-1", "name": "Addison Creek", "source": "NHD_import_v0.3_20090601163626", "tunnel": "culvert", "waterway": "stream", "_id": 962079010}, "geometry": {"type": "LineString", "coordinates": [[-87.921136, 41.9277138], [-87.9211296, 41.927615]]}}, {"type": "Feature", "properties": {"NHD:ComID": "109976132", "NHD:FCode": "46006", "NHD:FType": "StreamRiver", "NHD:ReachCode": "7120004002765", "NHD:way_id": "109976132", "attribution": "NHD", "gnis:feature_id": "404181", "layer": "-1", "name": "Bensenville Ditch", "source": "NHD_import_v0.3_20090601163626", "tunnel": "culvert", "waterway": "stream", "_id": 962079016}, "geometry": {"type": "LineString", "coordinates": [[-87.8725055, 41.9262944], [-87.872431, 41.9261921]]}}, {"type": "Feature", "properties": {"NHD:ComID": "109976132", "NHD:FCode": "46006", "NHD:FType": "StreamRiver", "NHD:ReachCode": "7120004002765", "NHD:way_id": "109976132", "attribution": "NHD", "gnis:feature_id": "404181", "layer": "-1", "name": "Bensenville Ditch", "source": "NHD_import_v0.3_20090601163626", "tunnel": "culvert", "waterway": "stream", "_id": 962079018}, "geometry": {"type": "LineString", "coordinates": [[-87.8718466, 41.9237408], [-87.8717881, 41.9236272]]}}, {"type": "Feature", "properties": {"layer": "-1", "name": "Natalie Creek", "source": "http://waterdata.usgs.gov/il/nwis/nwismap/?site_no=05536343&agency_cd=USGS", "tunnel": "culvert", "waterway": "stream", "_id": 975041826}, "geometry": {"type": "LineString", "coordinates": [[-87.7308293, 41.6240618], [-87.7308649, 41.6239475]]}}, {"type": "Feature", "properties": {"layer": "-1", "name": "Stony Creek", "tunnel": "culvert", "waterway": "stream", "_id": 975065170}, "geometry": {"type": "LineString", "coordinates": [[-87.7598997, 41.7022726], [-87.7595599, 41.7022619]]}}, {"type": "Feature", "properties": {"NHD:ComID": "109977946", "NHD:FCode": "46003", "NHD:FType": "StreamRiver", "NHD:ReachCode": "7120004002947", "NHD:way_id": "109977946", "layer": "-1", "source": "NHD", "tunnel": "culvert", "waterway": "stream", "_id": 975125987}, "geometry": {"type": "LineString", "coordinates": [[-87.832059, 41.711328], [-87.831872, 41.711346], [-87.831822, 41.711364], [-87.831438, 41.711433], [-87.830435, 41.711506], [-87.8295811, 41.7118267], [-87.8295403, 41.7118579], [-87.8295242, 41.7118579], [-87.8295136, 41.7118438], [-87.8295108, 41.7118179], [-87.8294922, 41.7118178], [-87.8294652, 41.7118479], [-87.8294437, 41.7118519], [-87.8294439, 41.7118878], [-87.829425, 41.711898], [-87.8293849, 41.7118878], [-87.8293581, 41.7118919], [-87.8293044, 41.7119359], [-87.8292856, 41.7119299], [-87.8292506, 41.7118859], [-87.8291301, 41.7118538], [-87.8291193, 41.7118278], [-87.8291408, 41.7118218], [-87.8291435, 41.7117997], [-87.8290951, 41.7117878], [-87.8291006, 41.7117717], [-87.829122, 41.7117677], [-87.8291354, 41.7117377], [-87.8291113, 41.7117257], [-87.8289906, 41.7117136], [-87.8289154, 41.7116717], [-87.828886, 41.7116796], [-87.8288592, 41.7117136], [-87.8287812, 41.7117498], [-87.8286721, 41.7118497]]}}, {"type": "Feature", "properties": {"NHD:ComID": "109977322", "NHD:FCode": "46003", "NHD:FType": "StreamRiver", "NHD:ReachCode": "7120004000543", "NHD:way_id": "109977322", "attribution": "NHD", "layer": "-1", "source": "NHD_import_v0.3_20090601163626", "tunnel": "culvert", "waterway": "stream", "_id": 975130682}, "geometry": {"type": "LineString", "coordinates": [[-87.9335796, 41.7734966], [-87.9335375, 41.773554]]}}, {"type": "Feature", "properties": {"NHD:ComID": "109977322", "NHD:FCode": "46003", "NHD:FType": "StreamRiver", "NHD:ReachCode": "7120004000543", "NHD:way_id": "109977322", "attribution": "NHD", "layer": "-1", "source": "NHD_import_v0.3_20090601163626", "tunnel": "culvert", "waterway": "stream", "_id": 975130684}, "geometry": {"type": "LineString", "coordinates": [[-87.9348776, 41.7732139], [-87.9348257, 41.7732636]]}}, {"type": "Feature", "properties": {"NHD:ComID": "109977322", "NHD:FCode": "46003", "NHD:FType": "StreamRiver", "NHD:ReachCode": "7120004000543", "NHD:way_id": "109977322", "attribution": "NHD", "layer": "-1", "source": "NHD_import_v0.3_20090601163626", "tunnel": "culvert", "waterway": "stream", "_id": 975130686}, "geometry": {"type": "LineString", "coordinates": [[-87.9358142, 41.7721836], [-87.9355989, 41.7721909]]}}, {"type": "Feature", "properties": {"NHD:ComID": "109977322", "NHD:FCode": "46003", "NHD:FType": "StreamRiver", "NHD:ReachCode": "7120004000543", "NHD:way_id": "109977322", "attribution": "NHD", "layer": "-1", "source": "NHD_import_v0.3_20090601163626", "tunnel": "culvert", "waterway": "stream", "_id": 975130688}, "geometry": {"type": "LineString", "coordinates": [[-87.939466, 41.771266], [-87.9393912, 41.7712848]]}}, {"type": "Feature", "properties": {"NHD:ComID": "109977254", "NHD:FCode": "46003", "NHD:FType": "StreamRiver", "NHD:ReachCode": "7120004000539", "NHD:way_id": "109977254", "attribution": "NHD", "layer": "-1", "source": "NHD_import_v0.3_20090601163626", "tunnel": "culvert", "waterway": "stream", "_id": 975130689}, "geometry": {"type": "LineString", "coordinates": [[-87.9326407, 41.7761638], [-87.932557, 41.776158], [-87.93241, 41.776164], [-87.932168, 41.776191], [-87.9318224, 41.776092]]}}, {"type": "Feature", "properties": {"NHD:ComID": "109977254", "NHD:FCode": "46003", "NHD:FType": "StreamRiver", "NHD:ReachCode": "7120004000539", "NHD:way_id": "109977254", "attribution": "NHD", "layer": "-1", "source": "NHD_import_v0.3_20090601163626", "tunnel": "culvert", "waterway": "stream", "_id": 975130690}, "geometry": {"type": "LineString", "coordinates": [[-87.9329333, 41.7762115], [-87.9326407, 41.7761638]]}}, {"type": "Feature", "properties": {"NHD:ComID": "109977254", "NHD:FCode": "46003", "NHD:FType": "StreamRiver", "NHD:ReachCode": "7120004000539", "NHD:way_id": "109977254", "attribution": "NHD", "layer": "-1", "source": "NHD_import_v0.3_20090601163626", "tunnel": "culvert", "waterway": "stream", "_id": 975130692}, "geometry": {"type": "LineString", "coordinates": [[-87.9362292, 41.7784513], [-87.936114, 41.778393], [-87.9360088, 41.7784081], [-87.9358152, 41.7784942]]}}, {"type": "Feature", "properties": {"NHD:ComID": "109977184", "NHD:FCode": "46006", "NHD:FType": "StreamRiver", "NHD:ReachCode": "7120004000541", "NHD:way_id": "109977184", "attribution": "NHD", "layer": "-1", "source": "NHD_import_v0.3_20090601163626", "tunnel": "culvert", "waterway": "stream", "_id": 975130694}, "geometry": {"type": "LineString", "coordinates": [[-87.9404773, 41.7831801], [-87.9405199, 41.7830791]]}}, {"type": "Feature", "properties": {"NHD:ComID": "109977266", "NHD:FCode": "46003", "NHD:FType": "StreamRiver", "NHD:ReachCode": "7120004000538", "NHD:way_id": "109977266", "attribution": "NHD", "layer": "-1", "source": "NHD_import_v0.3_20090601163626", "tunnel": "culvert", "waterway": "stream", "_id": 975130696}, "geometry": {"type": "LineString", "coordinates": [[-87.9166909, 41.7787545], [-87.9164828, 41.7787222]]}}, {"type": "Feature", "properties": {"NHD:ComID": "109977266", "NHD:FCode": "46003", "NHD:FType": "StreamRiver", "NHD:ReachCode": "7120004000538", "NHD:way_id": "109977266", "attribution": "NHD", "layer": "-1", "source": "NHD_import_v0.3_20090601163626", "tunnel": "culvert", "waterway": "stream", "_id": 975130698}, "geometry": {"type": "LineString", "coordinates": [[-87.9213723, 41.7788623], [-87.9213749, 41.7789526]]}}, {"type": "Feature", "properties": {"NHD:ComID": "109977266", "NHD:FCode": "46003", "NHD:FType": "StreamRiver", "NHD:ReachCode": "7120004000538", "NHD:way_id": "109977266", "attribution": "NHD", "layer": "-1", "source": "NHD_import_v0.3_20090601163626", "tunnel": "culvert", "waterway": "stream", "_id": 975130701}, "geometry": {"type": "LineString", "coordinates": [[-87.9216022, 41.778535], [-87.9213116, 41.7785225]]}}, {"type": "Feature", "properties": {"NHD:ComID": "109977266", "NHD:FCode": "46003", "NHD:FType": "StreamRiver", "NHD:ReachCode": "7120004000538", "NHD:way_id": "109977266", "attribution": "NHD", "layer": "-1", "source": "NHD_import_v0.3_20090601163626", "tunnel": "culvert", "waterway": "stream", "_id": 975130703}, "geometry": {"type": "LineString", "coordinates": [[-87.921605, 41.7760312], [-87.9216214, 41.7761013]]}}, {"type": "Feature", "properties": {"NHD:ComID": "109977266", "NHD:FCode": "46003", "NHD:FType": "StreamRiver", "NHD:ReachCode": "7120004000538", "NHD:way_id": "109977266", "attribution": "NHD", "layer": "-1", "source": "NHD_import_v0.3_20090601163626", "tunnel": "culvert", "waterway": "stream", "_id": 975130707}, "geometry": {"type": "LineString", "coordinates": [[-87.9262532, 41.7750717], [-87.9260493, 41.7750428]]}}, {"type": "Feature", "properties": {"NHD:ComID": "109977754", "NHD:FCode": "46003", "NHD:FType": "StreamRiver", "NHD:ReachCode": "7120004000523", "NHD:way_id": "109977754", "attribution": "NHD", "gnis:feature_id": "422075", "layer": "-1", "name": "Sawmill Creek", "source": "NHD_import_v0.3_20090601163626", "tunnel": "culvert", "waterway": "stream", "_id": 975130711}, "geometry": {"type": "LineString", "coordinates": [[-87.950182, 41.742419], [-87.9502854, 41.7424237]]}}, {"type": "Feature", "properties": {"NHD:ComID": "109977754", "NHD:FCode": "46003", "NHD:FType": "StreamRiver", "NHD:ReachCode": "7120004000523", "NHD:way_id": "109977754", "attribution": "NHD", "gnis:feature_id": "422075", "layer": "-1", "name": "Sawmill Creek", "source": "NHD_import_v0.3_20090601163626", "tunnel": "culvert", "waterway": "stream", "_id": 975130713}, "geometry": {"type": "LineString", "coordinates": [[-87.9539232, 41.7411451], [-87.954043, 41.7411403]]}}, {"type": "Feature", "properties": {"layer": "-1", "name": "Grand Calumet River", "tunnel": "culvert", "waterway": "river", "width": "15", "wikidata": "Q19866964", "wikipedia": "en:Grand Calumet River", "_id": 976377509}, "geometry": {"type": "LineString", "coordinates": [[-87.5131039, 41.6224925], [-87.5134972, 41.62263]]}}, {"type": "Feature", "properties": {"NHD:ComID": "109978726", "NHD:FCode": "46003", "NHD:FType": "StreamRiver", "NHD:ReachCode": "7120004003050", "NHD:way_id": "109978726", "attribution": "NHD", "intermittent": "yes", "layer": "-1", "source": "NHD_import_v0.3_20090601163626", "tunnel": "culvert", "waterway": "stream", "_id": 980423065}, "geometry": {"type": "LineString", "coordinates": [[-87.911762, 41.638598], [-87.9118676, 41.6385844]]}}, {"type": "Feature", "properties": {"NHD:ComID": "109975630", "NHD:FCode": "46003", "NHD:FType": "StreamRiver", "NHD:ReachCode": "7120004000285", "NHD:way_id": "109975630", "gnis:feature_id": "422161", "layer": "-1", "name": "Willow Creek", "source": "NHD", "tunnel": "culvert", "waterway": "stream", "_id": 982036882}, "geometry": {"type": "LineString", "coordinates": [[-87.9043885, 42.0045547], [-87.9042504, 42.0045557]]}}, {"type": "Feature", "properties": {"NHD:ComID": "109978156", "NHD:FCode": "46003", "NHD:FType": "StreamRiver", "NHD:ReachCode": "7120004002976", "NHD:way_id": "109978156", "layer": "-1", "source": "NHD", "tunnel": "culvert", "waterway": "stream", "_id": 984995406}, "geometry": {"type": "LineString", "coordinates": [[-87.88039, 41.696966], [-87.8804803, 41.6968619]]}}, {"type": "Feature", "properties": {"boat": "no", "layer": "-1", "name": "I&M Canal", "tunnel": "culvert", "waterway": "stream", "_id": 984995408}, "geometry": {"type": "LineString", "coordinates": [[-87.9432481, 41.6985837], [-87.9434902, 41.698411]]}}, {"type": "Feature", "properties": {"NHD:ComID": "109978054", "NHD:FCode": "46003", "NHD:FType": "StreamRiver", "NHD:ReachCode": "7120004002959", "NHD:way_id": "109978054", "attribution": "NHD", "layer": "-1", "source": "NHD_import_v0.3_20090601163626", "tunnel": "culvert", "waterway": "stream", "_id": 984995410}, "geometry": {"type": "LineString", "coordinates": [[-87.9595937, 41.7132123], [-87.9594622, 41.7130587]]}}, {"type": "Feature", "properties": {"NHD:ComID": "109978168", "NHD:FCode": "46003", "NHD:FType": "StreamRiver", "NHD:ReachCode": "7120004002981", "NHD:way_id": "109978168", "attribution": "NHD", "layer": "-1", "source": "NHD_import_v0.3_20090601163626", "tunnel": "culvert", "waterway": "stream", "_id": 984995415}, "geometry": {"type": "LineString", "coordinates": [[-87.9592453, 41.701234], [-87.959191, 41.701202]]}}, {"type": "Feature", "properties": {"NHD:ComID": "109977996", "NHD:FCode": "46003", "NHD:FType": "StreamRiver", "NHD:ReachCode": "7120004000531", "NHD:way_id": "109977996", "layer": "-1", "source": "NHD", "tunnel": "culvert", "waterway": "stream", "_id": 984995419}, "geometry": {"type": "LineString", "coordinates": [[-87.9252121, 41.7217143], [-87.9249775, 41.7215416]]}}, {"type": "Feature", "properties": {"NHD:ComID": "109977996", "NHD:FCode": "46003", "NHD:FType": "StreamRiver", "NHD:ReachCode": "7120004000531", "NHD:way_id": "109977996", "layer": "-1", "source": "NHD", "tunnel": "culvert", "waterway": "stream", "_id": 984995421}, "geometry": {"type": "LineString", "coordinates": [[-87.9252608, 41.7210363], [-87.9266397, 41.7208018], [-87.9265939, 41.7199462]]}}, {"type": "Feature", "properties": {"NHD:ComID": "109977996", "NHD:FCode": "46003", "NHD:FType": "StreamRiver", "NHD:ReachCode": "7120004000531", "NHD:way_id": "109977996", "layer": "-1", "source": "NHD", "tunnel": "culvert", "waterway": "stream", "_id": 984995423}, "geometry": {"type": "LineString", "coordinates": [[-87.927713, 41.719263], [-87.927767, 41.719239]]}}, {"type": "Feature", "properties": {"NHD:ComID": "109977996", "NHD:FCode": "46003", "NHD:FType": "StreamRiver", "NHD:ReachCode": "7120004000531", "NHD:way_id": "109977996", "layer": "-1", "source": "NHD", "tunnel": "culvert", "waterway": "stream", "_id": 984995425}, "geometry": {"type": "LineString", "coordinates": [[-87.9280481, 41.7190428], [-87.928105, 41.71896]]}}, {"type": "Feature", "properties": {"NHD:ComID": "109977996", "NHD:FCode": "46003", "NHD:FType": "StreamRiver", "NHD:ReachCode": "7120004000531", "NHD:way_id": "109977996", "layer": "-1", "source": "NHD", "tunnel": "culvert", "waterway": "stream", "_id": 984995427}, "geometry": {"type": "LineString", "coordinates": [[-87.9295015, 41.7166051], [-87.9294061, 41.7165238]]}}, {"type": "Feature", "properties": {"NHD:ComID": "109977996", "NHD:FCode": "46003", "NHD:FType": "StreamRiver", "NHD:ReachCode": "7120004000531", "NHD:way_id": "109977996", "layer": "-1", "source": "NHD", "tunnel": "culvert", "waterway": "stream", "_id": 984995429}, "geometry": {"type": "LineString", "coordinates": [[-87.9295332, 41.7153732], [-87.9294303, 41.7152434]]}}, {"type": "Feature", "properties": {"NHD:ComID": "109977920", "NHD:FCode": "46003", "NHD:FType": "StreamRiver", "NHD:ReachCode": "7120004000532", "NHD:way_id": "109977920", "layer": "-1", "source": "NHD", "tunnel": "culvert", "waterway": "stream", "_id": 984995431}, "geometry": {"type": "LineString", "coordinates": [[-87.917469, 41.7270289], [-87.9179313, 41.7268061], [-87.9180753, 41.7265437]]}}, {"type": "Feature", "properties": {"NHD:ComID": "109977920", "NHD:FCode": "46003", "NHD:FType": "StreamRiver", "NHD:ReachCode": "7120004000532", "NHD:way_id": "109977920", "layer": "-1", "source": "NHD", "tunnel": "culvert", "waterway": "stream", "_id": 984995432}, "geometry": {"type": "LineString", "coordinates": [[-87.9180753, 41.7265437], [-87.9181183, 41.7262236], [-87.9181134, 41.72606], [-87.9180646, 41.7259932], [-87.918075, 41.725858], [-87.918085, 41.7258053], [-87.9181549, 41.7256493], [-87.9181728, 41.7256144], [-87.9182007, 41.7255676]]}}, {"type": "Feature", "properties": {"NHD:ComID": "109977920", "NHD:FCode": "46003", "NHD:FType": "StreamRiver", "NHD:ReachCode": "7120004000532", "NHD:way_id": "109977920", "layer": "-1", "source": "NHD", "tunnel": "culvert", "waterway": "stream", "_id": 984995433}, "geometry": {"type": "LineString", "coordinates": [[-87.9182007, 41.7255676], [-87.9182092, 41.7255173]]}}, {"type": "Feature", "properties": {"NHD:ComID": "109977920", "NHD:FCode": "46003", "NHD:FType": "StreamRiver", "NHD:ReachCode": "7120004000532", "NHD:way_id": "109977920", "layer": "-1", "source": "NHD", "tunnel": "culvert", "waterway": "stream", "_id": 984995435}, "geometry": {"type": "LineString", "coordinates": [[-87.9181343, 41.7197628], [-87.9180796, 41.719664]]}}, {"type": "Feature", "properties": {"NHD:ComID": "109977920", "NHD:FCode": "46003", "NHD:FType": "StreamRiver", "NHD:ReachCode": "7120004000532", "NHD:way_id": "109977920", "layer": "-1", "source": "NHD", "tunnel": "culvert", "waterway": "stream", "_id": 984995436}, "geometry": {"type": "LineString", "coordinates": [[-87.9182092, 41.7255173], [-87.918235, 41.725234], [-87.918226, 41.725193], [-87.918262, 41.725145], [-87.918298, 41.725069], [-87.9183418, 41.7248086], [-87.9183746, 41.7246946], [-87.9183796, 41.7246155], [-87.9185282, 41.7244077]]}}, {"type": "Feature", "properties": {"NHD:ComID": "109977920", "NHD:FCode": "46003", "NHD:FType": "StreamRiver", "NHD:ReachCode": "7120004000532", "NHD:way_id": "109977920", "layer": "-1", "source": "NHD", "tunnel": "culvert", "waterway": "stream", "_id": 984995437}, "geometry": {"type": "LineString", "coordinates": [[-87.918406, 41.7238664], [-87.9184047, 41.7237539]]}}, {"type": "Feature", "properties": {"NHD:ComID": "109977920", "NHD:FCode": "46003", "NHD:FType": "StreamRiver", "NHD:ReachCode": "7120004000532", "NHD:way_id": "109977920", "layer": "-1", "source": "NHD", "tunnel": "culvert", "waterway": "stream", "_id": 984995440}, "geometry": {"type": "LineString", "coordinates": [[-87.9187476, 41.7201526], [-87.9186521, 41.7201564]]}}, {"type": "Feature", "properties": {"NHD:ComID": "109977996", "NHD:FCode": "46003", "NHD:FType": "StreamRiver", "NHD:ReachCode": "7120004000531", "NHD:way_id": "109977996", "layer": "-1", "source": "NHD", "tunnel": "culvert", "waterway": "stream", "_id": 984995442}, "geometry": {"type": "LineString", "coordinates": [[-87.9283951, 41.7236576], [-87.9282899, 41.7234835]]}}, {"type": "Feature", "properties": {"NHD:ComID": "109977742", "NHD:FCode": "46003", "NHD:FType": "StreamRiver", "NHD:ReachCode": "7120004000532", "NHD:way_id": "109977742", "attribution": "NHD", "layer": "-1", "source": "NHD_import_v0.3_20090601163626", "tunnel": "culvert", "waterway": "stream", "_id": 984995444}, "geometry": {"type": "LineString", "coordinates": [[-87.9166263, 41.7311688], [-87.9165573, 41.7310531]]}}, {"type": "Feature", "properties": {"NHD:ComID": "109978076", "NHD:FCode": "46003", "NHD:FType": "StreamRiver", "NHD:ReachCode": "7120004002963", "NHD:way_id": "109978076", "intermittent": "yes", "layer": "-1", "source": "NHD", "tunnel": "culvert", "waterway": "stream", "_id": 984995456}, "geometry": {"type": "LineString", "coordinates": [[-87.9108681, 41.706434], [-87.9108018, 41.7064735]]}}, {"type": "Feature", "properties": {"NHD:ComID": "109978274", "NHD:FCode": "46003", "NHD:FType": "StreamRiver", "NHD:ReachCode": "7120004002992", "NHD:way_id": "109978274", "layer": "-1", "source": "NHD", "tunnel": "culvert", "waterway": "stream", "_id": 984995457}, "geometry": {"type": "LineString", "coordinates": [[-87.917347, 41.689805], [-87.9173079, 41.6898803]]}}, {"type": "Feature", "properties": {"NHD:ComID": "109978398", "NHD:FCode": "46003", "NHD:FType": "StreamRiver", "NHD:ReachCode": "7120004000787", "NHD:way_id": "109978398", "layer": "-1", "source": "NHD", "tunnel": "culvert", "waterway": "stream", "_id": 984995464}, "geometry": {"type": "LineString", "coordinates": [[-87.941009, 41.679478], [-87.9411277, 41.6794944]]}}, {"type": "Feature", "properties": {"NHD:ComID": "109978398", "NHD:FCode": "46003", "NHD:FType": "StreamRiver", "NHD:ReachCode": "7120004000787", "NHD:way_id": "109978398", "layer": "-1", "source": "NHD", "tunnel": "culvert", "waterway": "stream", "_id": 984995466}, "geometry": {"type": "LineString", "coordinates": [[-87.941494, 41.679545], [-87.941559, 41.679551]]}}, {"type": "Feature", "properties": {"NHD:ComID": "109978398", "NHD:FCode": "46003", "NHD:FType": "StreamRiver", "NHD:ReachCode": "7120004000787", "NHD:way_id": "109978398", "layer": "-1", "source": "NHD", "tunnel": "culvert", "waterway": "stream", "_id": 984995468}, "geometry": {"type": "LineString", "coordinates": [[-87.9440246, 41.6801942], [-87.9441205, 41.680266]]}}, {"type": "Feature", "properties": {"NHD:ComID": "109978398", "NHD:FCode": "46003", "NHD:FType": "StreamRiver", "NHD:ReachCode": "7120004000787", "NHD:way_id": "109978398", "layer": "-1", "source": "NHD", "tunnel": "culvert", "waterway": "stream", "_id": 984995469}, "geometry": {"type": "LineString", "coordinates": [[-87.9441205, 41.680266], [-87.944516, 41.680562], [-87.944564, 41.680685], [-87.944748, 41.680801], [-87.944913, 41.680835], [-87.945006, 41.680903], [-87.945024, 41.680923], [-87.9450926, 41.6810266], [-87.9450406, 41.6811389], [-87.945105, 41.6812362], [-87.9451215, 41.6812611]]}}, {"type": "Feature", "properties": {"NHD:ComID": "109978398", "NHD:FCode": "46003", "NHD:FType": "StreamRiver", "NHD:ReachCode": "7120004000787", "NHD:way_id": "109978398", "layer": "-1", "source": "NHD", "tunnel": "culvert", "waterway": "stream", "_id": 984995470}, "geometry": {"type": "LineString", "coordinates": [[-87.9451215, 41.6812611], [-87.9451813, 41.6813513]]}}, {"type": "Feature", "properties": {"NHD:ComID": "109978322", "NHD:FCode": "46003", "NHD:FType": "StreamRiver", "NHD:ReachCode": "7120004000787", "NHD:way_id": "109978322", "layer": "-1", "source": "NHD", "tunnel": "culvert", "waterway": "stream", "_id": 984995472}, "geometry": {"type": "LineString", "coordinates": [[-87.9460497, 41.6914833], [-87.9459623, 41.6915577]]}}, {"type": "Feature", "properties": {"NHD:ComID": "109978322", "NHD:FCode": "46003", "NHD:FType": "StreamRiver", "NHD:ReachCode": "7120004000787", "NHD:way_id": "109978322", "layer": "-1", "source": "NHD", "tunnel": "culvert", "waterway": "stream", "_id": 984995474}, "geometry": {"type": "LineString", "coordinates": [[-87.9471553, 41.690508], [-87.947068, 41.6905828]]}}, {"type": "Feature", "properties": {"NHD:ComID": "109978322", "NHD:FCode": "46003", "NHD:FType": "StreamRiver", "NHD:ReachCode": "7120004000787", "NHD:way_id": "109978322", "layer": "-1", "source": "NHD", "tunnel": "culvert", "waterway": "stream", "_id": 984995476}, "geometry": {"type": "LineString", "coordinates": [[-87.9491835, 41.6888388], [-87.9490679, 41.6888955]]}}, {"type": "Feature", "properties": {"NHD:ComID": "109978322", "NHD:FCode": "46003", "NHD:FType": "StreamRiver", "NHD:ReachCode": "7120004000787", "NHD:way_id": "109978322", "layer": "-1", "source": "NHD", "tunnel": "culvert", "waterway": "stream", "_id": 984995477}, "geometry": {"type": "LineString", "coordinates": [[-87.94999, 41.688066], [-87.949598, 41.688359], [-87.949398, 41.688456], [-87.949301, 41.688498], [-87.949243, 41.688539], [-87.9492824, 41.6887903], [-87.9491835, 41.6888388]]}}, {"type": "Feature", "properties": {"NHD:ComID": "109978490", "NHD:FCode": "46003", "NHD:FType": "StreamRiver", "NHD:ReachCode": "7120004003011", "NHD:way_id": "109978490", "attribution": "NHD", "layer": "-1", "source": "NHD_import_v0.3_20090601163626", "tunnel": "culvert", "waterway": "stream", "_id": 984995478}, "geometry": {"type": "LineString", "coordinates": [[-87.9134536, 41.6677815], [-87.9134016, 41.6678518], [-87.913363, 41.667904], [-87.9131, 41.668121], [-87.913072, 41.668211], [-87.913018, 41.6683711]]}}, {"type": "Feature", "properties": {"NHD:ComID": "109978556", "NHD:FCode": "46003", "NHD:FType": "StreamRiver", "NHD:ReachCode": "7120004003020", "NHD:way_id": "109978556", "attribution": "NHD", "layer": "-1", "source": "NHD_import_v0.3_20090601163626", "tunnel": "culvert", "waterway": "stream", "_id": 984995481}, "geometry": {"type": "LineString", "coordinates": [[-87.9013966, 41.6588082], [-87.901533, 41.658775]]}}, {"type": "Feature", "properties": {"NHD:ComID": "109978218", "NHD:FCode": "46003", "NHD:FType": "StreamRiver", "NHD:ReachCode": "7120004000787", "NHD:way_id": "109978218", "layer": "-1", "source": "NHD", "tunnel": "culvert", "waterway": "stream", "_id": 984995485}, "geometry": {"type": "LineString", "coordinates": [[-87.9414515, 41.6952956], [-87.9413525, 41.6953719]]}}, {"type": "Feature", "properties": {"NHD:ComID": "109977798", "NHD:FCode": "46003", "NHD:FType": "StreamRiver", "NHD:ReachCode": "7120004000777", "NHD:way_id": "109977798", "attribution": "NHD", "layer": "-1", "source": "NHD_import_v0.3_20090601163626", "tunnel": "culvert", "waterway": "stream", "_id": 984995486}, "geometry": {"type": "LineString", "coordinates": [[-87.883446, 41.72566], [-87.8835454, 41.7256963], [-87.883595, 41.7257924], [-87.8836996, 41.7259027], [-87.8838779, 41.7260545], [-87.8839179, 41.726086], [-87.883937, 41.7261077], [-87.883971, 41.726145], [-87.884009, 41.72618], [-87.8840734, 41.7262197], [-87.8841981, 41.7262923], [-87.8843533, 41.7263766], [-87.8845571, 41.7264817], [-87.8847265, 41.7265601], [-87.8848601, 41.7266341], [-87.8850446, 41.7268162], [-87.8851617, 41.7269108], [-87.8853566, 41.7271483], [-87.8855959, 41.7272429]]}}, {"type": "Feature", "properties": {"NHD:ComID": "109977798", "NHD:FCode": "46003", "NHD:FType": "StreamRiver", "NHD:ReachCode": "7120004000777", "NHD:way_id": "109977798", "attribution": "NHD", "layer": "-1", "source": "NHD_import_v0.3_20090601163626", "tunnel": "culvert", "waterway": "stream", "_id": 984995487}, "geometry": {"type": "LineString", "coordinates": [[-87.8833005, 41.7255829], [-87.883446, 41.72566]]}}, {"type": "Feature", "properties": {"layer": "-1", "tunnel": "culvert", "waterway": "drain", "_id": 984995491}, "geometry": {"type": "LineString", "coordinates": [[-87.7850585, 41.6650077], [-87.7852274, 41.665002]]}}, {"type": "Feature", "properties": {"NHD:ComID": "109977216", "NHD:FCode": "46003", "NHD:FType": "StreamRiver", "NHD:ReachCode": "7120004000538", "NHD:way_id": "109977216", "attribution": "NHD", "layer": "-1", "source": "NHD_import_v0.3_20090601163626", "tunnel": "culvert", "waterway": "stream", "_id": 986690086}, "geometry": {"type": "LineString", "coordinates": [[-87.9093486, 41.7786487], [-87.9091306, 41.7786572]]}}, {"type": "Feature", "properties": {"NHD:ComID": "109977790", "NHD:FCode": "46003", "NHD:FType": "StreamRiver", "NHD:ReachCode": "7120004000546", "NHD:way_id": "109977790", "attribution": "NHD", "layer": "-1", "source": "NHD_import_v0.3_20090601163626", "tunnel": "culvert", "waterway": "stream", "_id": 988451779}, "geometry": {"type": "LineString", "coordinates": [[-87.90532, 41.731266], [-87.9052997, 41.7312117]]}}, {"type": "Feature", "properties": {"NHD:ComID": "109977454", "NHD:FCode": "46003", "NHD:FType": "StreamRiver", "NHD:ReachCode": "7120004002902", "NHD:way_id": "109977454", "attribution": "NHD", "layer": "-1", "source": "NHD_import_v0.3_20090601163626", "tunnel": "culvert", "waterway": "stream", "_id": 988451793}, "geometry": {"type": "LineString", "coordinates": [[-87.8697002, 41.765361], [-87.8696101, 41.765294]]}}, {"type": "Feature", "properties": {"intermittent": "yes", "tunnel": "culvert", "waterway": "stream", "_id": 989195566}, "geometry": {"type": "LineString", "coordinates": [[-87.9469379, 42.0156326], [-87.9471631, 42.0157673]]}}, {"type": "Feature", "properties": {"NHD:ComID": "109975624", "NHD:FCode": "46003", "NHD:FType": "StreamRiver", "NHD:ReachCode": "7120004000729", "NHD:way_id": "109975624", "attribution": "NHD", "gnis:feature_id": "410206", "intermittent": "no", "layer": "-1", "man_made": "water_canal", "name": "Higgins Creek", "source": "NHD_import_v0.3_20090601163626", "tunnel": "culvert", "waterway": "stream", "_id": 997786723}, "geometry": {"type": "LineString", "coordinates": [[-87.9276067, 42.0132425], [-87.9274547, 42.0131235]]}}, {"type": "Feature", "properties": {"intermittent": "yes", "layer": "-1", "tunnel": "culvert", "waterway": "drain", "_id": 998082335}, "geometry": {"type": "LineString", "coordinates": [[-87.9453818, 42.0154296], [-87.945356, 42.0155044]]}}, {"type": "Feature", "properties": {"NHD:ComID": "109977930", "NHD:FCode": "46003", "NHD:FType": "StreamRiver", "NHD:ReachCode": "7120004000339", "NHD:way_id": "109977930", "layer": "-1", "source": "NHD", "tunnel": "culvert", "waterway": "stream", "_id": 1021591639}, "geometry": {"type": "LineString", "coordinates": [[-87.8468846, 41.7145237], [-87.846888, 41.714325]]}}, {"type": "Feature", "properties": {"NHD:ComID": "109977930", "NHD:FCode": "46003", "NHD:FType": "StreamRiver", "NHD:ReachCode": "7120004000339", "NHD:way_id": "109977930", "layer": "-1", "source": "NHD", "tunnel": "culvert", "waterway": "stream", "_id": 1021591640}, "geometry": {"type": "LineString", "coordinates": [[-87.846888, 41.714325], [-87.8469342, 41.7142655]]}}, {"type": "Feature", "properties": {"NHD:ComID": "109977738", "NHD:FCode": "46003", "NHD:FType": "StreamRiver", "NHD:ReachCode": "7120004000337", "NHD:way_id": "109977738", "attribution": "NHD", "layer": "-1", "source": "NHD_import_v0.3_20090601163626", "tunnel": "culvert", "waterway": "stream", "_id": 1021591641}, "geometry": {"type": "LineString", "coordinates": [[-87.849678, 41.7322257], [-87.84968, 41.732235], [-87.849708, 41.732262]]}}, {"type": "Feature", "properties": {"NHD:ComID": "109977738", "NHD:FCode": "46003", "NHD:FType": "StreamRiver", "NHD:ReachCode": "7120004000337", "NHD:way_id": "109977738", "attribution": "NHD", "layer": "-1", "source": "NHD_import_v0.3_20090601163626", "tunnel": "culvert", "waterway": "stream", "_id": 1021591642}, "geometry": {"type": "LineString", "coordinates": [[-87.849644, 41.732173], [-87.849678, 41.7322257]]}}, {"type": "Feature", "properties": {"intermittent": "yes", "layer": "-1", "tunnel": "culvert", "waterway": "drain", "_id": 1023463252}, "geometry": {"type": "LineString", "coordinates": [[-87.9283574, 42.0125734], [-87.9278828, 42.0127959], [-87.9276523, 42.0128981], [-87.9274592, 42.0129789]]}}, {"type": "Feature", "properties": {"intermittent": "yes", "layer": "-1", "tunnel": "culvert", "waterway": "drain", "_id": 1025130861}, "geometry": {"type": "LineString", "coordinates": [[-87.9090954, 41.9939913], [-87.9092989, 41.9941737], [-87.9097264, 41.9945348]]}}, {"type": "Feature", "properties": {"intermittent": "yes", "layer": "-1", "tunnel": "culvert", "waterway": "drain", "_id": 1025578430}, "geometry": {"type": "LineString", "coordinates": [[-87.9287132, 42.0118019], [-87.928205, 42.0121067]]}}, {"type": "Feature", "properties": {"boat": "no", "intermittent": "yes", "layer": "-1", "tunnel": "culvert", "waterway": "ditch", "_id": 1025843439}, "geometry": {"type": "LineString", "coordinates": [[-87.9187089, 42.0077327], [-87.918626, 42.0076722]]}}, {"type": "Feature", "properties": {"boat": "no", "intermittent": "yes", "layer": "-1", "tunnel": "culvert", "waterway": "ditch", "_id": 1025843442}, "geometry": {"type": "LineString", "coordinates": [[-87.9156201, 42.0055879], [-87.9156277, 42.0055356]]}}, {"type": "Feature", "properties": {"intermittent": "yes", "layer": "-1", "tunnel": "culvert", "waterway": "drain", "_id": 1025857095}, "geometry": {"type": "LineString", "coordinates": [[-87.9321091, 41.9985455], [-87.9314689, 41.9981119]]}}, {"type": "Feature", "properties": {"layer": "-1", "tunnel": "culvert", "waterway": "drain", "_id": 1025857101}, "geometry": {"type": "LineString", "coordinates": [[-87.9401758, 41.9846676], [-87.940168, 41.9844306]]}}, {"type": "Feature", "properties": {"intermittent": "yes", "layer": "-1", "tunnel": "culvert", "waterway": "drain", "_id": 1025857105}, "geometry": {"type": "LineString", "coordinates": [[-87.9368765, 41.9943537], [-87.9363659, 41.9940779]]}}, {"type": "Feature", "properties": {"intermittent": "yes", "layer": "-1", "tunnel": "culvert", "waterway": "drain", "_id": 1025919479}, "geometry": {"type": "LineString", "coordinates": [[-87.9040321, 41.9968833], [-87.9042189, 41.9971557], [-87.9042524, 41.9972028], [-87.9040231, 41.9983621]]}}, {"type": "Feature", "properties": {"intermittent": "yes", "layer": "-1", "tunnel": "culvert", "waterway": "drain", "_id": 1025919481}, "geometry": {"type": "LineString", "coordinates": [[-87.9098635, 41.9894278], [-87.9087302, 41.9894234], [-87.9037131, 41.9941602]]}}, {"type": "Feature", "properties": {"intermittent": "yes", "layer": "-1", "tunnel": "culvert", "waterway": "drain", "_id": 1025919502}, "geometry": {"type": "LineString", "coordinates": [[-87.9049526, 42.004051], [-87.9049435, 42.0010967]]}}, {"type": "Feature", "properties": {"layer": "-1", "name": "Bensenville Ditch", "tunnel": "culvert", "waterway": "drain", "_id": 1026264291}, "geometry": {"type": "LineString", "coordinates": [[-87.9165928, 41.9602416], [-87.9119581, 41.9556629]]}}, {"type": "Feature", "properties": {"layer": "-1", "name": "Bensenville Ditch", "tunnel": "culvert", "waterway": "drain", "_id": 1026527469}, "geometry": {"type": "LineString", "coordinates": [[-87.9071419, 41.9553585], [-87.9080857, 41.9556744], [-87.9094034, 41.9557024], [-87.9094545, 41.9556777], [-87.9095282, 41.9555074]]}}, {"type": "Feature", "properties": {"NHD:ComID": "109975816", "NHD:FCode": "46003", "NHD:FType": "StreamRiver", "NHD:ReachCode": "7120004000316", "NHD:way_id": "109975816", "attribution": "NHD", "boat": "no", "gnis:feature_id": "422081", "layer": "-1", "name": "Bensenville Ditch", "source": "NHD_import_v0.3_20090601163626", "tunnel": "culvert", "waterway": "stream", "_id": 1026527504}, "geometry": {"type": "LineString", "coordinates": [[-87.90211, 41.9512086], [-87.901708, 41.9508281]]}}, {"type": "Feature", "properties": {"intermittent": "yes", "layer": "-1", "tunnel": "culvert", "waterway": "drain", "_id": 1026560348}, "geometry": {"type": "LineString", "coordinates": [[-87.9049322, 41.9591051], [-87.9032803, 41.9591069], [-87.9003718, 41.9596016]]}}, {"type": "Feature", "properties": {"intermittent": "yes", "layer": "-1", "tunnel": "culvert", "waterway": "drain", "_id": 1026577169}, "geometry": {"type": "LineString", "coordinates": [[-87.9013219, 41.9492087], [-87.9009676, 41.9492225]]}}, {"type": "Feature", "properties": {"intermittent": "yes", "layer": "-1", "tunnel": "culvert", "waterway": "drain", "_id": 1026577170}, "geometry": {"type": "LineString", "coordinates": [[-87.9009676, 41.9492225], [-87.9008844, 41.9489567], [-87.9009189, 41.9488833]]}}, {"type": "Feature", "properties": {"intermittent": "yes", "layer": "-1", "tunnel": "culvert", "waterway": "drain", "_id": 1026577172}, "geometry": {"type": "LineString", "coordinates": [[-87.9007181, 41.9492587], [-87.9009676, 41.9492225]]}}, {"type": "Feature", "properties": {"layer": "-1", "name": "Bensenville Ditch", "tunnel": "culvert", "waterway": "drain", "_id": 1027115513}, "geometry": {"type": "LineString", "coordinates": [[-87.910455, 41.9549402], [-87.9107404, 41.9548086]]}}, {"type": "Feature", "properties": {"NHD:ComID": "109978438", "NHD:FCode": "46003", "NHD:FType": "StreamRiver", "NHD:ReachCode": "7120004003006", "NHD:way_id": "109978438", "attribution": "NHD", "layer": "-1", "source": "NHD_import_v0.3_20090601163626", "tunnel": "culvert", "waterway": "stream", "_id": 1027618444}, "geometry": {"type": "LineString", "coordinates": [[-87.8834829, 41.6699527], [-87.8835118, 41.6700158]]}}, {"type": "Feature", "properties": {"intermittent": "yes", "layer": "-1", "tunnel": "culvert", "waterway": "ditch", "_id": 1030931350}, "geometry": {"type": "LineString", "coordinates": [[-87.8883154, 41.9989533], [-87.8882611, 41.9990875], [-87.8882068, 41.9992217]]}}, {"type": "Feature", "properties": {"intermittent": "yes", "layer": "-1", "tunnel": "culvert", "waterway": "ditch", "_id": 1030931352}, "geometry": {"type": "LineString", "coordinates": [[-87.8888137, 41.9987268], [-87.8885775, 41.9988174]]}}, {"type": "Feature", "properties": {"intermittent": "yes", "layer": "-1", "tunnel": "culvert", "waterway": "ditch", "_id": 1030931354}, "geometry": {"type": "LineString", "coordinates": [[-87.8924744, 41.9979686], [-87.8923729, 41.9979919]]}}, {"type": "Feature", "properties": {"NHD:ComID": "109975630", "NHD:FCode": "46003", "NHD:FType": "StreamRiver", "NHD:ReachCode": "7120004000285", "NHD:way_id": "109975630", "gnis:feature_id": "422161", "layer": "-1", "name": "Willow Creek", "source": "NHD", "tunnel": "culvert", "waterway": "stream", "_id": 1030931356}, "geometry": {"type": "LineString", "coordinates": [[-87.9095888, 42.0045554], [-87.9093955, 42.0045563]]}}, {"type": "Feature", "properties": {"NHD:ComID": "109977178", "NHD:FCode": "46003", "NHD:FType": "StreamRiver", "NHD:ReachCode": "7120004002881", "NHD:way_id": "109977178", "attribution": "NHD", "layer": "-1", "source": "NHD_import_v0.3_20090601163626", "tunnel": "culvert", "waterway": "stream", "_id": 1033440964}, "geometry": {"type": "LineString", "coordinates": [[-87.9131207, 41.7831691], [-87.9130107, 41.783185]]}}, {"type": "Feature", "properties": {"NHD:ComID": "109977178", "NHD:FCode": "46003", "NHD:FType": "StreamRiver", "NHD:ReachCode": "7120004002881", "NHD:way_id": "109977178", "attribution": "NHD", "layer": "-1", "source": "NHD_import_v0.3_20090601163626", "tunnel": "culvert", "waterway": "stream", "_id": 1033440966}, "geometry": {"type": "LineString", "coordinates": [[-87.9161704, 41.783889], [-87.9160711, 41.7839491]]}}, {"type": "Feature", "properties": {"NHD:ComID": "109977178", "NHD:FCode": "46003", "NHD:FType": "StreamRiver", "NHD:ReachCode": "7120004002881", "NHD:way_id": "109977178", "attribution": "NHD", "layer": "-1", "source": "NHD_import_v0.3_20090601163626", "tunnel": "culvert", "waterway": "stream", "_id": 1033440968}, "geometry": {"type": "LineString", "coordinates": [[-87.9168904, 41.7838017], [-87.9167586, 41.7838051], [-87.9166913, 41.7838068]]}}, {"type": "Feature", "properties": {"NHD:ComID": "109978710", "NHD:FCode": "46003", "NHD:FType": "StreamRiver", "NHD:ReachCode": "7120004003047", "NHD:way_id": "109978710", "attribution": "NHD", "layer": "-1", "source": "NHD_import_v0.3_20090601163626", "tunnel": "culvert", "waterway": "stream", "_id": 1033440970}, "geometry": {"type": "LineString", "coordinates": [[-87.937688, 41.645407], [-87.937689, 41.645379], [-87.937861, 41.645225], [-87.938025, 41.645069], [-87.938057, 41.645014], [-87.938042, 41.644911], [-87.938005, 41.64485], [-87.937995, 41.644822], [-87.937967, 41.644795], [-87.937931, 41.644665], [-87.937935, 41.644606], [-87.937984, 41.644513], [-87.938002, 41.644444], [-87.938136, 41.644351], [-87.938211, 41.644313], [-87.938239, 41.644313], [-87.938266, 41.644299], [-87.938373, 41.644216]]}}, {"type": "Feature", "properties": {"NHD:ComID": "109978710", "NHD:FCode": "46003", "NHD:FType": "StreamRiver", "NHD:ReachCode": "7120004003047", "NHD:way_id": "109978710", "attribution": "NHD", "layer": "-1", "source": "NHD_import_v0.3_20090601163626", "tunnel": "culvert", "waterway": "stream", "_id": 1033440971}, "geometry": {"type": "LineString", "coordinates": [[-87.938373, 41.644216], [-87.93844, 41.644164]]}}, {"type": "Feature", "properties": {"NHD:ComID": "109978710", "NHD:FCode": "46003", "NHD:FType": "StreamRiver", "NHD:ReachCode": "7120004003047", "NHD:way_id": "109978710", "attribution": "NHD", "layer": "-1", "source": "NHD_import_v0.3_20090601163626", "tunnel": "culvert", "waterway": "stream", "_id": 1033440973}, "geometry": {"type": "LineString", "coordinates": [[-87.9413191, 41.6428076], [-87.9413727, 41.6427109]]}}, {"type": "Feature", "properties": {"NHD:ComID": "109977550", "NHD:FCode": "46003", "NHD:FType": "StreamRiver", "NHD:ReachCode": "7120004002913", "NHD:way_id": "109977550", "attribution": "NHD", "layer": "-1", "source": "NHD_import_v0.3_20090601163626", "tunnel": "culvert", "waterway": "stream", "_id": 1033440975}, "geometry": {"type": "LineString", "coordinates": [[-87.8964557, 41.7530682], [-87.896234, 41.7530672]]}}, {"type": "Feature", "properties": {"NHD:ComID": "109977550", "NHD:FCode": "46003", "NHD:FType": "StreamRiver", "NHD:ReachCode": "7120004002913", "NHD:way_id": "109977550", "attribution": "NHD", "layer": "-1", "source": "NHD_import_v0.3_20090601163626", "tunnel": "culvert", "waterway": "stream", "_id": 1033440977}, "geometry": {"type": "LineString", "coordinates": [[-87.8976476, 41.7535196], [-87.8975324, 41.7533843]]}}, {"type": "Feature", "properties": {"NHD:ComID": "109977550", "NHD:FCode": "46003", "NHD:FType": "StreamRiver", "NHD:ReachCode": "7120004002913", "NHD:way_id": "109977550", "attribution": "NHD", "layer": "-1", "source": "NHD_import_v0.3_20090601163626", "tunnel": "culvert", "waterway": "stream", "_id": 1033440979}, "geometry": {"type": "LineString", "coordinates": [[-87.9013142, 41.754317], [-87.9011855, 41.7542889]]}}, {"type": "Feature", "properties": {"NHD:ComID": "109977640", "NHD:FCode": "46003", "NHD:FType": "StreamRiver", "NHD:ReachCode": "7120004002925", "NHD:way_id": "109977640", "attribution": "NHD", "layer": "-1", "source": "NHD_import_v0.3_20090601163626", "tunnel": "culvert", "waterway": "stream", "_id": 1033440981}, "geometry": {"type": "LineString", "coordinates": [[-87.9191871, 41.7457106], [-87.9191765, 41.7455369]]}}, {"type": "Feature", "properties": {"NHD:ComID": "109977640", "NHD:FCode": "46003", "NHD:FType": "StreamRiver", "NHD:ReachCode": "7120004002925", "NHD:way_id": "109977640", "attribution": "NHD", "layer": "-1", "source": "NHD_import_v0.3_20090601163626", "tunnel": "culvert", "waterway": "stream", "_id": 1033440983}, "geometry": {"type": "LineString", "coordinates": [[-87.9220371, 41.7477238], [-87.9218982, 41.7476534]]}}, {"type": "Feature", "properties": {"NHD:ComID": "109977606", "NHD:FCode": "46003", "NHD:FType": "StreamRiver", "NHD:ReachCode": "7120004000545", "NHD:way_id": "109977606", "attribution": "NHD", "layer": "-1", "source": "NHD_import_v0.3_20090601163626", "tunnel": "culvert", "waterway": "stream", "_id": 1033440985}, "geometry": {"type": "LineString", "coordinates": [[-87.9010874, 41.7496868], [-87.9010191, 41.7497293]]}}, {"type": "Feature", "properties": {"NHD:ComID": "109977606", "NHD:FCode": "46003", "NHD:FType": "StreamRiver", "NHD:ReachCode": "7120004000545", "NHD:way_id": "109977606", "attribution": "NHD", "layer": "-1", "source": "NHD_import_v0.3_20090601163626", "tunnel": "culvert", "waterway": "stream", "_id": 1033440987}, "geometry": {"type": "LineString", "coordinates": [[-87.9057453, 41.7467358], [-87.9056282, 41.7468151]]}}, {"type": "Feature", "properties": {"NHD:ComID": "109977266", "NHD:FCode": "46003", "NHD:FType": "StreamRiver", "NHD:ReachCode": "7120004000538", "NHD:way_id": "109977266", "attribution": "NHD", "layer": "-1", "source": "NHD_import_v0.3_20090601163626", "tunnel": "culvert", "waterway": "stream", "_id": 1033440989}, "geometry": {"type": "LineString", "coordinates": [[-87.9138938, 41.7781845], [-87.9137766, 41.7782307]]}}, {"type": "Feature", "properties": {"layer": "-1", "tunnel": "culvert", "waterway": "drain", "_id": 1033458851}, "geometry": {"type": "LineString", "coordinates": [[-87.8496226, 41.7996612], [-87.8495172, 41.7996348]]}}, {"type": "Feature", "properties": {"intermittent": "yes", "layer": "-1", "tunnel": "culvert", "waterway": "drain", "_id": 1035761070}, "geometry": {"type": "LineString", "coordinates": [[-87.9263957, 42.012392], [-87.9276523, 42.0128981]]}}, {"type": "Feature", "properties": {"NHD:ComID": "109975492", "NHD:FCode": "46003", "NHD:FType": "StreamRiver", "NHD:ReachCode": "7120004000730", "NHD:way_id": "109975492", "attribution": "NHD", "intermittent": "no", "layer": "-1", "name": "Higgins Creek", "source": "NHD_import_v0.3_20090601163626", "tunnel": "culvert", "waterway": "stream", "_id": 1035803007}, "geometry": {"type": "LineString", "coordinates": [[-87.9489035, 42.0226833], [-87.9485932, 42.0225502]]}}, {"type": "Feature", "properties": {"NHD:ComID": "109975492", "NHD:FCode": "46003", "NHD:FType": "StreamRiver", "NHD:ReachCode": "7120004000730", "NHD:way_id": "109975492", "attribution": "NHD", "intermittent": "no", "layer": "-1", "name": "Higgins Creek", "source": "NHD_import_v0.3_20090601163626", "tunnel": "culvert", "waterway": "stream", "_id": 1035803013}, "geometry": {"type": "LineString", "coordinates": [[-87.9495205, 42.0248099], [-87.9495242, 42.0246982]]}}, {"type": "Feature", "properties": {"NHD:ComID": "109975492", "NHD:FCode": "46003", "NHD:FType": "StreamRiver", "NHD:ReachCode": "7120004000730", "NHD:way_id": "109975492", "attribution": "NHD", "intermittent": "no", "layer": "-1", "name": "Higgins Creek", "source": "NHD_import_v0.3_20090601163626", "tunnel": "culvert", "waterway": "stream", "_id": 1035803015}, "geometry": {"type": "LineString", "coordinates": [[-87.9516304, 42.0257606], [-87.9515276, 42.0257245]]}}, {"type": "Feature", "properties": {"NHD:ComID": "109975492", "NHD:FCode": "46003", "NHD:FType": "StreamRiver", "NHD:ReachCode": "7120004000730", "NHD:way_id": "109975492", "attribution": "NHD", "intermittent": "no", "layer": "-1", "name": "Higgins Creek", "source": "NHD_import_v0.3_20090601163626", "tunnel": "culvert", "waterway": "stream", "_id": 1035803017}, "geometry": {"type": "LineString", "coordinates": [[-87.9533875, 42.0276455], [-87.953353, 42.0276033]]}}, {"type": "Feature", "properties": {"NHD:ComID": "109975492", "NHD:FCode": "46003", "NHD:FType": "StreamRiver", "NHD:ReachCode": "7120004000730", "NHD:way_id": "109975492", "attribution": "NHD", "intermittent": "yes", "layer": "-1", "source": "NHD_import_v0.3_20090601163626", "tunnel": "culvert", "waterway": "stream", "_id": 1035803018}, "geometry": {"type": "LineString", "coordinates": [[-87.9608321, 42.0344574], [-87.95997, 42.0344806]]}}, {"type": "Feature", "properties": {"name": "South Branch Chicago River", "waterway": "canal", "_id": 1040139083}, "geometry": {"type": "LineString", "coordinates": [[-87.6778145, 41.8421208], [-87.6772352, 41.841827], [-87.6765177, 41.8410967]]}}, {"type": "Feature", "properties": {"canoe": "yes", "intermittent": "no", "name": "Ogden Slip", "name:etymology:wikidata": "Q295380", "name:etymology:wikipedia": "en:William B. Ogden", "oneway:canoe": "no", "rapids": "no", "tidal": "no", "waterway": "canal", "wikidata": "Q110408572", "wikipedia": "en:Ogden Slip", "_id": 1040239988}, "geometry": {"type": "LineString", "coordinates": [[-87.6172524, 41.890352], [-87.6146646, 41.8903714], [-87.6144645, 41.890309], [-87.6135497, 41.8903187], [-87.6132795, 41.8903958], [-87.612609, 41.8904331], [-87.6122018, 41.8903464], [-87.6120498, 41.8901177], [-87.6119724, 41.8884124]]}}, {"type": "Feature", "properties": {"NHD:ComID": "109977136", "NHD:FCode": "46003", "NHD:FType": "StreamRiver", "NHD:ReachCode": "7120004000537", "NHD:way_id": "109977136", "attribution": "NHD", "gnis:feature_id": "421803", "layer": "-1", "name": "Flag Creek", "source": "NHD_import_v0.3_20090601163626", "tunnel": "culvert", "waterway": "stream", "_id": 1041849797}, "geometry": {"type": "LineString", "coordinates": [[-87.9131307, 41.8066578], [-87.9127957, 41.8060394]]}}, {"type": "Feature", "properties": {"intermittent": "yes", "layer": "-1", "tunnel": "culvert", "waterway": "drain", "_id": 1050892572}, "geometry": {"type": "LineString", "coordinates": [[-87.9536185, 42.0277616], [-87.9535236, 42.0278079]]}}, {"type": "Feature", "properties": {"intermittent": "yes", "layer": "-1", "tunnel": "culvert", "waterway": "drain", "_id": 1050892575}, "geometry": {"type": "LineString", "coordinates": [[-87.953405, 42.0278095], [-87.9534807, 42.0277631]]}}, {"type": "Feature", "properties": {"intermittent": "yes", "layer": "-1", "tunnel": "culvert", "waterway": "drain", "_id": 1051159977}, "geometry": {"type": "LineString", "coordinates": [[-87.9416934, 42.0065562], [-87.9419263, 42.0065737]]}}, {"type": "Feature", "properties": {"intermittent": "yes", "layer": "-1", "tunnel": "culvert", "waterway": "drain", "_id": 1051159980}, "geometry": {"type": "LineString", "coordinates": [[-87.9399074, 42.0010626], [-87.9399256, 42.0014928], [-87.9370816, 42.0015232], [-87.9370324, 42.0015237], [-87.9370107, 42.0008574]]}}, {"type": "Feature", "properties": {"intermittent": "yes", "layer": "-1", "tunnel": "culvert", "waterway": "ditch", "_id": 1051159983}, "geometry": {"type": "LineString", "coordinates": [[-87.9417948, 42.0012054], [-87.9417234, 42.001206]]}}, {"type": "Feature", "properties": {"intermittent": "yes", "layer": "-1", "tunnel": "culvert", "waterway": "ditch", "_id": 1051159988}, "geometry": {"type": "LineString", "coordinates": [[-87.941702, 42.0024699], [-87.9416988, 42.0022458]]}}, {"type": "Feature", "properties": {"intermittent": "yes", "layer": "-1", "tunnel": "culvert", "waterway": "ditch", "_id": 1051159991}, "geometry": {"type": "LineString", "coordinates": [[-87.9417707, 42.0044319], [-87.9417643, 42.0042318]]}}, {"type": "Feature", "properties": {"intermittent": "yes", "layer": "-1", "tunnel": "culvert", "waterway": "ditch", "_id": 1051159994}, "geometry": {"type": "LineString", "coordinates": [[-87.9418512, 42.0063812], [-87.9418115, 42.0062026]]}}, {"type": "Feature", "properties": {"intermittent": "yes", "layer": "-1", "tunnel": "culvert", "waterway": "ditch", "_id": 1051159998}, "geometry": {"type": "LineString", "coordinates": [[-87.9422213, 42.0068635], [-87.9420357, 42.0068117]]}}, {"type": "Feature", "properties": {"intermittent": "yes", "layer": "-1", "tunnel": "culvert", "waterway": "drain", "_id": 1052528623}, "geometry": {"type": "LineString", "coordinates": [[-87.943997, 42.0071644], [-87.9439104, 42.0072515]]}}, {"type": "Feature", "properties": {"layer": "-1", "tunnel": "culvert", "waterway": "drain", "_id": 1052528624}, "geometry": {"type": "LineString", "coordinates": [[-87.9441239, 42.007955], [-87.9440255, 42.0079727]]}}, {"type": "Feature", "properties": {"intermittent": "yes", "layer": "-1", "tunnel": "culvert", "waterway": "drain", "_id": 1052528625}, "geometry": {"type": "LineString", "coordinates": [[-87.9441212, 42.0079488], [-87.9440229, 42.0079673]]}}, {"type": "Feature", "properties": {"intermittent": "yes", "layer": "-1", "tunnel": "culvert", "waterway": "drain", "_id": 1052528626}, "geometry": {"type": "LineString", "coordinates": [[-87.9441257, 42.0079612], [-87.9440269, 42.0079775]]}}, {"type": "Feature", "properties": {"intermittent": "yes", "layer": "-1", "tunnel": "culvert", "waterway": "ditch", "_id": 1058399117}, "geometry": {"type": "LineString", "coordinates": [[-87.9429461, 42.0208383], [-87.9425942, 42.0208494]]}}, {"type": "Feature", "properties": {"NHD:ComID": "109977268", "NHD:FCode": "46003", "NHD:FType": "StreamRiver", "NHD:ReachCode": "7120004000543", "NHD:way_id": "109977268", "attribution": "NHD", "layer": "-1", "source": "NHD_import_v0.3_20090601163626", "tunnel": "culvert", "waterway": "stream", "_id": 1058991091}, "geometry": {"type": "LineString", "coordinates": [[-87.9553623, 41.7766796], [-87.9551285, 41.7766888]]}}, {"type": "Feature", "properties": {"intermittent": "yes", "layer": "-1", "tunnel": "culvert", "waterway": "drain", "_id": 1062743028}, "geometry": {"type": "LineString", "coordinates": [[-87.9423387, 42.0167923], [-87.9419407, 42.0170002], [-87.9424023, 42.0174617], [-87.9423577, 42.0174836], [-87.9423879, 42.017516]]}}, {"type": "Feature", "properties": {"intermittent": "yes", "layer": "-1", "tunnel": "culvert", "waterway": "drain", "_id": 1064912680}, "geometry": {"type": "LineString", "coordinates": [[-87.9416484, 42.0011942], [-87.9402389, 42.0012106], [-87.9399637, 42.0010457]]}}, {"type": "Feature", "properties": {"layer": "-1", "tunnel": "culvert", "waterway": "stream", "_id": 1069832818}, "geometry": {"type": "LineString", "coordinates": [[-87.9435056, 41.7125511], [-87.9433733, 41.7125621]]}}, {"type": "Feature", "properties": {"layer": "-1", "tunnel": "culvert", "waterway": "stream", "_id": 1069832820}, "geometry": {"type": "LineString", "coordinates": [[-87.9425501, 41.7127755], [-87.9424181, 41.7127932]]}}, {"type": "Feature", "properties": {"layer": "-1", "tunnel": "culvert", "waterway": "stream", "_id": 1069832822}, "geometry": {"type": "LineString", "coordinates": [[-87.9392239, 41.7124941], [-87.9391948, 41.7123963]]}}, {"type": "Feature", "properties": {"intermittent": "yes", "layer": "-1", "tunnel": "culvert", "waterway": "drain", "_id": 1071335518}, "geometry": {"type": "LineString", "coordinates": [[-87.9342575, 42.0026069], [-87.933527, 42.0032104]]}}, {"type": "Feature", "properties": {"intermittent": "yes", "layer": "-1", "tunnel": "culvert", "waterway": "drain", "_id": 1071335519}, "geometry": {"type": "LineString", "coordinates": [[-87.9314714, 42.0049498], [-87.9310694, 42.0052644], [-87.9310261, 42.0052746], [-87.9299817, 42.0050554], [-87.9299355, 42.0050449], [-87.9283917, 42.0047126], [-87.9280608, 42.0046517]]}}, {"type": "Feature", "properties": {"intermittent": "yes", "layer": "-1", "tunnel": "culvert", "waterway": "drain", "_id": 1075542325}, "geometry": {"type": "LineString", "coordinates": [[-87.9377713, 41.9979654], [-87.9376961, 41.99791]]}}, {"type": "Feature", "properties": {"intermittent": "yes", "layer": "-1", "tunnel": "culvert", "waterway": "ditch", "_id": 1075585615}, "geometry": {"type": "LineString", "coordinates": [[-87.9356078, 42.0008557], [-87.9353254, 42.0008499]]}}, {"type": "Feature", "properties": {"intermittent": "yes", "layer": "-1", "tunnel": "culvert", "waterway": "ditch", "_id": 1077007235}, "geometry": {"type": "LineString", "coordinates": [[-87.9329783, 42.0025601], [-87.9327262, 42.0024541], [-87.9327078, 42.0024463]]}}, {"type": "Feature", "properties": {"intermittent": "yes", "layer": "-1", "tunnel": "culvert", "waterway": "ditch", "_id": 1077007236}, "geometry": {"type": "LineString", "coordinates": [[-87.9319278, 42.002373], [-87.9292583, 42.0024008]]}}, {"type": "Feature", "properties": {"NHD:ComID": "109978598", "NHD:FCode": "46003", "NHD:FType": "StreamRiver", "NHD:ReachCode": "7120004000831", "NHD:way_id": "109978598", "attribution": "NHD", "layer": "-1", "source": "NHD_import_v0.3_20090601163626", "tunnel": "culvert", "waterway": "stream", "_id": 1078660313}, "geometry": {"type": "LineString", "coordinates": [[-87.9446851, 41.6547369], [-87.9447563, 41.6547234]]}}, {"type": "Feature", "properties": {"NHD:ComID": "109978796", "NHD:FCode": "46003", "NHD:FType": "StreamRiver", "NHD:ReachCode": "7120004003057", "NHD:way_id": "109978796", "attribution": "NHD", "layer": "-1", "source": "NHD_import_v0.3_20090601163626", "tunnel": "culvert", "waterway": "stream", "_id": 1078703627}, "geometry": {"type": "LineString", "coordinates": [[-87.935804, 41.6377459], [-87.9360499, 41.637851]]}}, {"type": "Feature", "properties": {"NHD:ComID": "109977874", "NHD:FCode": "46003", "NHD:FType": "StreamRiver", "NHD:ReachCode": "7120004002959", "NHD:way_id": "109977874", "attribution": "NHD", "layer": "-1", "source": "NHD_import_v0.3_20090601163626", "tunnel": "culvert", "waterway": "stream", "_id": 1082213098}, "geometry": {"type": "LineString", "coordinates": [[-87.9501321, 41.7231861], [-87.9502585, 41.7230445]]}}, {"type": "Feature", "properties": {"NHD:ComID": "109977676", "NHD:FCode": "46003", "NHD:FType": "StreamRiver", "NHD:ReachCode": "7120004000546", "NHD:way_id": "109977676", "attribution": "NHD", "layer": "-1", "source": "NHD_import_v0.3_20090601163626", "tunnel": "culvert", "waterway": "stream", "_id": 1085642434}, "geometry": {"type": "LineString", "coordinates": [[-87.9122954, 41.7385881], [-87.9122767, 41.7384484]]}}, {"type": "Feature", "properties": {"NHD:ComID": "109977676", "NHD:FCode": "46003", "NHD:FType": "StreamRiver", "NHD:ReachCode": "7120004000546", "NHD:way_id": "109977676", "attribution": "NHD", "layer": "-1", "source": "NHD_import_v0.3_20090601163626", "tunnel": "culvert", "waterway": "stream", "_id": 1085642436}, "geometry": {"type": "LineString", "coordinates": [[-87.9153368, 41.7409965], [-87.9151168, 41.7409131]]}}, {"type": "Feature", "properties": {"NHD:ComID": "109977916", "NHD:FCode": "46003", "NHD:FType": "StreamRiver", "NHD:ReachCode": "7120004002955", "NHD:way_id": "109977916", "layer": "-1", "source": "NHD", "tunnel": "culvert", "waterway": "stream", "_id": 1085642438}, "geometry": {"type": "LineString", "coordinates": [[-87.936526, 41.723482], [-87.9366673, 41.723377]]}}, {"type": "Feature", "properties": {"NHD:ComID": "109977916", "NHD:FCode": "46003", "NHD:FType": "StreamRiver", "NHD:ReachCode": "7120004002955", "NHD:way_id": "109977916", "layer": "-1", "source": "NHD", "tunnel": "culvert", "waterway": "stream", "_id": 1085642440}, "geometry": {"type": "LineString", "coordinates": [[-87.934859, 41.72014], [-87.9349189, 41.7200255]]}}, {"type": "Feature", "properties": {"NHD:ComID": "109977916", "NHD:FCode": "46003", "NHD:FType": "StreamRiver", "NHD:ReachCode": "7120004002955", "NHD:way_id": "109977916", "layer": "-1", "source": "NHD", "tunnel": "culvert", "waterway": "stream", "_id": 1085642442}, "geometry": {"type": "LineString", "coordinates": [[-87.93539, 41.721297], [-87.9352677, 41.7213738], [-87.9352217, 41.7214607], [-87.9351422, 41.72148]]}}, {"type": "Feature", "properties": {"NHD:ComID": "109977916", "NHD:FCode": "46003", "NHD:FType": "StreamRiver", "NHD:ReachCode": "7120004002955", "NHD:way_id": "109977916", "layer": "-1", "source": "NHD", "tunnel": "culvert", "waterway": "stream", "_id": 1085642443}, "geometry": {"type": "LineString", "coordinates": [[-87.9366673, 41.723377], [-87.936744, 41.72332], [-87.936789, 41.723268], [-87.936908, 41.723158], [-87.9370067, 41.7230856]]}}, {"type": "Feature", "properties": {"NHD:ComID": "109977916", "NHD:FCode": "46003", "NHD:FType": "StreamRiver", "NHD:ReachCode": "7120004002955", "NHD:way_id": "109977916", "layer": "-1", "source": "NHD", "tunnel": "culvert", "waterway": "stream", "_id": 1085642444}, "geometry": {"type": "LineString", "coordinates": [[-87.9370067, 41.7230856], [-87.937077, 41.723034]]}}, {"type": "Feature", "properties": {"NHD:ComID": "109977916", "NHD:FCode": "46003", "NHD:FType": "StreamRiver", "NHD:ReachCode": "7120004002955", "NHD:way_id": "109977916", "layer": "-1", "source": "NHD", "tunnel": "culvert", "waterway": "stream", "_id": 1085642445}, "geometry": {"type": "LineString", "coordinates": [[-87.937077, 41.723034], [-87.937108, 41.723027], [-87.937227, 41.72295], [-87.937492, 41.722837]]}}, {"type": "Feature", "properties": {"NHD:ComID": "109977916", "NHD:FCode": "46003", "NHD:FType": "StreamRiver", "NHD:ReachCode": "7120004002955", "NHD:way_id": "109977916", "layer": "-1", "source": "NHD", "tunnel": "culvert", "waterway": "stream", "_id": 1085642446}, "geometry": {"type": "LineString", "coordinates": [[-87.937492, 41.722837], [-87.9375633, 41.7227915]]}}, {"type": "Feature", "properties": {"NHD:ComID": "109977916", "NHD:FCode": "46003", "NHD:FType": "StreamRiver", "NHD:ReachCode": "7120004002955", "NHD:way_id": "109977916", "layer": "-1", "source": "NHD", "tunnel": "culvert", "waterway": "stream", "_id": 1085642447}, "geometry": {"type": "LineString", "coordinates": [[-87.9375633, 41.7227915], [-87.937683, 41.722715], [-87.937816, 41.722619], [-87.937994, 41.722501], [-87.938186, 41.722384], [-87.938213, 41.72236]]}}, {"type": "Feature", "properties": {"NHD:ComID": "109977916", "NHD:FCode": "46003", "NHD:FType": "StreamRiver", "NHD:ReachCode": "7120004002955", "NHD:way_id": "109977916", "layer": "-1", "source": "NHD", "tunnel": "culvert", "waterway": "stream", "_id": 1085642448}, "geometry": {"type": "LineString", "coordinates": [[-87.938213, 41.72236], [-87.938245, 41.722315]]}}, {"type": "Feature", "properties": {"intermittent": "yes", "layer": "-1", "tunnel": "culvert", "waterway": "ditch", "_id": 1086303555}, "geometry": {"type": "LineString", "coordinates": [[-87.9355333, 42.0153568], [-87.9354726, 42.015374]]}}, {"type": "Feature", "properties": {"NHD:ComID": "109978178", "NHD:FCode": "46003", "NHD:FType": "StreamRiver", "NHD:ReachCode": "7120004003551", "NHD:way_id": "109978178", "gnis:feature_id": "406813", "layer": "-1", "name": "Crooked Creek", "source": "NHD", "tunnel": "culvert", "waterway": "stream", "_id": 1088280348}, "geometry": {"type": "LineString", "coordinates": [[-87.8607404, 41.6958966], [-87.8607305, 41.695767]]}}, {"type": "Feature", "properties": {"intermittent": "yes", "layer": "-1", "tunnel": "culvert", "waterway": "drain", "_id": 1091859617}, "geometry": {"type": "LineString", "coordinates": [[-87.9369935, 41.997406], [-87.9369019, 41.9973269]]}}, {"type": "Feature", "properties": {"intermittent": "yes", "layer": "-1", "tunnel": "culvert", "waterway": "drain", "_id": 1091859619}, "geometry": {"type": "LineString", "coordinates": [[-87.9372727, 41.9976063], [-87.9370915, 41.9974763]]}}, {"type": "Feature", "properties": {"intermittent": "yes", "layer": "-1", "tunnel": "culvert", "waterway": "drain", "_id": 1091859621}, "geometry": {"type": "LineString", "coordinates": [[-87.9375042, 41.9977724], [-87.9373672, 41.9976741]]}}, {"type": "Feature", "properties": {"intermittent": "yes", "layer": "-1", "tunnel": "culvert", "waterway": "drain", "_id": 1091859623}, "geometry": {"type": "LineString", "coordinates": [[-87.9376602, 41.9978824], [-87.9375702, 41.9978198]]}}, {"type": "Feature", "properties": {"layer": "-1", "tunnel": "culvert", "waterway": "stream", "_id": 1095002969}, "geometry": {"type": "LineString", "coordinates": [[-87.945325, 41.7142547], [-87.9448024, 41.7139577]]}}, {"type": "Feature", "properties": {"NHD:ComID": "109978840", "NHD:FCode": "46003", "NHD:FType": "StreamRiver", "NHD:ReachCode": "7120004003069", "NHD:way_id": "109978840", "attribution": "NHD", "layer": "-1", "source": "NHD_import_v0.3_20090601163626", "tunnel": "culvert", "waterway": "stream", "_id": 1099752407}, "geometry": {"type": "LineString", "coordinates": [[-87.953365, 41.6287127], [-87.953452, 41.628891], [-87.9541609, 41.6291656]]}}, {"type": "Feature", "properties": {"NHD:ComID": "109978840", "NHD:FCode": "46003", "NHD:FType": "StreamRiver", "NHD:ReachCode": "7120004003069", "NHD:way_id": "109978840", "attribution": "NHD", "layer": "-1", "source": "NHD_import_v0.3_20090601163626", "tunnel": "culvert", "waterway": "stream", "_id": 1099752408}, "geometry": {"type": "LineString", "coordinates": [[-87.9541609, 41.6291656], [-87.954224, 41.62919]]}}, {"type": "Feature", "properties": {"NHD:ComID": "109978840", "NHD:FCode": "46003", "NHD:FType": "StreamRiver", "NHD:ReachCode": "7120004003069", "NHD:way_id": "109978840", "attribution": "NHD", "layer": "-1", "source": "NHD_import_v0.3_20090601163626", "tunnel": "culvert", "waterway": "stream", "_id": 1099752410}, "geometry": {"type": "LineString", "coordinates": [[-87.9565527, 41.6310929], [-87.956465, 41.631213], [-87.956367, 41.6313802]]}}, {"type": "Feature", "properties": {"boat": "yes", "canoe": "yes", "deep_draft": "no", "intermittent": "no", "name": "Calumet River", "name:mia": "kinwikami", "oneway:canoe": "no", "rapids": "no", "ship": "yes", "source:deep_draft": "National Transportation Atlas Database 2011", "tidal": "no", "waterway": "river", "wikidata": "Q2934412", "wikipedia": "en:Calumet River", "_id": 1101348583}, "geometry": {"type": "LineString", "coordinates": [[-87.565378, 41.6500095], [-87.5634965, 41.648262], [-87.5617209, 41.646202], [-87.5615165, 41.6447845], [-87.5615654, 41.6439886]]}}, {"type": "Feature", "properties": {"NHD:ComID": "109975932", "NHD:FCode": "46003", "NHD:FType": "StreamRiver", "NHD:ReachCode": "7120004000313", "NHD:way_id": "109975932", "attribution": "NHD", "layer": "-1", "source": "NHD_import_v0.3_20090601163626", "tunnel": "culvert", "waterway": "stream", "_id": 1106959056}, "geometry": {"type": "LineString", "coordinates": [[-87.946236, 41.945441], [-87.9461475, 41.9453931]]}}, {"type": "Feature", "properties": {"NHD:ComID": "109975932", "NHD:FCode": "46003", "NHD:FType": "StreamRiver", "NHD:ReachCode": "7120004000313", "NHD:way_id": "109975932", "attribution": "NHD", "layer": "-1", "source": "NHD_import_v0.3_20090601163626", "tunnel": "culvert", "waterway": "stream", "_id": 1106959058}, "geometry": {"type": "LineString", "coordinates": [[-87.946633, 41.945452], [-87.9465326, 41.9454595]]}}, {"type": "Feature", "properties": {"NHD:ComID": "109975932", "NHD:FCode": "46003", "NHD:FType": "StreamRiver", "NHD:ReachCode": "7120004000313", "NHD:way_id": "109975932", "attribution": "NHD", "layer": "-1", "source": "NHD_import_v0.3_20090601163626", "tunnel": "culvert", "waterway": "stream", "_id": 1106959060}, "geometry": {"type": "LineString", "coordinates": [[-87.9475929, 41.9448598], [-87.9474529, 41.9448739]]}}, {"type": "Feature", "properties": {"NHD:ComID": "109975986", "NHD:FCode": "46003", "NHD:FType": "StreamRiver", "NHD:ReachCode": "7120004000938", "NHD:way_id": "109975986", "attribution": "NHD", "layer": "-1", "source": "NHD_import_v0.3_20090601163626", "tunnel": "culvert", "waterway": "stream", "_id": 1106959078}, "geometry": {"type": "LineString", "coordinates": [[-87.952859, 41.93743], [-87.9526989, 41.9374832]]}}, {"type": "Feature", "properties": {"NHD:ComID": "109976010", "NHD:FCode": "46003", "NHD:FType": "StreamRiver", "NHD:ReachCode": "7120004000977", "NHD:way_id": "109976010", "attribution": "NHD", "layer": "-1", "source": "NHD_import_v0.3_20090601163626", "tunnel": "culvert", "waterway": "stream", "_id": 1106959081}, "geometry": {"type": "LineString", "coordinates": [[-87.9472396, 41.9357008], [-87.9471694, 41.9356149]]}}, {"type": "Feature", "properties": {"NHD:ComID": "109976010", "NHD:FCode": "46003", "NHD:FType": "StreamRiver", "NHD:ReachCode": "7120004000977", "NHD:way_id": "109976010", "attribution": "NHD", "layer": "-1", "source": "NHD_import_v0.3_20090601163626", "tunnel": "culvert", "waterway": "stream", "_id": 1106959083}, "geometry": {"type": "LineString", "coordinates": [[-87.9504241, 41.935318], [-87.9502877, 41.9354004]]}}, {"type": "Feature", "properties": {"NHD:ComID": "109975986", "NHD:FCode": "46003", "NHD:FType": "StreamRiver", "NHD:ReachCode": "7120004000938", "NHD:way_id": "109975986", "attribution": "NHD", "layer": "-1", "source": "NHD_import_v0.3_20090601163626", "tunnel": "culvert", "waterway": "stream", "_id": 1106959085}, "geometry": {"type": "LineString", "coordinates": [[-87.9537284, 41.9375067], [-87.9534881, 41.9374772]]}}, {"type": "Feature", "properties": {"NHD:ComID": "109976706", "NHD:FCode": "46003", "NHD:FType": "StreamRiver", "NHD:ReachCode": "7120004002819", "NHD:way_id": "109976706", "attribution": "NHD", "layer": "-1", "source": "NHD_import_v0.3_20090601163626", "tunnel": "culvert", "waterway": "stream", "_id": 1120439982}, "geometry": {"type": "LineString", "coordinates": [[-87.9405551, 41.8272337], [-87.94052, 41.827322]]}}, {"type": "Feature", "properties": {"NHD:ComID": "109977452", "NHD:FCode": "46003", "NHD:FType": "StreamRiver", "NHD:ReachCode": "7120004000321", "NHD:way_id": "109977452", "attribution": "NHD", "layer": "-1", "source": "NHD_import_v0.3_20090601163626", "tunnel": "culvert", "waterway": "stream", "_id": 1135781421}, "geometry": {"type": "LineString", "coordinates": [[-87.8569227, 41.7591433], [-87.8566804, 41.7590385]]}}, {"type": "Feature", "properties": {"layer": "-1", "tunnel": "culvert", "waterway": "stream", "_id": 1137681685}, "geometry": {"type": "LineString", "coordinates": [[-87.8264422, 41.6201796], [-87.8263843, 41.6202264]]}}, {"type": "Feature", "properties": {"NHD:ComID": "109976236", "NHD:FCode": "46006", "NHD:FType": "StreamRiver", "NHD:ReachCode": "7120004002765", "NHD:way_id": "109976236", "attribution": "NHD", "gnis:feature_id": "404181", "layer": "-1", "name": "Silver Creek (Bensenville Ditch)", "source": "NHD_import_v0.3_20090601163626", "tunnel": "culvert", "waterway": "stream", "_id": 1147452838}, "geometry": {"type": "LineString", "coordinates": [[-87.8622133, 41.9111297], [-87.862119, 41.9111385], [-87.8617716, 41.9111684], [-87.860805, 41.9111823], [-87.8606331, 41.9111421], [-87.860588, 41.911036], [-87.8605853, 41.9102031], [-87.8604932, 41.9101708]]}}, {"type": "Feature", "properties": {"layer": "-1", "tunnel": "culvert", "waterway": "stream", "_id": 1147466526}, "geometry": {"type": "LineString", "coordinates": [[-87.8503984, 41.6397952], [-87.8508601, 41.6397275]]}}, {"type": "Feature", "properties": {"layer": "-1", "tunnel": "culvert", "waterway": "stream", "_id": 1147466528}, "geometry": {"type": "LineString", "coordinates": [[-87.8499706, 41.6402774], [-87.8501644, 41.6400493]]}}, {"type": "Feature", "properties": {"layer": "-1", "tunnel": "culvert", "waterway": "stream", "_id": 1147466530}, "geometry": {"type": "LineString", "coordinates": [[-87.8498244, 41.6404167], [-87.8499286, 41.6403211]]}}, {"type": "Feature", "properties": {"layer": "-1", "tunnel": "culvert", "waterway": "stream", "_id": 1147466532}, "geometry": {"type": "LineString", "coordinates": [[-87.8495137, 41.6407268], [-87.8495959, 41.6406394]]}}, {"type": "Feature", "properties": {"layer": "-1", "tunnel": "culvert", "waterway": "stream", "_id": 1147466534}, "geometry": {"type": "LineString", "coordinates": [[-87.8476301, 41.6423104], [-87.8486903, 41.641442]]}}, {"type": "Feature", "properties": {"layer": "-1", "tunnel": "culvert", "waterway": "stream", "_id": 1147466536}, "geometry": {"type": "LineString", "coordinates": [[-87.8442622, 41.6453709], [-87.8443056, 41.6452645], [-87.8443844, 41.6450715]]}}, {"type": "Feature", "properties": {"layer": "-1", "tunnel": "culvert", "waterway": "stream", "_id": 1147466538}, "geometry": {"type": "LineString", "coordinates": [[-87.8433255, 41.647209], [-87.8434417, 41.6469057]]}}, {"type": "Feature", "properties": {"layer": "-1", "tunnel": "culvert", "waterway": "stream", "_id": 1147466540}, "geometry": {"type": "LineString", "coordinates": [[-87.8420662, 41.6498528], [-87.8421347, 41.6497248]]}}, {"type": "Feature", "properties": {"layer": "-1", "tunnel": "culvert", "waterway": "stream", "_id": 1147466542}, "geometry": {"type": "LineString", "coordinates": [[-87.8407892, 41.6523912], [-87.8410227, 41.6519574]]}}, {"type": "Feature", "properties": {"layer": "-1", "tunnel": "culvert", "waterway": "stream", "_id": 1147466544}, "geometry": {"type": "LineString", "coordinates": [[-87.8400283, 41.652679], [-87.8400586, 41.6524873]]}}, {"type": "Feature", "properties": {"layer": "-1", "tunnel": "culvert", "waterway": "stream", "_id": 1150838140}, "geometry": {"type": "LineString", "coordinates": [[-87.8653096, 41.7524319], [-87.8644392, 41.7518936]]}}, {"type": "Feature", "properties": {"layer": "-1", "tunnel": "culvert", "waterway": "stream", "_id": 1150838143}, "geometry": {"type": "LineString", "coordinates": [[-87.8661583, 41.7529821], [-87.8656591, 41.7526566]]}}, {"type": "Feature", "properties": {"layer": "-1", "tunnel": "culvert", "waterway": "stream", "_id": 1150838145}, "geometry": {"type": "LineString", "coordinates": [[-87.8655761, 41.7526024], [-87.8655309, 41.752573]]}}, {"type": "Feature", "properties": {"layer": "-1", "tunnel": "culvert", "waterway": "stream", "_id": 1150838146}, "geometry": {"type": "LineString", "coordinates": [[-87.8656591, 41.7526566], [-87.8655761, 41.7526024]]}}, {"type": "Feature", "properties": {"boat": "yes", "canoe": "yes", "deep_draft": "no", "intermittent": "no", "name": "Calumet River", "oneway:canoe": "no", "rapids": "no", "ship": "yes", "source:deep_draft": "National Transportation Atlas Database 2011", "tidal": "no", "waterway": "river", "wikidata": "Q2934412", "wikipedia": "en:Calumet River", "_id": 1151106709}, "geometry": {"type": "LineString", "coordinates": [[-87.5615654, 41.6439886], [-87.5617214, 41.6432616], [-87.5625218, 41.6420766], [-87.5635797, 41.6411], [-87.5652711, 41.6400136], [-87.5678535, 41.638345], [-87.5691115, 41.6383374], [-87.5709514, 41.63846], [-87.5730505, 41.638717], [-87.5752773, 41.6394583], [-87.5773169, 41.6406101], [-87.5796327, 41.6416324], [-87.5819855, 41.6426546], [-87.5837418, 41.6435314], [-87.585344, 41.6445344], [-87.5856322, 41.6447148], [-87.587196, 41.6462765], [-87.5888874, 41.6479669], [-87.5899483, 41.6488147], [-87.5904542, 41.6490863]]}}, {"type": "Feature", "properties": {"canoe": "yes", "name": "Little Calumet River", "source": "Bing", "tidal": "no", "waterway": "river", "_id": 1151109425}, "geometry": {"type": "LineString", "coordinates": [[-87.6439123, 41.6291243], [-87.6444225, 41.6292151], [-87.6448302, 41.6292752], [-87.6451386, 41.6293113], [-87.645313, 41.6293073], [-87.6455678, 41.6292792], [-87.6458149, 41.6292137], [-87.6460425, 41.6291329], [-87.6462598, 41.6290166], [-87.646464, 41.6288949], [-87.6466567, 41.628758], [-87.6468525, 41.6286196], [-87.6470648, 41.6284919], [-87.6472629, 41.6284011], [-87.6474748, 41.6283309], [-87.6477082, 41.6282888], [-87.6479335, 41.6282768], [-87.6481561, 41.6282988], [-87.6485397, 41.628361], [-87.6486715, 41.6284077], [-87.6487971, 41.6284933], [-87.6489424, 41.6286463], [-87.6490524, 41.6288247], [-87.6491485, 41.6290326], [-87.6492026, 41.6291996], [-87.6492075, 41.6293694], [-87.649105, 41.6298359]]}}, {"type": "Feature", "properties": {"layer": "-1", "tunnel": "culvert", "waterway": "stream", "_id": 1152772229}, "geometry": {"type": "LineString", "coordinates": [[-87.8733523, 41.73258], [-87.8736975, 41.7327332]]}}, {"type": "Feature", "properties": {"layer": "-1", "tunnel": "culvert", "waterway": "stream", "_id": 1152772230}, "geometry": {"type": "LineString", "coordinates": [[-87.8743841, 41.7325213], [-87.8753104, 41.732528], [-87.8760739, 41.7329694], [-87.876301, 41.7331715], [-87.876925, 41.7337076], [-87.8779453, 41.7344387]]}}, {"type": "Feature", "properties": {"boat": "no", "layer": "-1", "name": "Silver Creek", "tunnel": "culvert", "waterway": "stream", "_id": 1160303712}, "geometry": {"type": "LineString", "coordinates": [[-87.9378257, 41.9618285], [-87.9367298, 41.9617251]]}}, {"type": "Feature", "properties": {"NHD:ComID": "109978328", "NHD:FCode": "46003", "NHD:FType": "StreamRiver", "NHD:ReachCode": "7120004000787", "NHD:way_id": "109978328", "attribution": "NHD", "layer": "-1", "source": "NHD_import_v0.3_20090601163626", "tunnel": "culvert", "waterway": "stream", "_id": 1165521264}, "geometry": {"type": "LineString", "coordinates": [[-87.9481609, 41.6855412], [-87.948211, 41.685571]]}}, {"type": "Feature", "properties": {"layer": "-1", "tunnel": "culvert", "waterway": "drain", "_id": 1169736133}, "geometry": {"type": "LineString", "coordinates": [[-87.78657, 41.9996148], [-87.786563, 41.9996665]]}}, {"type": "Feature", "properties": {"intermittent": "yes", "layer": "-1", "tunnel": "culvert", "waterway": "drain", "_id": 1169736135}, "geometry": {"type": "LineString", "coordinates": [[-87.7863954, 41.9989119], [-87.7864092, 41.9989703]]}}, {"type": "Feature", "properties": {"boat": "yes", "canoe": "yes", "intermittent": "no", "name": "North Branch Chicago River", "tidal": "no", "waterway": "river", "wikidata": "Q643284", "wikipedia": "en:Chicago River", "_id": 1169748112}, "geometry": {"type": "LineString", "coordinates": [[-87.7976194, 42.0145514], [-87.7974945, 42.0144051], [-87.7970857, 42.0141136], [-87.7963001, 42.0137363], [-87.7954246, 42.0132179], [-87.7953396, 42.0131078], [-87.7953007, 42.0129781], [-87.795293, 42.0128354], [-87.7953471, 42.0126615], [-87.7955272, 42.0124136], [-87.7955635, 42.0123658]]}}, {"type": "Feature", "properties": {"boat": "yes", "canoe": "yes", "intermittent": "no", "name": "North Branch Chicago River", "tidal": "no", "waterway": "river", "wikidata": "Q643284", "wikipedia": "en:Chicago River", "_id": 1169751581}, "geometry": {"type": "LineString", "coordinates": [[-87.7925904, 42.023688], [-87.7923706, 42.0232348], [-87.7920449, 42.0222082], [-87.7920259, 42.0220188], [-87.7920503, 42.0218464], [-87.7921249, 42.0216444], [-87.7922534, 42.0214856], [-87.7925888, 42.021205], [-87.7928306, 42.0210792], [-87.7931508, 42.0209429], [-87.7936722, 42.0207126], [-87.7939965, 42.0206415], [-87.7941436, 42.0205916], [-87.7953376, 42.0200184], [-87.7955989, 42.0198291], [-87.7956716, 42.0195411], [-87.7957254, 42.0190712], [-87.7957378, 42.0190337], [-87.795802, 42.0188397], [-87.795954, 42.0182907], [-87.79589, 42.0181502], [-87.7957285, 42.0180079], [-87.795492, 42.0178555], [-87.7954262, 42.0177411], [-87.7954014, 42.0176383], [-87.7954711, 42.0175678], [-87.7955781, 42.0175079], [-87.7958418, 42.0174898], [-87.7962288, 42.0174997], [-87.7964047, 42.017496], [-87.796487, 42.0174871], [-87.7969056, 42.017405], [-87.7972075, 42.0173395], [-87.7974501, 42.0172187], [-87.7976357, 42.017043], [-87.7977967, 42.0167556], [-87.7979995, 42.0159736], [-87.7979138, 42.0150243], [-87.7976194, 42.0145514]]}}, {"type": "Feature", "properties": {"boat": "yes", "canoe": "yes", "intermittent": "no", "name": "North Branch Chicago River", "tidal": "no", "waterway": "river", "wikidata": "Q643284", "wikipedia": "en:Chicago River", "_id": 1169751583}, "geometry": {"type": "LineString", "coordinates": [[-87.7929079, 42.0257802], [-87.7929656, 42.02575], [-87.7932223, 42.0255965], [-87.793498, 42.025438], [-87.7935946, 42.0253533], [-87.7936538, 42.0252652], [-87.7936787, 42.0251652], [-87.7936751, 42.0250303], [-87.793626, 42.0248459], [-87.7935223, 42.0246298], [-87.7926857, 42.0237985], [-87.7925904, 42.023688]]}}, {"type": "Feature", "properties": {"intermittent": "yes", "layer": "-1", "tunnel": "culvert", "waterway": "drain", "_id": 1170419294}, "geometry": {"type": "LineString", "coordinates": [[-87.7954004, 42.0320557], [-87.7952924, 42.0320515]]}}, {"type": "Feature", "properties": {"intermittent": "yes", "layer": "-1", "tunnel": "culvert", "waterway": "drain", "_id": 1170419297}, "geometry": {"type": "LineString", "coordinates": [[-87.7942692, 42.0299354], [-87.7941642, 42.0299585]]}}, {"type": "Feature", "properties": {"intermittent": "yes", "layer": "-1", "tunnel": "culvert", "waterway": "drain", "_id": 1170419300}, "geometry": {"type": "LineString", "coordinates": [[-87.7952506, 42.0332599], [-87.7951397, 42.0332375]]}}, {"type": "Feature", "properties": {"intermittent": "yes", "layer": "-1", "tunnel": "culvert", "waterway": "drain", "_id": 1170419304}, "geometry": {"type": "LineString", "coordinates": [[-87.7949245, 42.0342558], [-87.7948163, 42.0342447]]}}, {"type": "Feature", "properties": {"intermittent": "yes", "layer": "-1", "tunnel": "culvert", "waterway": "drain", "_id": 1170419310}, "geometry": {"type": "LineString", "coordinates": [[-87.7910107, 42.0398908], [-87.7908398, 42.0398102]]}}, {"type": "Feature", "properties": {"intermittent": "yes", "layer": "-1", "tunnel": "culvert", "waterway": "drain", "_id": 1170419318}, "geometry": {"type": "LineString", "coordinates": [[-87.7936772, 42.0374475], [-87.7935805, 42.0374091]]}}, {"type": "Feature", "properties": {"intermittent": "yes", "layer": "-1", "tunnel": "culvert", "waterway": "drain", "_id": 1170422742}, "geometry": {"type": "LineString", "coordinates": [[-87.7888115, 42.0293163], [-87.7890395, 42.029183]]}}, {"type": "Feature", "properties": {"intermittent": "yes", "layer": "-1", "tunnel": "culvert", "waterway": "drain", "_id": 1170425030}, "geometry": {"type": "LineString", "coordinates": [[-87.7925058, 42.0321374], [-87.7926344, 42.0321103]]}}, {"type": "Feature", "properties": {"intermittent": "yes", "layer": "-1", "source": "Bing", "tunnel": "culvert", "waterway": "ditch", "_id": 1173152269}, "geometry": {"type": "LineString", "coordinates": [[-87.7951624, 42.03609], [-87.7950512, 42.0360994]]}}, {"type": "Feature", "properties": {"abandoned:waterway": "dam", "name": "Dam # 4", "note": "Removed 2021 https://fpdcc.com/about/plans-projects/dam-removals/", "_id": 1173198279}, "geometry": {"type": "LineString", "coordinates": [[-87.8588611, 41.9935075], [-87.8588388, 41.9935238], [-87.8591409, 41.993743], [-87.8591606, 41.9937267], [-87.8588611, 41.9935075]]}}, {"type": "Feature", "properties": {"abandoned:waterway": "dam", "area": "yes", "name": "Touhy Road Dam", "note": "Removed 2021 https://fpdcc.com/about/plans-projects/dam-removals/", "_id": 1173199542}, "geometry": {"type": "LineString", "coordinates": [[-87.8650408, 42.0134312], [-87.8654344, 42.0133144], [-87.8654261, 42.0132989], [-87.8650325, 42.0134158], [-87.8650408, 42.0134312]]}}, {"type": "Feature", "properties": {"abandoned:waterway": "dam", "area": "yes", "name": "Dempster Avenue Dam", "note": "removed 2016 https://fpdcc.com/about/plans-projects/dam-removals/", "_id": 1173203294}, "geometry": {"type": "LineString", "coordinates": [[-87.8825991, 42.0385161], [-87.882994, 42.0384431], [-87.882998, 42.0384566], [-87.8826027, 42.0385285], [-87.8825991, 42.0385161]]}}, {"type": "Feature", "properties": {"abandoned:waterway": "dam", "area": "yes", "name": "Hofmann Dam", "note": "Hofmann Dam removed in 2012:\nhttp://fpdcc.com/preserves-and-trails/plans-and-projects/dam-removal/", "_id": 1173206181}, "geometry": {"type": "LineString", "coordinates": [[-87.8220247, 41.8206284], [-87.8221419, 41.8207181], [-87.8225533, 41.8210301], [-87.822674, 41.8211249], [-87.8226627, 41.821134], [-87.822011, 41.8206381], [-87.8220247, 41.8206284]]}}, {"type": "Feature", "properties": {"abandoned:waterway": "dam", "area": "yes", "name": "Fairbanks Dam", "note": "Fairbanks Dam removed in 2012:\nhttp://fpdcc.com/preserves-and-trails/plans-and-projects/dam-removal/", "_id": 1173206640}, "geometry": {"type": "LineString", "coordinates": [[-87.8200236, 41.8223354], [-87.8201204, 41.8228283], [-87.820103, 41.8228302], [-87.820006, 41.8223373], [-87.8200236, 41.8223354]]}}, {"type": "Feature", "properties": {"abandoned:waterway": "dam", "area": "yes", "name": "Armitage Dam", "note": "Armitage Dam removed in 2012:\nhttp://fpdcc.com/preserves-and-trails/plans-and-projects/dam-removal/", "_id": 1173207361}, "geometry": {"type": "LineString", "coordinates": [[-87.833029, 41.9147748], [-87.8334942, 41.9147871], [-87.8334945, 41.9147995], [-87.8330284, 41.9147881], [-87.833029, 41.9147748]]}}, {"type": "Feature", "properties": {"intermittent": "yes", "layer": "-1", "tunnel": "culvert", "waterway": "drain", "_id": 1173526366}, "geometry": {"type": "LineString", "coordinates": [[-87.9312274, 41.9980458], [-87.9310861, 41.9980623], [-87.9309447, 41.998056], [-87.9305221, 41.9977752]]}}, {"type": "Feature", "properties": {"intermittent": "yes", "layer": "-1", "tunnel": "culvert", "waterway": "drain", "_id": 1174847706}, "geometry": {"type": "LineString", "coordinates": [[-87.9538881, 42.0151235], [-87.9539095, 42.0152096]]}}, {"type": "Feature", "properties": {"boat": "yes", "canoe": "yes", "intermittent": "no", "name": "North Branch Chicago River", "tidal": "no", "waterway": "river", "wikidata": "Q643284", "wikipedia": "en:Chicago River", "_id": 1175237448}, "geometry": {"type": "LineString", "coordinates": [[-87.7808325, 42.050402], [-87.7809396, 42.0499515], [-87.7809912, 42.0496498], [-87.7810218, 42.0493599], [-87.7810898, 42.0490734], [-87.7811115, 42.0490044], [-87.7811862, 42.0488903], [-87.7813698, 42.0486303], [-87.7814744, 42.0483674], [-87.7815141, 42.0480005], [-87.7815064, 42.0476809], [-87.7815253, 42.047569], [-87.7815812, 42.0474895], [-87.7816792, 42.0474113], [-87.7818364, 42.0473453], [-87.7820018, 42.0473183], [-87.7823092, 42.0473333], [-87.7829987, 42.0473284], [-87.7834519, 42.0473279], [-87.7838143, 42.0472924], [-87.7841971, 42.0472037], [-87.7843443, 42.0471517], [-87.7844356, 42.0470839], [-87.7846394, 42.0468775], [-87.7847534, 42.0467393], [-87.7848196, 42.0466224], [-87.7848663, 42.0465134], [-87.7848956, 42.0463879], [-87.7848753, 42.0462604], [-87.7847452, 42.0459737], [-87.7846896, 42.0458896], [-87.7846647, 42.0458206], [-87.7846775, 42.0457448], [-87.784784, 42.0456624], [-87.7849396, 42.0456128], [-87.7850191, 42.0456042], [-87.7851219, 42.0456252], [-87.7853536, 42.045823], [-87.7855841, 42.0459644], [-87.7857479, 42.0460329], [-87.7858845, 42.0460514], [-87.7859929, 42.0460226], [-87.7861201, 42.0459338], [-87.7863528, 42.0457506], [-87.7864113, 42.0456752], [-87.7864557, 42.0455874], [-87.7865441, 42.0452494], [-87.7865363, 42.045047], [-87.7864759, 42.0448358], [-87.7863963, 42.0446513], [-87.7863384, 42.0443153], [-87.7861063, 42.0437358], [-87.7860821, 42.0436755], [-87.786008, 42.0433127], [-87.7860563, 42.0431596], [-87.7861509, 42.0429998], [-87.7862804, 42.0428672], [-87.7870797, 42.042396], [-87.7879868, 42.0420334], [-87.7881193, 42.0419397], [-87.7881881, 42.0418408], [-87.7882145, 42.0417071], [-87.7882084, 42.0416003], [-87.7881721, 42.0414873], [-87.7880113, 42.0412547], [-87.7878516, 42.0410618], [-87.7877985, 42.040975], [-87.7877735, 42.0408917], [-87.7877701, 42.040744], [-87.7878199, 42.0405769], [-87.7879843, 42.0403098], [-87.7879966, 42.0402979], [-87.7881006, 42.0401257], [-87.7881489, 42.0400158], [-87.7881991, 42.0398542], [-87.7882816, 42.0393487], [-87.7883099, 42.039064], [-87.7883484, 42.0389767], [-87.7884081, 42.038933], [-87.7885082, 42.0388616], [-87.7893847, 42.0384614], [-87.791005, 42.0377314], [-87.7915893, 42.0374731], [-87.7924527, 42.0371769], [-87.7930626, 42.0369382], [-87.7935457, 42.0367509], [-87.7936331, 42.0366929], [-87.793713, 42.036614], [-87.7937673, 42.0365158], [-87.7937829, 42.0364164], [-87.7937853, 42.0362108], [-87.7937171, 42.0358206], [-87.7936351, 42.0356317], [-87.7934681, 42.0353445], [-87.7931003, 42.0350783], [-87.7927078, 42.0348799], [-87.7926392, 42.0348404], [-87.792615, 42.0347989], [-87.7926282, 42.0347469], [-87.7926631, 42.0346912], [-87.7927681, 42.0346008], [-87.7929907, 42.0345148], [-87.7933082, 42.0344318], [-87.7935541, 42.0343519], [-87.7937542, 42.0342569], [-87.7940318, 42.0340952], [-87.794346, 42.0338702], [-87.7944766, 42.0337516], [-87.7945899, 42.0335112], [-87.7946447, 42.0332434], [-87.794646, 42.033202], [-87.7946539, 42.0329542], [-87.7945816, 42.0325857], [-87.7944907, 42.0322461], [-87.7944461, 42.0319613], [-87.7943014, 42.0312648], [-87.7941775, 42.030854], [-87.7937427, 42.0300468], [-87.7936872, 42.0299906], [-87.7933711, 42.0296704], [-87.7927216, 42.029115], [-87.7920028, 42.0285907], [-87.7915471, 42.028207], [-87.79132, 42.0279534], [-87.791197, 42.0277337], [-87.7911324, 42.0274257], [-87.7911544, 42.0270936], [-87.791203, 42.0269358], [-87.7912783, 42.0268057], [-87.7913415, 42.0266992], [-87.7915117, 42.0265479], [-87.7917567, 42.0263614], [-87.7918432, 42.0262956], [-87.7919474, 42.0262163], [-87.7924161, 42.0260381], [-87.7926888, 42.0258951], [-87.7929079, 42.0257802]]}}, {"type": "Feature", "properties": {"layer": "-1", "tunnel": "culvert", "waterway": "stream", "_id": 1175514881}, "geometry": {"type": "LineString", "coordinates": [[-87.7872316, 41.6292141], [-87.7870992, 41.6292285]]}}, {"type": "Feature", "properties": {"intermittent": "yes", "layer": "-1", "pipeline": "water", "tunnel": "culvert", "waterway": "drain", "_id": 1179617527}, "geometry": {"type": "LineString", "coordinates": [[-87.9425545, 42.0138101], [-87.9425572, 42.0138186]]}}, {"type": "Feature", "properties": {"intermittent": "yes", "layer": "-1", "tunnel": "culvert", "waterway": "ditch", "_id": 1180958201}, "geometry": {"type": "LineString", "coordinates": [[-87.9191631, 42.0086504], [-87.9191415, 42.0083832]]}}, {"type": "Feature", "properties": {"intermittent": "yes", "layer": "-1", "tunnel": "culvert", "waterway": "ditch", "_id": 1180958203}, "geometry": {"type": "LineString", "coordinates": [[-87.919136, 42.0082198], [-87.9190048, 42.0079824]]}}, {"type": "Feature", "properties": {"intermittent": "yes", "layer": "-1", "tunnel": "culvert", "waterway": "drain", "_id": 1184934780}, "geometry": {"type": "LineString", "coordinates": [[-87.9246234, 41.9511358], [-87.9246335, 41.9505693]]}}, {"type": "Feature", "properties": {"intermittent": "yes", "layer": "-1", "tunnel": "culvert", "waterway": "drain", "_id": 1184934781}, "geometry": {"type": "LineString", "coordinates": [[-87.9252533, 41.9497389], [-87.9256474, 41.9497321], [-87.9256755, 41.9491868], [-87.9258249, 41.9489922]]}}, {"type": "Feature", "properties": {"layer": "-1", "tunnel": "culvert", "waterway": "stream", "_id": 1193255843}, "geometry": {"type": "LineString", "coordinates": [[-87.5341573, 41.6517063], [-87.5345158, 41.6520457]]}}, {"type": "Feature", "properties": {"layer": "-1", "tunnel": "culvert", "waterway": "stream", "_id": 1193255845}, "geometry": {"type": "LineString", "coordinates": [[-87.534692, 41.6535478], [-87.535195, 41.6538969]]}}, {"type": "Feature", "properties": {"layer": "-1", "tunnel": "culvert", "waterway": "stream", "_id": 1193255846}, "geometry": {"type": "LineString", "coordinates": [[-87.5352239, 41.654006], [-87.5351181, 41.6542701]]}}, {"type": "Feature", "properties": {"layer": "-1", "tunnel": "culvert", "waterway": "stream", "_id": 1193261567}, "geometry": {"type": "LineString", "coordinates": [[-87.5333439, 41.6490968], [-87.533402, 41.6492687]]}}, {"type": "Feature", "properties": {"layer": "-1", "tunnel": "culvert", "waterway": "stream", "_id": 1193261570}, "geometry": {"type": "LineString", "coordinates": [[-87.5330217, 41.6486189], [-87.5330898, 41.6489563]]}}, {"type": "Feature", "properties": {"intermittent": "yes", "layer": "-1", "tunnel": "culvert", "waterway": "river", "_id": 1193395378}, "geometry": {"type": "LineString", "coordinates": [[-87.9213998, 41.6965346], [-87.9214397, 41.6963985]]}}, {"type": "Feature", "properties": {"layer": "-1", "tunnel": "culvert", "waterway": "stream", "_id": 1193396716}, "geometry": {"type": "LineString", "coordinates": [[-87.9008667, 41.7105016], [-87.9009604, 41.7108129]]}}, {"type": "Feature", "properties": {"intermittent": "yes", "layer": "-1", "tunnel": "culvert", "waterway": "stream", "_id": 1193819452}, "geometry": {"type": "LineString", "coordinates": [[-87.8941047, 41.7157697], [-87.893861, 41.7153805]]}}, {"type": "Feature", "properties": {"layer": "-1", "name": "Mill Creek", "tunnel": "culvert", "waterway": "stream", "_id": 1203538833}, "geometry": {"type": "LineString", "coordinates": [[-87.8369101, 41.6604856], [-87.8372285, 41.660458]]}}, {"type": "Feature", "properties": {"layer": "-1", "name": "Mill Creek", "tunnel": "culvert", "waterway": "stream", "_id": 1203538837}, "geometry": {"type": "LineString", "coordinates": [[-87.8440585, 41.6669875], [-87.84406, 41.6671138]]}}, {"type": "Feature", "properties": {"layer": "-1", "tunnel": "culvert", "waterway": "stream", "_id": 1203538843}, "geometry": {"type": "LineString", "coordinates": [[-87.8474638, 41.6671676], [-87.8473106, 41.6672373]]}}, {"type": "Feature", "properties": {"layer": "-1", "tunnel": "culvert", "waterway": "stream", "_id": 1203538845}, "geometry": {"type": "LineString", "coordinates": [[-87.8479554, 41.6669167], [-87.8479203, 41.6670284]]}}, {"type": "Feature", "properties": {"layer": "-1", "tunnel": "culvert", "waterway": "stream", "_id": 1203538847}, "geometry": {"type": "LineString", "coordinates": [[-87.8489092, 41.6665945], [-87.8487314, 41.6666081]]}}, {"type": "Feature", "properties": {"layer": "-1", "tunnel": "culvert", "waterway": "stream", "_id": 1203538849}, "geometry": {"type": "LineString", "coordinates": [[-87.8502399, 41.6669801], [-87.8501842, 41.6668691]]}}, {"type": "Feature", "properties": {"layer": "-1", "tunnel": "culvert", "waterway": "stream", "_id": 1203538851}, "geometry": {"type": "LineString", "coordinates": [[-87.8512712, 41.666823], [-87.8511418, 41.666989]]}}, {"type": "Feature", "properties": {"layer": "-1", "tunnel": "culvert", "waterway": "stream", "_id": 1203538853}, "geometry": {"type": "LineString", "coordinates": [[-87.8547645, 41.664093], [-87.8543552, 41.6640593]]}}, {"type": "Feature", "properties": {"layer": "-1", "name": "Mill Creek", "tunnel": "culvert", "waterway": "stream", "_id": 1203538855}, "geometry": {"type": "LineString", "coordinates": [[-87.8513311, 41.6828515], [-87.8512569, 41.6830504]]}}, {"type": "Feature", "properties": {"layer": "-1", "name": "Lucas Ditch", "tunnel": "culvert", "waterway": "stream", "_id": 1203547277}, "geometry": {"type": "LineString", "coordinates": [[-87.8186433, 41.7075962], [-87.8187792, 41.7075954]]}}, {"type": "Feature", "properties": {"layer": "-1", "name": "Lucas Ditch", "tunnel": "culvert", "waterway": "stream", "_id": 1203547279}, "geometry": {"type": "LineString", "coordinates": [[-87.8198158, 41.7075892], [-87.8199481, 41.7075884]]}}, {"type": "Feature", "properties": {"layer": "-1", "name": "Lucas Ditch", "tunnel": "culvert", "waterway": "stream", "_id": 1203547281}, "geometry": {"type": "LineString", "coordinates": [[-87.8222433, 41.7073281], [-87.8223635, 41.7072554]]}}, {"type": "Feature", "properties": {"layer": "-1", "name": "Lucas Ditch", "tunnel": "culvert", "waterway": "stream", "_id": 1203547283}, "geometry": {"type": "LineString", "coordinates": [[-87.8257589, 41.7039709], [-87.8257909, 41.7037207]]}}, {"type": "Feature", "properties": {"layer": "-1", "name": "Lucas Ditch", "tunnel": "culvert", "waterway": "stream", "_id": 1203547285}, "geometry": {"type": "LineString", "coordinates": [[-87.8267429, 41.699648], [-87.8269556, 41.6995951]]}}, {"type": "Feature", "properties": {"layer": "-1", "name": "Lucas Ditch", "tunnel": "culvert", "waterway": "stream", "_id": 1203547287}, "geometry": {"type": "LineString", "coordinates": [[-87.8315304, 41.6986706], [-87.8317245, 41.6986297]]}}, {"type": "Feature", "properties": {"layer": "-1", "name": "Lucas Ditch", "tunnel": "culvert", "waterway": "stream", "_id": 1203547289}, "geometry": {"type": "LineString", "coordinates": [[-87.8333717, 41.6965606], [-87.8333633, 41.6963116]]}}, {"type": "Feature", "properties": {"layer": "-1", "name": "Lucas Ditch", "tunnel": "culvert", "waterway": "stream", "_id": 1203547291}, "geometry": {"type": "LineString", "coordinates": [[-87.833277, 41.6945862], [-87.8332498, 41.6940783]]}}, {"type": "Feature", "properties": {"layer": "-1", "name": "Lucas Ditch", "tunnel": "culvert", "waterway": "stream", "_id": 1203547293}, "geometry": {"type": "LineString", "coordinates": [[-87.8330296, 41.6892604], [-87.8330308, 41.6890317]]}}, {"type": "Feature", "properties": {"layer": "-1", "tunnel": "culvert", "waterway": "stream", "_id": 1203547295}, "geometry": {"type": "LineString", "coordinates": [[-87.8114873, 41.7042914], [-87.8117152, 41.7039661]]}}, {"type": "Feature", "properties": {"layer": "-1", "tunnel": "culvert", "waterway": "stream", "_id": 1203547296}, "geometry": {"type": "LineString", "coordinates": [[-87.8594054, 41.6668652], [-87.859335, 41.6666826]]}}, {"type": "Feature", "properties": {"intermittent": "yes", "layer": "-1", "tunnel": "culvert", "waterway": "stream", "_id": 1203547298}, "geometry": {"type": "LineString", "coordinates": [[-87.8696801, 41.6698212], [-87.8693953, 41.6698837]]}}, {"type": "Feature", "properties": {"intermittent": "yes", "layer": "-1", "tunnel": "culvert", "waterway": "stream", "_id": 1203547304}, "geometry": {"type": "LineString", "coordinates": [[-87.8547582, 41.6633984], [-87.8543341, 41.6636434]]}}, {"type": "Feature", "properties": {"intermittent": "yes", "layer": "-1", "tunnel": "culvert", "waterway": "stream", "_id": 1203547306}, "geometry": {"type": "LineString", "coordinates": [[-87.8595424, 41.6615127], [-87.8593054, 41.6615377]]}}, {"type": "Feature", "properties": {"intermittent": "yes", "layer": "-1", "tunnel": "culvert", "waterway": "stream", "_id": 1203547308}, "geometry": {"type": "LineString", "coordinates": [[-87.8610435, 41.6603606], [-87.8610305, 41.6605204]]}}, {"type": "Feature", "properties": {"intermittent": "yes", "layer": "-1", "tunnel": "culvert", "waterway": "stream", "_id": 1203547309}, "geometry": {"type": "LineString", "coordinates": [[-87.8611252, 41.6593282], [-87.8610145, 41.6594879]]}}, {"type": "Feature", "properties": {"intermittent": "yes", "layer": "-1", "tunnel": "culvert", "waterway": "stream", "_id": 1203547313}, "geometry": {"type": "LineString", "coordinates": [[-87.840256, 41.6714476], [-87.8403918, 41.6714741]]}}, {"type": "Feature", "properties": {"intermittent": "yes", "layer": "-1", "tunnel": "culvert", "waterway": "stream", "_id": 1203547315}, "geometry": {"type": "LineString", "coordinates": [[-87.8419224, 41.671524], [-87.842051, 41.6715563]]}}, {"type": "Feature", "properties": {"layer": "-1", "tunnel": "culvert", "waterway": "drain", "_id": 1204034159}, "geometry": {"type": "LineString", "coordinates": [[-87.9386353, 41.9888149], [-87.9386484, 41.9885323]]}}, {"type": "Feature", "properties": {"layer": "-1", "tunnel": "culvert", "waterway": "drain", "_id": 1204034161}, "geometry": {"type": "LineString", "coordinates": [[-87.9386519, 41.9884612], [-87.9386608, 41.9880623]]}}, {"type": "Feature", "properties": {"layer": "-1", "tunnel": "culvert", "waterway": "drain", "_id": 1204034178}, "geometry": {"type": "LineString", "coordinates": [[-87.9386113, 41.989906], [-87.9386235, 41.9896853]]}}, {"type": "Feature", "properties": {"NHD:ComID": "109978598", "NHD:FCode": "46003", "NHD:FType": "StreamRiver", "NHD:ReachCode": "7120004000831", "NHD:way_id": "109978598", "attribution": "NHD", "layer": "-1", "source": "NHD_import_v0.3_20090601163626", "tunnel": "culvert", "waterway": "stream", "_id": 1207614995}, "geometry": {"type": "LineString", "coordinates": [[-87.9373849, 41.6546021], [-87.9375176, 41.6546013]]}}, {"type": "Feature", "properties": {"NHD:ComID": "109978598", "NHD:FCode": "46003", "NHD:FType": "StreamRiver", "NHD:ReachCode": "7120004000831", "NHD:way_id": "109978598", "attribution": "NHD", "layer": "-1", "source": "NHD_import_v0.3_20090601163626", "tunnel": "culvert", "waterway": "stream", "_id": 1207614997}, "geometry": {"type": "LineString", "coordinates": [[-87.9405553, 41.6545082], [-87.9409354, 41.6545124]]}}, {"type": "Feature", "properties": {"layer": "-1", "tunnel": "culvert", "waterway": "drain", "_id": 1218894864}, "geometry": {"type": "LineString", "coordinates": [[-87.9439199, 41.9273036], [-87.9437871, 41.927305]]}}, {"type": "Feature", "properties": {"layer": "-1", "tunnel": "culvert", "waterway": "drain", "_id": 1218894866}, "geometry": {"type": "LineString", "coordinates": [[-87.9464297, 41.927298], [-87.9462086, 41.9272959]]}}, {"type": "Feature", "properties": {"NHD:ComID": "109976584", "NHD:FCode": "46003", "NHD:FType": "StreamRiver", "NHD:ReachCode": "7120004002806", "NHD:way_id": "109976584", "attribution": "NHD", "layer": "-1", "name": "Ginger Creek", "source": "NHD_import_v0.3_20090601163626", "tunnel": "culvert", "waterway": "stream", "_id": 1220606593}, "geometry": {"type": "LineString", "coordinates": [[-87.9581738, 41.8385465], [-87.9580428, 41.8385692]]}}, {"type": "Feature", "properties": {"layer": "-1", "tunnel": "culvert", "waterway": "drain", "_id": 1256383630}, "geometry": {"type": "LineString", "coordinates": [[-87.9354175, 42.0018677], [-87.9346029, 42.0015145]]}}, {"type": "Feature", "properties": {"layer": "-1", "tunnel": "culvert", "waterway": "drain", "_id": 1256388115}, "geometry": {"type": "LineString", "coordinates": [[-87.9417696, 41.9793274], [-87.9418392, 41.9793858]]}}, {"type": "Feature", "properties": {"layer": "-1", "tunnel": "culvert", "waterway": "drain", "_id": 1256388127}, "geometry": {"type": "LineString", "coordinates": [[-87.9348764, 41.9596882], [-87.93398, 41.959862]]}}, {"type": "Feature", "properties": {"layer": "-1", "tunnel": "culvert", "waterway": "drain", "_id": 1256388128}, "geometry": {"type": "LineString", "coordinates": [[-87.9365944, 41.9591255], [-87.9357431, 41.9593818]]}}, {"type": "Feature", "properties": {"layer": "-1", "tunnel": "culvert", "waterway": "drain", "_id": 1256388129}, "geometry": {"type": "LineString", "coordinates": [[-87.9378092, 41.9587609], [-87.9372496, 41.9589313]]}}, {"type": "Feature", "properties": {"layer": "-1", "tunnel": "culvert", "waterway": "ditch", "_id": 1261826436}, "geometry": {"type": "LineString", "coordinates": [[-87.5738568, 41.6959617], [-87.5738673, 41.6957245]]}}, {"type": "Feature", "properties": {"layer": "-1", "tunnel": "culvert", "waterway": "ditch", "_id": 1261826441}, "geometry": {"type": "LineString", "coordinates": [[-87.5762282, 41.6849372], [-87.5762082, 41.6847249]]}}, {"type": "Feature", "properties": {"layer": "-1", "tunnel": "culvert", "waterway": "ditch", "_id": 1261826444}, "geometry": {"type": "LineString", "coordinates": [[-87.5762558, 41.6846309], [-87.5769802, 41.6844484]]}}, {"type": "Feature", "properties": {"intermittent": "yes", "layer": "-1", "tunnel": "culvert", "waterway": "drain", "_id": 1265433031}, "geometry": {"type": "LineString", "coordinates": [[-87.9279147, 42.0111337], [-87.9274868, 42.011325]]}}, {"type": "Feature", "properties": {"NHD:ComID": "109977952", "NHD:FCode": "46003", "NHD:FType": "StreamRiver", "NHD:ReachCode": "7120004003550", "NHD:way_id": "109977952", "layer": "-1", "source": "NHD", "tunnel": "culvert", "waterway": "stream", "_id": 1269190316}, "geometry": {"type": "LineString", "coordinates": [[-87.866107, 41.7143739], [-87.866018, 41.714363]]}}, {"type": "Feature", "properties": {"boat": "no", "layer": "-1", "name": "Illinois and Michigan Canal", "short_name": "I&M Canal", "tunnel": "culvert", "waterway": "canal", "wikidata": "Q952760", "wikipedia": "en:Illinois and Michigan Canal", "_id": 1271201011}, "geometry": {"type": "LineString", "coordinates": [[-87.8593181, 41.746956], [-87.8594068, 41.7468984]]}}, {"type": "Feature", "properties": {"layer": "-1", "tunnel": "culvert", "waterway": "stream", "_id": 1271201013}, "geometry": {"type": "LineString", "coordinates": [[-87.9124988, 41.7125776], [-87.9126727, 41.7127753]]}}, {"type": "Feature", "properties": {"layer": "-1", "tunnel": "culvert", "waterway": "stream", "_id": 1271201014}, "geometry": {"type": "LineString", "coordinates": [[-87.914561, 41.7128316], [-87.9146291, 41.7129108]]}}, {"type": "Feature", "properties": {"layer": "-1", "tunnel": "culvert", "waterway": "stream", "_id": 1271201015}, "geometry": {"type": "LineString", "coordinates": [[-87.9144522, 41.712705], [-87.9145304, 41.712796]]}}, {"type": "Feature", "properties": {"layer": "-1", "tunnel": "culvert", "waterway": "stream", "_id": 1271201017}, "geometry": {"type": "LineString", "coordinates": [[-87.9146715, 41.7129602], [-87.9147604, 41.7130636]]}}, {"type": "Feature", "properties": {"layer": "-1", "tunnel": "culvert", "waterway": "drain", "_id": 1278230320}, "geometry": {"type": "LineString", "coordinates": [[-87.8673821, 41.8830737], [-87.8681697, 41.8830629], [-87.8681969, 41.8830632], [-87.8682863, 41.8830624], [-87.8691111, 41.883066]]}}, {"type": "Feature", "properties": {"layer": "-1", "tunnel": "culvert", "waterway": "drain", "_id": 1278230321}, "geometry": {"type": "LineString", "coordinates": [[-87.8690704, 41.8835458], [-87.8681438, 41.883734], [-87.8679289, 41.8837404]]}}, {"type": "Feature", "properties": {"layer": "-1", "tunnel": "culvert", "waterway": "drain", "_id": 1278230324}, "geometry": {"type": "LineString", "coordinates": [[-87.8693075, 41.8837656], [-87.8692974, 41.8835458], [-87.869265, 41.8835454]]}}, {"type": "Feature", "properties": {"NHD:ComID": "109977790", "NHD:FCode": "46003", "NHD:FType": "StreamRiver", "NHD:ReachCode": "7120004000546", "NHD:way_id": "109977790", "attribution": "NHD", "layer": "-1", "source": "NHD_import_v0.3_20090601163626", "tunnel": "culvert", "waterway": "stream", "_id": 1287761009}, "geometry": {"type": "LineString", "coordinates": [[-87.9074801, 41.7367568], [-87.9072475, 41.7367104]]}}, {"type": "Feature", "properties": {"layer": "-1", "tunnel": "culvert", "waterway": "stream", "_id": 1288381400}, "geometry": {"type": "LineString", "coordinates": [[-87.7013788, 41.907818], [-87.701183, 41.9079341]]}}, {"type": "Feature", "properties": {"NHD:ComID": "109977540", "NHD:FCode": "46003", "NHD:FType": "StreamRiver", "NHD:ReachCode": "7120004000544", "NHD:way_id": "109977540", "attribution": "NHD", "layer": "-1", "source": "NHD_import_v0.3_20090601163626", "tunnel": "culvert", "waterway": "stream", "_id": 1289755861}, "geometry": {"type": "LineString", "coordinates": [[-87.9281145, 41.7600153], [-87.9279154, 41.7602383]]}}, {"type": "Feature", "properties": {"NHD:ComID": "109977540", "NHD:FCode": "46003", "NHD:FType": "StreamRiver", "NHD:ReachCode": "7120004000544", "NHD:way_id": "109977540", "attribution": "NHD", "layer": "-1", "source": "NHD_import_v0.3_20090601163626", "tunnel": "culvert", "waterway": "stream", "_id": 1289755865}, "geometry": {"type": "LineString", "coordinates": [[-87.927948, 41.7631423], [-87.927956, 41.7633478]]}}, {"type": "Feature", "properties": {"layer": "-1", "tunnel": "culvert", "waterway": "drain", "_id": 1292806678}, "geometry": {"type": "LineString", "coordinates": [[-87.9384966, 41.9691325], [-87.9384845, 41.9688566]]}}, {"type": "Feature", "properties": {"layer": "-1", "tunnel": "culvert", "waterway": "drain", "_id": 1295848156}, "geometry": {"type": "LineString", "coordinates": [[-87.6124523, 41.8871843], [-87.6124546, 41.8873115]]}}, {"type": "Feature", "properties": {"NHD:ComID": "109977178", "NHD:FCode": "46003", "NHD:FType": "StreamRiver", "NHD:ReachCode": "7120004002881", "NHD:way_id": "109977178", "attribution": "NHD", "layer": "-1", "source": "NHD_import_v0.3_20090601163626", "tunnel": "culvert", "waterway": "stream", "_id": 1300150486}, "geometry": {"type": "LineString", "coordinates": [[-87.922287, 41.783405], [-87.922295, 41.783388], [-87.922258, 41.783059], [-87.922066, 41.78234], [-87.922095, 41.7820915], [-87.921715, 41.781988], [-87.9215759, 41.7819616], [-87.921018, 41.782175], [-87.9205954, 41.7823675], [-87.9205443, 41.783006]]}}, {"type": "Feature", "properties": {"NHD:ComID": "109977178", "NHD:FCode": "46003", "NHD:FType": "StreamRiver", "NHD:ReachCode": "7120004002881", "NHD:way_id": "109977178", "attribution": "NHD", "layer": "-1", "source": "NHD_import_v0.3_20090601163626", "tunnel": "culvert", "waterway": "stream", "_id": 1300150488}, "geometry": {"type": "LineString", "coordinates": [[-87.91944, 41.7830412], [-87.9194454, 41.7832074]]}}, {"type": "Feature", "properties": {"layer": "-1", "tunnel": "culvert", "waterway": "stream", "_id": 1300725202}, "geometry": {"type": "LineString", "coordinates": [[-87.9080134, 41.8005801], [-87.9078808, 41.8005794]]}}, {"type": "Feature", "properties": {"NHD:ComID": "109977754", "NHD:FCode": "46003", "NHD:FType": "StreamRiver", "NHD:ReachCode": "7120004000523", "NHD:way_id": "109977754", "attribution": "NHD", "gnis:feature_id": "422075", "layer": "-1", "name": "Sawmill Creek", "source": "NHD_import_v0.3_20090601163626", "tunnel": "culvert", "waterway": "stream", "_id": 1306684375}, "geometry": {"type": "LineString", "coordinates": [[-87.9533803, 41.7589624], [-87.9533718, 41.7588355]]}}, {"type": "Feature", "properties": {"intermittent": "yes", "layer": "-1", "tunnel": "culvert", "waterway": "drain", "_id": 1306906865}, "geometry": {"type": "LineString", "coordinates": [[-87.9014614, 41.9504877], [-87.9011464, 41.9504101]]}}, {"type": "Feature", "properties": {"intermittent": "no", "layer": "-1", "tunnel": "culvert", "waterway": "drain", "_id": 1306914296}, "geometry": {"type": "LineString", "coordinates": [[-87.8909687, 42.0022685], [-87.8909678, 42.0021552]]}}, {"type": "Feature", "properties": {"layer": "-1", "tunnel": "culvert", "waterway": "stream", "_id": 1307328292}, "geometry": {"type": "LineString", "coordinates": [[-87.8813822, 42.0383317], [-87.8816006, 42.0380983]]}}, {"type": "Feature", "properties": {"NHD:ComID": "109975380", "NHD:FCode": "46003", "NHD:FType": "StreamRiver", "NHD:ReachCode": "7120004000550", "NHD:way_id": "109975380", "layer": "-1", "name": "Farmer's Creek", "source": "NHD", "tunnel": "culvert", "waterway": "stream", "_id": 1307328293}, "geometry": {"type": "LineString", "coordinates": [[-87.8765606, 42.0352379], [-87.8767647, 42.0351505]]}}, {"type": "Feature", "properties": {"NHD:ComID": "109975380", "NHD:FCode": "46003", "NHD:FType": "StreamRiver", "NHD:ReachCode": "7120004000550", "NHD:way_id": "109975380", "layer": "-1", "name": "Farmer's Creek", "source": "NHD", "tunnel": "culvert", "waterway": "stream", "_id": 1307791855}, "geometry": {"type": "LineString", "coordinates": [[-87.8706062, 42.0368478], [-87.8707269, 42.0368206]]}}, {"type": "Feature", "properties": {"intermittent": "yes", "layer": "-1", "tunnel": "culvert", "waterway": "stream", "_id": 1308019751}, "geometry": {"type": "LineString", "coordinates": [[-87.8693885, 42.0122131], [-87.869209, 42.012404]]}}, {"type": "Feature", "properties": {"intermittent": "yes", "layer": "-1", "tunnel": "culvert", "waterway": "stream", "_id": 1308023530}, "geometry": {"type": "LineString", "coordinates": [[-87.8667524, 42.0184641], [-87.8669238, 42.0180749]]}}, {"type": "Feature", "properties": {"intermittent": "yes", "layer": "-1", "tunnel": "culvert", "waterway": "drain", "_id": 1308333371}, "geometry": {"type": "LineString", "coordinates": [[-87.8670751, 42.0099433], [-87.8668914, 42.009691]]}}, {"type": "Feature", "properties": {"intermittent": "yes", "layer": "-1", "tunnel": "culvert", "waterway": "drain", "_id": 1308333374}, "geometry": {"type": "LineString", "coordinates": [[-87.867019, 42.0099693], [-87.8668348, 42.0097099]]}}, {"type": "Feature", "properties": {"intermittent": "yes", "layer": "-1", "tunnel": "culvert", "waterway": "drain", "_id": 1308333375}, "geometry": {"type": "LineString", "coordinates": [[-87.8689407, 42.0099172], [-87.8678036, 42.0099433]]}}, {"type": "Feature", "properties": {"intermittent": "yes", "layer": "-1", "tunnel": "culvert", "waterway": "drain", "_id": 1308333388}, "geometry": {"type": "LineString", "coordinates": [[-87.8656156, 42.0098742], [-87.8655239, 42.0098874], [-87.8654777, 42.0098941]]}}, {"type": "Feature", "properties": {"intermittent": "yes", "layer": "-1", "tunnel": "culvert", "waterway": "drain", "_id": 1308333389}, "geometry": {"type": "LineString", "coordinates": [[-87.8643141, 42.0095544], [-87.8643816, 42.0094427]]}}, {"type": "Feature", "properties": {"boat": "yes", "canoe": "yes", "deep_draft": "no", "intermittent": "no", "name": "South Branch Chicago River", "oneway:canoe": "no", "rapids": "no", "ship": "yes", "source:deep_draft": "National Transportation Atlas Database 2011", "tidal": "no", "waterway": "river", "wikidata": "Q643284", "wikipedia": "en:Chicago River", "_id": 1308480104}, "geometry": {"type": "LineString", "coordinates": [[-87.6377617, 41.8863953], [-87.6377931, 41.8861587], [-87.6377542, 41.8856313], [-87.6379271, 41.8845873], [-87.6379477, 41.8843452], [-87.6380876, 41.8832895], [-87.6381869, 41.8824039], [-87.6382474, 41.8817893], [-87.6382329, 41.8805201], [-87.6381054, 41.8792423], [-87.6377348, 41.8782001], [-87.6374212, 41.8766991], [-87.6368648, 41.8757994], [-87.6363831, 41.875224], [-87.6360269, 41.8745676], [-87.6358928, 41.8739672], [-87.6354858, 41.8721382], [-87.6351589, 41.8704712], [-87.635062, 41.8699773], [-87.6349819, 41.8694479], [-87.6347424, 41.8674637], [-87.6347233, 41.8673]]}}, {"type": "Feature", "properties": {"boat": "yes", "canoe": "yes", "deep_draft": "no", "intermittent": "no", "name": "South Branch Chicago River", "oneway:canoe": "no", "rapids": "no", "ship": "yes", "source:deep_draft": "National Transportation Atlas Database 2011", "tidal": "no", "waterway": "river", "wikidata": "Q643284", "wikipedia": "en:Chicago River", "_id": 1308480105}, "geometry": {"type": "LineString", "coordinates": [[-87.6347233, 41.8673], [-87.6346403, 41.8640603], [-87.6345231, 41.8609997], [-87.6344983, 41.8599958]]}}, {"type": "Feature", "properties": {"tunnel": "flooded", "waterway": "pressurised", "_id": 1308694348}, "geometry": {"type": "LineString", "coordinates": [[-87.5668985, 41.6523013], [-87.5668498, 41.652252]]}}, {"type": "Feature", "properties": {"layer": "-1", "tunnel": "culvert", "waterway": "stream", "_id": 1308835088}, "geometry": {"type": "LineString", "coordinates": [[-87.8497707, 41.9905812], [-87.8498659, 41.9905405]]}}, {"type": "Feature", "properties": {"layer": "-1", "tunnel": "culvert", "waterway": "stream", "_id": 1308835093}, "geometry": {"type": "LineString", "coordinates": [[-87.8546082, 41.9888551], [-87.8550434, 41.9886833]]}}, {"type": "Feature", "properties": {"layer": "-1", "tunnel": "culvert", "waterway": "stream", "_id": 1310769488}, "geometry": {"type": "LineString", "coordinates": [[-87.8450613, 41.9431404], [-87.8449591, 41.943278], [-87.8448803, 41.943316]]}}, {"type": "Feature", "properties": {"layer": "-1", "tunnel": "culvert", "waterway": "stream", "_id": 1310770576}, "geometry": {"type": "LineString", "coordinates": [[-87.8426539, 41.9433631], [-87.8424398, 41.9433744], [-87.8411899, 41.9441625], [-87.8393991, 41.9442318], [-87.8388381, 41.9445675], [-87.8388226, 41.9448342], [-87.8388548, 41.9449638]]}}, {"type": "Feature", "properties": {"layer": "-1", "tunnel": "culvert", "waterway": "stream", "_id": 1310775804}, "geometry": {"type": "LineString", "coordinates": [[-87.8500498, 41.9382711], [-87.8502284, 41.9380803]]}}, {"type": "Feature", "properties": {"layer": "-1", "tunnel": "culvert", "waterway": "drain", "_id": 1310947528}, "geometry": {"type": "LineString", "coordinates": [[-87.860542, 41.9574306], [-87.8605164, 41.9573705]]}}, {"type": "Feature", "properties": {"boat": "yes", "canoe": "yes", "deep_draft": "yes", "intermittent": "no", "name": "Chicago River", "oneway:canoe": "no", "rapids": "no", "ship": "yes", "source:deep_draft": "National Transportation Atlas Database 2011", "tidal": "no", "waterway": "river", "wikidata": "Q643284", "wikipedia": "en:Chicago River", "_id": 1312070332}, "geometry": {"type": "LineString", "coordinates": [[-87.6135948, 41.8884086], [-87.613733, 41.8884067], [-87.6164491, 41.888369], [-87.6176507, 41.8883526], [-87.6203156, 41.888576], [-87.6226207, 41.8888005], [-87.6245958, 41.8888887], [-87.6252036, 41.8887883], [-87.6252968, 41.8887419]]}}, {"type": "Feature", "properties": {"layer": "-1", "tunnel": "culvert", "waterway": "stream", "_id": 1313598622}, "geometry": {"type": "LineString", "coordinates": [[-87.835285, 41.9136427], [-87.8350381, 41.9136476]]}}, {"type": "Feature", "properties": {"layer": "-1", "tunnel": "culvert", "waterway": "stream", "_id": 1314275682}, "geometry": {"type": "LineString", "coordinates": [[-87.9395562, 41.9866959], [-87.9388615, 41.986709]]}}, {"type": "Feature", "properties": {"layer": "-1", "tunnel": "culvert", "waterway": "drain", "_id": 1314275688}, "geometry": {"type": "LineString", "coordinates": [[-87.9395418, 41.9851223], [-87.9388796, 41.9851221]]}}, {"type": "Feature", "properties": {"layer": "-1", "tunnel": "culvert", "waterway": "drain", "_id": 1314275692}, "geometry": {"type": "LineString", "coordinates": [[-87.9395349, 41.9837942], [-87.9388743, 41.9837928]]}}, {"type": "Feature", "properties": {"NHD:ComID": "109977794", "NHD:FCode": "46003", "NHD:FType": "StreamRiver", "NHD:ReachCode": "7120004000531", "NHD:way_id": "109977794", "attribution": "NHD", "layer": "-1", "source": "NHD_import_v0.3_20090601163626", "tunnel": "culvert", "waterway": "stream", "_id": 1314415309}, "geometry": {"type": "LineString", "coordinates": [[-87.9320888, 41.7271823], [-87.9320805, 41.7270891]]}}, {"type": "Feature", "properties": {"layer": "-1", "tunnel": "culvert", "waterway": "stream", "_id": 1314415311}, "geometry": {"type": "LineString", "coordinates": [[-87.932369, 41.7273844], [-87.9322707, 41.7273313]]}}, {"type": "Feature", "properties": {"NHD:ComID": "109977540", "NHD:FCode": "46003", "NHD:FType": "StreamRiver", "NHD:ReachCode": "7120004000544", "NHD:way_id": "109977540", "attribution": "NHD", "layer": "-1", "source": "NHD_import_v0.3_20090601163626", "tunnel": "culvert", "waterway": "stream", "_id": 1314423913}, "geometry": {"type": "LineString", "coordinates": [[-87.92865, 41.758452], [-87.928488, 41.758753], [-87.9284276, 41.7589175], [-87.9284042, 41.7589812], [-87.928268, 41.759352], [-87.9281303, 41.7598716], [-87.9281145, 41.7600153]]}}, {"type": "Feature", "properties": {"NHD:ComID": "109976118", "NHD:FCode": "46003", "NHD:FType": "StreamRiver", "NHD:ReachCode": "7120004000547", "NHD:way_id": "109976118", "attribution": "NHD", "layer": "-1", "name": "Golf Corse Tributary", "source": "NHD_import_v0.3_20090601163626", "tunnel": "culvert", "waterway": "stream", "_id": 1314525142}, "geometry": {"type": "LineString", "coordinates": [[-87.8293324, 41.9133242], [-87.8293627, 41.9132744]]}}, {"type": "Feature", "properties": {"NHD:ComID": "109977754", "NHD:FCode": "46003", "NHD:FType": "StreamRiver", "NHD:ReachCode": "7120004000523", "NHD:way_id": "109977754", "attribution": "NHD", "gnis:feature_id": "422075", "layer": "-1", "name": "Sawmill Creek", "source": "NHD_import_v0.3_20090601163626", "tunnel": "culvert", "waterway": "stream", "_id": 1315214940}, "geometry": {"type": "LineString", "coordinates": [[-87.9468381, 41.7485429], [-87.9467865, 41.7484069]]}}, {"type": "Feature", "properties": {"NHD:ComID": "109977754", "NHD:FCode": "46003", "NHD:FType": "StreamRiver", "NHD:ReachCode": "7120004000523", "NHD:way_id": "109977754", "attribution": "NHD", "gnis:feature_id": "422075", "layer": "-1", "name": "Sawmill Creek", "source": "NHD_import_v0.3_20090601163626", "tunnel": "culvert", "waterway": "stream", "_id": 1315214945}, "geometry": {"type": "LineString", "coordinates": [[-87.9481274, 41.7451013], [-87.9481354, 41.7449993]]}}, {"type": "Feature", "properties": {"intermittent": "yes", "layer": "-1", "tunnel": "culvert", "waterway": "stream", "_id": 1315226419}, "geometry": {"type": "LineString", "coordinates": [[-87.8279077, 41.8995001], [-87.8279485, 41.8995567]]}}, {"type": "Feature", "properties": {"intermittent": "yes", "layer": "-1", "tunnel": "culvert", "waterway": "stream", "_id": 1315226421}, "geometry": {"type": "LineString", "coordinates": [[-87.8287759, 41.9007625], [-87.8288237, 41.9008346]]}}, {"type": "Feature", "properties": {"intermittent": "yes", "layer": "-1", "tunnel": "culvert", "waterway": "stream", "_id": 1315226423}, "geometry": {"type": "LineString", "coordinates": [[-87.8310046, 41.9014328], [-87.8310894, 41.9014305]]}}, {"type": "Feature", "properties": {"intermittent": "yes", "layer": "-1", "tunnel": "culvert", "waterway": "stream", "_id": 1315226425}, "geometry": {"type": "LineString", "coordinates": [[-87.8329335, 41.9013843], [-87.8331501, 41.9013858]]}}, {"type": "Feature", "properties": {"NHD:ComID": "109977754", "NHD:FCode": "46003", "NHD:FType": "StreamRiver", "NHD:ReachCode": "7120004000523", "NHD:way_id": "109977754", "attribution": "NHD", "gnis:feature_id": "422075", "layer": "-1", "name": "Sawmill Creek", "source": "NHD_import_v0.3_20090601163626", "tunnel": "culvert", "waterway": "stream", "_id": 1315384760}, "geometry": {"type": "LineString", "coordinates": [[-87.9476237, 41.7538664], [-87.9476231, 41.75373]]}}, {"type": "Feature", "properties": {"layer": "-1", "tunnel": "culvert", "waterway": "drain", "_id": 1315384769}, "geometry": {"type": "LineString", "coordinates": [[-87.9480857, 41.7551452], [-87.9479882, 41.7550288]]}}, {"type": "Feature", "properties": {"NHD:ComID": "109977754", "NHD:FCode": "46003", "NHD:FType": "StreamRiver", "NHD:ReachCode": "7120004000523", "NHD:way_id": "109977754", "attribution": "NHD", "gnis:feature_id": "422075", "layer": "-1", "name": "Sawmill Creek", "source": "NHD_import_v0.3_20090601163626", "tunnel": "culvert", "waterway": "stream", "_id": 1315395371}, "geometry": {"type": "LineString", "coordinates": [[-87.9469092, 41.7460869], [-87.9469618, 41.7460007]]}}, {"type": "Feature", "properties": {"boat": "yes", "canoe": "yes", "deep_draft": "no", "name": "North Branch Chicago River", "ship": "yes", "source:deep_draft": "National Transportation Atlas Database 2011", "tidal": "no", "waterway": "river", "wikidata": "Q643284", "wikipedia": "en:Chicago River", "_id": 1315569906}, "geometry": {"type": "LineString", "coordinates": [[-87.6635028, 41.915664], [-87.6633212, 41.9155749], [-87.66298, 41.9155307], [-87.6627154, 41.9155478], [-87.6620525, 41.915839], [-87.6614301, 41.9161182], [-87.6611389, 41.916137], [-87.6608348, 41.916018], [-87.6603273, 41.9157432], [-87.6592966, 41.9151553], [-87.6584705, 41.9145175], [-87.658094, 41.9140458], [-87.6578463, 41.9136112], [-87.6576076, 41.9127778], [-87.6568124, 41.9110009], [-87.6568073, 41.9107718]]}}, {"type": "Feature", "properties": {"boat": "yes", "canoe": "yes", "deep_draft": "yes", "name": "North Branch Chicago River", "ship": "yes", "source:deep_draft": "National Transportation Atlas Database 2011", "tidal": "no", "waterway": "river", "wikidata": "Q643284", "wikipedia": "en:Chicago River", "_id": 1315569907}, "geometry": {"type": "LineString", "coordinates": [[-87.6568073, 41.9107718], [-87.6567994, 41.910326]]}}, {"type": "Feature", "properties": {"boat": "yes", "canoe": "yes", "deep_draft": "no", "name": "North Branch Chicago River", "ship": "yes", "source:deep_draft": "National Transportation Atlas Database 2011", "tidal": "no", "waterway": "river", "wikidata": "Q643284", "wikipedia": "en:Chicago River", "_id": 1315569908}, "geometry": {"type": "LineString", "coordinates": [[-87.674395, 41.9250503], [-87.6743899, 41.924886], [-87.6743673, 41.9245873], [-87.6743045, 41.9244262], [-87.6731177, 41.9234728], [-87.6722337, 41.9228239], [-87.6718329, 41.9226359], [-87.6706623, 41.9224318], [-87.6696701, 41.9223993], [-87.6690234, 41.922262], [-87.6683074, 41.9220873], [-87.6680712, 41.921916], [-87.66776, 41.9213592], [-87.667283, 41.9207037], [-87.6666153, 41.920163], [-87.6656264, 41.9188489], [-87.665189, 41.9183746], [-87.6645614, 41.9177884], [-87.6643992, 41.9173107], [-87.6641593, 41.9165734], [-87.663946, 41.9159622], [-87.6638357, 41.9158263], [-87.6635028, 41.915664]]}}, {"type": "Feature", "properties": {"boat": "yes", "canoe": "yes", "deep_draft": "no", "name": "North Branch Chicago River", "ship": "yes", "source:deep_draft": "National Transportation Atlas Database 2011", "tidal": "no", "waterway": "river", "wikidata": "Q643284", "wikipedia": "en:Chicago River", "_id": 1315614857}, "geometry": {"type": "LineString", "coordinates": [[-87.6826758, 41.9322296], [-87.6825984, 41.9320706], [-87.6821539, 41.9315868], [-87.6811307, 41.9310641], [-87.680718, 41.9305404], [-87.6802671, 41.9294961], [-87.6798759, 41.9286692], [-87.6797877, 41.9285594], [-87.6796657, 41.9284731]]}}, {"type": "Feature", "properties": {"NHD:ComID": "109977540", "NHD:FCode": "46003", "NHD:FType": "StreamRiver", "NHD:ReachCode": "7120004000544", "NHD:way_id": "109977540", "attribution": "NHD", "layer": "-1", "source": "NHD_import_v0.3_20090601163626", "tunnel": "culvert", "waterway": "stream", "_id": 1315617000}, "geometry": {"type": "LineString", "coordinates": [[-87.9279538, 41.761642], [-87.9279904, 41.7617803]]}}, {"type": "Feature", "properties": {"NHD:ComID": "109977540", "NHD:FCode": "46003", "NHD:FType": "StreamRiver", "NHD:ReachCode": "7120004000544", "NHD:way_id": "109977540", "attribution": "NHD", "layer": "-1", "source": "NHD_import_v0.3_20090601163626", "tunnel": "culvert", "waterway": "stream", "_id": 1315617002}, "geometry": {"type": "LineString", "coordinates": [[-87.9279936, 41.7618156], [-87.928009, 41.761984]]}}, {"type": "Feature", "properties": {"boat": "yes", "canoe": "yes", "deep_draft": "no", "name": "North Branch Chicago River", "ship": "yes", "source:deep_draft": "National Transportation Atlas Database 2011", "tidal": "no", "waterway": "river", "wikidata": "Q643284", "wikipedia": "en:Chicago River", "_id": 1315804020}, "geometry": {"type": "LineString", "coordinates": [[-87.6879825, 41.9360981], [-87.6877186, 41.9359692], [-87.6875231, 41.9358533], [-87.6869395, 41.9350914], [-87.6867255, 41.9347791], [-87.6862318, 41.9342423], [-87.6859606, 41.9340257], [-87.6853955, 41.9337339], [-87.6851218, 41.9336776], [-87.6841201, 41.9335478], [-87.6835287, 41.9334611], [-87.6834523, 41.9334294], [-87.6834, 41.9333818], [-87.6832932, 41.9332212], [-87.6827571, 41.9323934], [-87.6826758, 41.9322296]]}}, {"type": "Feature", "properties": {"NHD:ComID": "109978398", "NHD:FCode": "46003", "NHD:FType": "StreamRiver", "NHD:ReachCode": "7120004000787", "NHD:way_id": "109978398", "layer": "-1", "source": "NHD", "tunnel": "culvert", "waterway": "stream", "_id": 1315837016}, "geometry": {"type": "LineString", "coordinates": [[-87.937531, 41.677008], [-87.9376426, 41.67709]]}}, {"type": "Feature", "properties": {"NHD:ComID": "109978398", "NHD:FCode": "46003", "NHD:FType": "StreamRiver", "NHD:ReachCode": "7120004000787", "NHD:way_id": "109978398", "layer": "-1", "source": "NHD", "tunnel": "culvert", "waterway": "stream", "_id": 1315837018}, "geometry": {"type": "LineString", "coordinates": [[-87.939171, 41.678738], [-87.9392737, 41.6787721]]}}, {"type": "Feature", "properties": {"layer": "-1", "tunnel": "culvert", "waterway": "stream", "_id": 1315837022}, "geometry": {"type": "LineString", "coordinates": [[-87.956902, 41.6726776], [-87.9569673, 41.6726434]]}}, {"type": "Feature", "properties": {"layer": "-1", "tunnel": "culvert", "waterway": "stream", "_id": 1315837024}, "geometry": {"type": "LineString", "coordinates": [[-87.9571294, 41.6725], [-87.9571591, 41.6724326]]}}, {"type": "Feature", "properties": {"NHD:ComID": "109978398", "NHD:FCode": "46003", "NHD:FType": "StreamRiver", "NHD:ReachCode": "7120004000787", "NHD:way_id": "109978398", "layer": "-1", "source": "NHD", "tunnel": "culvert", "waterway": "stream", "_id": 1315837027}, "geometry": {"type": "LineString", "coordinates": [[-87.941559, 41.679551], [-87.941765, 41.679506], [-87.942085, 41.679457], [-87.942191, 41.679446], [-87.9423005, 41.679458]]}}, {"type": "Feature", "properties": {"boat": "yes", "canoe": "yes", "deep_draft": "yes", "name": "North Branch Chicago River", "ship": "yes", "source:deep_draft": "National Transportation Atlas Database 2011", "tidal": "no", "waterway": "river", "wikidata": "Q643284", "wikipedia": "en:Chicago River", "_id": 1317703968}, "geometry": {"type": "LineString", "coordinates": [[-87.6395115, 41.8890736], [-87.6394658, 41.8889497], [-87.6392755, 41.8886358], [-87.6391793, 41.8883829], [-87.6387979, 41.8872215], [-87.6386796, 41.8869919], [-87.638469, 41.886803], [-87.6377617, 41.8863953]]}}, {"type": "Feature", "properties": {"boat": "yes", "canoe": "yes", "deep_draft": "yes", "name": "North Branch Chicago River", "ship": "yes", "source:deep_draft": "National Transportation Atlas Database 2011", "tidal": "no", "waterway": "river", "wikidata": "Q643284", "wikipedia": "en:Chicago River", "_id": 1317723635}, "geometry": {"type": "LineString", "coordinates": [[-87.6567994, 41.910326], [-87.657237, 41.9094834], [-87.6574412, 41.9090903]]}}, {"type": "Feature", "properties": {"boat": "yes", "canoe": "yes", "deep_draft": "no", "name": "North Branch Chicago River", "ship": "yes", "source:deep_draft": "National Transportation Atlas Database 2011", "tidal": "no", "waterway": "river", "wikidata": "Q643284", "wikipedia": "en:Chicago River", "_id": 1320809110}, "geometry": {"type": "LineString", "coordinates": [[-87.6781622, 41.9281361], [-87.6779744, 41.928117], [-87.6769388, 41.9277935], [-87.676064, 41.9273856], [-87.6753167, 41.9269343], [-87.6749321, 41.9266608], [-87.6747064, 41.9264047], [-87.6745323, 41.9259904], [-87.6744143, 41.9252793], [-87.674395, 41.9250503]]}}, {"type": "Feature", "properties": {"boat": "yes", "canoe": "yes", "deep_draft": "no", "name": "North Branch Chicago River", "ship": "yes", "source:deep_draft": "National Transportation Atlas Database 2011", "tidal": "no", "waterway": "river", "wikidata": "Q643284", "wikipedia": "en:Chicago River", "_id": 1320809111}, "geometry": {"type": "LineString", "coordinates": [[-87.6796657, 41.9284731], [-87.6788295, 41.9282237], [-87.6785491, 41.9281786], [-87.6781622, 41.9281361]]}}, {"type": "Feature", "properties": {"canoe": "yes", "name": "North Branch Chicago River", "tidal": "no", "waterway": "river", "wikidata": "Q643284", "wikipedia": "en:Chicago River", "_id": 1322447649}, "geometry": {"type": "LineString", "coordinates": [[-87.704203, 41.9736159], [-87.7041212, 41.9735031], [-87.70397, 41.9732134], [-87.7037349, 41.972544], [-87.7031792, 41.9713316], [-87.7025805, 41.9703807], [-87.7011322, 41.9686657], [-87.6999725, 41.9675854], [-87.697782, 41.9653956], [-87.6972936, 41.9648882], [-87.696035, 41.9636739], [-87.6957027, 41.9633332], [-87.6955399, 41.9631007], [-87.6953494, 41.9627223], [-87.6952271, 41.9623584], [-87.6950421, 41.9619436], [-87.6947522, 41.961395], [-87.6947475, 41.9612701]]}}, {"type": "Feature", "properties": {"NHD:ComID": "109975694", "NHD:FCode": "46003", "NHD:FType": "StreamRiver", "NHD:ReachCode": "7120004002717", "NHD:way_id": "109975694", "layer": "-1", "source": "NHD", "tunnel": "culvert", "waterway": "stream", "_id": 1323952237}, "geometry": {"type": "LineString", "coordinates": [[-87.8770312, 41.9873352], [-87.8769461, 41.9874464]]}}, {"type": "Feature", "properties": {"layer": "-1", "tunnel": "culvert", "waterway": "drain", "_id": 1323952254}, "geometry": {"type": "LineString", "coordinates": [[-87.9053655, 41.9430171], [-87.9038126, 41.9419758]]}}, {"type": "Feature", "properties": {"layer": "-1", "tunnel": "culvert", "waterway": "drain", "_id": 1323953261}, "geometry": {"type": "LineString", "coordinates": [[-87.8963406, 41.9452456], [-87.8960296, 41.9451338], [-87.8958838, 41.9450794]]}}, {"type": "Feature", "properties": {"boat": "yes", "canoe": "yes", "deep_draft": "no", "intermittent": "no", "name": "South Branch Chicago River", "oneway:canoe": "no", "rapids": "no", "ship": "yes", "source:deep_draft": "National Transportation Atlas Database 2011", "tidal": "no", "waterway": "river", "wikidata": "Q643284", "wikipedia": "en:Chicago River", "_id": 1324492724}, "geometry": {"type": "LineString", "coordinates": [[-87.6657694, 41.8449379], [-87.6671233, 41.8449209], [-87.6694396, 41.8442042], [-87.6715813, 41.8434065], [-87.6723724, 41.8431118], [-87.6739333, 41.842375], [-87.6752024, 41.8417759], [-87.6765177, 41.8410967]]}}, {"type": "Feature", "properties": {"boat": "yes", "canoe": "yes", "deep_draft": "no", "intermittent": "no", "name": "South Branch Chicago River", "oneway:canoe": "no", "rapids": "no", "ship": "yes", "source:deep_draft": "National Transportation Atlas Database 2011", "tidal": "no", "waterway": "river", "wikidata": "Q643284", "wikipedia": "en:Chicago River", "_id": 1324492725}, "geometry": {"type": "LineString", "coordinates": [[-87.635196, 41.8577304], [-87.6352039, 41.8576053], [-87.6353878, 41.8572333], [-87.6356066, 41.8568628], [-87.6357515, 41.8566755], [-87.6368426, 41.855715], [-87.6372862, 41.8554549], [-87.638024, 41.8550974], [-87.6383673, 41.8549103], [-87.6389878, 41.8546202], [-87.6392148, 41.8544508], [-87.6395024, 41.8541535], [-87.6406332, 41.8525025], [-87.6419379, 41.8507555], [-87.6423757, 41.8502136], [-87.6425841, 41.8500602], [-87.6435534, 41.8495856], [-87.6438839, 41.8495264]]}}, {"type": "Feature", "properties": {"boat": "yes", "canoe": "yes", "deep_draft": "no", "intermittent": "no", "name": "South Branch Chicago River", "oneway:canoe": "no", "rapids": "no", "ship": "yes", "source:deep_draft": "National Transportation Atlas Database 2011", "tidal": "no", "waterway": "river", "wikidata": "Q643284", "wikipedia": "en:Chicago River", "_id": 1324492726}, "geometry": {"type": "LineString", "coordinates": [[-87.6344983, 41.8599958], [-87.6344821, 41.8593419], [-87.6350153, 41.8584115], [-87.6351587, 41.8581613], [-87.635196, 41.8577304]]}}, {"type": "Feature", "properties": {"boat": "yes", "canoe": "yes", "deep_draft": "no", "intermittent": "no", "name": "South Branch Chicago River", "oneway:canoe": "no", "rapids": "no", "ship": "yes", "source:deep_draft": "National Transportation Atlas Database 2011", "tidal": "no", "waterway": "river", "wikidata": "Q643284", "wikipedia": "en:Chicago River", "_id": 1325476096}, "geometry": {"type": "LineString", "coordinates": [[-87.6644337, 41.8447157], [-87.6655504, 41.8449406], [-87.6657694, 41.8449379]]}}, {"type": "Feature", "properties": {"intermittent": "yes", "layer": "-1", "tunnel": "culvert", "waterway": "drain", "_id": 1335359778}, "geometry": {"type": "LineString", "coordinates": [[-87.8255423, 41.8555527], [-87.8254014, 41.8554791]]}}, {"type": "Feature", "properties": {"intermittent": "yes", "layer": "-1", "tunnel": "culvert", "waterway": "drain", "_id": 1335990593}, "geometry": {"type": "LineString", "coordinates": [[-87.8326343, 41.8513778], [-87.8325942, 41.8512401], [-87.8324586, 41.8511219], [-87.8323215, 41.8510852], [-87.8319842, 41.8510359], [-87.8309351, 41.8509004], [-87.8302079, 41.8508006], [-87.8299029, 41.850718], [-87.8295486, 41.8505895], [-87.8292821, 41.8504277], [-87.8291311, 41.8503278], [-87.8289724, 41.850306], [-87.8280034, 41.8502785], [-87.827573, 41.8502941]]}}, {"type": "Feature", "properties": {"intermittent": "yes", "layer": "-1", "tunnel": "culvert", "waterway": "drain", "_id": 1335990595}, "geometry": {"type": "LineString", "coordinates": [[-87.8328154, 41.855175], [-87.8327818, 41.8544148]]}}, {"type": "Feature", "properties": {"intermittent": "yes", "layer": "-1", "tunnel": "culvert", "waterway": "drain", "_id": 1335990597}, "geometry": {"type": "LineString", "coordinates": [[-87.8329939, 41.8587499], [-87.8329974, 41.8584004]]}}, {"type": "Feature", "properties": {"intermittent": "yes", "layer": "-1", "tunnel": "culvert", "waterway": "drain", "_id": 1336283685}, "geometry": {"type": "LineString", "coordinates": [[-87.8331573, 41.8625036], [-87.8331338, 41.8619837], [-87.8331058, 41.8613633]]}}, {"type": "Feature", "properties": {"intermittent": "yes", "layer": "-1", "tunnel": "culvert", "waterway": "drain", "_id": 1336283686}, "geometry": {"type": "LineString", "coordinates": [[-87.8329563, 41.8621017], [-87.8331338, 41.8619837]]}}, {"type": "Feature", "properties": {"intermittent": "yes", "layer": "-1", "tunnel": "culvert", "waterway": "stream", "_id": 1349256714}, "geometry": {"type": "LineString", "coordinates": [[-87.8907629, 41.7116746], [-87.8905945, 41.7118512]]}}, {"type": "Feature", "properties": {"intermittent": "yes", "layer": "-1", "tunnel": "culvert", "waterway": "stream", "_id": 1349256716}, "geometry": {"type": "LineString", "coordinates": [[-87.893533, 41.7082608], [-87.8933753, 41.7082328]]}}, {"type": "Feature", "properties": {"layer": "-1", "name": "Midlothian Creek", "tunnel": "culvert", "waterway": "stream", "_id": 1353023918}, "geometry": {"type": "LineString", "coordinates": [[-87.6973075, 41.648088], [-87.6969428, 41.6476271]]}}, {"type": "Feature", "properties": {"NHD:ComID": "109976236", "NHD:FCode": "46006", "NHD:FType": "StreamRiver", "NHD:ReachCode": "7120004002765", "NHD:way_id": "109976236", "attribution": "NHD", "gnis:feature_id": "404181", "layer": "-1", "name": "Silver Creek (Bensenville Ditch)", "source": "NHD_import_v0.3_20090601163626", "tunnel": "culvert", "waterway": "stream", "_id": 1354566083}, "geometry": {"type": "LineString", "coordinates": [[-87.8548132, 41.9077336], [-87.8545896, 41.9076399], [-87.8545619, 41.9076327]]}}, {"type": "Feature", "properties": {"NHD:ComID": "109977564", "NHD:FCode": "46003", "NHD:FType": "StreamRiver", "NHD:ReachCode": "7120004002915", "NHD:way_id": "109977564", "attribution": "NHD", "layer": "-1", "source": "NHD_import_v0.3_20090601163626", "tunnel": "culvert", "waterway": "stream", "_id": 1358872674}, "geometry": {"type": "LineString", "coordinates": [[-87.9001796, 41.7515787], [-87.899998, 41.751545], [-87.899792, 41.751429], [-87.89958, 41.751193], [-87.899507, 41.751133], [-87.899309, 41.751045]]}}, {"type": "Feature", "properties": {"layer": "-1", "tunnel": "culvert", "waterway": "drain", "_id": 1369774024}, "geometry": {"type": "LineString", "coordinates": [[-87.566948, 41.654481], [-87.5670314, 41.6544704]]}}, {"type": "Feature", "properties": {"intermittent": "yes", "layer": "-1", "tunnel": "culvert", "waterway": "stream", "_id": 1370680413}, "geometry": {"type": "LineString", "coordinates": [[-87.7966664, 41.9540436], [-87.7965651, 41.9540794]]}}, {"type": "Feature", "properties": {"intermittent": "yes", "layer": "-1", "tunnel": "culvert", "waterway": "stream", "_id": 1372812831}, "geometry": {"type": "LineString", "coordinates": [[-87.8945884, 41.7178512], [-87.8946255, 41.7180182]]}}, {"type": "Feature", "properties": {"intermittent": "yes", "layer": "-1", "tunnel": "culvert", "waterway": "stream", "_id": 1372816793}, "geometry": {"type": "LineString", "coordinates": [[-87.9051595, 41.7149396], [-87.9051828, 41.7150796]]}}, {"type": "Feature", "properties": {"intermittent": "yes", "layer": "-1", "tunnel": "culvert", "waterway": "stream", "_id": 1372816795}, "geometry": {"type": "LineString", "coordinates": [[-87.9045079, 41.7168912], [-87.9045455, 41.7169657]]}}, {"type": "Feature", "properties": {"NHD:ComID": "109978068", "NHD:FCode": "46003", "NHD:FType": "StreamRiver", "NHD:ReachCode": "7120004002962", "NHD:way_id": "109978068", "attribution": "NHD", "layer": "-1", "source": "NHD_import_v0.3_20090601163626", "tunnel": "culvert", "waterway": "stream", "_id": 1375929471}, "geometry": {"type": "LineString", "coordinates": [[-87.9535651, 41.7109643], [-87.953622, 41.710938]]}}, {"type": "Feature", "properties": {"intermittent": "yes", "layer": "-1", "tunnel": "culvert", "waterway": "stream", "_id": 1375929473}, "geometry": {"type": "LineString", "coordinates": [[-87.955831, 41.7126284], [-87.955959, 41.7126795]]}}, {"type": "Feature", "properties": {"NHD:ComID": "109978054", "NHD:FCode": "46003", "NHD:FType": "StreamRiver", "NHD:ReachCode": "7120004002959", "NHD:way_id": "109978054", "attribution": "NHD", "layer": "-1", "source": "NHD_import_v0.3_20090601163626", "tunnel": "culvert", "waterway": "stream", "_id": 1375929475}, "geometry": {"type": "LineString", "coordinates": [[-87.953501, 41.720189], [-87.953529, 41.720127]]}}, {"type": "Feature", "properties": {"NHD:ComID": "109978054", "NHD:FCode": "46003", "NHD:FType": "StreamRiver", "NHD:ReachCode": "7120004002959", "NHD:way_id": "109978054", "attribution": "NHD", "layer": "-1", "source": "NHD_import_v0.3_20090601163626", "tunnel": "culvert", "waterway": "stream", "_id": 1375929476}, "geometry": {"type": "LineString", "coordinates": [[-87.953564, 41.720086], [-87.953583, 41.720038]]}}, {"type": "Feature", "properties": {"NHD:ComID": "109978054", "NHD:FCode": "46003", "NHD:FType": "StreamRiver", "NHD:ReachCode": "7120004002959", "NHD:way_id": "109978054", "attribution": "NHD", "layer": "-1", "source": "NHD_import_v0.3_20090601163626", "tunnel": "culvert", "waterway": "stream", "_id": 1375929477}, "geometry": {"type": "LineString", "coordinates": [[-87.953529, 41.720127], [-87.953564, 41.720086]]}}, {"type": "Feature", "properties": {"layer": "-1", "tunnel": "culvert", "waterway": "stream", "_id": 1375929479}, "geometry": {"type": "LineString", "coordinates": [[-87.9391433, 41.719894], [-87.9390099, 41.7199134]]}}, {"type": "Feature", "properties": {"NHD:ComID": "109977136", "NHD:FCode": "46003", "NHD:FType": "StreamRiver", "NHD:ReachCode": "7120004000537", "NHD:way_id": "109977136", "attribution": "NHD", "gnis:feature_id": "421803", "layer": "-1", "name": "Flag Creek", "source": "NHD_import_v0.3_20090601163626", "tunnel": "culvert", "waterway": "stream", "_id": 1376858420}, "geometry": {"type": "LineString", "coordinates": [[-87.9186535, 41.8071782], [-87.9182788, 41.8069389], [-87.9167468, 41.805984], [-87.9164123, 41.80586]]}}, {"type": "Feature", "properties": {"intermittent": "yes", "layer": "-1", "tunnel": "culvert", "waterway": "drain", "_id": 1378103408}, "geometry": {"type": "LineString", "coordinates": [[-87.5805236, 41.7871387], [-87.580495, 41.7871501], [-87.5804849, 41.7871541]]}}, {"type": "Feature", "properties": {"NHD:ComID": "109975492", "NHD:FCode": "46003", "NHD:FType": "StreamRiver", "NHD:ReachCode": "7120004000730", "NHD:way_id": "109975492", "attribution": "NHD", "intermittent": "no", "layer": "-1", "name": "Higgins Creek", "source": "NHD_import_v0.3_20090601163626", "tunnel": "culvert", "waterway": "stream", "_id": 1381511222}, "geometry": {"type": "LineString", "coordinates": [[-87.9604108, 42.0338722], [-87.95997, 42.0344806], [-87.9599176, 42.0345469]]}}, {"type": "Feature", "properties": {"NHD:ComID": "109975492", "NHD:FCode": "46003", "NHD:FType": "StreamRiver", "NHD:ReachCode": "7120004000730", "NHD:way_id": "109975492", "attribution": "NHD", "intermittent": "no", "layer": "-1", "name": "Higgins Creek", "source": "NHD_import_v0.3_20090601163626", "tunnel": "culvert", "waterway": "stream", "_id": 1381511278}, "geometry": {"type": "LineString", "coordinates": [[-87.9485932, 42.0225502], [-87.9484691, 42.0224969]]}}, {"type": "Feature", "properties": {"intermittent": "yes", "layer": "-1", "tunnel": "culvert", "waterway": "drain", "_id": 1381511294}, "geometry": {"type": "LineString", "coordinates": [[-87.956003, 42.033637], [-87.9563294, 42.0336387]]}}, {"type": "Feature", "properties": {"NHD:ComID": "109975624", "NHD:FCode": "46003", "NHD:FType": "StreamRiver", "NHD:ReachCode": "7120004000729", "NHD:way_id": "109975624", "attribution": "NHD", "gnis:feature_id": "410206", "intermittent": "yes", "layer": "-1", "source": "NHD_import_v0.3_20090601163626", "tunnel": "yes", "waterway": "drain", "_id": 1381511296}, "geometry": {"type": "LineString", "coordinates": [[-87.9368438, 42.0196199], [-87.9368515, 42.0192844]]}}, {"type": "Feature", "properties": {"intermittent": "yes", "layer": "-1", "tunnel": "culvert", "waterway": "stream", "_id": 1381512161}, "geometry": {"type": "LineString", "coordinates": [[-87.8900637, 41.6976509], [-87.8900986, 41.6975447]]}}, {"type": "Feature", "properties": {"intermittent": "yes", "layer": "-1", "tunnel": "culvert", "waterway": "stream", "_id": 1381762523}, "geometry": {"type": "LineString", "coordinates": [[-87.9103187, 41.6968504], [-87.9103312, 41.6967131]]}}, {"type": "Feature", "properties": {"intermittent": "yes", "layer": "-1", "tunnel": "culvert", "waterway": "stream", "_id": 1381762525}, "geometry": {"type": "LineString", "coordinates": [[-87.9106941, 41.7009952], [-87.9106809, 41.7009327]]}}, {"type": "Feature", "properties": {"layer": "-1", "tunnel": "culvert", "waterway": "stream", "_id": 1386689711}, "geometry": {"type": "LineString", "coordinates": [[-87.9431406, 41.8112591], [-87.9431347, 41.8114424]]}}, {"type": "Feature", "properties": {"layer": "-1", "tunnel": "culvert", "waterway": "stream", "_id": 1386689712}, "geometry": {"type": "LineString", "coordinates": [[-87.9435343, 41.8122048], [-87.9435659, 41.8122904]]}}, {"type": "Feature", "properties": {"layer": "-1", "tunnel": "culvert", "waterway": "stream", "_id": 1386689714}, "geometry": {"type": "LineString", "coordinates": [[-87.9431599, 41.8114836], [-87.9434549, 41.8120346]]}}, {"type": "Feature", "properties": {"layer": "-1", "source": "NAIP", "tunnel": "culvert", "waterway": "ditch", "_id": 1389589762}, "geometry": {"type": "LineString", "coordinates": [[-87.880505, 41.8918234], [-87.8800383, 41.8917056], [-87.8789976, 41.8915658], [-87.8768358, 41.8915199]]}}, {"type": "Feature", "properties": {"intermittent": "yes", "layer": "-1", "tunnel": "culvert", "waterway": "drain", "_id": 1389615066}, "geometry": {"type": "LineString", "coordinates": [[-87.9125128, 41.9548686], [-87.9124311, 41.9549081]]}}, {"type": "Feature", "properties": {"layer": "-1", "tunnel": "culvert", "waterway": "drain", "_id": 1389615078}, "geometry": {"type": "LineString", "coordinates": [[-87.9025181, 41.9527618], [-87.9027934, 41.9528479]]}}, {"type": "Feature", "properties": {"layer": "-1", "name": "Bensenville Ditch", "tunnel": "culvert", "waterway": "drain", "_id": 1389615083}, "geometry": {"type": "LineString", "coordinates": [[-87.909692, 41.9553245], [-87.9097205, 41.9553062]]}}, {"type": "Feature", "properties": {"NHD:ComID": "109977920", "NHD:FCode": "46003", "NHD:FType": "StreamRiver", "NHD:ReachCode": "7120004000532", "NHD:way_id": "109977920", "layer": "-1", "source": "NHD", "tunnel": "culvert", "waterway": "stream", "_id": 1394236822}, "geometry": {"type": "LineString", "coordinates": [[-87.9187613, 41.7228032], [-87.918839, 41.7227676]]}}, {"type": "Feature", "properties": {"NHD:ComID": "109977920", "NHD:FCode": "46003", "NHD:FType": "StreamRiver", "NHD:ReachCode": "7120004000532", "NHD:way_id": "109977920", "layer": "-1", "source": "NHD", "tunnel": "culvert", "waterway": "stream", "_id": 1394236824}, "geometry": {"type": "LineString", "coordinates": [[-87.9184447, 41.723518], [-87.9184653, 41.7234082]]}}, {"type": "Feature", "properties": {"NHD:ComID": "109977920", "NHD:FCode": "46003", "NHD:FType": "StreamRiver", "NHD:ReachCode": "7120004000532", "NHD:way_id": "109977920", "layer": "-1", "source": "NHD", "tunnel": "culvert", "waterway": "stream", "_id": 1394236825}, "geometry": {"type": "LineString", "coordinates": [[-87.9184198, 41.7238963], [-87.918406, 41.7238664]]}}, {"type": "Feature", "properties": {"NHD:ComID": "109977742", "NHD:FCode": "46003", "NHD:FType": "StreamRiver", "NHD:ReachCode": "7120004000532", "NHD:way_id": "109977742", "attribution": "NHD", "layer": "-1", "source": "NHD_import_v0.3_20090601163626", "tunnel": "culvert", "waterway": "stream", "_id": 1394236828}, "geometry": {"type": "LineString", "coordinates": [[-87.9166802, 41.7298523], [-87.916683, 41.7297639]]}}, {"type": "Feature", "properties": {"NHD:ComID": "109977916", "NHD:FCode": "46003", "NHD:FType": "StreamRiver", "NHD:ReachCode": "7120004002955", "NHD:way_id": "109977916", "layer": "-1", "source": "NHD", "tunnel": "culvert", "waterway": "stream", "_id": 1395808676}, "geometry": {"type": "LineString", "coordinates": [[-87.9348656, 41.7250064], [-87.934951, 41.7248781], [-87.9360603, 41.7238249], [-87.936329, 41.723607]]}}, {"type": "Feature", "properties": {"layer": "-1", "tunnel": "culvert", "waterway": "drain", "_id": 1396302576}, "geometry": {"type": "LineString", "coordinates": [[-87.5971955, 41.6916252], [-87.5970717, 41.6918385]]}}, {"type": "Feature", "properties": {"intermittent": "yes", "layer": "-1", "tunnel": "culvert", "waterway": "stream", "_id": 1413124817}, "geometry": {"type": "LineString", "coordinates": [[-87.9199151, 41.7272972], [-87.9198339, 41.7272108]]}}, {"type": "Feature", "properties": {"intermittent": "yes", "layer": "-1", "tunnel": "culvert", "waterway": "stream", "_id": 1420856958}, "geometry": {"type": "LineString", "coordinates": [[-87.8433639, 41.6715314], [-87.8432747, 41.6715486]]}}, {"type": "Feature", "properties": {"layer": "-1", "tunnel": "culvert", "waterway": "stream", "_id": 1426737357}, "geometry": {"type": "LineString", "coordinates": [[-87.9596872, 42.0029132], [-87.959749, 42.0025023]]}}, {"type": "Feature", "properties": {"check_date": "2025-04-20", "covered": "no", "intermittent": "yes", "layer": "-1", "source": "survey", "tunnel": "culvert", "waterway": "drain", "_id": 1427346900}, "geometry": {"type": "LineString", "coordinates": [[-87.945343, 41.7199398], [-87.9452601, 41.7199466]]}}, {"type": "Feature", "properties": {"check_date": "2025-04-01", "covered": "no", "intermittent": "yes", "layer": "-1", "source": "survey", "tunnel": "culvert", "waterway": "ditch", "_id": 1427346901}, "geometry": {"type": "LineString", "coordinates": [[-87.9546209, 41.7229788], [-87.9546175, 41.7229158]]}}, {"type": "Feature", "properties": {"layer": "-1", "tunnel": "culvert", "waterway": "stream", "_id": 1428402291}, "geometry": {"type": "LineString", "coordinates": [[-87.9480464, 41.7417001], [-87.9490848, 41.7416753]]}}, {"type": "Feature", "properties": {"layer": "-1", "tunnel": "culvert", "waterway": "stream", "_id": 1428402292}, "geometry": {"type": "LineString", "coordinates": [[-87.9464722, 41.7416452], [-87.9469914, 41.7416594]]}}, {"type": "Feature", "properties": {"layer": "-1", "tunnel": "culvert", "waterway": "stream", "_id": 1428402293}, "geometry": {"type": "LineString", "coordinates": [[-87.9460692, 41.7417885], [-87.9462944, 41.7416771]]}}, {"type": "Feature", "properties": {"layer": "-1", "tunnel": "culvert", "waterway": "stream", "_id": 1428402294}, "geometry": {"type": "LineString", "coordinates": [[-87.9438881, 41.7423758], [-87.9449739, 41.7423564]]}}, {"type": "Feature", "properties": {"layer": "-1", "tunnel": "culvert", "waterway": "stream", "_id": 1428402295}, "geometry": {"type": "LineString", "coordinates": [[-87.9427004, 41.7434354], [-87.9429872, 41.7431152]]}}, {"type": "Feature", "properties": {"layer": "-1", "tunnel": "culvert", "waterway": "stream", "_id": 1428402401}, "geometry": {"type": "LineString", "coordinates": [[-87.9454315, 41.7438654], [-87.9456707, 41.7438327]]}}, {"type": "Feature", "properties": {"layer": "-1", "tunnel": "culvert", "waterway": "stream", "_id": 1428402403}, "geometry": {"type": "LineString", "coordinates": [[-87.9463385, 41.7430964], [-87.9469404, 41.7424638]]}}, {"type": "Feature", "properties": {"NHD:ComID": "109976486", "NHD:FCode": "46006", "NHD:FType": "StreamRiver", "NHD:ReachCode": "7120004000229", "NHD:way_id": "109976486", "attribution": "NHD", "boat": "no", "gnis:feature_id": "421693", "layer": "-1", "name": "Addison Creek", "source": "NHD_import_v0.3_20090601163626", "tunnel": "culvert", "waterway": "stream", "_id": 1433341136}, "geometry": {"type": "LineString", "coordinates": [[-87.8692011, 41.8714912], [-87.8694434, 41.871486]]}}, {"type": "Feature", "properties": {"NHD:ComID": "109976486", "NHD:FCode": "46006", "NHD:FType": "StreamRiver", "NHD:ReachCode": "7120004000229", "NHD:way_id": "109976486", "attribution": "NHD", "boat": "no", "gnis:feature_id": "421693", "layer": "-1", "name": "Addison Creek", "source": "NHD_import_v0.3_20090601163626", "tunnel": "culvert", "waterway": "stream", "_id": 1433341138}, "geometry": {"type": "LineString", "coordinates": [[-87.8704314, 41.8714582], [-87.8706729, 41.8714518]]}}, {"type": "Feature", "properties": {"NHD:ComID": "109976486", "NHD:FCode": "46006", "NHD:FType": "StreamRiver", "NHD:ReachCode": "7120004000229", "NHD:way_id": "109976486", "attribution": "NHD", "boat": "no", "gnis:feature_id": "421693", "layer": "-1", "name": "Addison Creek", "source": "NHD_import_v0.3_20090601163626", "tunnel": "culvert", "waterway": "stream", "_id": 1433341140}, "geometry": {"type": "LineString", "coordinates": [[-87.8716615, 41.8714191], [-87.8719006, 41.8714117]]}}, {"type": "Feature", "properties": {"NHD:ComID": "109976486", "NHD:FCode": "46006", "NHD:FType": "StreamRiver", "NHD:ReachCode": "7120004000229", "NHD:way_id": "109976486", "attribution": "NHD", "boat": "no", "gnis:feature_id": "421693", "layer": "-1", "name": "Addison Creek", "source": "NHD_import_v0.3_20090601163626", "tunnel": "culvert", "waterway": "stream", "_id": 1433341166}, "geometry": {"type": "LineString", "coordinates": [[-87.8687877, 41.8728604], [-87.8687824, 41.8726809]]}}, {"type": "Feature", "properties": {"NHD:ComID": "109976486", "NHD:FCode": "46006", "NHD:FType": "StreamRiver", "NHD:ReachCode": "7120004000229", "NHD:way_id": "109976486", "attribution": "NHD", "boat": "no", "gnis:feature_id": "421693", "layer": "-1", "name": "Addison Creek", "source": "NHD_import_v0.3_20090601163626", "tunnel": "culvert", "waterway": "stream", "_id": 1433341175}, "geometry": {"type": "LineString", "coordinates": [[-87.8688577, 41.8746734], [-87.8688488, 41.8744951]]}}, {"type": "Feature", "properties": {"NHD:ComID": "109976486", "NHD:FCode": "46006", "NHD:FType": "StreamRiver", "NHD:ReachCode": "7120004000229", "NHD:way_id": "109976486", "attribution": "NHD", "boat": "no", "gnis:feature_id": "421693", "layer": "-1", "name": "Addison Creek", "source": "NHD_import_v0.3_20090601163626", "tunnel": "culvert", "waterway": "stream", "_id": 1433341182}, "geometry": {"type": "LineString", "coordinates": [[-87.8688929, 41.8755813], [-87.868885, 41.8753977]]}}, {"type": "Feature", "properties": {"NHD:ComID": "109976486", "NHD:FCode": "46006", "NHD:FType": "StreamRiver", "NHD:ReachCode": "7120004000229", "NHD:way_id": "109976486", "attribution": "NHD", "boat": "no", "gnis:feature_id": "421693", "layer": "-1", "name": "Addison Creek", "source": "NHD_import_v0.3_20090601163626", "tunnel": "culvert", "waterway": "stream", "_id": 1433480483}, "geometry": {"type": "LineString", "coordinates": [[-87.8689301, 41.8764989], [-87.8689271, 41.8763191]]}}, {"type": "Feature", "properties": {"NHD:ComID": "109976486", "NHD:FCode": "46006", "NHD:FType": "StreamRiver", "NHD:ReachCode": "7120004000229", "NHD:way_id": "109976486", "attribution": "NHD", "boat": "no", "gnis:feature_id": "421693", "layer": "-1", "name": "Addison Creek", "source": "NHD_import_v0.3_20090601163626", "tunnel": "culvert", "waterway": "stream", "_id": 1433480490}, "geometry": {"type": "LineString", "coordinates": [[-87.8689726, 41.8774131], [-87.8689649, 41.8772327]]}}, {"type": "Feature", "properties": {"NHD:ComID": "109976486", "NHD:FCode": "46006", "NHD:FType": "StreamRiver", "NHD:ReachCode": "7120004000229", "NHD:way_id": "109976486", "attribution": "NHD", "boat": "no", "gnis:feature_id": "421693", "layer": "-1", "name": "Addison Creek", "source": "NHD_import_v0.3_20090601163626", "tunnel": "culvert", "waterway": "stream", "_id": 1433480493}, "geometry": {"type": "LineString", "coordinates": [[-87.8690288, 41.8783365], [-87.8690006, 41.8781381]]}}, {"type": "Feature", "properties": {"covered": "yes", "fixme": "Continue", "intermittent": "yes", "source": "survey", "tunnel": "culvert", "waterway": "drain", "_id": 1435090878}, "geometry": {"type": "LineString", "coordinates": [[-87.9459113, 41.7159478], [-87.9457898, 41.7159415]]}}, {"type": "Feature", "properties": {"covered": "yes", "intermittent": "yes", "tunnel": "culvert", "waterway": "ditch", "_id": 1435090882}, "geometry": {"type": "LineString", "coordinates": [[-87.9459262, 41.7159032], [-87.9460412, 41.7156629]]}}, {"type": "Feature", "properties": {"layer": "-1", "tunnel": "culvert", "waterway": "stream", "_id": 1436277738}, "geometry": {"type": "LineString", "coordinates": [[-87.9460921, 41.775454], [-87.9456505, 41.7754566], [-87.9454866, 41.7753916], [-87.9454015, 41.7752603], [-87.9453352, 41.774803], [-87.9453559, 41.7746233], [-87.9455241, 41.7744802], [-87.9455593, 41.7740902]]}}, {"type": "Feature", "properties": {"layer": "-1", "tunnel": "culvert", "waterway": "ditch", "_id": 1442734466}, "geometry": {"type": "LineString", "coordinates": [[-87.8839611, 41.7404068], [-87.8840053, 41.7403397], [-87.8840214, 41.7402857], [-87.8839919, 41.7402357], [-87.8837988, 41.7401616], [-87.8830867, 41.7400435], [-87.8818984, 41.7394201], [-87.8812909, 41.7390278], [-87.8796119, 41.737814], [-87.879397, 41.7371213]]}}, {"type": "Feature", "properties": {"layer": "-1", "tunnel": "culvert", "waterway": "ditch", "_id": 1442734467}, "geometry": {"type": "LineString", "coordinates": [[-87.8802341, 41.7446426], [-87.8829338, 41.7411293], [-87.8833629, 41.7409992]]}}, {"type": "Feature", "properties": {"layer": "-1", "tunnel": "culvert", "waterway": "ditch", "_id": 1442734468}, "geometry": {"type": "LineString", "coordinates": [[-87.8765742, 41.7491622], [-87.8769471, 41.748775]]}}, {"type": "Feature", "properties": {"layer": "-1", "tunnel": "culvert", "waterway": "ditch", "_id": 1442734469}, "geometry": {"type": "LineString", "coordinates": [[-87.8748053, 41.7510272], [-87.8750588, 41.7507631]]}}, {"type": "Feature", "properties": {"layer": "-1", "tunnel": "culvert", "waterway": "ditch", "_id": 1442734470}, "geometry": {"type": "LineString", "coordinates": [[-87.8743842, 41.7523439], [-87.873998, 41.7521248]]}}, {"type": "Feature", "properties": {"boat": "no", "layer": "-1", "name": "Illinois and Michigan Canal", "short_name": "I&M Canal", "tunnel": "culvert", "waterway": "canal", "wikidata": "Q952760", "wikipedia": "en:Illinois and Michigan Canal", "_id": 1448318908}, "geometry": {"type": "LineString", "coordinates": [[-87.8564086, 41.7488089], [-87.8568594, 41.7485412]]}}, {"type": "Feature", "properties": {"boat": "yes", "loc_name": "Bubbly Creek", "name": "South Fork South Branch Chicago River", "waterway": "river", "wikidata": "Q4982285", "wikipedia": "en:Bubbly Creek", "_id": 1458796927}, "geometry": {"type": "LineString", "coordinates": [[-87.6583789, 41.8257558], [-87.6578091, 41.8258845], [-87.6574978, 41.8259827]]}}, {"type": "Feature", "properties": {"boat": "yes", "loc_name": "Bubbly Creek", "name": "South Fork South Branch Chicago River", "waterway": "river", "wikidata": "Q4982285", "wikipedia": "en:Bubbly Creek", "_id": 1458796928}, "geometry": {"type": "LineString", "coordinates": [[-87.6642396, 41.839043], [-87.6645194, 41.8395101], [-87.6645775, 41.8400557], [-87.6645304, 41.8405205], [-87.6645856, 41.8407202], [-87.6645902, 41.8407368], [-87.6649639, 41.8414489], [-87.6649929, 41.8417138], [-87.6645696, 41.8423225], [-87.6643042, 41.8427615], [-87.6643054, 41.8435506], [-87.6644337, 41.8447157]]}}, {"type": "Feature", "properties": {"intermittent": "yes", "layer": "-1", "tunnel": "culvert", "waterway": "ditch", "_id": 1459984465}, "geometry": {"type": "LineString", "coordinates": [[-87.9410697, 41.9820374], [-87.9413032, 41.9822084]]}}, {"type": "Feature", "properties": {"layer": "-1", "tunnel": "culvert", "waterway": "ditch", "_id": 1460848805}, "geometry": {"type": "LineString", "coordinates": [[-87.8857844, 41.7568095], [-87.8859727, 41.756759]]}}, {"type": "Feature", "properties": {"layer": "-1", "tunnel": "culvert", "waterway": "ditch", "_id": 1461315524}, "geometry": {"type": "LineString", "coordinates": [[-87.8470568, 41.7280727], [-87.8474142, 41.7280573]]}}, {"type": "Feature", "properties": {"location": "underground", "man_made": "manhole", "manhole": "sewer", "name": "TARP", "operator": "Metropolitan Water Reclamation District of Greater Chicago", "tunnel": "entrance", "tunnel:name": "Tunnel and Reservoir Plan (tarp)", "water_source": "canal", "waterway": "drain", "website": "https://mwrd.org/", "_id": 1463535774}, "geometry": {"type": "LineString", "coordinates": [[-87.7107545, 42.0173277], [-87.710737, 42.0173424], [-87.7107265, 42.0173605], [-87.7107241, 42.01738], [-87.7107301, 42.0173992], [-87.7107438, 42.017416], [-87.7107639, 42.0174287], [-87.7107883, 42.0174362], [-87.7108147, 42.0174377], [-87.7108425, 42.0174322], [-87.7108662, 42.0174201], [-87.710883, 42.0174028], [-87.7108908, 42.0173822], [-87.7108888, 42.0173609], [-87.7108772, 42.0173413], [-87.7108574, 42.0173258], [-87.7108317, 42.0173162], [-87.7108032, 42.0173137], [-87.7107773, 42.0173178], [-87.7107545, 42.0173277]]}}, {"type": "Feature", "properties": {"layer": "-1", "tunnel": "culvert", "waterway": "stream", "_id": 1466301973}, "geometry": {"type": "LineString", "coordinates": [[-87.854383, 41.7083457], [-87.8545091, 41.7083297]]}}, {"type": "Feature", "properties": {"NHD:ComID": "109975650", "NHD:FCode": "46003", "NHD:FType": "StreamRiver", "NHD:ReachCode": "7120004002714", "NHD:way_id": "109975650", "attribution": "NHD", "intermittent": "yes", "layer": "0", "source": "NHD_import_v0.3_20090601163626", "tunnel": "culvert", "waterway": "drain", "_id": 1474280199}, "geometry": {"type": "LineString", "coordinates": [[-87.9104679, 41.9948176], [-87.9112508, 41.9951235], [-87.9111859, 41.9957021], [-87.9123768, 41.9967476], [-87.912985, 41.9966741]]}}, {"type": "Feature", "properties": {"NHD:ComID": "109975630", "NHD:FCode": "46003", "NHD:FType": "StreamRiver", "NHD:ReachCode": "7120004000285", "NHD:way_id": "109975630", "gnis:feature_id": "422161", "intermittent": "no", "layer": "-1", "name": "Willow Creek", "source": "NHD", "tunnel": "culvert", "waterway": "canal", "_id": 1474288149}, "geometry": {"type": "LineString", "coordinates": [[-87.8982865, 42.0045657], [-87.898103, 42.0045669], [-87.8950335, 42.0018857], [-87.8948995, 42.0018794]]}}, {"type": "Feature", "properties": {"intermittent": "yes", "layer": "-1", "tunnel": "culvert", "waterway": "stream", "_id": 1475420185}, "geometry": {"type": "LineString", "coordinates": [[-87.8811842, 41.952674], [-87.8812825, 41.9529918]]}}, {"type": "Feature", "properties": {"layer": "-1", "tunnel": "culvert", "waterway": "stream", "_id": 1478830934}, "geometry": {"type": "LineString", "coordinates": [[-87.7704684, 41.6465638], [-87.7704697, 41.6467053]]}}, {"type": "Feature", "properties": {"boat": "yes", "canoe": "yes", "deep_draft": "no", "intermittent": "no", "name": "Calumet River", "name:mia": "kinwikami", "oneway:canoe": "no", "rapids": "no", "ship": "yes", "source:deep_draft": "National Transportation Atlas Database 2011", "tidal": "no", "waterway": "river", "wikidata": "Q2934412", "wikipedia": "en:Calumet River", "_id": 1494764266}, "geometry": {"type": "LineString", "coordinates": [[-87.565899, 41.6504934], [-87.565378, 41.6500095]]}}, {"type": "Feature", "properties": {"boat": "yes", "canoe": "yes", "deep_draft": "no", "intermittent": "no", "name": "Calumet River", "name:mia": "kinwikami", "oneway:canoe": "no", "rapids": "no", "ship": "yes", "source:deep_draft": "National Transportation Atlas Database 2011", "tidal": "no", "waterway": "river", "wikidata": "Q2934412", "wikipedia": "en:Calumet River", "_id": 1494764267}, "geometry": {"type": "LineString", "coordinates": [[-87.5687957, 41.6533891], [-87.5681998, 41.6527952]]}}, {"type": "Feature", "properties": {"boat": "yes", "canoe": "yes", "intermittent": "no", "name": "North Branch Chicago River", "tidal": "no", "waterway": "river", "wikidata": "Q643284", "wikipedia": "en:Chicago River", "_id": 1499127981}, "geometry": {"type": "LineString", "coordinates": [[-87.7955635, 42.0123658], [-87.7955829, 42.0123406], [-87.7960876, 42.0116752], [-87.7963706, 42.0112186], [-87.7969425, 42.0100043], [-87.7969953, 42.0098639], [-87.797004, 42.009704], [-87.796836, 42.0094825], [-87.7966414, 42.0092228], [-87.7964598, 42.0090981], [-87.7961964, 42.0090173], [-87.7959689, 42.008992], [-87.7955251, 42.0090177], [-87.7951149, 42.0090795], [-87.7948564, 42.0090992], [-87.794579, 42.0090955], [-87.7941711, 42.0090311], [-87.7936903, 42.008941], [-87.7932779, 42.0088142], [-87.7930082, 42.0087347], [-87.7927846, 42.0086023], [-87.7925376, 42.008433], [-87.7923523, 42.0082572], [-87.7922897, 42.0081089], [-87.7921626, 42.0075583], [-87.7921282, 42.0074549], [-87.7920288, 42.0073645], [-87.7918362, 42.007275], [-87.7916421, 42.0072027], [-87.7913731, 42.0071262], [-87.791259, 42.0070875], [-87.7911899, 42.0070125], [-87.7911508, 42.0069396], [-87.7911423, 42.0068576], [-87.7911881, 42.0067422], [-87.7912642, 42.0066358], [-87.7914344, 42.0064686], [-87.7916307, 42.0062982], [-87.7919938, 42.0058862], [-87.7921123, 42.0057053], [-87.7922094, 42.0054887], [-87.7922771, 42.0052936], [-87.7924749, 42.0047596], [-87.792473, 42.0046779], [-87.7923802, 42.0044968], [-87.792367, 42.0043749], [-87.7923875, 42.0042007], [-87.7923676, 42.0041228], [-87.7923319, 42.0040361], [-87.7922648, 42.0039856], [-87.7921004, 42.0039181], [-87.7917564, 42.0038545], [-87.7914597, 42.0038124], [-87.7911502, 42.0037964], [-87.7907725, 42.0038004], [-87.7904557, 42.0038369], [-87.7902413, 42.0039195], [-87.790146, 42.0039966], [-87.7900784, 42.0041158], [-87.7900359, 42.0042193], [-87.7899859, 42.0043156], [-87.7899007, 42.0043821], [-87.789761, 42.0044338], [-87.7896234, 42.0044393], [-87.7895043, 42.0044047], [-87.789379, 42.0043064], [-87.7892972, 42.0041596], [-87.7891942, 42.003744], [-87.789187, 42.0036276], [-87.7892122, 42.003526], [-87.7893299, 42.0031868], [-87.7894845, 42.0029129], [-87.789609, 42.0026395], [-87.7898114, 42.0023335], [-87.7903125, 42.0015094], [-87.790469, 42.001291], [-87.7905125, 42.0011812], [-87.7905276, 42.0010384], [-87.7904898, 42.0009315], [-87.7903712, 42.0007693], [-87.7903377, 42.0007303]]}}, {"type": "Feature", "properties": {"boat": "yes", "canoe": "yes", "intermittent": "no", "name": "North Branch Chicago River", "tidal": "no", "waterway": "river", "wikidata": "Q643284", "wikipedia": "en:Chicago River", "_id": 1499127982}, "geometry": {"type": "LineString", "coordinates": [[-87.7903377, 42.0007303], [-87.7902725, 42.0006555], [-87.7901098, 42.0005309], [-87.7898319, 42.0004046], [-87.7891424, 42.0001827], [-87.7888568, 42.000067], [-87.7883299, 41.9997331], [-87.7880951, 41.9996631], [-87.7878798, 41.9996275], [-87.7877664, 41.9996178], [-87.7875973, 41.9996316], [-87.7874114, 41.9996751], [-87.7872369, 41.9997463], [-87.78715, 41.9997733], [-87.7870368, 41.9998084], [-87.7868595, 41.9998322], [-87.7866648, 41.9998267], [-87.7865441, 41.9998046], [-87.7865122, 41.9997988], [-87.7861926, 41.9997246], [-87.7858553, 41.9997051], [-87.7854189, 41.999701], [-87.7851916, 41.9997482], [-87.7849942, 41.999829], [-87.7849007, 41.9998812], [-87.7846138, 42.0001182], [-87.7844899, 42.0001701], [-87.7842584, 42.0001884], [-87.7839988, 42.0001696], [-87.7838097, 42.0001462], [-87.7836075, 42.0000968], [-87.7834654, 42.0000419], [-87.7833348, 42.0000115], [-87.7832096, 42.000016], [-87.7830709, 42.000062], [-87.7829737, 42.0001685], [-87.7829023, 42.0002844], [-87.7828912, 42.0004277], [-87.7828592, 42.0007086], [-87.7827163, 42.0011681], [-87.782577, 42.0014288], [-87.7823238, 42.0019119], [-87.782258, 42.0021445], [-87.7819933, 42.0026245], [-87.78184, 42.0027853], [-87.7817632, 42.0028658], [-87.7816395, 42.0029379], [-87.781501, 42.0029813], [-87.7813382, 42.0029739], [-87.781188, 42.0029467], [-87.7810645, 42.0028991], [-87.7808532, 42.0027677], [-87.7806328, 42.0025529], [-87.7805449, 42.0023618], [-87.7804673, 42.0021126], [-87.7803434, 42.0017329], [-87.7802767, 42.0014343], [-87.7802334, 42.0008048], [-87.7801612, 42.0001916], [-87.7800403, 41.9995045], [-87.7799934, 41.9990664], [-87.7800461, 41.9981703], [-87.7800012, 41.9974264]]}}, {"type": "Feature", "properties": {"boat": "yes", "canoe": "yes", "intermittent": "no", "name": "North Branch Chicago River", "tidal": "no", "waterway": "river", "wikidata": "Q643284", "wikipedia": "en:Chicago River", "_id": 1499127983}, "geometry": {"type": "LineString", "coordinates": [[-87.7800012, 41.9974264], [-87.7799995, 41.99724], [-87.7799569, 41.9970643], [-87.7798577, 41.9969107], [-87.7797502, 41.9968188], [-87.7796081, 41.9967388], [-87.7794028, 41.9966963], [-87.7791856, 41.9967011], [-87.7789706, 41.9967264], [-87.7788193, 41.9967866], [-87.778675, 41.9968857], [-87.7785419, 41.9969872], [-87.7785264, 41.996999], [-87.7783678, 41.9971092], [-87.7782671, 41.9971494], [-87.7781857, 41.9971662], [-87.7780683, 41.9971456], [-87.7779401, 41.9971014], [-87.7776272, 41.9969877], [-87.777466, 41.9969697], [-87.7772843, 41.9969681], [-87.7771586, 41.9969912], [-87.7770361, 41.9970649], [-87.7769569, 41.9971686], [-87.7768872, 41.9972324], [-87.776816, 41.9972551], [-87.7767082, 41.9972496], [-87.7766396, 41.997221], [-87.7765093, 41.9971203], [-87.7761138, 41.9968095], [-87.7758944, 41.9966917], [-87.7757249, 41.9966587], [-87.7755237, 41.9966722], [-87.7752839, 41.99672], [-87.7748069, 41.9968837], [-87.7745149, 41.9969857], [-87.7742336, 41.9970516], [-87.7737369, 41.9970738], [-87.7732261, 41.9970361], [-87.7728707, 41.9969797], [-87.772594, 41.9969302], [-87.7722031, 41.9968162], [-87.7718554, 41.9966836], [-87.7716382, 41.9965611], [-87.7714635, 41.9964169], [-87.7713504, 41.9963089], [-87.7712664, 41.9961599], [-87.7712008, 41.9960306], [-87.7711675, 41.9958601], [-87.7711426, 41.9955013], [-87.7711687, 41.9953215], [-87.7712273, 41.9951664], [-87.7713423, 41.9949317], [-87.7713496, 41.9949086], [-87.7714797, 41.9947305], [-87.771637, 41.9945546], [-87.7720394, 41.9942245], [-87.7722806, 41.9940292], [-87.77257, 41.9938619], [-87.7727817, 41.9937888], [-87.7733003, 41.9936868], [-87.7735222, 41.9936084], [-87.7736585, 41.9935085], [-87.773692, 41.9934139], [-87.7737144, 41.9932727], [-87.7736891, 41.9930707], [-87.7736091, 41.9927644], [-87.7734827, 41.9925303], [-87.7732635, 41.9921769], [-87.7730586, 41.9919401], [-87.7728677, 41.9918014], [-87.7726988, 41.9917017], [-87.772455, 41.9916562], [-87.7721828, 41.9916158], [-87.7716625, 41.9915688], [-87.7712029, 41.9915405], [-87.7710963, 41.9915161], [-87.7709744, 41.9914721], [-87.7708929, 41.9913864], [-87.7708652, 41.9912707], [-87.7708686, 41.9911113], [-87.770898, 41.9910517], [-87.7709584, 41.9910003], [-87.7711954, 41.9909422], [-87.7714081, 41.9908656], [-87.7715324, 41.9907794], [-87.7716161, 41.9906264], [-87.7716914, 41.990429], [-87.771734, 41.9902464], [-87.771725, 41.9900733], [-87.7716562, 41.9898932], [-87.7714855, 41.989638], [-87.771233, 41.9893543], [-87.7711002, 41.989278], [-87.7709765, 41.9892451], [-87.7708202, 41.989242], [-87.7707142, 41.9892001], [-87.7705961, 41.9891045], [-87.7704259, 41.9890279], [-87.7702585, 41.9890043], [-87.7699785, 41.9889922], [-87.7698317, 41.9889961], [-87.7696723, 41.9889982], [-87.769493, 41.988982], [-87.7692245, 41.9889331], [-87.768834, 41.9888647], [-87.7682065, 41.9887378], [-87.7680331, 41.9887341], [-87.7678799, 41.9887446], [-87.7678673, 41.9887485], [-87.7677552, 41.9887837], [-87.7676588, 41.9888452], [-87.767596, 41.9889319], [-87.7675295, 41.9890943], [-87.7675658, 41.9892566], [-87.7676273, 41.9894125], [-87.7676177, 41.9895233], [-87.7675705, 41.9896152], [-87.7674402, 41.9896924], [-87.7672937, 41.9897318], [-87.7671494, 41.9898891], [-87.7668048, 41.9900295], [-87.7663845, 41.9900957], [-87.7659909, 41.9901247], [-87.7657541, 41.9901236], [-87.7655127, 41.9900668], [-87.7651045, 41.9898864], [-87.7647035, 41.9897015], [-87.7645822, 41.9896329], [-87.7644738, 41.9895103], [-87.7643475, 41.9894166], [-87.76423, 41.98938], [-87.7641117, 41.9893788], [-87.763977, 41.9893963], [-87.7638707, 41.9894318], [-87.763822, 41.9894867], [-87.7638065, 41.9895881], [-87.7637285, 41.9896711], [-87.763616, 41.989733], [-87.7633248, 41.9897529], [-87.7630976, 41.9897495], [-87.762964, 41.9897849], [-87.7628359, 41.9898428], [-87.7627278, 41.9899253], [-87.7626719, 41.9900396], [-87.7626169, 41.9901589], [-87.7625171, 41.9902184], [-87.7624145, 41.9902332], [-87.7622545, 41.9902262], [-87.7621501, 41.9901823], [-87.7620573, 41.990111], [-87.7620398, 41.9900144], [-87.7618356, 41.9894671], [-87.7616374, 41.9890636], [-87.761595, 41.9889197], [-87.7615825, 41.9888061], [-87.7616347, 41.9886619], [-87.7616852, 41.98855], [-87.7617817, 41.9884648], [-87.761897, 41.9883952], [-87.7620121, 41.9883555], [-87.7621242, 41.9883161], [-87.7622128, 41.9882401], [-87.7623107, 41.9881479], [-87.7623296, 41.9880517], [-87.7623241, 41.9879625], [-87.7622701, 41.9878773], [-87.7621915, 41.9877934], [-87.7620967, 41.9877222], [-87.7619665, 41.9876747], [-87.7618236, 41.9876612], [-87.7616062, 41.9876655], [-87.7613734, 41.9876941], [-87.7611855, 41.9877293], [-87.7610273, 41.9877912], [-87.7608748, 41.9878748], [-87.7607455, 41.9879439], [-87.7606442, 41.9879825]]}}, {"type": "Feature", "properties": {"boat": "yes", "canoe": "yes", "deep_draft": "yes", "lock": "no", "motorboat": "yes", "name": "Chicago River", "oneway:canoe": "no", "rapids": "no", "ship": "yes", "source:deep_draft": "National Transportation Atlas Database 2011", "tidal": "no", "toll": "no", "waterway": "river", "wikidata": "Q643284", "wikipedia": "en:Chicago River", "_id": 1503477152}, "geometry": {"type": "LineString", "coordinates": [[-87.6076134, 41.888418], [-87.6077217, 41.8884173], [-87.6078321, 41.8884166]]}}, {"type": "Feature", "properties": {"intermittent": "yes", "layer": "-1", "tunnel": "culvert", "waterway": "stream", "_id": 1503646347}, "geometry": {"type": "LineString", "coordinates": [[-87.8744118, 41.6797671], [-87.8747191, 41.679891]]}}, {"type": "Feature", "properties": {"intermittent": "yes", "layer": "-1", "tunnel": "culvert", "waterway": "stream", "_id": 1503646348}, "geometry": {"type": "LineString", "coordinates": [[-87.8750906, 41.6840524], [-87.8750647, 41.6841321]]}}, {"type": "Feature", "properties": {"NHD:ComID": "109978180", "NHD:FCode": "46003", "NHD:FType": "StreamRiver", "NHD:ReachCode": "7120004003551", "NHD:way_id": "109978180", "gnis:feature_id": "406813", "layer": "-1", "name": "Crooked Creek", "source": "NHD", "tunnel": "culvert", "waterway": "stream", "_id": 1503796955}, "geometry": {"type": "LineString", "coordinates": [[-87.8714373, 41.6955344], [-87.8714468, 41.6956675]]}}, {"type": "Feature", "properties": {"layer": "-1", "tunnel": "culvert", "waterway": "drain", "_id": 1518494335}, "geometry": {"type": "LineString", "coordinates": [[-87.9193011, 41.8930774], [-87.9193054, 41.8929783]]}}, {"type": "Feature", "properties": {"boat": "yes", "canoe": "yes", "intermittent": "no", "name": "North Branch Chicago River", "tidal": "no", "waterway": "river", "wikidata": "Q643284", "wikipedia": "en:Chicago River", "_id": 1518778349}, "geometry": {"type": "LineString", "coordinates": [[-87.7273425, 41.9755306], [-87.7272086, 41.9756679], [-87.7269035, 41.9758748], [-87.726607, 41.9760167], [-87.7262125, 41.9761106], [-87.7262007, 41.9761106], [-87.7258516, 41.9761111], [-87.725804, 41.9761112], [-87.7253473, 41.9760338], [-87.725042, 41.975982], [-87.7244008, 41.9757786], [-87.7239, 41.975343], [-87.7232102, 41.9748212], [-87.7228322, 41.9745934], [-87.7225151, 41.9744366], [-87.7221735, 41.97431], [-87.7215285, 41.974169], [-87.7201768, 41.9740178], [-87.719492, 41.9737243], [-87.7182471, 41.9731641], [-87.717509, 41.9728262], [-87.7167093, 41.9723646], [-87.7160766, 41.9720225], [-87.7159087, 41.9719574], [-87.7156805, 41.9719297], [-87.7143951, 41.9719537], [-87.7137085, 41.9719984], [-87.7128241, 41.9722023], [-87.7121101, 41.972565], [-87.7115333, 41.9732524], [-87.7113368, 41.973623], [-87.711238, 41.9737633], [-87.7109208, 41.9740024], [-87.7106341, 41.9741131], [-87.7099238, 41.9743724], [-87.7089263, 41.9746477], [-87.7087041, 41.9746736], [-87.7082688, 41.9746954], [-87.7080289, 41.9746687], [-87.7074008, 41.9745989], [-87.7060615, 41.9742729], [-87.705801, 41.9742107], [-87.7048542, 41.9739526], [-87.7047025, 41.9738729], [-87.704432, 41.9737416], [-87.704203, 41.9736159]]}}, {"type": "Feature", "properties": {"intermittent": "yes", "layer": "-1", "tunnel": "culvert", "waterway": "drain", "_id": 1519749617}, "geometry": {"type": "LineString", "coordinates": [[-87.6754279, 41.7347796], [-87.6753483, 41.7348385]]}}, {"type": "Feature", "properties": {"intermittent": "yes", "layer": "-1", "tunnel": "culvert", "waterway": "drain", "_id": 1519749619}, "geometry": {"type": "LineString", "coordinates": [[-87.6797494, 41.7332998], [-87.6796549, 41.7336027]]}}, {"type": "Feature", "properties": {"NHD:ComID": "109976032", "NHD:FCode": "46003", "NHD:FType": "StreamRiver", "NHD:ReachCode": "7120004002765", "NHD:way_id": "109976032", "attribution": "NHD", "gnis:feature_id": "404181", "layer": "-1", "name": "Bensenville Ditch", "source": "NHD_import_v0.3_20090601163626", "tunnel": "culvert", "waterway": "stream", "_id": 1530390420}, "geometry": {"type": "LineString", "coordinates": [[-87.8760989, 41.9281978], [-87.8759375, 41.928199]]}}, {"type": "Feature", "properties": {"NHD:ComID": "109976032", "NHD:FCode": "46003", "NHD:FType": "StreamRiver", "NHD:ReachCode": "7120004002765", "NHD:way_id": "109976032", "attribution": "NHD", "gnis:feature_id": "404181", "layer": "-1", "name": "Bensenville Ditch", "source": "NHD_import_v0.3_20090601163626", "tunnel": "yes", "waterway": "stream", "_id": 1530390421}, "geometry": {"type": "LineString", "coordinates": [[-87.8772026, 41.9281824], [-87.8770602, 41.928187]]}}, {"type": "Feature", "properties": {"NHD:ComID": "109976032", "NHD:FCode": "46003", "NHD:FType": "StreamRiver", "NHD:ReachCode": "7120004002765", "NHD:way_id": "109976032", "attribution": "NHD", "gnis:feature_id": "404181", "layer": "-1", "name": "Bensenville Ditch", "source": "NHD_import_v0.3_20090601163626", "tunnel": "culvert", "waterway": "stream", "_id": 1530390423}, "geometry": {"type": "LineString", "coordinates": [[-87.8782966, 41.9281558], [-87.8781505, 41.9281605]]}}, {"type": "Feature", "properties": {"NHD:ComID": "109976032", "NHD:FCode": "46003", "NHD:FType": "StreamRiver", "NHD:ReachCode": "7120004002765", "NHD:way_id": "109976032", "attribution": "NHD", "gnis:feature_id": "404181", "layer": "-1", "name": "Bensenville Ditch", "source": "NHD_import_v0.3_20090601163626", "tunnel": "culvert", "waterway": "stream", "_id": 1530390425}, "geometry": {"type": "LineString", "coordinates": [[-87.8792813, 41.9281346], [-87.8791486, 41.9281375]]}}, {"type": "Feature", "properties": {"NHD:ComID": "109977738", "NHD:FCode": "46003", "NHD:FType": "StreamRiver", "NHD:ReachCode": "7120004000337", "NHD:way_id": "109977738", "attribution": "NHD", "layer": "-1", "source": "NHD_import_v0.3_20090601163626", "tunnel": "culvert", "waterway": "stream", "_id": 1532523282}, "geometry": {"type": "LineString", "coordinates": [[-87.862789, 41.74429], [-87.8628907, 41.7443372]]}}, {"type": "Feature", "properties": {"NHD:ComID": "109977426", "NHD:FCode": "46003", "NHD:FType": "StreamRiver", "NHD:ReachCode": "7120004000330", "NHD:way_id": "109977426", "attribution": "NHD", "layer": "-1", "source": "NHD_import_v0.3_20090601163626", "tunnel": "culvert", "waterway": "stream", "_id": 1532577082}, "geometry": {"type": "LineString", "coordinates": [[-87.8440681, 41.7595488], [-87.8441929, 41.7596202]]}}, {"type": "Feature", "properties": {"NHD:ComID": "109977426", "NHD:FCode": "46003", "NHD:FType": "StreamRiver", "NHD:ReachCode": "7120004000330", "NHD:way_id": "109977426", "attribution": "NHD", "layer": "-1", "source": "NHD_import_v0.3_20090601163626", "tunnel": "culvert", "waterway": "stream", "_id": 1532577084}, "geometry": {"type": "LineString", "coordinates": [[-87.8443484, 41.7596996], [-87.8444581, 41.7597556]]}}, {"type": "Feature", "properties": {"intermittent": "yes", "layer": "-1", "tunnel": "culvert", "waterway": "ditch", "_id": 1536231245}, "geometry": {"type": "LineString", "coordinates": [[-87.6074541, 41.6610807], [-87.6077089, 41.6611208]]}}, {"type": "Feature", "properties": {"intermittent": "yes", "layer": "-1", "tunnel": "culvert", "waterway": "ditch", "_id": 1536231249}, "geometry": {"type": "LineString", "coordinates": [[-87.6112923, 41.6610897], [-87.6115578, 41.6610877]]}}, {"type": "Feature", "properties": {"intermittent": "yes", "layer": "-1", "tunnel": "culvert", "waterway": "stream", "_id": 1538507540}, "geometry": {"type": "LineString", "coordinates": [[-87.9003626, 41.8314135], [-87.9005945, 41.8314211]]}}, {"type": "Feature", "properties": {"intermittent": "yes", "layer": "-1", "tunnel": "culvert", "waterway": "stream", "_id": 1538507542}, "geometry": {"type": "LineString", "coordinates": [[-87.9021484, 41.8310856], [-87.902219, 41.8310496]]}}, {"type": "Feature", "properties": {"intermittent": "yes", "layer": "-1", "tunnel": "culvert", "waterway": "stream", "_id": 1538507544}, "geometry": {"type": "LineString", "coordinates": [[-87.9040847, 41.8282593], [-87.9041846, 41.8281116]]}}, {"type": "Feature", "properties": {"intermittent": "yes", "layer": "-1", "tunnel": "culvert", "waterway": "stream", "_id": 1538507546}, "geometry": {"type": "LineString", "coordinates": [[-87.9049506, 41.8271342], [-87.9048514, 41.8270775]]}}, {"type": "Feature", "properties": {"intermittent": "yes", "layer": "-1", "tunnel": "culvert", "waterway": "stream", "_id": 1538507549}, "geometry": {"type": "LineString", "coordinates": [[-87.9069169, 41.8250821], [-87.9068454, 41.8251174]]}}, {"type": "Feature", "properties": {"intermittent": "yes", "layer": "-1", "tunnel": "culvert", "waterway": "ditch", "_id": 1543931305}, "geometry": {"type": "LineString", "coordinates": [[-87.8796622, 41.7324868], [-87.879788, 41.7325572]]}}, {"type": "Feature", "properties": {"intermittent": "yes", "layer": "-1", "tunnel": "culvert", "waterway": "ditch", "_id": 1543931307}, "geometry": {"type": "LineString", "coordinates": [[-87.8792983, 41.7323169], [-87.8795364, 41.7324343]]}}, {"type": "Feature", "properties": {"layer": "-1", "tunnel": "culvert", "waterway": "ditch", "_id": 1545973463}, "geometry": {"type": "LineString", "coordinates": [[-87.8583923, 41.7463811], [-87.8587755, 41.7462153], [-87.8589273, 41.7463051], [-87.8592864, 41.7465924], [-87.8595185, 41.7468236]]}}, {"type": "Feature", "properties": {"NHD:ComID": "109975624", "NHD:FCode": "46003", "NHD:FType": "StreamRiver", "NHD:ReachCode": "7120004000729", "NHD:way_id": "109975624", "attribution": "NHD", "gnis:feature_id": "410206", "intermittent": "no", "layer": "-1", "man_made": "water_canal", "name": "Higgins Creek", "source": "NHD_import_v0.3_20090601163626", "tunnel": "culvert", "waterway": "stream", "_id": 1548731258}, "geometry": {"type": "LineString", "coordinates": [[-87.9247793, 42.0078499], [-87.9246546, 42.0075713]]}}, {"type": "Feature", "properties": {"layer": "-1", "tunnel": "culvert", "waterway": "ditch", "_id": 1548731268}, "geometry": {"type": "LineString", "coordinates": [[-87.9231357, 42.0072803], [-87.9231419, 42.0070281]]}}, {"type": "Feature", "properties": {"layer": "-1", "tunnel": "culvert", "waterway": "ditch", "_id": 1548731269}, "geometry": {"type": "LineString", "coordinates": [[-87.9230195, 42.0072792], [-87.9230246, 42.0070251]]}}, {"type": "Feature", "properties": {"intermittent": "yes", "layer": "-1", "tunnel": "culvert", "waterway": "drain", "_id": 1548937458}, "geometry": {"type": "LineString", "coordinates": [[-87.7770382, 42.0020045], [-87.7771957, 42.0020786]]}}, {"type": "Feature", "properties": {"intermittent": "yes", "layer": "-1", "tunnel": "culvert", "waterway": "drain", "_id": 1548937459}, "geometry": {"type": "LineString", "coordinates": [[-87.7801009, 42.0034427], [-87.7798987, 42.0033498]]}}, {"type": "Feature", "properties": {"intermittent": "yes", "layer": "-1", "tunnel": "culvert", "waterway": "drain", "_id": 1548937462}, "geometry": {"type": "LineString", "coordinates": [[-87.7787468, 41.9975445], [-87.7787462, 41.9972411]]}}, {"type": "Feature", "properties": {"intermittent": "yes", "layer": "-1", "tunnel": "culvert", "waterway": "drain", "_id": 1548937464}, "geometry": {"type": "LineString", "coordinates": [[-87.7782773, 41.9984712], [-87.7783417, 41.9983623]]}}]}