{"type": "FeatureCollection", "features": [{"type": "Feature", "properties": {"boat": "no", "name": "West Highland Creek", "tidal": "no", "waterway": "river", "wikidata": "Q7985370", "wikipedia": "en:West Highland Creek", "_id": 4928972}, "geometry": {"type": "LineString", "coordinates": [[-79.2377195, 43.7533579], [-79.2371694, 43.7534531], [-79.2370964, 43.7534514], [-79.2369934, 43.7534204], [-79.2364355, 43.7532344], [-79.2363411, 43.7532282], [-79.2357575, 43.7533708], [-79.2356465, 43.7533612], [-79.2354984, 43.7532674], [-79.2352323, 43.7531124], [-79.2349834, 43.753069], [-79.2346143, 43.7530814], [-79.2342023, 43.7530194], [-79.2336187, 43.7532116], [-79.2329835, 43.7533852], [-79.2324085, 43.7535092], [-79.2316274, 43.7533852], [-79.2311124, 43.7532922], [-79.2308549, 43.7531744], [-79.2305459, 43.7531496], [-79.2302627, 43.7531744], [-79.2300653, 43.7532116], [-79.229988, 43.753255], [-79.2299194, 43.7533542], [-79.2298335, 43.7534844], [-79.2298335, 43.7536208], [-79.2299451, 43.753751], [-79.2298421, 43.7539742], [-79.2297305, 43.7542036], [-79.2294988, 43.7544516], [-79.2294301, 43.7545508], [-79.2294301, 43.75465], [-79.2294816, 43.754774], [-79.2294301, 43.7549103], [-79.2293185, 43.7549847], [-79.2285976, 43.7552141], [-79.2282886, 43.7552389], [-79.2280568, 43.7551459], [-79.2279281, 43.7550219], [-79.2278852, 43.754805], [-79.2279281, 43.754588], [-79.2279624, 43.7544702], [-79.2279023, 43.75434], [-79.2277736, 43.7542408], [-79.2275848, 43.7541602], [-79.2273444, 43.7541416], [-79.2270355, 43.7542408], [-79.2267951, 43.7544082], [-79.2264261, 43.7546004], [-79.2261686, 43.7548421], [-79.2259883, 43.7549041], [-79.2257652, 43.7548793], [-79.2255677, 43.7548174], [-79.2253703, 43.7547368], [-79.2253017, 43.7545632], [-79.2251901, 43.75434], [-79.2250785, 43.754185], [-79.2248811, 43.7540052], [-79.2247094, 43.753906], [-79.2230014, 43.754216], [-79.2228727, 43.7542222], [-79.222776, 43.7542459], [-79.2226924, 43.7542226], [-79.2224435, 43.754123], [-79.2222778, 43.7539716], [-79.2222303, 43.7537475], [-79.2221437, 43.7536503], [-79.2219285, 43.7535216], [-79.2213191, 43.7533232], [-79.2210394, 43.753175], [-79.2210143, 43.7530917], [-79.2210302, 43.7529871], [-79.2211785, 43.7528046], [-79.2212161, 43.7525421], [-79.2212161, 43.7524243], [-79.2210273, 43.7523251], [-79.220787, 43.7521329], [-79.2206496, 43.7520709], [-79.2203578, 43.7521515], [-79.2202033, 43.7522135], [-79.2200317, 43.7523623], [-79.2197913, 43.7525297], [-79.2195682, 43.7527156], [-79.2191648, 43.752852], [-79.2190789, 43.7529884], [-79.2190875, 43.7531744], [-79.2191219, 43.7532984], [-79.2191219, 43.753441], [-79.2190446, 43.7535588], [-79.2188472, 43.75372], [-79.218564, 43.7539122], [-79.2184219, 43.753966], [-79.2183837, 43.7539804], [-79.2181949, 43.7539928], [-79.2180061, 43.7539494], [-79.2178001, 43.7538316], [-79.217534, 43.7536518], [-79.2172593, 43.7533604], [-79.2171134, 43.7531434], [-79.2170362, 43.752976], [-79.2169761, 43.7526227], [-79.2168645, 43.7524243], [-79.216813, 43.7523251], [-79.2166929, 43.7522073], [-79.2165641, 43.7521267], [-79.2164096, 43.7520523], [-79.2162637, 43.7519841], [-79.2160405, 43.7520399], [-79.215723, 43.7521143], [-79.2153196, 43.7521081], [-79.2147702, 43.7520461], [-79.2144012, 43.7519779], [-79.2141952, 43.7518601], [-79.2140922, 43.7516741], [-79.2138604, 43.7513579], [-79.2136029, 43.7512339], [-79.2133197, 43.7511595], [-79.213088, 43.7511843], [-79.2127446, 43.7512959], [-79.2124442, 43.7514447], [-79.2123756, 43.7515253], [-79.2123069, 43.7516059], [-79.2122382, 43.7517051], [-79.2122039, 43.7518043], [-79.2122897, 43.7519841], [-79.2126846, 43.7522693], [-79.2128981, 43.7525158], [-79.2128417, 43.7531853], [-79.2127285, 43.7533395], [-79.212758, 43.7535038], [-79.2128791, 43.7536858], [-79.2131278, 43.7539991], [-79.2131578, 43.7540943], [-79.2131455, 43.7541837], [-79.2129461, 43.7544274], [-79.2128226, 43.7546223], [-79.2127606, 43.7548495], [-79.2127051, 43.7551941], [-79.2125671, 43.755373], [-79.2123036, 43.7554222], [-79.2120018, 43.7553758], [-79.2115173, 43.7551583], [-79.2111446, 43.7550255], [-79.210835, 43.7548634], [-79.2106384, 43.7548276], [-79.210403, 43.7548765], [-79.2102135, 43.7549353], [-79.2099895, 43.7551211], [-79.2097713, 43.7553919], [-79.2095187, 43.7555659], [-79.2092327, 43.7557122], [-79.2087145, 43.7558358], [-79.2083244, 43.7559023], [-79.2078437, 43.7559581], [-79.2075347, 43.7560077], [-79.2073332, 43.7560616], [-79.2071971, 43.7560982], [-79.2071054, 43.7561542], [-79.2070438, 43.7562441], [-79.2070181, 43.7563781], [-79.2069189, 43.7565336], [-79.206746, 43.7567239], [-79.2063736, 43.7568895], [-79.2062512, 43.7568997], [-79.206119, 43.7569021], [-79.2059631, 43.7568629], [-79.2057065, 43.7568632], [-79.2055864, 43.756888], [-79.2054404, 43.7569376], [-79.2053375, 43.7569996], [-79.2052173, 43.7570616], [-79.2050542, 43.757105], [-79.2048396, 43.7572041], [-79.2046779, 43.7573385], [-79.2045971, 43.757388], [-79.2044855, 43.7574397], [-79.2043251, 43.757436], [-79.2041479, 43.7573879], [-79.204056, 43.7573652], [-79.2039062, 43.7573842], [-79.2037955, 43.7574174], [-79.2036942, 43.7574552], [-79.2035791, 43.7575497], [-79.2034917, 43.7576703], [-79.2033805, 43.7578179], [-79.2032963, 43.757953], [-79.2030126, 43.7582173], [-79.2027971, 43.7584637], [-79.2026724, 43.7586042], [-79.2026219, 43.7586529], [-79.2026211, 43.7587128], [-79.2026363, 43.7587946], [-79.2026745, 43.7588659], [-79.2027449, 43.7589575], [-79.2027624, 43.7590476], [-79.2026854, 43.759287], [-79.2024535, 43.7597301], [-79.2024113, 43.7600405], [-79.2024056, 43.7605674], [-79.2023824, 43.7607792], [-79.2023317, 43.7608748], [-79.2021832, 43.7609534], [-79.2019987, 43.760981], [-79.2018322, 43.7609552], [-79.2016886, 43.7609775], [-79.2016308, 43.7610783], [-79.2016381, 43.7612088], [-79.2018785, 43.7615745], [-79.202136, 43.7618783], [-79.2022733, 43.7620333], [-79.2024793, 43.7622006], [-79.202608, 43.7623494], [-79.2027193, 43.7624897], [-79.2027354, 43.7626156], [-79.2026764, 43.7627396], [-79.2024726, 43.7628423], [-79.2015392, 43.7630399], [-79.201448, 43.7630941], [-79.2014051, 43.7631696], [-79.201338, 43.7636132], [-79.2013031, 43.7639348], [-79.2013541, 43.7641014], [-79.2015266, 43.7643516], [-79.2017068, 43.7644198], [-79.2018356, 43.764457], [-79.2019063, 43.7645279], [-79.202022, 43.7646759], [-79.2022713, 43.7651506], [-79.202422, 43.7653312], [-79.2024365, 43.7654671], [-79.2024837, 43.765639], [-79.2025284, 43.765733], [-79.2026166, 43.7657834], [-79.2031745, 43.7662111], [-79.203329, 43.7664281], [-79.2033805, 43.766583], [-79.2033633, 43.7667194], [-79.2032603, 43.7668496], [-79.2029857, 43.7669611], [-79.2023162, 43.7671719], [-79.2014579, 43.767395], [-79.2011661, 43.7674694], [-79.2009515, 43.7676429], [-79.2008228, 43.7677917], [-79.2005824, 43.7681016], [-79.2004709, 43.7684239], [-79.2004451, 43.7686223], [-79.2005224, 43.7688206], [-79.2004794, 43.7689322], [-79.2001619, 43.7692855], [-79.1997928, 43.7698247], [-79.1996555, 43.7701532], [-79.1995267, 43.7705003], [-79.1990601, 43.7708921], [-79.1987886, 43.7711201], [-79.198677, 43.7712812], [-79.1986598, 43.771461], [-79.198677, 43.7716407], [-79.1987457, 43.7717647], [-79.1991428, 43.7720629], [-79.1994212, 43.7722951], [-79.1995363, 43.7726606], [-79.1997357, 43.7728458], [-79.1998389, 43.7730799], [-79.1998133, 43.7732722], [-79.1997485, 43.7734517], [-79.1996073, 43.7736532], [-79.1994945, 43.7738044], [-79.1992654, 43.7740933], [-79.1989643, 43.7742385], [-79.1989173, 43.7743002]]}}, {"type": "Feature", "properties": {"boat": "no", "intermittent": "no", "layer": "-1", "name": "Thornton Creek", "tunnel": "covered", "waterway": "drain", "_id": 14339163}, "geometry": {"type": "LineString", "coordinates": [[-79.1589131, 43.7678464], [-79.1585508, 43.767933]]}}, {"type": "Feature", "properties": {"channelised": "yes", "name": "Mimico Creek", "waterway": "river", "_id": 19453834}, "geometry": {"type": "LineString", "coordinates": [[-79.5787135, 43.6801421], [-79.5784822, 43.6801801], [-79.5783466, 43.6801925], [-79.5782101, 43.680192], [-79.5779485, 43.6801555], [-79.577778, 43.6801081], [-79.5776068, 43.6800306], [-79.5774274, 43.6799287], [-79.5772738, 43.6798415]]}}, {"type": "Feature", "properties": {"channelised": "yes", "layer": "-1", "name": "Mimico Creek", "tunnel": "culvert", "waterway": "river", "_id": 19453840}, "geometry": {"type": "LineString", "coordinates": [[-79.5772738, 43.6798415], [-79.5764733, 43.6793493], [-79.5759021, 43.6787765]]}}, {"type": "Feature", "properties": {"channelised": "yes", "name": "Mimico Creek", "waterway": "river", "_id": 19453846}, "geometry": {"type": "LineString", "coordinates": [[-79.5693012, 43.6726892], [-79.5692602, 43.672558]]}}, {"type": "Feature", "properties": {"channelised": "yes", "layer": "-1", "name": "Mimico Creek", "tunnel": "culvert", "waterway": "river", "_id": 19453879}, "geometry": {"type": "LineString", "coordinates": [[-79.5792041, 43.6800457], [-79.5787135, 43.6801421]]}}, {"type": "Feature", "properties": {"channelised": "yes", "name": "Mimico Creek", "waterway": "river", "_id": 19453890}, "geometry": {"type": "LineString", "coordinates": [[-79.5794195, 43.6800071], [-79.5792041, 43.6800457]]}}, {"type": "Feature", "properties": {"channelised": "yes", "name": "Mimico Creek", "waterway": "river", "_id": 19454008}, "geometry": {"type": "LineString", "coordinates": [[-79.5759021, 43.6787765], [-79.5757987, 43.6785889], [-79.5757177, 43.6783835], [-79.5756698, 43.6782092], [-79.5756346, 43.6779575], [-79.5756621, 43.6772633], [-79.5756537, 43.6770904], [-79.5756383, 43.6769646], [-79.5756083, 43.6768328], [-79.5755746, 43.6767387], [-79.5755454, 43.6766723], [-79.5754992, 43.6765814], [-79.5754499, 43.6764956], [-79.575384, 43.6764008], [-79.5753104, 43.6763083], [-79.5752474, 43.6762379], [-79.5751244, 43.6761135], [-79.5745138, 43.6755838], [-79.5739338, 43.6750766], [-79.5736916, 43.6748985], [-79.5733192, 43.6747227], [-79.5729225, 43.6746143], [-79.5725376, 43.674575], [-79.572183, 43.6745837], [-79.5713697, 43.6746981], [-79.5710961, 43.6747256], [-79.5708658, 43.6747092], [-79.5706471, 43.6746572], [-79.5704266, 43.6745577], [-79.5702378, 43.6744335], [-79.570116, 43.6742892], [-79.5700017, 43.6740956]]}}, {"type": "Feature", "properties": {"channelised": "yes", "layer": "-1", "name": "Mimico Creek", "tunnel": "culvert", "waterway": "river", "_id": 19454029}, "geometry": {"type": "LineString", "coordinates": [[-79.5700017, 43.6740956], [-79.5696628, 43.6735431]]}}, {"type": "Feature", "properties": {"channelised": "yes", "name": "Mimico Creek", "waterway": "river", "_id": 19454090}, "geometry": {"type": "LineString", "coordinates": [[-79.5696628, 43.6735431], [-79.5694706, 43.6732017], [-79.5694395, 43.6731012], [-79.5694075, 43.6729975]]}}, {"type": "Feature", "properties": {"channelised": "yes", "name": "Mimico Creek", "waterway": "river", "_id": 19454097}, "geometry": {"type": "LineString", "coordinates": [[-79.5694075, 43.6729975], [-79.5693012, 43.6726892]]}}, {"type": "Feature", "properties": {"channelised": "yes", "intermittent": "no", "name": "Black Creek", "waterway": "river", "width": "3", "_id": 22999569}, "geometry": {"type": "LineString", "coordinates": [[-79.4800452, 43.6831454], [-79.4803068, 43.6828995], [-79.4819507, 43.6805787], [-79.4828134, 43.6793556], [-79.4829163, 43.6791978], [-79.4829938, 43.6790325], [-79.4830303, 43.6789073], [-79.4830701, 43.6787225], [-79.483089, 43.6785239], [-79.4831126, 43.6783976], [-79.4831331, 43.6781223], [-79.4831416, 43.6780461], [-79.4831718, 43.6779626], [-79.4832073, 43.6778865], [-79.4832543, 43.6778105], [-79.4840562, 43.6768673], [-79.4841559, 43.6767606], [-79.4842644, 43.6766716], [-79.4843886, 43.6766013], [-79.4845725, 43.6765237], [-79.4871, 43.6757543], [-79.4890272, 43.6753264], [-79.4892853, 43.6753118], [-79.489487, 43.6753248], [-79.4897138, 43.6753512], [-79.4934904, 43.6757858], [-79.4937049, 43.6757858], [-79.4940139, 43.675761], [-79.4951257, 43.6755849]]}}, {"type": "Feature", "properties": {"intermittent": "no", "name": "Taylor-Massey Creek", "waterway": "stream", "wikidata": "Q7689840", "wikipedia": "en:Taylor-Massey Creek", "_id": 25480346}, "geometry": {"type": "LineString", "coordinates": [[-79.3110016, 43.6999492], [-79.3110862, 43.7000018], [-79.3111877, 43.7001168], [-79.3114618, 43.7003162], [-79.3117004, 43.7004703], [-79.3119982, 43.7006208], [-79.3122824, 43.7007358], [-79.3125988, 43.7009462], [-79.3130059, 43.7012271], [-79.3132046, 43.7012684], [-79.3135075, 43.7012733], [-79.3137908, 43.701279], [-79.3142179, 43.7012267], [-79.314474, 43.7011922], [-79.3153192, 43.7012081], [-79.3155745, 43.7011972], [-79.3158303, 43.7011833], [-79.316112, 43.7012042], [-79.3167937, 43.7013854], [-79.3169628, 43.7014394], [-79.3173328, 43.701603], [-79.3175521, 43.7016837], [-79.3180729, 43.7018286], [-79.3182877, 43.701887], [-79.3183869, 43.701904], [-79.3185116, 43.7019086], [-79.3188576, 43.7019006], [-79.3189409, 43.7018879], [-79.3190333, 43.7018662], [-79.3193867, 43.7017625], [-79.319487, 43.7017249], [-79.3195704, 43.701681], [-79.319616, 43.7016427], [-79.3196553, 43.7016018], [-79.319791, 43.7014352], [-79.319848, 43.7013819], [-79.3199148, 43.7013318], [-79.3199627, 43.7013], [-79.3200292, 43.7012757], [-79.3201451, 43.7012612], [-79.3202414, 43.7012605], [-79.320361, 43.7012917], [-79.320479, 43.7013344], [-79.3209846, 43.7015642], [-79.3210812, 43.7016287], [-79.3211871, 43.7017978], [-79.3213172, 43.7019665], [-79.3215739, 43.7021675], [-79.3217632, 43.7024089], [-79.3218275, 43.7024537], [-79.32191, 43.7024843], [-79.3219824, 43.702493], [-79.3220501, 43.7024923], [-79.3221132, 43.7024794], [-79.3221668, 43.7024629], [-79.3222439, 43.702428], [-79.322311, 43.7023897], [-79.3223821, 43.7023325], [-79.3224419, 43.702272], [-79.3225642, 43.7020538], [-79.3227839, 43.7018278], [-79.3228952, 43.7016908], [-79.3229889, 43.7016485], [-79.3230479, 43.7016316], [-79.3231128, 43.7016327], [-79.3232102, 43.7016427], [-79.3233256, 43.7016436], [-79.3234781, 43.7016309], [-79.3235756, 43.7016088], [-79.3237911, 43.7015219], [-79.3238774, 43.7014953], [-79.3239768, 43.7014836], [-79.3241181, 43.7014823], [-79.3242538, 43.7014897], [-79.3244172, 43.7015113], [-79.3245571, 43.7015147], [-79.3246539, 43.7015099], [-79.3247471, 43.7014987], [-79.3248887, 43.7014619], [-79.3250629, 43.7014071], [-79.3252558, 43.7013646], [-79.3253338, 43.7013606], [-79.3254063, 43.7013698], [-79.3255332, 43.7013984], [-79.3258891, 43.7015176], [-79.3262444, 43.7016117], [-79.3264537, 43.7016485], [-79.3266795, 43.7016538], [-79.3267393, 43.7016461], [-79.3268124, 43.7016301], [-79.3269284, 43.7015908], [-79.3271571, 43.7014983], [-79.327324, 43.7014226], [-79.3273703, 43.7014154], [-79.327434, 43.7014187], [-79.327544, 43.7014265], [-79.3279409, 43.7014769], [-79.3285167, 43.701542], [-79.328586, 43.7015462], [-79.3286262, 43.7015424], [-79.328704, 43.7015327], [-79.3288301, 43.7015278], [-79.3289112, 43.7015332], [-79.3289951, 43.7015511], [-79.3291305, 43.7015875], [-79.3292713, 43.7016102], [-79.3295389, 43.7016364], [-79.3297253, 43.7016834], [-79.3299472, 43.7017038], [-79.3300559, 43.701696], [-79.3301256, 43.7016728], [-79.3301833, 43.7016272], [-79.3302476, 43.7015942], [-79.330359, 43.7015855], [-79.3305628, 43.7016136], [-79.3307559, 43.7016582], [-79.3308283, 43.7016631], [-79.3309383, 43.7016534], [-79.3312763, 43.7016485], [-79.3314412, 43.7016602], [-79.3315713, 43.7016989], [-79.3316612, 43.7017513], [-79.3317269, 43.7018124], [-79.3318158, 43.7019393], [-79.3318409, 43.7019806], [-79.3318489, 43.7020267], [-79.3318369, 43.7023456], [-79.3318744, 43.7026171], [-79.3319093, 43.702747], [-79.331971, 43.7028721], [-79.3321124, 43.7031276], [-79.3321641, 43.7031746], [-79.3322375, 43.7032075], [-79.3326053, 43.70332], [-79.3327261, 43.7033394], [-79.3328588, 43.7033607], [-79.3331042, 43.7034199]]}}, {"type": "Feature", "properties": {"name": "Taylor Massey Creek", "source": "NRCan-CanVec-10.0", "waterway": "stream", "_id": 25519777}, "geometry": {"type": "LineString", "coordinates": [[-79.2715555, 43.7142785], [-79.2722194, 43.7141883], [-79.272548, 43.7141583], [-79.2731711, 43.7141903], [-79.2732485, 43.7142196], [-79.2733358, 43.7142311], [-79.2735225, 43.7143099], [-79.2737311, 43.7143774], [-79.273925, 43.7145077], [-79.2741418, 43.7145818], [-79.2741846, 43.7146142], [-79.2743027, 43.714649], [-79.2744913, 43.7146515], [-79.2745626, 43.7146314], [-79.2747154, 43.7146218], [-79.2747717, 43.7146013], [-79.275025, 43.7145994], [-79.2751216, 43.7145788], [-79.2751843, 43.7145853], [-79.2754606, 43.7145692], [-79.2755227, 43.7145775], [-79.2755841, 43.7146195], [-79.2757116, 43.7146277], [-79.2759165, 43.7146202], [-79.2760268, 43.7146008], [-79.276262, 43.7145329], [-79.2763585, 43.7144608], [-79.2763505, 43.7144], [-79.2764826, 43.7142987], [-79.2767113, 43.7141512], [-79.276817, 43.7141014], [-79.2768788, 43.7140564], [-79.2769461, 43.714031], [-79.2771926, 43.7137896], [-79.2772467, 43.7137481], [-79.2773445, 43.7137097], [-79.2775882, 43.713673], [-79.2777339, 43.7136503], [-79.2777527, 43.7136385], [-79.2778176, 43.7135978], [-79.2779127, 43.7134945], [-79.2779547, 43.713371], [-79.2779696, 43.7132935], [-79.2779888, 43.7131743], [-79.2780449, 43.7130839], [-79.2780841, 43.7130481], [-79.2782166, 43.7129855]]}}, {"type": "Feature", "properties": {"name": "Taylor Massey Creek", "note": "some older signs had hyphen - Taylor-Massey Creek", "waterway": "stream", "_id": 25680234}, "geometry": {"type": "LineString", "coordinates": [[-79.2823336, 43.7114604], [-79.2820419, 43.7110685], [-79.2818074, 43.7108565], [-79.2814696, 43.7108141], [-79.281048, 43.7107717], [-79.2809889, 43.710679], [-79.2810124, 43.7104527], [-79.2810427, 43.710134], [-79.2810463, 43.7099356], [-79.2810183, 43.7096907], [-79.280968, 43.709376], [-79.2809751, 43.7091631], [-79.2811648, 43.7089336], [-79.2812315, 43.7087131], [-79.2812259, 43.7084436], [-79.2812807, 43.7078918], [-79.2811005, 43.7074823], [-79.2809857, 43.7073197], [-79.2809803, 43.7070791], [-79.281049, 43.7067502], [-79.2812807, 43.7064958], [-79.281564, 43.7063159], [-79.2818603, 43.7061367], [-79.282039, 43.706028], [-79.2822443, 43.7059828], [-79.2823745, 43.7059103], [-79.2824309, 43.7057885], [-79.2822421, 43.7055718], [-79.2821865, 43.7053181], [-79.282248, 43.7051058], [-79.2824917, 43.7048306], [-79.2824991, 43.704591], [-79.2824738, 43.7042869], [-79.2824652, 43.704076], [-79.2824785, 43.7040184], [-79.2825081, 43.7038898], [-79.2826454, 43.7036913], [-79.2827999, 43.7036416], [-79.2830182, 43.7036177], [-79.2832372, 43.7035472], [-79.2832463, 43.7035175], [-79.2833247, 43.7033836], [-79.2832395, 43.7032389], [-79.2832373, 43.7031284], [-79.2831815, 43.7029853], [-79.2830783, 43.7028446], [-79.2828566, 43.7026734], [-79.2825419, 43.7025449], [-79.2823338, 43.7025119], [-79.2820986, 43.7024936], [-79.2819499, 43.7024308], [-79.281904, 43.7023566], [-79.2818905, 43.7022648], [-79.2819615, 43.7021193], [-79.2820952, 43.7019297], [-79.2822035, 43.7017339], [-79.2823101, 43.7014917], [-79.2823778, 43.7013939], [-79.2824302, 43.70123], [-79.2824133, 43.7011064], [-79.2823236, 43.7009058], [-79.2822221, 43.700633], [-79.28208, 43.7002697], [-79.2819209, 43.6998599], [-79.281816, 43.6996385], [-79.2818143, 43.6995688], [-79.2818617, 43.699499], [-79.281948, 43.6994574], [-79.2821494, 43.6994146], [-79.2823642, 43.6993339], [-79.2826807, 43.6992006], [-79.2830529, 43.699121], [-79.2835182, 43.6990709], [-79.2837635, 43.6990513], [-79.2840512, 43.6989583], [-79.2840884, 43.6989395], [-79.2842762, 43.6988446], [-79.284437, 43.6988079], [-79.2845723, 43.6988323], [-79.2847161, 43.6988372], [-79.2850444, 43.6987271], [-79.2852153, 43.6986599], [-79.2853934, 43.6985207], [-79.2854048, 43.6985118], [-79.2855317, 43.6984372], [-79.2857009, 43.6984201], [-79.2857973, 43.6984336], [-79.2861527, 43.6983565], [-79.2863303, 43.6982904], [-79.2864302, 43.6982427], [-79.2865351, 43.6982048], [-79.2866264, 43.698206], [-79.2867026, 43.6982415], [-79.2868481, 43.6982831], [-79.2869784, 43.6982892], [-79.2872559, 43.6982696], [-79.2874268, 43.6983063], [-79.2875875, 43.6983883], [-79.2876958, 43.6984531], [-79.2879276, 43.6985167], [-79.2880528, 43.6985559], [-79.2882558, 43.698529], [-79.2885401, 43.698584], [-79.2886636, 43.6985914], [-79.2887279, 43.6985779], [-79.288837, 43.698521], [-79.2890249, 43.6984488], [-79.2893015, 43.6983381], [-79.2894724, 43.6982684], [-79.2897208, 43.6981537], [-79.2899163, 43.6979906], [-79.2900596, 43.6978549], [-79.2901831, 43.6977798], [-79.2904497, 43.6977051], [-79.290685, 43.6976749]]}}, {"type": "Feature", "properties": {"name": "Taylor Massey Creek", "note": "some older signs had hyphen - Taylor-Massey Creek", "waterway": "stream", "_id": 25680235}, "geometry": {"type": "LineString", "coordinates": [[-79.2912853, 43.6976675], [-79.2916297, 43.6976665], [-79.2920409, 43.6976837], [-79.2923776, 43.6977363], [-79.2928023, 43.6978745], [-79.2931661, 43.6979822], [-79.2934334, 43.6980396], [-79.2936263, 43.6980556], [-79.293809, 43.6980372], [-79.2940611, 43.6979173], [-79.2943759, 43.6977656], [-79.2946297, 43.6976788], [-79.2948835, 43.6976262], [-79.2950848, 43.6976262], [-79.2952388, 43.6976017], [-79.2954757, 43.6975038], [-79.2956127, 43.6974366], [-79.2956466, 43.6973974], [-79.2957278, 43.6973301], [-79.2957819, 43.6973252], [-79.2963064, 43.6973815], [-79.2966601, 43.6973888], [-79.2972997, 43.6974158], [-79.2978462, 43.69745], [-79.2981169, 43.6974512], [-79.2982556, 43.6974671], [-79.2985619, 43.6974145], [-79.2987666, 43.6974182], [-79.299012, 43.6974121], [-79.2991643, 43.6974684], [-79.2993554, 43.6975332], [-79.2994299, 43.6975356], [-79.2997125, 43.6975332], [-79.2999646, 43.6975332], [-79.3003182, 43.697598], [-79.3007531, 43.6976127], [-79.3011926, 43.6976474], [-79.3016244, 43.6976837], [-79.3018976, 43.6977048], [-79.3021456, 43.6977094], [-79.302484, 43.697735], [-79.3027056, 43.6977693], [-79.3029747, 43.6977742], [-79.3031676, 43.6978292], [-79.3034281, 43.6979577], [-79.3036109, 43.698047], [-79.3037919, 43.698277], [-79.3039831, 43.6984238], [-79.3041202, 43.6984984], [-79.3043621, 43.6985865], [-79.3046024, 43.6987076], [-79.3048866, 43.6987773], [-79.3050051, 43.6988336], [-79.3051015, 43.6988629], [-79.3052733, 43.6990044], [-79.3053875, 43.6990587], [-79.3055231, 43.6990836], [-79.3058951, 43.6990892], [-79.3060626, 43.6990892], [-79.3062656, 43.6991137], [-79.306382, 43.6991083], [-79.3065939, 43.6991125], [-79.3068477, 43.69917], [-79.3072013, 43.6993107], [-79.3075549, 43.6993963], [-79.3078477, 43.699422], [-79.3081404, 43.6993926], [-79.3085109, 43.6992825], [-79.308785, 43.6992201], [-79.3089204, 43.6992006], [-79.3090964, 43.6992055], [-79.3093586, 43.6992275], [-79.3096074, 43.6993009], [-79.3098713, 43.6993694], [-79.3101776, 43.6994379], [-79.3104381, 43.6994941], [-79.3105904, 43.6995516], [-79.3107207, 43.6996238], [-79.3108138, 43.6997058], [-79.3108899, 43.6998208], [-79.3110016, 43.6999492]]}}, {"type": "Feature", "properties": {"name": "Wilket Creek", "waterway": "stream", "_id": 27054422}, "geometry": {"type": "LineString", "coordinates": [[-79.3622847, 43.7345336], [-79.3621982, 43.7344973], [-79.3621195, 43.7344537], [-79.3620358, 43.7343901], [-79.3618299, 43.7340188], [-79.3617146, 43.733886], [-79.3611942, 43.7336107], [-79.3610485, 43.7335363], [-79.3609148, 43.7334248], [-79.3607548, 43.7333477], [-79.360657, 43.7333272], [-79.3604337, 43.7333296], [-79.3599177, 43.7331971], [-79.359825, 43.7331946], [-79.3595345, 43.7332497], [-79.3593707, 43.7332316], [-79.3592521, 43.7331766], [-79.3591967, 43.7331307], [-79.3591699, 43.7330852], [-79.3591097, 43.7329538], [-79.3591087, 43.7328404], [-79.3591886, 43.7326447], [-79.3592812, 43.7324969], [-79.3593511, 43.7323121], [-79.3594326, 43.732168], [-79.3594371, 43.732112], [-79.3594318, 43.7320145], [-79.3594071, 43.7319209], [-79.3593697, 43.7318786], [-79.3592407, 43.731827], [-79.3590836, 43.7317059], [-79.3589057, 43.7315927], [-79.358816, 43.7315641]]}}, {"type": "Feature", "properties": {"intermittent": "no", "name": "Mimico Creek", "waterway": "river", "_id": 27165790}, "geometry": {"type": "LineString", "coordinates": [[-79.5691363, 43.6719404], [-79.5693539, 43.6710867], [-79.5694483, 43.6707763], [-79.5695222, 43.6705212], [-79.5695064, 43.6703277], [-79.5692591, 43.670222], [-79.5690675, 43.6701248], [-79.5689591, 43.6700065], [-79.5688407, 43.6698823], [-79.5688733, 43.6697023], [-79.5685986, 43.6693298], [-79.5684773, 43.6691676], [-79.5681008, 43.6688331], [-79.5679034, 43.6685165], [-79.567809, 43.6681377], [-79.5678039, 43.6675995], [-79.5677073, 43.6672485], [-79.5676674, 43.6670373], [-79.5676215, 43.6668979], [-79.5675641, 43.666757], [-79.5675389, 43.6666092], [-79.5675515, 43.6664862], [-79.5675858, 43.6662503], [-79.5675939, 43.6660922], [-79.5675454, 43.6658926], [-79.5674859, 43.6656678], [-79.5673798, 43.6654307], [-79.5672425, 43.6652879], [-79.5671652, 43.6651327], [-79.5671223, 43.664934], [-79.5669077, 43.6646795], [-79.5666245, 43.6644311], [-79.5664752, 43.664304], [-79.5664021, 43.6642497], [-79.5662983, 43.6642076], [-79.5661009, 43.6640776], [-79.5660065, 43.6640096], [-79.5659121, 43.6639282], [-79.5650195, 43.66327], [-79.5642705, 43.6627465], [-79.5638012, 43.6624593], [-79.5635432, 43.6623014], [-79.5631655, 43.6621337], [-79.5627361, 43.6620321], [-79.5621524, 43.6620483], [-79.5605906, 43.662053], [-79.560349, 43.6620513], [-79.5601443, 43.6619971], [-79.5597323, 43.6618419], [-79.559449, 43.6616743], [-79.5591916, 43.6615128], [-79.5589883, 43.6611803], [-79.5588656, 43.6609241], [-79.5582936, 43.6597291], [-79.5579813, 43.6591284], [-79.5578572, 43.658934], [-79.5576466, 43.6587745], [-79.5571089, 43.6584212], [-79.5564192, 43.6581225], [-79.5561274, 43.6580666], [-79.5557927, 43.6580169], [-79.5553206, 43.6580417], [-79.5547026, 43.6582467], [-79.5542791, 43.6584154], [-79.5539079, 43.6586249], [-79.5536469, 43.6586937], [-79.5533637, 43.6586565], [-79.5530672, 43.6585739], [-79.5528772, 43.6584885], [-79.5526513, 43.6583522], [-79.5524367, 43.6581038], [-79.5523423, 43.6578865], [-79.5522541, 43.6575945], [-79.5522444, 43.6573795], [-79.5522994, 43.6571165], [-79.5524882, 43.6567998], [-79.5527199, 43.6566073], [-79.5528229, 43.6564086], [-79.5528401, 43.6562471], [-79.5527199, 43.6560733], [-79.5523594, 43.6556945], [-79.5518959, 43.6553715], [-79.5518755, 43.6553666], [-79.5514325, 43.6552598], [-79.5508231, 43.6551915], [-79.5501894, 43.6551741], [-79.5490721, 43.6553778], [-79.5484063, 43.6554235], [-79.5480945, 43.655404], [-79.5479196, 43.6553697], [-79.5477857, 43.65531], [-79.5477158, 43.6552329], [-79.5476652, 43.6551205], [-79.5476238, 43.6549076], [-79.5475261, 43.6546854], [-79.5474306, 43.6542813], [-79.5474243, 43.6541136], [-79.5474499, 43.653937], [-79.5475014, 43.6537942], [-79.5475014, 43.6536576], [-79.5474982, 43.6535237], [-79.5474181, 43.6534485], [-79.5472268, 43.6534216], [-79.5466774, 43.6532601], [-79.5464516, 43.6531877], [-79.5458878, 43.6531794], [-79.5454903, 43.6531307], [-79.5450638, 43.6529745], [-79.5446261, 43.6528254], [-79.5441854, 43.6523987], [-79.543937, 43.652228], [-79.5430381, 43.6521004], [-79.5425112, 43.6520857], [-79.5418789, 43.6521372], [-79.5413536, 43.6522472], [-79.541131, 43.6524024], [-79.5409158, 43.6525157], [-79.5406277, 43.6527185], [-79.5405006, 43.6528546], [-79.5405405, 43.6529683], [-79.5405663, 43.653167], [-79.5406006, 43.6534154], [-79.5405577, 43.6535148], [-79.5404671, 43.6535394]]}}, {"type": "Feature", "properties": {"name": "Mimico Creek", "waterway": "river", "_id": 27165818}, "geometry": {"type": "LineString", "coordinates": [[-79.6187066, 43.7057933], [-79.6182517, 43.7058678], [-79.6173418, 43.7059484], [-79.6170157, 43.7059609], [-79.6168354, 43.7058678], [-79.6167153, 43.7055886], [-79.6167153, 43.705117], [-79.616681, 43.7048936], [-79.6169556, 43.7041925], [-79.6172131, 43.7041056], [-79.6174792, 43.7039691], [-79.6177968, 43.7038388], [-79.6179856, 43.7036899], [-79.6180027, 43.7035968], [-79.6174448, 43.7030508], [-79.6168354, 43.7026785], [-79.616475, 43.7025606], [-79.6162443, 43.7025426], [-79.6161088, 43.7026128], [-79.6159659, 43.7026813], [-79.6157626, 43.7028336], [-79.6155137, 43.7029453], [-79.6153177, 43.702975], [-79.6151117, 43.7029563], [-79.6148894, 43.7029099], [-79.6146983, 43.7029701], [-79.6144322, 43.7029825], [-79.6140803, 43.7028709], [-79.6137356, 43.7025689]]}}, {"type": "Feature", "properties": {"name": "Black Creek", "waterway": "river", "_id": 32358111}, "geometry": {"type": "LineString", "coordinates": [[-79.4965364, 43.7050162], [-79.4962024, 43.7049263], [-79.49585, 43.7048015], [-79.4954248, 43.7045111], [-79.4952128, 43.7044086], [-79.4950242, 43.7043712], [-79.4942265, 43.7042323], [-79.493433, 43.7039002], [-79.4922213, 43.7032069], [-79.4914754, 43.7027888], [-79.4903362, 43.7021245], [-79.4900614, 43.7019927], [-79.4898456, 43.7019465], [-79.4896682, 43.701939], [-79.4895116, 43.7019477], [-79.4888784, 43.7020909], [-79.4887249, 43.7021072], [-79.488553, 43.7020966], [-79.4883668, 43.7020274], [-79.488135, 43.7019118], [-79.487976, 43.7017594], [-79.4878799, 43.70152], [-79.4877079, 43.7008235], [-79.4875406, 43.6988785], [-79.4875185, 43.6985987], [-79.4874884, 43.6982162], [-79.4873555, 43.6976861], [-79.4871277, 43.6970444], [-79.486888, 43.6968196], [-79.4866625, 43.6966566], [-79.4857724, 43.6962927], [-79.4855716, 43.6961336], [-79.4854855, 43.6959412], [-79.4854689, 43.6957078], [-79.4855235, 43.6955757], [-79.485495, 43.6954005], [-79.4853803, 43.6952552], [-79.4852055, 43.6951641], [-79.4846578, 43.6948999], [-79.4845234, 43.6947767], [-79.4843709, 43.6946199], [-79.4843406, 43.6945242], [-79.484401, 43.6943725], [-79.484549, 43.6941792], [-79.4849581, 43.6938157], [-79.4850056, 43.6936414], [-79.4849618, 43.6935109], [-79.4839934, 43.6921044], [-79.4838088, 43.69199], [-79.4835538, 43.6919455], [-79.4831867, 43.6919177], [-79.4827164, 43.6917973], [-79.4823559, 43.6917126], [-79.482226, 43.691574], [-79.4821604, 43.6915266], [-79.4820218, 43.6915029], [-79.4817709, 43.6914901], [-79.4816473, 43.6913506], [-79.4815174, 43.6910671], [-79.4814519, 43.6909122], [-79.4813018, 43.6907873], [-79.4810913, 43.6905685], [-79.4810005, 43.6904153], [-79.4809781, 43.6902767], [-79.4809829, 43.6901454], [-79.4810093, 43.6900807], [-79.4811392, 43.6900124], [-79.4811682, 43.6899394], [-79.4811543, 43.6898264], [-79.4810963, 43.6897079], [-79.4811354, 43.6893396], [-79.4810724, 43.6891846], [-79.4810837, 43.6890405], [-79.481148, 43.6889594], [-79.4811619, 43.6889065], [-79.4809551, 43.688478], [-79.4807799, 43.688344], [-79.4806979, 43.6882702], [-79.4806626, 43.688158], [-79.4806639, 43.687869], [-79.4807194, 43.6877405], [-79.4809145, 43.6875788], [-79.4810204, 43.6874383], [-79.481101, 43.6872964], [-79.4811405, 43.6871908], [-79.481025, 43.687109], [-79.4809078, 43.6870081], [-79.4808798, 43.6869505], [-79.4808745, 43.6868667], [-79.4809385, 43.6867023], [-79.4809723, 43.6865491], [-79.4809307, 43.6862821], [-79.4808223, 43.6861123], [-79.4808178, 43.6859593], [-79.4806968, 43.6859267], [-79.4805885, 43.685803], [-79.4805371, 43.6856092], [-79.480367, 43.6852777], [-79.4801622, 43.685103], [-79.4798015, 43.6845897], [-79.4796576, 43.6844396], [-79.4795531, 43.6842888], [-79.479406, 43.6841988], [-79.4793467, 43.6841104], [-79.4793526, 43.6840203], [-79.479406, 43.6839233], [-79.479775, 43.6836402], [-79.4799435, 43.6834794]]}}, {"type": "Feature", "properties": {"channelised": "yes", "name": "Black Creek", "waterway": "river", "_id": 32507490}, "geometry": {"type": "LineString", "coordinates": [[-79.5063702, 43.7172133], [-79.5064437, 43.7170955], [-79.5065963, 43.7169082], [-79.5068675, 43.7167349], [-79.5085445, 43.7160348], [-79.5087399, 43.7159394], [-79.50889, 43.7158261], [-79.5089666, 43.7157271], [-79.5090305, 43.7156216], [-79.5090759, 43.7155168], [-79.5090927, 43.7153872], [-79.5090703, 43.7152295], [-79.5089381, 43.7149456], [-79.5088162, 43.714734], [-79.5080935, 43.7139197], [-79.5080084, 43.7138001], [-79.5079357, 43.713671], [-79.5079125, 43.713583], [-79.507892, 43.7134853], [-79.5079371, 43.7129436], [-79.5079245, 43.7128065], [-79.5078856, 43.7126826], [-79.5077963, 43.7125324], [-79.5076825, 43.7124105], [-79.5075535, 43.7123061], [-79.5073331, 43.7122065], [-79.5070914, 43.7121294], [-79.5045161, 43.7117121], [-79.5043588, 43.7116549], [-79.5041759, 43.7115524], [-79.5040977, 43.7114818], [-79.504018, 43.7113942], [-79.5033249, 43.7101968], [-79.5032702, 43.7100738], [-79.5032429, 43.7099484], [-79.5032366, 43.7098645], [-79.5032944, 43.7085764], [-79.503324, 43.707907]]}}, {"type": "Feature", "properties": {"layer": "-1", "name": "Black Creek", "tunnel": "culvert", "waterway": "river", "_id": 32507602}, "geometry": {"type": "LineString", "coordinates": [[-79.5065297, 43.7183855], [-79.5063401, 43.7175971], [-79.5063702, 43.7172133]]}}, {"type": "Feature", "properties": {"layer": "-1", "tunnel": "yes", "waterway": "stream", "_id": 32710924}, "geometry": {"type": "LineString", "coordinates": [[-79.5409231, 43.7321401], [-79.5410271, 43.7322763]]}}, {"type": "Feature", "properties": {"layer": "-1", "name": "Albion Creek", "tunnel": "yes", "waterway": "stream", "_id": 33001245}, "geometry": {"type": "LineString", "coordinates": [[-79.607452, 43.7496227], [-79.6071544, 43.7496931]]}}, {"type": "Feature", "properties": {"layer": "-1", "name": "Cooksville Creek", "tunnel": "yes", "waterway": "stream", "_id": 33078420}, "geometry": {"type": "LineString", "coordinates": [[-79.6478665, 43.6001895], [-79.6474996, 43.5999915]]}}, {"type": "Feature", "properties": {"intermittent": "no", "layer": "-1", "name": "Don River West Branch", "tunnel": "yes", "waterway": "river", "_id": 33654831}, "geometry": {"type": "LineString", "coordinates": [[-79.4861582, 43.8118706], [-79.4861746, 43.8114441]]}}, {"type": "Feature", "properties": {"name": "Wilket Creek", "waterway": "stream", "_id": 33779403}, "geometry": {"type": "LineString", "coordinates": [[-79.3865411, 43.750908], [-79.385079, 43.7497923], [-79.3847441, 43.7496215]]}}, {"type": "Feature", "properties": {"name": "Burke Brook", "waterway": "stream", "_id": 34188795}, "geometry": {"type": "LineString", "coordinates": [[-79.407936, 43.7205682], [-79.4076535, 43.7206198], [-79.4073709, 43.7206034], [-79.4071968, 43.7206306], [-79.4069824, 43.7206185], [-79.406745, 43.7205742], [-79.4064653, 43.7205607], [-79.4060935, 43.7206026], [-79.4058734, 43.7206183], [-79.4056072, 43.7206102], [-79.4053446, 43.7206387], [-79.4052098, 43.7207123], [-79.4050507, 43.7208221], [-79.4049738, 43.7208482]]}}, {"type": "Feature", "properties": {"layer": "-1", "name": "Burke Brook", "tunnel": "yes", "waterway": "stream", "_id": 34416368}, "geometry": {"type": "LineString", "coordinates": [[-79.3791772, 43.7188205], [-79.3788158, 43.719012], [-79.3779842, 43.719253]]}}, {"type": "Feature", "properties": {"name": "Burke Brook", "waterway": "stream", "_id": 34416369}, "geometry": {"type": "LineString", "coordinates": [[-79.3779842, 43.719253], [-79.3777211, 43.719336], [-79.3768959, 43.7198426], [-79.3766388, 43.7200848], [-79.3764873, 43.7201425], [-79.3763305, 43.720142], [-79.3761469, 43.7201066], [-79.3760035, 43.7199994], [-79.375839, 43.7199071], [-79.3756344, 43.7198866], [-79.3754298, 43.7199435], [-79.3753194, 43.7200767], [-79.375232, 43.7201026], [-79.37515, 43.7200858]]}}, {"type": "Feature", "properties": {"boat": "no", "intermittent": "no", "name": "West Highland Creek", "tidal": "no", "waterway": "river", "_id": 36782853}, "geometry": {"type": "LineString", "coordinates": [[-79.2500001, 43.7585513], [-79.2498495, 43.7586307], [-79.2496877, 43.7586242], [-79.2496102, 43.7585831], [-79.2494982, 43.7585213], [-79.249363, 43.7585528], [-79.2492194, 43.7586619], [-79.2491976, 43.7588104], [-79.2491219, 43.7588544], [-79.2490793, 43.7588899], [-79.2490406, 43.758935], [-79.2490233, 43.7589678], [-79.2489944, 43.7589756], [-79.2489421, 43.758961], [-79.2488532, 43.7589521], [-79.2487877, 43.7589412], [-79.2487373, 43.7589153], [-79.2486889, 43.7588671], [-79.2485449, 43.7586613]]}}, {"type": "Feature", "properties": {"boat": "no", "name": "West Highland Creek", "tidal": "no", "waterway": "river", "_id": 36782854}, "geometry": {"type": "LineString", "coordinates": [[-79.2485449, 43.7586613], [-79.2483196, 43.7584353], [-79.2480707, 43.7583113], [-79.2476415, 43.7581377], [-79.2454528, 43.7574], [-79.2448348, 43.7571272], [-79.2441997, 43.7568544], [-79.2438049, 43.7565693], [-79.2434873, 43.7564143], [-79.2432899, 43.7562283], [-79.2431697, 43.7558625], [-79.2430581, 43.7557633], [-79.2429294, 43.7556889], [-79.2427234, 43.7556889], [-79.2422612, 43.7557483], [-79.2418888, 43.7556067], [-79.2416254, 43.7554836], [-79.241393, 43.7552984], [-79.2406978, 43.7552054], [-79.2401828, 43.7551062], [-79.239788, 43.755007], [-79.239479, 43.7547466], [-79.2391958, 43.7545234], [-79.2390069, 43.7544862], [-79.2388095, 43.754511], [-79.2386722, 43.754356], [-79.2385778, 43.7541886], [-79.2382688, 43.7541886], [-79.2380971, 43.7537299], [-79.2378482, 43.7534447], [-79.2377195, 43.7533579]]}}, {"type": "Feature", "properties": {"layer": "-1", "name": "Burke Brook", "tunnel": "yes", "waterway": "stream", "_id": 37105905}, "geometry": {"type": "LineString", "coordinates": [[-79.4022629, 43.7211723], [-79.4010154, 43.7209496]]}}, {"type": "Feature", "properties": {"name": "Burke Brook", "waterway": "stream", "_id": 37105906}, "geometry": {"type": "LineString", "coordinates": [[-79.3898837, 43.7183194], [-79.3898063, 43.7182411], [-79.3897188, 43.7181462], [-79.3893796, 43.7178063], [-79.3888631, 43.7176503], [-79.3881152, 43.7174943], [-79.3876835, 43.7172603], [-79.3871762, 43.7163889]]}}, {"type": "Feature", "properties": {"layer": "-1", "name": "Burke Brook", "tunnel": "yes", "waterway": "stream", "_id": 37106118}, "geometry": {"type": "LineString", "coordinates": [[-79.4049738, 43.7208482], [-79.4048445, 43.7208569]]}}, {"type": "Feature", "properties": {"layer": "-1", "name": "Burke Brook", "tunnel": "culvert", "waterway": "stream", "_id": 37106119}, "geometry": {"type": "LineString", "coordinates": [[-79.4048445, 43.7208569], [-79.4046714, 43.7208684], [-79.4040287, 43.7208988], [-79.4034461, 43.7210247], [-79.4022629, 43.7211723]]}}, {"type": "Feature", "properties": {"layer": "-1", "name": "Malvern Creek", "source": "yahoo", "tunnel": "yes", "waterway": "stream", "_id": 37236477}, "geometry": {"type": "LineString", "coordinates": [[-79.2259452, 43.7896414], [-79.2247938, 43.7885756]]}}, {"type": "Feature", "properties": {"layer": "-1", "name": "Malvern Creek", "tunnel": "yes", "waterway": "stream", "_id": 41773061}, "geometry": {"type": "LineString", "coordinates": [[-79.2431154, 43.8119371], [-79.2424286, 43.811582]]}}, {"type": "Feature", "properties": {"layer": "-1", "source": "yahoo", "tunnel": "yes", "waterway": "stream", "_id": 41841565}, "geometry": {"type": "LineString", "coordinates": [[-79.3183385, 43.7929747], [-79.3182126, 43.7927211]]}}, {"type": "Feature", "properties": {"layer": "-1", "source": "yahoo", "tunnel": "yes", "waterway": "stream", "_id": 41841568}, "geometry": {"type": "LineString", "coordinates": [[-79.3167887, 43.7917499], [-79.3163647, 43.791554]]}}, {"type": "Feature", "properties": {"layer": "-1", "source": "yahoo", "tunnel": "yes", "waterway": "stream", "_id": 41841569}, "geometry": {"type": "LineString", "coordinates": [[-79.3136162, 43.7910138], [-79.3132514, 43.7910239], [-79.31255, 43.790904]]}}, {"type": "Feature", "properties": {"name": "Yellow Creek", "waterway": "stream", "_id": 42704078}, "geometry": {"type": "LineString", "coordinates": [[-79.379263, 43.6798254], [-79.378982, 43.6798074], [-79.3785381, 43.679789], [-79.3781278, 43.6797783], [-79.3779548, 43.6797987], [-79.37748, 43.6797657], [-79.3773714, 43.6797648], [-79.3772118, 43.6797473], [-79.3770294, 43.6797677], [-79.3766271, 43.6798356], [-79.3763495, 43.679886], [-79.3762167, 43.6798967], [-79.3761107, 43.6798811], [-79.3759646, 43.6798385], [-79.3757513, 43.6797395], [-79.3756092, 43.6796387], [-79.375408, 43.6795582], [-79.3752122, 43.6794883], [-79.3750982, 43.679435], [-79.374748, 43.6792861], [-79.3746543, 43.6792507], [-79.3743888, 43.6792012], [-79.3742171, 43.6791925], [-79.3740386, 43.6791902], [-79.3733937, 43.6791314], [-79.3727046, 43.6790749], [-79.3720472, 43.679017], [-79.3718767, 43.6789976], [-79.3716757, 43.6789374], [-79.3712176, 43.6786901]]}}, {"type": "Feature", "properties": {"name": "Mud Creek", "waterway": "stream", "_id": 42966692}, "geometry": {"type": "LineString", "coordinates": [[-79.3802923, 43.6944582], [-79.3800214, 43.6944511], [-79.3799329, 43.6944385], [-79.3798334, 43.6944159], [-79.3795933, 43.6942988], [-79.3793851, 43.6941987], [-79.3792808, 43.6941071], [-79.379208, 43.694052], [-79.3790891, 43.6939777], [-79.3789737, 43.6938873], [-79.3788774, 43.6938577], [-79.378811, 43.6938602], [-79.378589, 43.6937805], [-79.378519, 43.6937556], [-79.3784895, 43.6937467], [-79.3784409, 43.6937276], [-79.3783564, 43.6936895], [-79.3783276, 43.6936594], [-79.3783074, 43.6936286]]}}, {"type": "Feature", "properties": {"layer": "-1", "name": "Taylor Massey Creek", "note": "some older signs had hyphen - Taylor-Massey Creek", "tunnel": "yes", "waterway": "stream", "_id": 43155822}, "geometry": {"type": "LineString", "coordinates": [[-79.2825908, 43.7120117], [-79.2823336, 43.7114604]]}}, {"type": "Feature", "properties": {"layer": "-1", "name": "Taylor Massey Creek", "note": "some older signs had hyphen - Taylor-Massey Creek", "tunnel": "yes", "waterway": "stream", "_id": 43155823}, "geometry": {"type": "LineString", "coordinates": [[-79.2809632, 43.7128862], [-79.2817343, 43.7127239]]}}, {"type": "Feature", "properties": {"name": "Taylor Massey Creek", "note": "some older signs had hyphen - Taylor-Massey Creek", "waterway": "stream", "_id": 43155824}, "geometry": {"type": "LineString", "coordinates": [[-79.2817343, 43.7127239], [-79.2822066, 43.7126103], [-79.282648, 43.7124773], [-79.2827399, 43.7123589], [-79.282783, 43.7122742], [-79.2825908, 43.7120117]]}}, {"type": "Feature", "properties": {"channelised": "yes", "name": "Black Creek", "waterway": "river", "_id": 43655443}, "geometry": {"type": "LineString", "coordinates": [[-79.5113524, 43.7233042], [-79.5110893, 43.7233209], [-79.510934, 43.7233184], [-79.5108007, 43.7232999], [-79.5106389, 43.7232578], [-79.5104923, 43.7231966], [-79.5103928, 43.7231371], [-79.5103, 43.7230699], [-79.5095509, 43.7223534], [-79.5094112, 43.7222321], [-79.5092441, 43.7221308], [-79.5090696, 43.7220412], [-79.5086712, 43.7218407], [-79.5080963, 43.7215555], [-79.5079715, 43.7214604], [-79.5078736, 43.7213382], [-79.5076673, 43.7209046], [-79.5067431, 43.7189095], [-79.5065784, 43.7185615], [-79.5065297, 43.7183855]]}}, {"type": "Feature", "properties": {"layer": "-1", "name": "Cooksville Creek East Branch", "tunnel": "yes", "waterway": "stream", "_id": 45464987}, "geometry": {"type": "LineString", "coordinates": [[-79.6303308, 43.6011751], [-79.6300303, 43.600774]]}}, {"type": "Feature", "properties": {"layer": "-1", "tunnel": "yes", "waterway": "drain", "_id": 46898927}, "geometry": {"type": "LineString", "coordinates": [[-79.646953, 43.5993681], [-79.6468121, 43.5995]]}}, {"type": "Feature", "properties": {"layer": "-1", "name": "Cooksville Creek", "tunnel": "yes", "waterway": "stream", "_id": 46898928}, "geometry": {"type": "LineString", "coordinates": [[-79.6465546, 43.5994314], [-79.645689, 43.5989457], [-79.6450834, 43.5986059]]}}, {"type": "Feature", "properties": {"layer": "-1", "name": "Cooksville Creek", "tunnel": "yes", "waterway": "stream", "_id": 46898930}, "geometry": {"type": "LineString", "coordinates": [[-79.642688, 43.5986915], [-79.6416149, 43.5990654], [-79.6413035, 43.5991738], [-79.6411275, 43.5991971], [-79.6409603, 43.59916], [-79.6405401, 43.5988497]]}}, {"type": "Feature", "properties": {"boat": "no", "name": "Highland Creek", "tidal": "no", "waterway": "river", "wikipedia": "en:Highland Creek (Toronto)", "_id": 47869268}, "geometry": {"type": "LineString", "coordinates": [[-79.2423522, 43.7769815], [-79.2420403, 43.7768943], [-79.2418515, 43.7768819], [-79.2416884, 43.7769438], [-79.2416025, 43.777043], [-79.2414051, 43.7771731], [-79.2412764, 43.7772475], [-79.2411476, 43.7772661], [-79.2406842, 43.7772165], [-79.2404524, 43.7772103], [-79.2400748, 43.7774024], [-79.2397314, 43.7775202], [-79.2389847, 43.7775264], [-79.2383066, 43.777861], [-79.2376715, 43.777892], [-79.2374741, 43.7779354], [-79.2373282, 43.7779726], [-79.2371136, 43.7781213], [-79.236899, 43.7782205], [-79.2367617, 43.7782267], [-79.2365815, 43.7782205], [-79.2363583, 43.7782205], [-79.2361695, 43.77827], [-79.2360407, 43.7784064], [-79.2359978, 43.7786047], [-79.235912, 43.7788774], [-79.2358261, 43.7790137], [-79.235706, 43.7791748], [-79.2356545, 43.7794599], [-79.2356575, 43.7798441], [-79.2356526, 43.7800012], [-79.2356116, 43.780154], [-79.2355302, 43.7803865], [-79.2355037, 43.7806167], [-79.2354828, 43.7807179], [-79.2354392, 43.7808648], [-79.2352413, 43.7809803], [-79.2349952, 43.7810056], [-79.2347414, 43.7810642], [-79.2343969, 43.7812613], [-79.2341095, 43.7813562], [-79.2333027, 43.7815049], [-79.2330796, 43.7815854], [-79.2329422, 43.781697], [-79.2328478, 43.7817713], [-79.2328013, 43.7819932], [-79.2327191, 43.7820606], [-79.2323631, 43.7820652], [-79.2320455, 43.7820342], [-79.2315906, 43.7819723], [-79.2313074, 43.7819661], [-79.2310838, 43.7819987], [-79.230806, 43.7821004], [-79.2302851, 43.7823969], [-79.2299526, 43.7826699], [-79.2296807, 43.7826823], [-79.229509, 43.7826637], [-79.2290653, 43.7826118], [-79.2290198, 43.7825893], [-79.2288996, 43.7825273], [-79.2286554, 43.7824366], [-79.2284458, 43.7824917], [-79.2282618, 43.7825927], [-79.2280706, 43.7827007], [-79.2279246, 43.7830273], [-79.2277887, 43.7833523], [-79.2276753, 43.7835029], [-79.2274491, 43.7836923], [-79.2272995, 43.7837057], [-79.227096, 43.7836703], [-79.2270003, 43.7836463], [-79.2264548, 43.7834604], [-79.2261911, 43.7834437], [-79.2260057, 43.783471], [-79.2257382, 43.7836642], [-79.2255383, 43.7838307], [-79.225113, 43.7845333], [-79.2243349, 43.7849008], [-79.2234494, 43.7851175], [-79.2232777, 43.7851609], [-79.223106, 43.7852477], [-79.2228485, 43.7855203], [-79.222694, 43.785607], [-79.222428, 43.7856194], [-79.2221619, 43.7856132], [-79.2218014, 43.7856752], [-79.2214238, 43.785762], [-79.2213122, 43.785731], [-79.2212006, 43.7856938], [-79.2210804, 43.7855947], [-79.2209603, 43.7854707], [-79.2207972, 43.7853716], [-79.220574, 43.7852662], [-79.2204024, 43.7851113], [-79.2202822, 43.7849378], [-79.2201191, 43.7845165], [-79.2201535, 43.7843801], [-79.220265, 43.7842562], [-79.2202926, 43.7840445], [-79.2202221, 43.7838286], [-79.2200538, 43.783567], [-79.2198903, 43.7834528], [-79.2197268, 43.7833725], [-79.2196866, 43.7833315], [-79.2195985, 43.7832041], [-79.219484, 43.7829735], [-79.2194006, 43.7827797], [-79.2193575, 43.7827058], [-79.2191685, 43.7826308], [-79.2189366, 43.7826082], [-79.2187518, 43.7826753], [-79.2185523, 43.7828612], [-79.2182748, 43.7830482], [-79.2178943, 43.7832219], [-79.2177502, 43.7833391], [-79.2177092, 43.7834057], [-79.2176558, 43.7834878], [-79.2176215, 43.7836242], [-79.217608, 43.7837575], [-79.2175862, 43.7839254], [-79.2175794, 43.784035], [-79.2175409, 43.7841453], [-79.217511, 43.7842168], [-79.2174734, 43.7842392], [-79.2173339, 43.7842709], [-79.2171481, 43.7842692], [-79.2170168, 43.7842046], [-79.2169348, 43.7841199], [-79.2167779, 43.7839793], [-79.2166258, 43.7839216], [-79.2163375, 43.7839011], [-79.2161124, 43.7838709], [-79.2158094, 43.7836699], [-79.2157418, 43.7835746], [-79.2154843, 43.7832586], [-79.2152741, 43.7830752], [-79.2151639, 43.7830222], [-79.2149613, 43.7829558], [-79.2146672, 43.7829862], [-79.214589, 43.783052], [-79.2145483, 43.7831392], [-79.2145291, 43.7832441], [-79.2145604, 43.7834203], [-79.2145925, 43.7835564], [-79.2146185, 43.7837158], [-79.2145832, 43.7837696], [-79.2145513, 43.7838069], [-79.2144538, 43.7838595], [-79.214265, 43.7838768], [-79.2140426, 43.7838318], [-79.2136747, 43.7836982], [-79.213448, 43.783523], [-79.2133662, 43.7833687], [-79.2133214, 43.7832166], [-79.2133199, 43.7829536], [-79.2133349, 43.7828184], [-79.2133222, 43.7827254], [-79.2132506, 43.7826333], [-79.2131112, 43.7824967], [-79.2127625, 43.7823631], [-79.2126487, 43.7823452], [-79.2124978, 43.782345], [-79.2122024, 43.7822177], [-79.2120538, 43.7821298], [-79.2119817, 43.7820114], [-79.2117592, 43.7818395], [-79.2114502, 43.7815978], [-79.2112442, 43.7814429], [-79.2110382, 43.7809719], [-79.2109524, 43.7806807], [-79.2107893, 43.7802407], [-79.2107292, 43.7799433], [-79.2105415, 43.7798008], [-79.2093474, 43.7797573], [-79.2086245, 43.7797502], [-79.2082198, 43.7795628], [-79.2081156, 43.7787868], [-79.2082068, 43.77842], [-79.2082862, 43.7780882]]}}, {"type": "Feature", "properties": {"boat": "no", "layer": "-1", "tunnel": "yes", "waterway": "river", "wikidata": "Q11027760", "wikipedia": "en:Highland Creek (Toronto)", "_id": 47869269}, "geometry": {"type": "LineString", "coordinates": [[-79.2428428, 43.7771186], [-79.2423522, 43.7769815]]}}, {"type": "Feature", "properties": {"layer": "-1", "tunnel": "yes", "waterway": "drain", "_id": 48918517}, "geometry": {"type": "LineString", "coordinates": [[-79.5472025, 43.8116063], [-79.5466354, 43.8115198]]}}, {"type": "Feature", "properties": {"layer": "-1", "tunnel": "yes", "waterway": "drain", "_id": 48918520}, "geometry": {"type": "LineString", "coordinates": [[-79.5444863, 43.8103742], [-79.5433619, 43.8105256]]}}, {"type": "Feature", "properties": {"layer": "-1", "note": "FIXME direction", "tunnel": "yes", "waterway": "drain", "_id": 48918522}, "geometry": {"type": "LineString", "coordinates": [[-79.5429142, 43.8097474], [-79.5427597, 43.8091853]]}}, {"type": "Feature", "properties": {"layer": "-1", "note": "FIXME direction", "tunnel": "yes", "waterway": "drain", "_id": 48918525}, "geometry": {"type": "LineString", "coordinates": [[-79.5421381, 43.8087242], [-79.5416391, 43.8085907]]}}, {"type": "Feature", "properties": {"alt_name": "East Mimico Creek", "layer": "-1", "name": "Mimico Creek", "source": "Yahoo", "tunnel": "yes", "waterway": "stream", "_id": 48949419}, "geometry": {"type": "LineString", "coordinates": [[-79.6490289, 43.7288008], [-79.6488009, 43.7285907]]}}, {"type": "Feature", "properties": {"layer": "-1", "tunnel": "yes", "waterway": "stream", "_id": 49499753}, "geometry": {"type": "LineString", "coordinates": [[-79.5864719, 43.6324594], [-79.5863152, 43.6323726]]}}, {"type": "Feature", "properties": {"layer": "-1", "tunnel": "yes", "waterway": "stream", "_id": 49499755}, "geometry": {"type": "LineString", "coordinates": [[-79.5899835, 43.6341987], [-79.5898906, 43.6340204], [-79.5896253, 43.6338565]]}}, {"type": "Feature", "properties": {"layer": "-1", "name": "Mary Fix Creek", "tunnel": "yes", "waterway": "stream", "_id": 51051802}, "geometry": {"type": "LineString", "coordinates": [[-79.6328486, 43.5777113], [-79.6325463, 43.5774458]]}}, {"type": "Feature", "properties": {"layer": "-1", "name": "Mary Fix Creek", "tunnel": "yes", "waterway": "stream", "_id": 51051803}, "geometry": {"type": "LineString", "coordinates": [[-79.6316606, 43.5771895], [-79.6310309, 43.5768721], [-79.6305807, 43.5765841], [-79.6290412, 43.5755995]]}}, {"type": "Feature", "properties": {"layer": "-1", "name": "Mary Fix Creek", "tunnel": "yes", "waterway": "stream", "_id": 51051817}, "geometry": {"type": "LineString", "coordinates": [[-79.6468663, 43.5839989], [-79.6464459, 43.5839259], [-79.6442369, 43.5834747], [-79.643754, 43.5833597]]}}, {"type": "Feature", "properties": {"attribution": "Natural Resources Canada", "canvec:CODE": "1470171", "canvec:UUID": "c0f067b4556d4388bfe2ddaa107ab222", "name": "Black Creek", "name:en": "Black Creek", "source": "CanVec_Import_2009", "waterway": "stream", "_id": 53850154}, "geometry": {"type": "LineString", "coordinates": [[-79.5192154, 43.7740201], [-79.5191487, 43.7740537], [-79.5191098, 43.7740518], [-79.5190245, 43.7740053], [-79.518963, 43.7739355], [-79.5188152, 43.7739302], [-79.5187764, 43.7739855], [-79.5188192, 43.7740463], [-79.5188166, 43.7740895], [-79.5187212, 43.7741486], [-79.51863, 43.7741594], [-79.5185681, 43.7741211], [-79.5185238, 43.7740315], [-79.5185034, 43.7739175], [-79.5184787, 43.7738122], [-79.5185578, 43.7737443], [-79.5186753, 43.7737023], [-79.5188233, 43.7737049], [-79.518898, 43.7736889], [-79.5189132, 43.773642], [-79.5188915, 43.7734877], [-79.5188252, 43.7732613], [-79.5186985, 43.7731932], [-79.5185366, 43.773155], [-79.5185184, 43.7729162], [-79.5183618, 43.7728354], [-79.5181356, 43.7728292], [-79.5181324, 43.7726927], [-79.5181912, 43.772667], [-79.5183177, 43.7726626], [-79.5183119, 43.7726208], [-79.5181874, 43.7724826], [-79.5180507, 43.7723109], [-79.5179342, 43.7722493], [-79.517893, 43.7722238], [-79.5177694, 43.7722197], [-79.5176958, 43.7722518], [-79.5176665, 43.7723008], [-79.5176018, 43.7723073], [-79.5174928, 43.7722605], [-79.5173395, 43.7721242], [-79.5171156, 43.7720114], [-79.5170123, 43.7719113], [-79.5169739, 43.771841], [-79.5169583, 43.7714123], [-79.5169279, 43.7712737], [-79.5168276, 43.7711593], [-79.5166759, 43.7709838], [-79.5166873, 43.7709], [-79.5167268, 43.7708167], [-79.5167331, 43.7707195], [-79.5166712, 43.7705981], [-79.5162864, 43.7703021], [-79.5160768, 43.7700587], [-79.5159959, 43.7700032], [-79.5158483, 43.7700507], [-79.5157699, 43.7700399], [-79.5157262, 43.7699793], [-79.5156694, 43.769893], [-79.5155448, 43.7699028], [-79.5155291, 43.7699619], [-79.5154751, 43.7700491], [-79.515378, 43.770077], [-79.5153014, 43.7700451], [-79.5151685, 43.7698128], [-79.5150422, 43.7696867], [-79.5149099, 43.7697071], [-79.5148117, 43.7696901], [-79.5146772, 43.7696551], [-79.5146229, 43.7697335], [-79.514389, 43.7699217], [-79.5142041, 43.7700706], [-79.5139287, 43.7701423], [-79.5137256, 43.770145], [-79.5133033, 43.770075], [-79.5131099, 43.7700442], [-79.5129431, 43.769982], [-79.5127004, 43.7700049], [-79.5125654, 43.7699724], [-79.5124319, 43.7699181], [-79.5122345, 43.769801], [-79.5121458, 43.7697286], [-79.5121341, 43.7696561], [-79.512204, 43.7694785], [-79.512313, 43.7693531], [-79.5120931, 43.7691093], [-79.5120402, 43.7690887], [-79.5119776, 43.7691009], [-79.5119259, 43.7692198], [-79.5118634, 43.7692277], [-79.5118465, 43.7691756], [-79.5118332, 43.7690565], [-79.511695, 43.768975], [-79.5116541, 43.7688621], [-79.5115514, 43.7687693], [-79.5114897, 43.7687413], [-79.5114148, 43.7687616], [-79.5113739, 43.7688061], [-79.511309, 43.7688256], [-79.5112543, 43.7688026], [-79.5112068, 43.7687852], [-79.5111949, 43.7687569], [-79.5112401, 43.7686598], [-79.5112736, 43.7685703], [-79.511292, 43.7684682], [-79.5113364, 43.7684363], [-79.5113605, 43.7683753], [-79.5113221, 43.7683049], [-79.5112543, 43.7682064], [-79.5110842, 43.7681688], [-79.5109585, 43.768184], [-79.5108943, 43.7681429], [-79.5108813, 43.7680768]]}}, {"type": "Feature", "properties": {"attribution": "Natural Resources Canada", "canvec:CODE": "1470171", "canvec:UUID": "4bc16bf9aaae404f92c5c82de0093061", "name": "Black Creek", "name:en": "Black Creek", "source": "CanVec_Import_2009", "waterway": "stream", "_id": 53851249}, "geometry": {"type": "LineString", "coordinates": [[-79.507159, 43.7642229], [-79.5073722, 43.7638851], [-79.5073874, 43.7636644], [-79.5072908, 43.7633549], [-79.5073029, 43.7632684], [-79.5073351, 43.7632142], [-79.5073995, 43.7631813], [-79.5075966, 43.7631669], [-79.5079038, 43.7632716], [-79.5080221, 43.7632996], [-79.5082256, 43.7632781], [-79.5083206, 43.7632083], [-79.5084329, 43.7631532], [-79.5084694, 43.7631011], [-79.5084802, 43.7629942], [-79.5084509, 43.7629043], [-79.5084256, 43.7628595], [-79.5084661, 43.7628219], [-79.5084484, 43.762774], [-79.508381, 43.7627282], [-79.5083152, 43.7627135], [-79.5082685, 43.7627183], [-79.5082362, 43.7627767], [-79.508209, 43.762808], [-79.5081672, 43.7628224], [-79.5081258, 43.7628123], [-79.5081057, 43.7627622], [-79.5081177, 43.7626873], [-79.5081577, 43.7626196], [-79.5082122, 43.7625986], [-79.5082524, 43.7625975], [-79.5083007, 43.7626166], [-79.5083758, 43.7626311], [-79.5085126, 43.7626061], [-79.5086377, 43.7625641], [-79.5087196, 43.7625317], [-79.50875, 43.7624837], [-79.5087691, 43.7623805], [-79.5087431, 43.7622941], [-79.5086884, 43.7621975], [-79.5086173, 43.7621451], [-79.5085369, 43.7621339], [-79.5084866, 43.7621585], [-79.5084283, 43.7622059], [-79.5083651, 43.7622093], [-79.5083381, 43.7621955], [-79.5083202, 43.7621834], [-79.5082356, 43.7621079], [-79.5082254, 43.7618402], [-79.5081782, 43.7617166], [-79.5080926, 43.7616375], [-79.507813, 43.7615847], [-79.5076892, 43.7615541], [-79.5075574, 43.7614885], [-79.5073861, 43.7613604], [-79.50737, 43.7612267], [-79.50737, 43.761124], [-79.5074478, 43.7609536], [-79.5074478, 43.7608819], [-79.5073485, 43.7608377], [-79.5071206, 43.760829], [-79.5070357, 43.760845], [-79.5069274, 43.7608606], [-79.5068173, 43.7608567], [-79.5067769, 43.7607874], [-79.5068235, 43.7606607], [-79.5067613, 43.7606207], [-79.5066687, 43.7606199], [-79.5065708, 43.7606299], [-79.5064657, 43.7606238], [-79.5062832, 43.7606836], [-79.5061684, 43.7606815], [-79.5060234, 43.760638], [-79.5057553, 43.7607017], [-79.5055649, 43.7606882], [-79.5053262, 43.7606307], [-79.5050828, 43.7606125], [-79.5049336, 43.7605561], [-79.5049038, 43.7603978], [-79.5048621, 43.7602016]]}}, {"type": "Feature", "properties": {"canvec:CODE": "1470171", "canvec:UUID": "54417896b5df495d91d45231cb2c81e7", "name": "Black Creek", "source": "CanVec_Import_2009", "waterway": "river", "_id": 53851251}, "geometry": {"type": "LineString", "coordinates": [[-79.5063034, 43.7565104], [-79.5061608, 43.7564453], [-79.5061486, 43.7563464], [-79.5062179, 43.7563174], [-79.5066254, 43.7563971], [-79.5067467, 43.7562128], [-79.506787, 43.7559731], [-79.5068781, 43.7558899], [-79.5071162, 43.7557787], [-79.5072631, 43.7556783], [-79.5077969, 43.7548504], [-79.5078642, 43.7546542], [-79.5083248, 43.7540396], [-79.508463, 43.7539648], [-79.5085982, 43.7539348], [-79.5093806, 43.7538764], [-79.5095159, 43.7538464], [-79.5096628, 43.753746], [-79.5096358, 43.7534966], [-79.5095827, 43.7533964], [-79.5093174, 43.7531493], [-79.5095025, 43.7530105], [-79.5096967, 43.7530274], [-79.5097789, 43.7529697], [-79.5098285, 43.7527521], [-79.5099478, 43.7521123], [-79.5098977, 43.7516001], [-79.5095726, 43.751118], [-79.5091426, 43.7510341], [-79.5086278, 43.7510048], [-79.5081952, 43.7508475], [-79.5079668, 43.750799], [-79.5075888, 43.7509084], [-79.5074421, 43.7508817], [-79.5073211, 43.750697], [-79.5076118, 43.7505902], [-79.5076207, 43.75011], [-79.5073761, 43.7499669], [-79.5069524, 43.7499672], [-79.5067967, 43.7498962]]}}, {"type": "Feature", "properties": {"attribution": "Natural Resources Canada", "canvec:CODE": "1470171", "canvec:UUID": "c9ce20e48c1c46c88f6a83f571c5c4a8", "name": "Black Creek", "name:en": "Black Creek", "source": "CanVec_Import_2009", "waterway": "stream", "_id": 53851252}, "geometry": {"type": "LineString", "coordinates": [[-79.5108813, 43.7680768], [-79.510942, 43.7680644], [-79.511001, 43.7680015], [-79.5110106, 43.767932], [-79.5109509, 43.76785], [-79.5108105, 43.7678485], [-79.5107379, 43.7677859], [-79.5107354, 43.7676824], [-79.5105949, 43.7676023], [-79.5105765, 43.7675143], [-79.5104606, 43.7674711], [-79.5102976, 43.7675053], [-79.5102053, 43.7675875], [-79.5100727, 43.7675643], [-79.5100456, 43.7674798], [-79.5100056, 43.7673915], [-79.5100097, 43.7672935], [-79.5099616, 43.7672032], [-79.5098044, 43.7671274], [-79.5097834, 43.7670313], [-79.5098153, 43.7669747], [-79.5098772, 43.7669492], [-79.5100096, 43.7668767], [-79.5100291, 43.7668207], [-79.5099667, 43.7667774], [-79.5098807, 43.7667073], [-79.5097798, 43.7667136], [-79.5096055, 43.7667595], [-79.5095006, 43.7668717], [-79.5093755, 43.7668676], [-79.5092358, 43.7667714], [-79.5091883, 43.7666535], [-79.5092298, 43.7665749], [-79.5093788, 43.7665015], [-79.509364, 43.7664117], [-79.5092582, 43.7662779], [-79.5091348, 43.7661854], [-79.509046, 43.7661556], [-79.5089837, 43.7660968], [-79.509006, 43.7660313], [-79.5090861, 43.7659629], [-79.509057, 43.7658674], [-79.5090343, 43.765785], [-79.5089433, 43.7657453], [-79.5087909, 43.7657635], [-79.5086568, 43.7657593], [-79.5085448, 43.7656486], [-79.5079586, 43.7653527], [-79.5077284, 43.7652159], [-79.5076649, 43.7651315], [-79.5075104, 43.7650785], [-79.5074384, 43.7650448], [-79.5074489, 43.7649821], [-79.5074667, 43.7648972], [-79.5074864, 43.7648297], [-79.5074277, 43.7647802], [-79.5073268, 43.7647394], [-79.5072434, 43.7647242], [-79.5071943, 43.7646835], [-79.5071608, 43.764585], [-79.5071781, 43.7644263], [-79.507159, 43.7642229]]}}, {"type": "Feature", "properties": {"attribution": "Natural Resources Canada", "canvec:CODE": "1470171", "canvec:UUID": "69b876592721474dbe41ee99fa6e243e", "layer": "-1", "source": "CanVec_Import_2009", "tunnel": "yes", "waterway": "stream", "_id": 53851254}, "geometry": {"type": "LineString", "coordinates": [[-79.5909308, 43.8578826], [-79.5907123, 43.8577892], [-79.5906175, 43.8576635], [-79.5903838, 43.8574677], [-79.5902711, 43.8572844], [-79.5901351, 43.8572057], [-79.5899994, 43.8571633], [-79.589855, 43.8571828], [-79.589468, 43.8569958], [-79.5886624, 43.8568246], [-79.5883929, 43.8564773]]}}, {"type": "Feature", "properties": {"attribution": "Natural Resources Canada", "canvec:CODE": "1470171", "canvec:UUID": "a9337a549aff421990d77dc357dc946e", "layer": "-1", "name": "East Robinson Creek", "source": "CanVec_Import_2009", "tunnel": "culvert", "waterway": "stream", "_id": 53851831}, "geometry": {"type": "LineString", "coordinates": [[-79.6463636, 43.8199826], [-79.6457326, 43.8199234], [-79.6456589, 43.8199193], [-79.6455466, 43.8198449], [-79.6455018, 43.8197192], [-79.6453445, 43.8194828], [-79.6450573, 43.819187], [-79.6448404, 43.8188314], [-79.6444888, 43.8186147], [-79.6443649, 43.8185745], [-79.6439053, 43.818565], [-79.6435993, 43.8186554], [-79.6434467, 43.8187731]]}}, {"type": "Feature", "properties": {"attribution": "Natural Resources Canada", "canvec:CODE": "1470171", "canvec:UUID": "f31a4945e50342eb8ea4a965708f162d", "layer": "-1", "source": "CanVec_Import_2009", "tunnel": "culvert", "waterway": "stream", "_id": 53851842}, "geometry": {"type": "LineString", "coordinates": [[-79.6376149, 43.8375616], [-79.6374731, 43.8375092], [-79.6373375, 43.8375031]]}}, {"type": "Feature", "properties": {"attribution": "Natural Resources Canada", "canvec:CODE": "1470171", "canvec:UUID": "da85689c4a0b4b6b9e49ac867e45077e", "layer": "-1", "source": "CanVec_Import_2009", "tunnel": "culvert", "waterway": "stream", "_id": 53852246}, "geometry": {"type": "LineString", "coordinates": [[-79.5922431, 43.8157647], [-79.5922483, 43.8157434], [-79.5922467, 43.8153082], [-79.5922787, 43.8152143], [-79.592343, 43.8150627], [-79.5924193, 43.8149858], [-79.5924687, 43.8148044], [-79.5925359, 43.8146805], [-79.5926799, 43.8145885], [-79.5927532, 43.8144839], [-79.5927936, 43.8142555], [-79.5927535, 43.8137863], [-79.5926587, 43.8136607], [-79.5923841, 43.8134757], [-79.5921864, 43.813395], [-79.5919152, 43.8133465], [-79.5916529, 43.8133086], [-79.591214, 43.8133116], [-79.5909223, 43.8132866], [-79.590722, 43.813287], [-79.5904217, 43.8133238], [-79.5901569, 43.8134033], [-79.5899301, 43.813408], [-79.5897589, 43.8133575], [-79.5895878, 43.8133069]]}}, {"type": "Feature", "properties": {"attribution": "Natural Resources Canada", "canvec:CODE": "1470171", "layer": "-1", "source": "CanVec_Import_2009", "tunnel": "culvert", "waterway": "stream", "_id": 53852342}, "geometry": {"type": "LineString", "coordinates": [[-79.6241509, 43.8264394], [-79.624438, 43.826433], [-79.6246116, 43.8263644], [-79.6247877, 43.8262146], [-79.6248483, 43.8261611], [-79.62517, 43.8260473], [-79.6251991, 43.825962], [-79.6253847, 43.8259679], [-79.6256785, 43.8257667], [-79.6257274, 43.8255127], [-79.6258743, 43.8254121], [-79.6261275, 43.8253667], [-79.6262391, 43.8252961], [-79.6263658, 43.8252915]]}}, {"type": "Feature", "properties": {"attribution": "Natural Resources Canada", "canvec:CODE": "1470171", "canvec:UUID": "4bd7d054b3b1402d96271b98bd27aeff", "layer": "-1", "source": "CanVec_Import_2009", "tunnel": "yes", "waterway": "stream", "_id": 53852385}, "geometry": {"type": "LineString", "coordinates": [[-79.5487596, 43.8359438], [-79.5485164, 43.8360055], [-79.5481928, 43.8362193], [-79.5480106, 43.836386], [-79.5477956, 43.8364652], [-79.5465728, 43.8365267], [-79.5464607, 43.8364885], [-79.5459861, 43.8364487], [-79.5457323, 43.8363488], [-79.5453696, 43.8362746], [-79.5446035, 43.8363184]]}}, {"type": "Feature", "properties": {"attribution": "Natural Resources Canada", "canvec:CODE": "1470171", "canvec:UUID": "a40c486230474b189e68ac4ca5924977", "name": "Black Creek", "source": "CanVec_Import_2009", "waterway": "stream", "_id": 53852397}, "geometry": {"type": "LineString", "coordinates": [[-79.5241009, 43.7939068], [-79.5240912, 43.7936977]]}}, {"type": "Feature", "properties": {"attribution": "Natural Resources Canada", "canvec:CODE": "1470171", "canvec:UUID": "a7fba8b7ee5e4190a35bdd0841b29e59", "name": "Black Creek", "name:en": "Black Creek", "source": "CanVec_Import_2009", "waterway": "stream", "_id": 53852401}, "geometry": {"type": "LineString", "coordinates": [[-79.5223901, 43.7806874], [-79.522412, 43.7806745], [-79.5225559, 43.7805101], [-79.5225321, 43.7803971], [-79.5227114, 43.7802753], [-79.5228291, 43.7802603], [-79.5229469, 43.7803177], [-79.523256, 43.780328], [-79.5233209, 43.7803578], [-79.5234862, 43.7805687], [-79.5235792, 43.78059], [-79.5236974, 43.780585], [-79.5238921, 43.7805515], [-79.5239324, 43.7804819], [-79.5241068, 43.7804853], [-79.5242011, 43.7803457], [-79.5241966, 43.7800446], [-79.5240391, 43.7800103], [-79.5240558, 43.7799645], [-79.5240764, 43.779941], [-79.5242557, 43.7798192], [-79.5243055, 43.7797466], [-79.5243702, 43.7797039], [-79.5247261, 43.7796139], [-79.5247672, 43.7795669], [-79.5247464, 43.7794454], [-79.5244369, 43.7792538], [-79.5244044, 43.7792027], [-79.5245101, 43.779113], [-79.5250869, 43.7790355], [-79.5253662, 43.7789136], [-79.5253936, 43.7788036]]}}, {"type": "Feature", "properties": {"attribution": "Natural Resources Canada", "canvec:CODE": "1470171", "canvec:UUID": "99683f6b865e4e4a8e3dce90d7b4f0b4", "name": "Black Creek", "name:en": "Black Creek", "source": "CanVec_Import_2009", "waterway": "stream", "_id": 53852404}, "geometry": {"type": "LineString", "coordinates": [[-79.5227217, 43.7757562], [-79.5222032, 43.7755179]]}}, {"type": "Feature", "properties": {"attribution": "Natural Resources Canada", "canvec:CODE": "1470171", "canvec:UUID": "ed04823ca5a147bca3f279a638a367ac", "name": "Black Creek", "name:en": "Black Creek", "source": "CanVec_Import_2009", "waterway": "stream", "_id": 53852407}, "geometry": {"type": "LineString", "coordinates": [[-79.5255969, 43.7781306], [-79.5256793, 43.7781092], [-79.5257546, 43.7781178], [-79.5257796, 43.7780491], [-79.5257641, 43.7779905], [-79.5258937, 43.7779213], [-79.5259595, 43.7778697], [-79.5259386, 43.7778121], [-79.5258719, 43.7777686], [-79.5257314, 43.7777381], [-79.5256019, 43.777751], [-79.5255031, 43.7777513], [-79.5254379, 43.7778203], [-79.5254291, 43.7778937], [-79.5254543, 43.7779453], [-79.5253896, 43.7779639], [-79.5253016, 43.7779565], [-79.5252226, 43.7779093], [-79.5252188, 43.7778183], [-79.5252134, 43.7776428], [-79.5252728, 43.7775861], [-79.5254279, 43.777548], [-79.5255508, 43.7774557], [-79.525605, 43.777333], [-79.5255861, 43.7771664], [-79.5254677, 43.7770111], [-79.5253143, 43.7768748], [-79.5250623, 43.7767473], [-79.5247872, 43.7767718], [-79.5247145, 43.7767811], [-79.5245972, 43.7767782], [-79.5244846, 43.7766988], [-79.5244661, 43.7766136], [-79.5244681, 43.7765592], [-79.5244976, 43.776529], [-79.5245793, 43.7764814], [-79.5245555, 43.7764295], [-79.5245103, 43.7763873], [-79.5244095, 43.7763406], [-79.5243711, 43.7762703], [-79.524318, 43.7762427], [-79.5240443, 43.7762387], [-79.5239824, 43.7762004], [-79.5239145, 43.7760843], [-79.5238319, 43.7760193], [-79.5236163, 43.7759435], [-79.5235049, 43.775879], [-79.5234165, 43.7758449], [-79.5229691, 43.7758369], [-79.5227807, 43.775803], [-79.5227217, 43.7757562]]}}, {"type": "Feature", "properties": {"attribution": "Natural Resources Canada", "canvec:CODE": "1470171", "canvec:UUID": "69f94283404d49c695623c65f0a9fac2", "name": "Black Creek", "name:en": "Black Creek", "source": "CanVec_Import_2009", "waterway": "stream", "_id": 53852410}, "geometry": {"type": "LineString", "coordinates": [[-79.5223036, 43.7831249], [-79.5224326, 43.7830326], [-79.5224996, 43.7829372], [-79.5224489, 43.7828254], [-79.5222973, 43.7827412], [-79.5222412, 43.7826773], [-79.5222602, 43.7825937], [-79.5223202, 43.7825165], [-79.5224172, 43.7824535], [-79.5224441, 43.7824079], [-79.5224025, 43.7823408], [-79.522352, 43.7822765], [-79.5223468, 43.7822037], [-79.5223249, 43.7821412], [-79.5223864, 43.7820663], [-79.5224462, 43.7819264], [-79.5224416, 43.7818821], [-79.522398, 43.7818557], [-79.5223282, 43.7818106], [-79.5223313, 43.7817591], [-79.5223777, 43.7816656], [-79.5224209, 43.7816115], [-79.5223624, 43.7815625], [-79.522298, 43.7815029], [-79.5223621, 43.7814462], [-79.5225975, 43.7813306], [-79.522665, 43.7812176], [-79.5226685, 43.781131], [-79.5226641, 43.7810517], [-79.5225397, 43.7809601], [-79.5223955, 43.7808338], [-79.5223858, 43.78077], [-79.5224031, 43.7807127], [-79.5223901, 43.7806874]]}}, {"type": "Feature", "properties": {"attribution": "Natural Resources Canada", "canvec:CODE": "1470171", "canvec:UUID": "cb2823b93177469d8b5d86e006348041", "layer": "-1", "source": "CanVec_Import_2009", "tunnel": "yes", "waterway": "stream", "_id": 53852412}, "geometry": {"type": "LineString", "coordinates": [[-79.5411625, 43.7888279], [-79.5391662, 43.7882796], [-79.5390713, 43.7880089], [-79.5388404, 43.7875507], [-79.5388307, 43.7872137], [-79.5387982, 43.7871626], [-79.5386627, 43.7871201], [-79.5379148, 43.7870763], [-79.5374906, 43.7869639], [-79.5371425, 43.786702], [-79.536768, 43.7864807], [-79.5366844, 43.7859946], [-79.5362004, 43.7855452], [-79.5360854, 43.7854793], [-79.5357526, 43.7854285], [-79.5353369, 43.7851817], [-79.5350507, 43.7849219], [-79.5342344, 43.7845668], [-79.5341046, 43.784471], [-79.5340101, 43.7843453], [-79.5338302, 43.7842133], [-79.5336595, 43.784237], [-79.5334861, 43.7843417], [-79.5333919, 43.784361], [-79.5332858, 43.7843057], [-79.5331707, 43.7841672], [-79.5328936, 43.7840268], [-79.532693, 43.7838821], [-79.5319063, 43.7835866], [-79.531638, 43.7834206], [-79.5314227, 43.783246], [-79.5310018, 43.7830726]]}}, {"type": "Feature", "properties": {"attribution": "Natural Resources Canada", "canvec:CODE": "1470171", "canvec:UUID": "b83894d214444567ba6de86e9c81e4b6", "layer": "-1", "source": "CanVec_Import_2009", "tunnel": "yes", "waterway": "stream", "_id": 53852425}, "geometry": {"type": "LineString", "coordinates": [[-79.5363098, 43.7915573], [-79.5365838, 43.7921723]]}}, {"type": "Feature", "properties": {"attribution": "Natural Resources Canada", "canvec:CODE": "1470171", "canvec:UUID": "2b024304570b4366986ce9ddc0e584c5", "layer": "-1", "name": "Black Creek", "source": "CanVec_Import_2009", "tunnel": "yes", "waterway": "stream", "_id": 53852430}, "geometry": {"type": "LineString", "coordinates": [[-79.5240535, 43.7953004], [-79.5241552, 43.7952163], [-79.5241873, 43.7951897], [-79.5242921, 43.795103]]}}, {"type": "Feature", "properties": {"attribution": "Natural Resources Canada", "canvec:CODE": "1470171", "canvec:UUID": "3b94427ca8144640a59748dd2ff863e7", "source": "CanVec_Import_2009", "tunnel": "culvert", "waterway": "stream", "_id": 53852436}, "geometry": {"type": "LineString", "coordinates": [[-79.5400084, 43.8372337], [-79.5398305, 43.8368393]]}}, {"type": "Feature", "properties": {"attribution": "Natural Resources Canada", "canvec:CODE": "1470171", "layer": "-1", "source": "CanVec_Import_2009", "tunnel": "culvert", "waterway": "stream", "_id": 53852449}, "geometry": {"type": "LineString", "coordinates": [[-79.5216995, 43.8302388], [-79.5216436, 43.830256], [-79.5214402, 43.8302285]]}}, {"type": "Feature", "properties": {"attribution": "Natural Resources Canada", "canvec:CODE": "1470171", "canvec:UUID": "a10d4cd3ee614097981dbf0a2afd3769", "layer": "-1", "source": "CanVec_Import_2009", "tunnel": "yes", "waterway": "stream", "_id": 53852452}, "geometry": {"type": "LineString", "coordinates": [[-79.5382998, 43.8341449], [-79.5380731, 43.834222], [-79.5379081, 43.8342287], [-79.5377597, 43.8342555]]}}, {"type": "Feature", "properties": {"layer": "-1", "name": "Cooksville Creek", "tunnel": "yes", "waterway": "stream", "_id": 55261698}, "geometry": {"type": "LineString", "coordinates": [[-79.6151016, 43.5824888], [-79.6141744, 43.5818657]]}}, {"type": "Feature", "properties": {"layer": "-1", "name": "Cedar Creek", "note": "FIXME", "tunnel": "yes", "waterway": "drain", "_id": 55352272}, "geometry": {"type": "LineString", "coordinates": [[-79.6036722, 43.600816], [-79.6009249, 43.598861], [-79.600479, 43.5985496], [-79.600369, 43.5981859], [-79.5999825, 43.5978128]]}}, {"type": "Feature", "properties": {"layer": "-1", "name": "Cawthra Creek", "tunnel": "yes", "waterway": "stream", "_id": 55352274}, "geometry": {"type": "LineString", "coordinates": [[-79.598967, 43.597434], [-79.5985278, 43.5973124], [-79.5969785, 43.5969917], [-79.5951474, 43.5959422], [-79.5935141, 43.595513], [-79.5879807, 43.5914242], [-79.5879886, 43.5913261], [-79.5890895, 43.5903041], [-79.5891495, 43.5899441], [-79.5882286, 43.589193], [-79.5882036, 43.5887941], [-79.5893344, 43.5876463], [-79.5893105, 43.5872887], [-79.5885386, 43.5866907], [-79.5885301, 43.5864523], [-79.5898083, 43.585167], [-79.5897804, 43.5849757], [-79.5886583, 43.584127], [-79.586818, 43.5827376], [-79.5868021, 43.5825646], [-79.5877975, 43.5815839], [-79.586726, 43.5806739], [-79.5861252, 43.5796572], [-79.5865632, 43.578913], [-79.5831592, 43.5764911], [-79.5810996, 43.576028], [-79.5800166, 43.5757386], [-79.5784743, 43.5750195]]}}, {"type": "Feature", "properties": {"layer": "-1", "name": "Cedar Creek", "note": "FIXME", "tunnel": "yes", "waterway": "stream", "_id": 55352275}, "geometry": {"type": "LineString", "coordinates": [[-79.5993602, 43.5974645], [-79.599238, 43.5974423], [-79.5991578, 43.5974506], [-79.5990967, 43.5974589]]}}, {"type": "Feature", "properties": {"layer": "-1", "name": "Cedar Creek", "note": "buried; Bing out of date", "tunnel": "yes", "waterway": "stream", "_id": 55352278}, "geometry": {"type": "LineString", "coordinates": [[-79.5990967, 43.5974589], [-79.5990357, 43.5974534], [-79.598967, 43.597434]]}}, {"type": "Feature", "properties": {"layer": "-1", "name": "Little Etobicoke Creek", "tunnel": "yes", "waterway": "stream", "_id": 56448307}, "geometry": {"type": "LineString", "coordinates": [[-79.6210585, 43.624032], [-79.620975, 43.6239828], [-79.6202909, 43.6236194]]}}, {"type": "Feature", "properties": {"layer": "-1", "name": "Mud Creek", "tunnel": "yes", "waterway": "stream", "_id": 60510499}, "geometry": {"type": "LineString", "coordinates": [[-79.3863737, 43.6975677], [-79.3859936, 43.6975767]]}}, {"type": "Feature", "properties": {"layer": "-1", "source": "CanVec 6.0 - NRCan", "tunnel": "yes", "waterway": "stream", "_id": 67138105}, "geometry": {"type": "LineString", "coordinates": [[-79.3124861, 43.8523388], [-79.3126756, 43.8527243]]}}, {"type": "Feature", "properties": {"name": "Spring Creek", "source": "CanVec 6.0 - NRCan", "waterway": "stream", "_id": 67739871}, "geometry": {"type": "LineString", "coordinates": [[-79.4607773, 43.6515063], [-79.4607301, 43.6513678], [-79.460733, 43.651323], [-79.4609031, 43.651227], [-79.461044, 43.65118], [-79.4611525, 43.6510457], [-79.4612724, 43.6505874], [-79.4612605, 43.6504766], [-79.4612105, 43.6503679], [-79.4610284, 43.6502082], [-79.4609286, 43.650172], [-79.4607965, 43.6501571], [-79.4607025, 43.6501039], [-79.4605996, 43.6499313], [-79.4604821, 43.6498376], [-79.4604262, 43.649746], [-79.4603879, 43.6496032], [-79.4604993, 43.6493516], [-79.4604963, 43.6492877], [-79.4601908, 43.6490875], [-79.4601379, 43.6490236], [-79.4601229, 43.6486314], [-79.4601756, 43.6485504], [-79.4603634, 43.6484395], [-79.4603956, 43.6483457], [-79.4602927, 43.6481369], [-79.4602946, 43.6479019], [-79.460533, 43.6477638], [-79.4605476, 43.6476487], [-79.4606443, 43.6475484], [-79.4606439, 43.6471137], [-79.4607348, 43.6469943], [-79.4606977, 43.6468291], [-79.4608039, 43.6465689], [-79.4606434, 43.6464977], [-79.4606169, 43.6463933], [-79.4605316, 43.6462782], [-79.4601498, 43.6459374], [-79.4596822, 43.6457445], [-79.4595033, 43.6456194], [-79.459391, 43.6455782], [-79.4593364, 43.6454732], [-79.4592194, 43.6452592], [-79.4591189, 43.6451984], [-79.4590892, 43.6450516]]}}, {"type": "Feature", "properties": {"name": "Black Creek", "source": "CanVec 6.0 - NRCan", "waterway": "stream", "_id": 67976726}, "geometry": {"type": "LineString", "coordinates": [[-79.4992446, 43.7464422], [-79.4988178, 43.7462656], [-79.4983057, 43.746119], [-79.4980959, 43.7460732], [-79.4980001, 43.7460509], [-79.4979316, 43.7459909], [-79.497909, 43.7458637], [-79.497914, 43.7457443], [-79.4979521, 43.7456276]]}}, {"type": "Feature", "properties": {"name": "Black Creek", "source": "CanVec 6.0 - NRCan", "waterway": "stream", "_id": 67976729}, "geometry": {"type": "LineString", "coordinates": [[-79.4941022, 43.7384249], [-79.4940691, 43.738325], [-79.49421, 43.7381692], [-79.4942713, 43.7379175], [-79.494039, 43.7379028], [-79.4940301, 43.7378559], [-79.4940593, 43.7377343], [-79.4941855, 43.7376212], [-79.4943386, 43.737685], [-79.4944033, 43.7376786], [-79.4944796, 43.7376018], [-79.4945408, 43.7372414], [-79.4943605, 43.7367106], [-79.4944661, 43.7365484], [-79.4945983, 43.7364545], [-79.4947039, 43.7363286], [-79.4945742, 43.7361603], [-79.4947417, 43.7360727], [-79.4951091, 43.7359487], [-79.4952207, 43.7358783]]}}, {"type": "Feature", "properties": {"name": "Black Creek", "source": "CanVec 6.0 - NRCan", "waterway": "stream", "_id": 67976732}, "geometry": {"type": "LineString", "coordinates": [[-79.4963563, 43.741042], [-79.4961485, 43.7409664], [-79.4960443, 43.7408258], [-79.4960549, 43.7406631], [-79.4960519, 43.7405832], [-79.4960241, 43.7404886], [-79.4960037, 43.7403809], [-79.4959734, 43.7402732], [-79.4957608, 43.7401595], [-79.4956338, 43.7400059], [-79.4954764, 43.7398782], [-79.495377, 43.7397067], [-79.4951533, 43.7396209], [-79.4949115, 43.739442], [-79.494764, 43.7393157], [-79.4945956, 43.73919], [-79.494488, 43.7390285], [-79.4943262, 43.7386539], [-79.4941022, 43.7384249]]}}, {"type": "Feature", "properties": {"name": "Black Creek", "source": "CanVec 6.0 - NRCan", "waterway": "stream", "_id": 67976737}, "geometry": {"type": "LineString", "coordinates": [[-79.4952207, 43.7358783], [-79.4954234, 43.7357246], [-79.4954144, 43.7356052], [-79.4952818, 43.7354816], [-79.4950848, 43.7354733], [-79.494973, 43.735435], [-79.4949023, 43.735386], [-79.4949199, 43.7353348], [-79.4951197, 43.7352621], [-79.4952579, 43.7352599], [-79.4954581, 43.7353684], [-79.4955639, 43.7353513], [-79.4959752, 43.7350993], [-79.4960543, 43.7349415], [-79.496113, 43.7348796], [-79.4963836, 43.7348921], [-79.4969715, 43.7347807], [-79.4973683, 43.7346802], [-79.4976805, 43.7349357], [-79.4978187, 43.7349335], [-79.4978804, 43.7348993], [-79.4979038, 43.7348311], [-79.4978565, 43.7347138], [-79.4978858, 43.7346285], [-79.4982267, 43.7345088], [-79.4984179, 43.7345342], [-79.4985415, 43.7346109], [-79.4986947, 43.7347834], [-79.4989033, 43.7346489], [-79.4990737, 43.734589], [-79.4992941, 43.7344929], [-79.4994573, 43.7344485], [-79.4996404, 43.734443], [-79.5000184, 43.7343393]]}}, {"type": "Feature", "properties": {"name": "Black Creek", "source": "CanVec 6.0 - NRCan", "waterway": "stream", "_id": 67976740}, "geometry": {"type": "LineString", "coordinates": [[-79.4979521, 43.7456276], [-79.4980118, 43.7454457], [-79.497991, 43.7451756], [-79.4978716, 43.7449562], [-79.4977821, 43.7444029], [-79.4978876, 43.7441683], [-79.4978993, 43.7440979], [-79.4976607, 43.743919], [-79.4976489, 43.7438806], [-79.4976723, 43.7438124], [-79.4978986, 43.7436992], [-79.4979366, 43.7435883], [-79.4978659, 43.743503], [-79.4977482, 43.7434818], [-79.4976365, 43.743516], [-79.4974308, 43.743642], [-79.4973395, 43.7435803], [-79.4971892, 43.7433992], [-79.4971948, 43.7432008], [-79.4972976, 43.7431197], [-79.497368, 43.7430237], [-79.4973708, 43.7429427], [-79.4972676, 43.7427701], [-79.4971028, 43.7427404], [-79.4970418, 43.7426726]]}}, {"type": "Feature", "properties": {"name": "Black Creek", "source": "CanVec 6.0 - NRCan", "waterway": "stream", "_id": 67976741}, "geometry": {"type": "LineString", "coordinates": [[-79.5, 43.746606], [-79.4996537, 43.7465975], [-79.4992446, 43.7464422]]}}, {"type": "Feature", "properties": {"layer": "-1", "source": "CanVec 6.0 - NRCan", "tunnel": "culvert", "waterway": "stream", "_id": 68002276}, "geometry": {"type": "LineString", "coordinates": [[-79.3424852, 43.7151664], [-79.3429824, 43.7149216], [-79.3431914, 43.7147908], [-79.3432712, 43.7146578], [-79.3432789, 43.7144271], [-79.343321, 43.7143218], [-79.343481, 43.7141819]]}}, {"type": "Feature", "properties": {"name": "Walmsley Brook", "source": "CanVec 6.0 - NRCan", "waterway": "stream", "_id": 68002281}, "geometry": {"type": "LineString", "coordinates": [[-79.3494914, 43.7095848], [-79.3493827, 43.7095923], [-79.3492898, 43.7095825], [-79.3490882, 43.7095225], [-79.3489299, 43.7095159], [-79.3487755, 43.7094574], [-79.3487083, 43.7094047], [-79.3485588, 43.7093318], [-79.3484225, 43.7092818], [-79.3482525, 43.709294], [-79.3480788, 43.7093507], [-79.347905, 43.7094128], [-79.3476958, 43.7094668], [-79.3474847, 43.7095006], [-79.3472867, 43.7096072], [-79.3470327, 43.7096788], [-79.3467226, 43.7097369], [-79.3464685, 43.7098341], [-79.3463434, 43.7099691], [-79.3462276, 43.7101528], [-79.3460875, 43.7102527], [-79.3460352, 43.7102891]]}}, {"type": "Feature", "properties": {"name": "Wilket Creek", "source": "CanVec 6.0 - NRCan", "waterway": "stream", "_id": 68019829}, "geometry": {"type": "LineString", "coordinates": [[-79.358816, 43.7315641], [-79.3585641, 43.7315874], [-79.3584497, 43.7315779], [-79.3583589, 43.7315429], [-79.3581193, 43.7314332], [-79.3579907, 43.7313796], [-79.3578462, 43.7313495], [-79.3576699, 43.7312484], [-79.3575823, 43.7311853], [-79.3575692, 43.7310711], [-79.3576307, 43.7309543], [-79.3576937, 43.7308342], [-79.3575416, 43.7307126], [-79.3573969, 43.7307167], [-79.357236, 43.7307969], [-79.3571478, 43.7308039], [-79.3570808, 43.7307843], [-79.3570414, 43.7307221], [-79.3570585, 43.7305147], [-79.3571416, 43.7302583], [-79.3572126, 43.7301397], [-79.3572067, 43.7300385], [-79.357131, 43.7299811], [-79.3569775, 43.7299062], [-79.3567814, 43.7298707], [-79.3564396, 43.7298928], [-79.3563311, 43.7298973], [-79.3561535, 43.7298591], [-79.3559954, 43.7298438], [-79.3557917, 43.7299158], [-79.3557116, 43.7299085], [-79.3556329, 43.7298807], [-79.3555245, 43.7297869], [-79.3554226, 43.7297125], [-79.355292, 43.7296734], [-79.3549408, 43.7296488], [-79.3548205, 43.7296335], [-79.354662, 43.7296148], [-79.3546091, 43.7295905], [-79.3545697, 43.7295561], [-79.354544, 43.7294905], [-79.3545474, 43.7294483], [-79.3545619, 43.7294062], [-79.3545752, 43.7293145], [-79.3545752, 43.7292069], [-79.3545602, 43.7291452], [-79.354469, 43.7290391], [-79.3543446, 43.728977], [-79.354152, 43.7288107], [-79.3540481, 43.7286278], [-79.3539775, 43.7284741], [-79.3539488, 43.7283128], [-79.3539745, 43.728183], [-79.3539886, 43.7280992], [-79.3539963, 43.7280479], [-79.3540028, 43.7280005], [-79.3540097, 43.7279309], [-79.3540091, 43.7278434], [-79.3539501, 43.7277491], [-79.3538497, 43.7277071], [-79.35364, 43.7276313], [-79.3535223, 43.7275793], [-79.3534746, 43.7275343], [-79.3533834, 43.7273911], [-79.3533464, 43.7273106], [-79.3532759, 43.7272096], [-79.3531616, 43.7271666], [-79.3530645, 43.7271212], [-79.3529891, 43.7270609], [-79.3529081, 43.7269779], [-79.3528761, 43.7268667], [-79.3528721, 43.7266093], [-79.3528227, 43.7265095], [-79.3528109, 43.7264551], [-79.3527799, 43.7263822], [-79.3526907, 43.7263326], [-79.3526189, 43.7262978], [-79.3524993, 43.7262737], [-79.3523548, 43.7262642], [-79.3522505, 43.7262696], [-79.3521691, 43.7262631], [-79.3520671, 43.7262264], [-79.3520035, 43.726176], [-79.3519636, 43.7261365], [-79.3518914, 43.726035], [-79.3518219, 43.7259871], [-79.351687, 43.725938], [-79.3515307, 43.72591], [-79.3514097, 43.72588], [-79.3512433, 43.7258738], [-79.3511112, 43.7258724], [-79.3509942, 43.7258801], [-79.3507853, 43.7258998], [-79.3506853, 43.7258811], [-79.3505901, 43.7258328], [-79.3504634, 43.725746], [-79.3503531, 43.7256525], [-79.350254, 43.7255738], [-79.350177, 43.7255142], [-79.350112, 43.7254218], [-79.3500467, 43.7253428], [-79.3500318, 43.72527], [-79.3501019, 43.7250675], [-79.3501944, 43.7248746], [-79.3502322, 43.7248164], [-79.3503357, 43.7246515], [-79.3504225, 43.7245168], [-79.3504815, 43.7244577], [-79.3505664, 43.7243972], [-79.3506323, 43.7243056], [-79.3506649, 43.7242483], [-79.3506618, 43.7241689], [-79.3506065, 43.7241052], [-79.3505391, 43.7240789], [-79.3504167, 43.7240374], [-79.3502548, 43.7239437], [-79.3501521, 43.7238895], [-79.350138, 43.7238879]]}}, {"type": "Feature", "properties": {"intermittent": "no", "name": "Wilket Creek", "source": "CanVec 6.0 - NRCan", "waterway": "stream", "_id": 68020602}, "geometry": {"type": "LineString", "coordinates": [[-79.3751538, 43.7418255], [-79.3748996, 43.741659], [-79.3747043, 43.7415188], [-79.3744749, 43.7414936], [-79.374159, 43.7415764], [-79.3739322, 43.7414197], [-79.3737941, 43.7412405], [-79.3735178, 43.7410996], [-79.373369, 43.7410161], [-79.3732532, 43.7409971], [-79.3730177, 43.7409238], [-79.3729701, 43.7408284], [-79.3729166, 43.7406177], [-79.3729637, 43.7404928], [-79.3729126, 43.7404395], [-79.3727995, 43.7403908], [-79.3726783, 43.7403016], [-79.372481, 43.7404468], [-79.3725197, 43.7405161], [-79.3725536, 43.740598], [-79.3724049, 43.7406777], [-79.3722149, 43.7406522], [-79.3720185, 43.7405189], [-79.3719861, 43.7405402], [-79.3719284, 43.740618], [-79.3719251, 43.7407484], [-79.3719828, 43.7408749], [-79.3717651, 43.7409623], [-79.3716286, 43.7410214], [-79.3714845, 43.7408878], [-79.3714829, 43.7407659], [-79.371383, 43.7407296], [-79.3712335, 43.7407], [-79.3710945, 43.7407239], [-79.3709448, 43.7406953], [-79.3706322, 43.7406458], [-79.3706391, 43.7405414], [-79.3707118, 43.7404211], [-79.3706708, 43.7402781], [-79.3707238, 43.7401701], [-79.3708421, 43.7401223], [-79.3709278, 43.740094], [-79.3709513, 43.740062], [-79.3710552, 43.7399771], [-79.3711163, 43.7398643], [-79.3710915, 43.7396143], [-79.3707227, 43.7395743], [-79.3706015, 43.7395499], [-79.370602, 43.7394456], [-79.3707298, 43.739328], [-79.3708116, 43.7391966], [-79.3708555, 43.739109], [-79.3708669, 43.7390581], [-79.3707986, 43.7389838], [-79.3705675, 43.7389448], [-79.3704572, 43.7388014], [-79.3703106, 43.7386696], [-79.3701941, 43.7385647], [-79.3697679, 43.7383513], [-79.3696855, 43.7383726], [-79.3696413, 43.7384642], [-79.3695472, 43.7384834], [-79.3695296, 43.7384258], [-79.3696416, 43.7382467], [-79.3696417, 43.7381017], [-79.3696065, 43.7380591], [-79.3693889, 43.7379651], [-79.369236, 43.7379373], [-79.3690772, 43.7379628], [-79.3689918, 43.7381014], [-79.3689182, 43.7381696], [-79.3687359, 43.7381545], [-79.3685713, 43.7380883], [-79.3680658, 43.7377064], [-79.3680101, 43.7376147], [-79.3680133, 43.7373887], [-79.3682016, 43.7372779], [-79.3681752, 43.7372096], [-79.3678989, 43.737105], [-79.3678813, 43.7370474], [-79.3677813, 43.7370111], [-79.3677078, 43.7370431], [-79.3674874, 43.7368851], [-79.3674286, 43.7368744], [-79.3672079, 43.7370428], [-79.3667462, 43.7370404], [-79.3666433, 43.7369401], [-79.366667, 43.7368356], [-79.3668818, 43.7367206], [-79.366873, 43.7366737], [-79.3668172, 43.7366545], [-79.3665083, 43.7367161], [-79.3663201, 43.7367181], [-79.365982, 43.7366113], [-79.3658026, 43.7366603], [-79.3656997, 43.7366687], [-79.365676, 43.7367732], [-79.3656024, 43.7368776], [-79.3654848, 43.7368563], [-79.3652761, 43.736773], [-79.364991, 43.7365852], [-79.3647412, 43.7365125], [-79.3644207, 43.7364633], [-79.3642974, 43.7362414], [-79.3644211, 43.7360645], [-79.3644095, 43.7359899], [-79.3643301, 43.7359302], [-79.364186, 43.7359855], [-79.3639976, 43.7360963], [-79.363777, 43.7361558], [-79.3636447, 43.7361771], [-79.3633947, 43.7361407], [-79.3632449, 43.7359956], [-79.3632127, 43.7359082], [-79.3632598, 43.7358442], [-79.3634599, 43.7357718], [-79.3635482, 43.7356973], [-79.3636396, 43.7354692], [-79.3634516, 43.7353262], [-79.3634046, 43.7352451], [-79.363399, 43.7350447], [-79.3632874, 43.7348975], [-79.3632582, 43.7347291], [-79.3631554, 43.734665], [-79.3626672, 43.7346306], [-79.3624409, 43.7345622], [-79.3622847, 43.7345336]]}}, {"type": "Feature", "properties": {"layer": "-1", "name": "Deerlick Creek", "source": "CanVec 6.0 - NRCan", "tunnel": "yes", "waterway": "stream", "_id": 68312304}, "geometry": {"type": "LineString", "coordinates": [[-79.3331809, 43.7497122], [-79.3338624, 43.7492648]]}}, {"type": "Feature", "properties": {"layer": "-1", "source": "CanVec 6.0 - NRCan", "tunnel": "culvert", "waterway": "stream", "_id": 68312431}, "geometry": {"type": "LineString", "coordinates": [[-79.3147551, 43.7335682], [-79.3148875, 43.733547], [-79.3154614, 43.7333345], [-79.3161796, 43.7329941], [-79.3167208, 43.7329479], [-79.3169387, 43.7327882], [-79.3173537, 43.7326373], [-79.3176538, 43.7325651], [-79.3181554, 43.7322757], [-79.3184632, 43.7322142]]}}, {"type": "Feature", "properties": {"layer": "-1", "name": "Mary Fix Creek", "tunnel": "yes", "waterway": "stream", "_id": 68578484}, "geometry": {"type": "LineString", "coordinates": [[-79.6232262, 43.5745613], [-79.6228044, 43.5743106]]}}, {"type": "Feature", "properties": {"layer": "-1", "name": "Mary Fix Creek", "tunnel": "yes", "waterway": "stream", "_id": 69262444}, "geometry": {"type": "LineString", "coordinates": [[-79.6115173, 43.5710488], [-79.6110394, 43.5708314]]}}, {"type": "Feature", "properties": {"layer": "-1", "name": "Mary Fix Creek", "tunnel": "yes", "waterway": "stream", "_id": 69262446}, "geometry": {"type": "LineString", "coordinates": [[-79.62117, 43.5733437], [-79.6202218, 43.5732404], [-79.6197492, 43.5731429], [-79.6185454, 43.5727773], [-79.6180069, 43.5727393], [-79.6173679, 43.5728612], [-79.6159974, 43.5729464], [-79.6146017, 43.5729515], [-79.6144996, 43.5729116]]}}, {"type": "Feature", "properties": {"fixme": "Stream continues south through several tunnels", "name": "Smalls Creek", "source": "CanVec 6.0 - NRCan", "waterway": "stream", "_id": 69336750}, "geometry": {"type": "LineString", "coordinates": [[-79.3163435, 43.6799434], [-79.316387, 43.6797579], [-79.3165783, 43.6796224], [-79.3168182, 43.6795281], [-79.316853, 43.6794071], [-79.316899, 43.6793545], [-79.3168943, 43.6793356], [-79.3168679, 43.6793226], [-79.3168245, 43.6792793], [-79.3167706, 43.6791135], [-79.3167374, 43.6790073], [-79.3167426, 43.6789315], [-79.3167756, 43.6787997], [-79.3168254, 43.6787315], [-79.3169486, 43.6785585], [-79.3172574, 43.6783884], [-79.317475, 43.6782287], [-79.3175664, 43.6780732], [-79.3177409, 43.6775341], [-79.3177389, 43.6771078], [-79.3175779, 43.6768518], [-79.3175751, 43.6767879], [-79.3175283, 43.6767068], [-79.3174462, 43.6766193], [-79.3174101, 43.6765291]]}}, {"type": "Feature", "properties": {"intermittent": "yes", "name": "Castle Frank Brook", "source": "CanVec 6.0 - NRCan", "waterway": "stream", "_id": 69706772}, "geometry": {"type": "LineString", "coordinates": [[-79.406382, 43.6809538], [-79.4063312, 43.6809458], [-79.4057937, 43.6809478], [-79.4056028, 43.6809222], [-79.4052445, 43.680839], [-79.4046336, 43.6808368], [-79.4045836, 43.6808006]]}}, {"type": "Feature", "properties": {"layer": "-1", "name": "Adam's Creek", "source": "CanVec 6.0 - NRCan", "tunnel": "yes", "waterway": "stream", "_id": 70564086}, "geometry": {"type": "LineString", "coordinates": [[-79.1396222, 43.7903387], [-79.1390907, 43.7901573], [-79.1385851, 43.7902761], [-79.1378759, 43.7890124], [-79.1357396, 43.7892147], [-79.1353746, 43.7889791]]}}, {"type": "Feature", "properties": {"layer": "-1", "name": "Serson Creek", "source": "CanVec 6.0 - NRCan", "tunnel": "yes", "waterway": "stream", "_id": 70606974}, "geometry": {"type": "LineString", "coordinates": [[-79.5675286, 43.5851676], [-79.5671114, 43.5848935], [-79.566704, 43.5848835], [-79.5660824, 43.5848079], [-79.5652901, 43.584269]]}}, {"type": "Feature", "properties": {"layer": "-1", "name": "Morningside Creek", "source": "CanVec 6.0 - NRCan", "tunnel": "culvert", "waterway": "stream", "_id": 70638648}, "geometry": {"type": "LineString", "coordinates": [[-79.2451479, 43.8483293], [-79.2451051, 43.8482081], [-79.2449527, 43.8479624]]}}, {"type": "Feature", "properties": {"layer": "-1", "source": "CanVec 6.0 - NRCan", "tunnel": "culvert", "waterway": "stream", "_id": 70638651}, "geometry": {"type": "LineString", "coordinates": [[-79.1489909, 43.8362093], [-79.1489229, 43.8360264]]}}, {"type": "Feature", "properties": {"layer": "-1", "tunnel": "yes", "waterway": "stream", "_id": 74717098}, "geometry": {"type": "LineString", "coordinates": [[-79.6427565, 43.6254557], [-79.6417961, 43.6266604]]}}, {"type": "Feature", "properties": {"layer": "-1", "loc_name": "Doctor Dull", "name": "Mary Fix Creek", "tunnel": "yes", "waterway": "stream", "_id": 78167510}, "geometry": {"type": "LineString", "coordinates": [[-79.6530186, 43.5864004], [-79.6524942, 43.5863279], [-79.6513959, 43.586176], [-79.6510763, 43.5861438], [-79.6509201, 43.5860878], [-79.6507314, 43.5860134], [-79.6506181, 43.5860118], [-79.6501018, 43.5861204], [-79.6499702, 43.5861257], [-79.6498255, 43.5860832], [-79.6496196, 43.5858854]]}}, {"type": "Feature", "properties": {"layer": "-1", "name": "Mary Fix Creek", "tunnel": "yes", "waterway": "stream", "_id": 78167556}, "geometry": {"type": "LineString", "coordinates": [[-79.6410326, 43.5820502], [-79.640921, 43.5819711]]}}, {"type": "Feature", "properties": {"layer": "-1", "name": "Mary Fix Creek", "tunnel": "yes", "waterway": "stream", "_id": 78167557}, "geometry": {"type": "LineString", "coordinates": [[-79.6391181, 43.5806465], [-79.6389887, 43.5805195], [-79.6388555, 43.5803777], [-79.6388274, 43.5803344]]}}, {"type": "Feature", "properties": {"layer": "-1", "source": "CanVec 6.0 - NRCan", "tunnel": "culvert", "waterway": "stream", "_id": 79573206}, "geometry": {"type": "LineString", "coordinates": [[-79.5588862, 43.593719], [-79.5588897, 43.5935323], [-79.5588045, 43.5934898], [-79.5586755, 43.5934665], [-79.5584522, 43.5933178], [-79.5582813, 43.5931167], [-79.5582018, 43.5931134], [-79.5577398, 43.5931325], [-79.5574058, 43.5930901], [-79.5570327, 43.5930106], [-79.5566396, 43.5930458], [-79.5564461, 43.593029], [-79.5560214, 43.5930979], [-79.5556708, 43.593152], [-79.5554721, 43.5932213], [-79.5551635, 43.5932513], [-79.5545567, 43.5932052], [-79.5543789, 43.5931788], [-79.5540952, 43.5929394], [-79.5539093, 43.5928938], [-79.5533163, 43.5927919], [-79.5531678, 43.5928194], [-79.5529614, 43.5928298], [-79.5528513, 43.5928111], [-79.5527625, 43.5927197], [-79.5526992, 43.5926723], [-79.5525928, 43.5926516], [-79.5525797, 43.5925943], [-79.5523873, 43.592557], [-79.552372, 43.5924818], [-79.5522863, 43.592476], [-79.552217, 43.5924179], [-79.5519889, 43.5923211]]}}, {"type": "Feature", "properties": {"name": "Black Creek", "waterway": "river", "_id": 79672220}, "geometry": {"type": "LineString", "coordinates": [[-79.503324, 43.707907], [-79.5033133, 43.7077431], [-79.5032494, 43.7076143], [-79.5030463, 43.7074418], [-79.5029167, 43.7072735], [-79.5029782, 43.7071668], [-79.502978, 43.7070581], [-79.5029249, 43.7069217], [-79.5028689, 43.7068663], [-79.50262, 43.7066644], [-79.5024643, 43.7066054], [-79.5023308, 43.7064928], [-79.5023527, 43.7064308], [-79.502504, 43.7064237], [-79.5026987, 43.7064144], [-79.5027594, 43.7063392], [-79.5027091, 43.7062546], [-79.5023683, 43.7061844], [-79.5022539, 43.7061724], [-79.502178, 43.706151], [-79.5020888, 43.7061188], [-79.5018403, 43.706057], [-79.5017226, 43.7059813], [-79.5016242, 43.7057996], [-79.5015121, 43.7057253], [-79.5013708, 43.7057157], [-79.5010769, 43.705777], [-79.5008112, 43.7058543], [-79.5005428, 43.7059049], [-79.500312, 43.7060176], [-79.4999981, 43.7060068], [-79.4997921, 43.7059971], [-79.4993711, 43.7059446], [-79.4991567, 43.7059589], [-79.4990334, 43.706031], [-79.4989186, 43.7061723], [-79.4988677, 43.7062291], [-79.4987112, 43.7062444], [-79.4985827, 43.7061792], [-79.4984419, 43.70604], [-79.4984073, 43.705933], [-79.4984394, 43.705876], [-79.4985602, 43.7058154], [-79.4987894, 43.7057468], [-79.4989262, 43.7056827], [-79.4989361, 43.7056159], [-79.4988547, 43.7055446], [-79.4984406, 43.7054074], [-79.4982188, 43.7053896], [-79.4979422, 43.7053872], [-79.4977295, 43.7054733], [-79.4976757, 43.7055615], [-79.4975754, 43.7056283], [-79.4973992, 43.7057148], [-79.4971909, 43.7057388], [-79.4969481, 43.7057354], [-79.4967061, 43.7057083], [-79.496536, 43.7057435], [-79.4964403, 43.7057858], [-79.4963515, 43.7057404], [-79.496322, 43.7057183], [-79.4962373, 43.7056252], [-79.4962625, 43.7055357], [-79.496354, 43.7054252], [-79.4964403, 43.705329], [-79.4965942, 43.7052601], [-79.4966699, 43.7051802], [-79.4966039, 43.7050832], [-79.4965364, 43.7050162]]}}, {"type": "Feature", "properties": {"name": "Black Creek", "source": "CanVec 6.0 - NRCan", "waterway": "stream", "_id": 79792881}, "geometry": {"type": "LineString", "coordinates": [[-79.5040484, 43.7487235], [-79.5039894, 43.7486924], [-79.5039177, 43.7486655], [-79.5038176, 43.748618], [-79.5037617, 43.7486049], [-79.503693, 43.7485938], [-79.5036104, 43.748434], [-79.5036131, 43.7483167], [-79.5035836, 43.748257], [-79.5032126, 43.7480996], [-79.50303, 43.7479761], [-79.5024739, 43.7478487], [-79.5022913, 43.7477252], [-79.5021675, 43.7476123], [-79.5021347, 43.7473436], [-79.5016106, 43.7470499], [-79.5012515, 43.7469308], [-79.5009131, 43.7468607], [-79.5004333, 43.7466565], [-79.5001655, 43.7465992], [-79.5, 43.746606]]}}, {"type": "Feature", "properties": {"name": "West Mimico Creek", "source": "CanVec 6.0 - NRCan", "waterway": "stream", "_id": 79880325}, "geometry": {"type": "LineString", "coordinates": [[-79.6503525, 43.7048867], [-79.6481234, 43.7049527]]}}, {"type": "Feature", "properties": {"name": "Mimico Creek", "source": "CanVec 6.0 - NRCan", "waterway": "stream", "_id": 79880327}, "geometry": {"type": "LineString", "coordinates": [[-79.6317654, 43.7115352], [-79.6312245, 43.7115109], [-79.6311449, 43.7114514], [-79.6306565, 43.711346], [-79.630206, 43.7111659], [-79.629944, 43.7110919], [-79.6297703, 43.7110156], [-79.629723, 43.7109709], [-79.6296605, 43.7107877], [-79.6296476, 43.7105319], [-79.6295463, 43.7102422], [-79.6292811, 43.7101043], [-79.6291691, 43.7100299], [-79.6291746, 43.7099404], [-79.6293559, 43.7097374], [-79.6294534, 43.7095246], [-79.6295044, 43.7094025], [-79.6294896, 43.7093075], [-79.62944, 43.7092193], [-79.6294454, 43.7091436], [-79.6295169, 43.7089695], [-79.6296454, 43.7087752], [-79.629731, 43.7086444], [-79.6297177, 43.7085256], [-79.629676, 43.708402], [-79.6296358, 43.7083254], [-79.6295218, 43.7082392], [-79.6294811, 43.7081935], [-79.6293892, 43.7080232], [-79.6292947, 43.7079339], [-79.6291772, 43.7078611], [-79.6290355, 43.7078151], [-79.6288231, 43.7077903], [-79.6286769, 43.7078116], [-79.6285683, 43.7078659], [-79.6285482, 43.7079008], [-79.6285455, 43.7079716], [-79.628531, 43.7080146], [-79.6284488, 43.7080361], [-79.6283164, 43.7080215], [-79.6282169, 43.7079066], [-79.6281633, 43.7078126], [-79.6280922, 43.7076846], [-79.6277371, 43.7073023], [-79.6274686, 43.7070642], [-79.6272125, 43.7069731], [-79.6269738, 43.7068308], [-79.6268296, 43.7067779], [-79.6265732, 43.7066143], [-79.626323, 43.7065424], [-79.626182, 43.7065534], [-79.6260531, 43.706639], [-79.6257151, 43.706642], [-79.6255569, 43.7067404], [-79.6251738, 43.7071698], [-79.6250302, 43.7072618], [-79.624904, 43.7073027]]}}, {"type": "Feature", "properties": {"name": "West Mimico Creek", "source": "CanVec 6.0 - NRCan", "waterway": "stream", "_id": 79880335}, "geometry": {"type": "LineString", "coordinates": [[-79.6371592, 43.7110145], [-79.6361219, 43.7110554], [-79.6356373, 43.7111227], [-79.6346441, 43.7111806], [-79.6341997, 43.7110559], [-79.6339939, 43.7110372], [-79.6337883, 43.7110548], [-79.6333179, 43.7110432], [-79.6329827, 43.7110014], [-79.6327237, 43.7109188], [-79.6326033, 43.7109426], [-79.6325125, 43.711026], [-79.6324136, 43.7112437], [-79.6321461, 43.711223], [-79.6321442, 43.711449], [-79.6319828, 43.7115197], [-79.6317654, 43.7115352]]}}, {"type": "Feature", "properties": {"alt_name": "Havergal Stream", "name": "Burke Brook", "waterway": "stream", "_id": 82696354}, "geometry": {"type": "LineString", "coordinates": [[-79.4150334, 43.7214042], [-79.4149907, 43.7213286], [-79.4149277, 43.7212583], [-79.4148284, 43.7212452], [-79.4146606, 43.7212765], [-79.4145656, 43.7213063], [-79.414471, 43.721283], [-79.4144173, 43.7212111], [-79.4142556, 43.7211727], [-79.4141565, 43.7211052], [-79.414058, 43.7210717], [-79.4140171, 43.7210029], [-79.4139533, 43.7208978], [-79.4136917, 43.7208081], [-79.4135626, 43.7207152], [-79.4135399, 43.7206549], [-79.4134665, 43.7206007], [-79.4134167, 43.7205803], [-79.4133344, 43.7206036], [-79.4132895, 43.7206026], [-79.4132326, 43.7205522], [-79.4130991, 43.7203589], [-79.4129005, 43.7202111], [-79.4128073, 43.7201635], [-79.4127112, 43.7201882], [-79.4125894, 43.7201735], [-79.4124067, 43.7200831], [-79.4122202, 43.7200376], [-79.412089, 43.7200521], [-79.4119929, 43.7200863], [-79.4119142, 43.7200704], [-79.4117085, 43.71999], [-79.4115066, 43.7198439], [-79.4113976, 43.7197703], [-79.4111921, 43.7196857]]}}, {"type": "Feature", "properties": {"name": "Black Creek", "source": "CanVec 6.0 - NRCan", "waterway": "stream", "_id": 84547927}, "geometry": {"type": "LineString", "coordinates": [[-79.5000184, 43.7343393], [-79.5003377, 43.7342915], [-79.5007138, 43.7341781], [-79.5008433, 43.7342015], [-79.5009347, 43.7343357], [-79.5011907, 43.7344271], [-79.5011147, 43.7346852], [-79.5013856, 43.7349152], [-79.5014592, 43.7349194], [-79.5014855, 43.7348789], [-79.5015649, 43.734866], [-79.5016503, 43.7349448], [-79.5018885, 43.7349062], [-79.5019708, 43.7349211], [-79.5020297, 43.7349679], [-79.5022327, 43.7349954], [-79.5023473, 43.7349527], [-79.5024439, 43.7347436], [-79.5023703, 43.734667], [-79.5023613, 43.7345476], [-79.5024317, 43.7344878], [-79.5025728, 43.7344407], [-79.5026816, 43.7344513], [-79.5029788, 43.7345683], [-79.5031023, 43.7345724], [-79.5032169, 43.7345297], [-79.5032254, 43.7343591], [-79.5033077, 43.7343014], [-79.5034783, 43.7343141], [-79.5036638, 43.7344653], [-79.5037698, 43.7345206], [-79.5039844, 43.734514], [-79.504149, 43.7344712], [-79.5043315, 43.7345584], [-79.5051873, 43.734613], [-79.505355, 43.7346342], [-79.5056912, 43.734689], [-79.5058524, 43.7348762], [-79.5060536, 43.7348853], [-79.5063837, 43.734737], [-79.5065899, 43.7345033], [-79.5067887, 43.7344913], [-79.5071048, 43.7342746], [-79.5074655, 43.7341992], [-79.5078944, 43.7340047], [-79.5083558, 43.7338614], [-79.5088759, 43.7336562], [-79.5097957, 43.733378], [-79.510075, 43.7333287], [-79.5103573, 43.7333433], [-79.5109623, 43.7329631], [-79.5112682, 43.7329196]]}}, {"type": "Feature", "properties": {"layer": "-1", "name": "Little Etobicoke Creek", "tunnel": "yes", "waterway": "stream", "_id": 91488148}, "geometry": {"type": "LineString", "coordinates": [[-79.6129137, 43.6210411], [-79.6124496, 43.6208303]]}}, {"type": "Feature", "properties": {"layer": "-1", "name": "Little Etobicoke Creek", "tunnel": "yes", "waterway": "stream", "_id": 91488185}, "geometry": {"type": "LineString", "coordinates": [[-79.6173671, 43.6230389], [-79.6170033, 43.6228828]]}}, {"type": "Feature", "properties": {"layer": "-1", "note": "FIXME", "tunnel": "yes", "waterway": "stream", "_id": 91760956}, "geometry": {"type": "LineString", "coordinates": [[-79.6413855, 43.6270902], [-79.6360666, 43.6314371]]}}, {"type": "Feature", "properties": {"layer": "-1", "loc_name": "Glacial Chasm", "name": "Cooksville Creek East Branch", "note": "fixme", "tunnel": "yes", "waterway": "stream", "_id": 91953353}, "geometry": {"type": "LineString", "coordinates": [[-79.6367137, 43.6085251], [-79.6359154, 43.6078936], [-79.6358817, 43.6073906], [-79.6356924, 43.6072559], [-79.6343462, 43.6062972], [-79.6341832, 43.60579]]}}, {"type": "Feature", "properties": {"layer": "-1", "name": "Cooksville Creek East Branch", "tunnel": "yes", "waterway": "stream", "_id": 91953354}, "geometry": {"type": "LineString", "coordinates": [[-79.6425937, 43.6125529], [-79.6422758, 43.6122316]]}}, {"type": "Feature", "properties": {"layer": "-1", "note": "fixme", "tunnel": "yes", "waterway": "stream", "_id": 91953373}, "geometry": {"type": "LineString", "coordinates": [[-79.63559, 43.6074536], [-79.6356505, 43.6073759], [-79.6356924, 43.6072559]]}}, {"type": "Feature", "properties": {"layer": "-1", "loc_name": "Pleasant Laurentian", "name": "Cooksville Creek East Branch", "tunnel": "yes", "waterway": "stream", "_id": 91953566}, "geometry": {"type": "LineString", "coordinates": [[-79.6400033, 43.6115783], [-79.6397923, 43.6114958], [-79.6396234, 43.6113082], [-79.6394657, 43.6107456], [-79.6390997, 43.610028], [-79.6384128, 43.6093064], [-79.6374043, 43.6091235], [-79.637304, 43.6090431]]}}, {"type": "Feature", "properties": {"layer": "-1", "tunnel": "yes", "waterway": "drain", "width": "1", "_id": 96842305}, "geometry": {"type": "LineString", "coordinates": [[-79.6116197, 43.5792575], [-79.6117346, 43.579328]]}}, {"type": "Feature", "properties": {"layer": "-1", "tunnel": "yes", "waterway": "drain", "width": "1", "_id": 96842326}, "geometry": {"type": "LineString", "coordinates": [[-79.6103065, 43.5781833], [-79.6102332, 43.5781302]]}}, {"type": "Feature", "properties": {"layer": "-1", "tunnel": "yes", "waterway": "drain", "width": "1", "_id": 96842333}, "geometry": {"type": "LineString", "coordinates": [[-79.6105867, 43.5785258], [-79.6106677, 43.5785773]]}}, {"type": "Feature", "properties": {"layer": "-1", "tunnel": "yes", "waterway": "drain", "width": "1", "_id": 96842356}, "geometry": {"type": "LineString", "coordinates": [[-79.6116197, 43.5791045], [-79.6115616, 43.5790599]]}}, {"type": "Feature", "properties": {"layer": "-1", "tunnel": "yes", "waterway": "drain", "width": "1", "_id": 96842416}, "geometry": {"type": "LineString", "coordinates": [[-79.6111174, 43.5788905], [-79.6111776, 43.5789309]]}}, {"type": "Feature", "properties": {"layer": "-1", "tunnel": "yes", "waterway": "drain", "width": "1", "_id": 96842433}, "geometry": {"type": "LineString", "coordinates": [[-79.6109358, 43.5786233], [-79.6108548, 43.5785694]]}}, {"type": "Feature", "properties": {"layer": "-1", "tunnel": "yes", "waterway": "drain", "width": "1", "_id": 96842442}, "geometry": {"type": "LineString", "coordinates": [[-79.6100964, 43.5781722], [-79.6101665, 43.5782245]]}}, {"type": "Feature", "properties": {"layer": "-1", "tunnel": "yes", "waterway": "drain", "width": "1", "_id": 96842494}, "geometry": {"type": "LineString", "coordinates": [[-79.6117609, 43.5793471], [-79.6118265, 43.5794018]]}}, {"type": "Feature", "properties": {"layer": "-1", "tunnel": "yes", "waterway": "drain", "width": "1", "_id": 96842519}, "geometry": {"type": "LineString", "coordinates": [[-79.6100133, 43.5779748], [-79.6099345, 43.5779241]]}}, {"type": "Feature", "properties": {"layer": "-1", "tunnel": "yes", "waterway": "drain", "width": "1", "_id": 96842526}, "geometry": {"type": "LineString", "coordinates": [[-79.6108165, 43.5786843], [-79.6108975, 43.5787422]]}}, {"type": "Feature", "properties": {"layer": "-1", "tunnel": "yes", "waterway": "drain", "width": "1", "_id": 96842554}, "geometry": {"type": "LineString", "coordinates": [[-79.6113889, 43.5789386], [-79.6113205, 43.5788927]]}}, {"type": "Feature", "properties": {"layer": "-1", "tunnel": "yes", "waterway": "drain", "width": "1", "_id": 96842614}, "geometry": {"type": "LineString", "coordinates": [[-79.6112269, 43.578965], [-79.6113188, 43.5790324]]}}, {"type": "Feature", "properties": {"layer": "-1", "tunnel": "yes", "waterway": "drain", "width": "1", "_id": 96842635}, "geometry": {"type": "LineString", "coordinates": [[-79.6105659, 43.578368], [-79.6104554, 43.5782919]]}}, {"type": "Feature", "properties": {"layer": "-1", "tunnel": "yes", "waterway": "drain", "width": "1", "_id": 96842645}, "geometry": {"type": "LineString", "coordinates": [[-79.6102967, 43.5783165], [-79.610381, 43.5783712]]}}, {"type": "Feature", "properties": {"layer": "-1", "tunnel": "yes", "waterway": "drain", "width": "1", "_id": 96842670}, "geometry": {"type": "LineString", "coordinates": [[-79.6119241, 43.5793188], [-79.611854, 43.579268]]}}, {"type": "Feature", "properties": {"layer": "-1", "tunnel": "yes", "waterway": "drain", "width": "1", "_id": 96842726}, "geometry": {"type": "LineString", "coordinates": [[-79.6098524, 43.5778654], [-79.6097889, 43.5778218]]}}, {"type": "Feature", "properties": {"layer": "-1", "tunnel": "yes", "waterway": "drain", "width": "1", "_id": 96842735}, "geometry": {"type": "LineString", "coordinates": [[-79.6109314, 43.5787644], [-79.6110003, 43.5788112]]}}, {"type": "Feature", "properties": {"layer": "-1", "tunnel": "yes", "waterway": "drain", "width": "1", "_id": 96842753}, "geometry": {"type": "LineString", "coordinates": [[-79.6112128, 43.5788159], [-79.6111338, 43.5787628]]}}, {"type": "Feature", "properties": {"layer": "-1", "tunnel": "yes", "waterway": "drain", "width": "1", "_id": 96842761}, "geometry": {"type": "LineString", "coordinates": [[-79.609999, 43.578108], [-79.6100669, 43.5781508]]}}, {"type": "Feature", "properties": {"name": "Mimico Creek", "source": "NRCan-CanVec-7.0", "waterway": "stream", "_id": 97253922}, "geometry": {"type": "LineString", "coordinates": [[-79.624904, 43.7073027], [-79.6248918, 43.707302], [-79.6246658, 43.7072691], [-79.6244686, 43.7071886]]}}, {"type": "Feature", "properties": {"name": "Mimico Creek", "source": "NRCan-CanVec-7.0", "waterway": "stream", "_id": 97253923}, "geometry": {"type": "LineString", "coordinates": [[-79.6244686, 43.7071886], [-79.6243919, 43.7071205], [-79.6242529, 43.7069418], [-79.6242346, 43.7067755], [-79.6241342, 43.706667], [-79.6238454, 43.7064886], [-79.6232802, 43.7062789], [-79.6227648, 43.7060328], [-79.6223151, 43.7060338], [-79.6221064, 43.7060237], [-79.6218123, 43.705971], [-79.6214009, 43.7059699], [-79.6210654, 43.7058555], [-79.6204602, 43.7059102], [-79.6201305, 43.7057788], [-79.620004, 43.7057471], [-79.619763, 43.7057583], [-79.6195722, 43.7058057], [-79.6194931, 43.7058549], [-79.6191961, 43.7058108], [-79.6191606, 43.7057682], [-79.6190841, 43.7057364], [-79.6187653, 43.705772], [-79.6187066, 43.7057933]]}}, {"type": "Feature", "properties": {"layer": "-1", "tunnel": "yes", "waterway": "stream", "_id": 101511152}, "geometry": {"type": "LineString", "coordinates": [[-79.6384892, 43.5897347], [-79.6379606, 43.5893488]]}}, {"type": "Feature", "properties": {"layer": "-1", "tunnel": "yes", "waterway": "drain", "_id": 101511168}, "geometry": {"type": "LineString", "coordinates": [[-79.6302294, 43.5933109], [-79.629994, 43.5932737], [-79.6297218, 43.5930373], [-79.6281032, 43.5922971]]}}, {"type": "Feature", "properties": {"layer": "-1", "name": "Cooksville Creek East Branch", "tunnel": "yes", "waterway": "drain", "_id": 101511176}, "geometry": {"type": "LineString", "coordinates": [[-79.6503567, 43.6158033], [-79.6492157, 43.6158195], [-79.6483924, 43.615543], [-79.6462453, 43.6148219], [-79.6454707, 43.6144246], [-79.6451104, 43.6142751], [-79.6443687, 43.6140763], [-79.6441338, 43.6139668], [-79.6438786, 43.6137901]]}}, {"type": "Feature", "properties": {"layer": "-1", "tunnel": "yes", "waterway": "stream", "_id": 101511180}, "geometry": {"type": "LineString", "coordinates": [[-79.6326305, 43.5914595], [-79.6321865, 43.591694], [-79.6317623, 43.591861], [-79.630761, 43.5921568], [-79.6281032, 43.5922971], [-79.6275073, 43.5923285], [-79.6270145, 43.5924266], [-79.6259724, 43.5927433], [-79.6256348, 43.5929118]]}}, {"type": "Feature", "properties": {"layer": "-1", "note": "FIXME, this extends further", "tunnel": "yes", "waterway": "drain", "_id": 101511198}, "geometry": {"type": "LineString", "coordinates": [[-79.6239982, 43.5956757], [-79.6242491, 43.5955409]]}}, {"type": "Feature", "properties": {"layer": "-1", "tunnel": "yes", "waterway": "stream", "_id": 101511202}, "geometry": {"type": "LineString", "coordinates": [[-79.6256348, 43.5929118], [-79.6248817, 43.5934338]]}}, {"type": "Feature", "properties": {"layer": "-1", "name": "Albion Creek", "source": "CanVec 6.0 - NRCan", "tunnel": "yes", "waterway": "stream", "_id": 102715314}, "geometry": {"type": "LineString", "coordinates": [[-79.5722092, 43.7385609], [-79.5722253, 43.7382044]]}}, {"type": "Feature", "properties": {"layer": "-1", "name": "Don River West Branch", "tunnel": "culvert", "waterway": "river", "_id": 111771599}, "geometry": {"type": "LineString", "coordinates": [[-79.4402624, 43.7615151], [-79.4399527, 43.7615551], [-79.4396079, 43.7616043]]}}, {"type": "Feature", "properties": {"attribution": "Natural Resources Canada", "canvec:CODE": "1470071", "canvec:UUID": "fc7c32705d1948d68b3f31cfd89b5806", "layer": "-1", "source": "CanVec_Import_2009", "tunnel": "yes", "waterway": "stream", "_id": 118373261}, "geometry": {"type": "LineString", "coordinates": [[-79.5643296, 43.8014816], [-79.5638677, 43.8012791]]}}, {"type": "Feature", "properties": {"tunnel": "culvert", "waterway": "stream", "_id": 123913741}, "geometry": {"type": "LineString", "coordinates": [[-79.5333935, 43.8326445], [-79.5328885, 43.8326931], [-79.5327833, 43.8326556]]}}, {"type": "Feature", "properties": {"layer": "-1", "name": "Morningside Creek", "source": "CanVec 6.0 - NRCan", "tunnel": "yes", "waterway": "stream", "_id": 125705808}, "geometry": {"type": "LineString", "coordinates": [[-79.21207, 43.8198465], [-79.211924, 43.8196546]]}}, {"type": "Feature", "properties": {"name": "Mimico Creek", "waterway": "river", "_id": 125832648}, "geometry": {"type": "LineString", "coordinates": [[-79.6087347, 43.7010235], [-79.6081322, 43.7005998], [-79.6076516, 43.7001034], [-79.6073512, 43.6997683], [-79.6071452, 43.699638], [-79.6057547, 43.6992036], [-79.6033171, 43.6985644], [-79.602845, 43.6984962], [-79.602579, 43.6983907], [-79.6025017, 43.6982542], [-79.6023215, 43.6981301], [-79.6020039, 43.6981425], [-79.6017378, 43.6981363], [-79.6015061, 43.698037], [-79.6011799, 43.6977267], [-79.6010254, 43.6975964], [-79.599429, 43.6974164], [-79.5980214, 43.6974412], [-79.5966137, 43.6975778], [-79.5959013, 43.6975219], [-79.5953949, 43.6973171], [-79.5951804, 43.6971061], [-79.5950602, 43.6963925], [-79.595043, 43.6961629], [-79.5950345, 43.6955299], [-79.5948971, 43.6950459], [-79.5945538, 43.6946921], [-79.5944422, 43.6943818], [-79.5943317, 43.6942566], [-79.5942318, 43.6942045], [-79.5941246, 43.6941833], [-79.5939912, 43.6941814], [-79.5937813, 43.6941398], [-79.5936182, 43.6940591], [-79.5933951, 43.6937923], [-79.5932406, 43.6937302], [-79.5929488, 43.6936744], [-79.5927342, 43.693513], [-79.5927429, 43.6934114], [-79.5927858, 43.6933052], [-79.5927771, 43.6931531], [-79.5926484, 43.6930476], [-79.5924338, 43.6930041], [-79.5921935, 43.6930662], [-79.5918072, 43.6931903], [-79.5916419, 43.6932946], [-79.5915583, 43.6933206], [-79.5911436, 43.6934014], [-79.5909832, 43.6933691], [-79.5908459, 43.6932648], [-79.5906313, 43.6932027], [-79.5905026, 43.6930848], [-79.5904597, 43.6928924], [-79.5905541, 43.6926504], [-79.5910605, 43.6920484], [-79.5912665, 43.6917195], [-79.5913523, 43.6916078], [-79.5914124, 43.6915891], [-79.5918158, 43.6915829], [-79.592039, 43.6915271], [-79.5921248, 43.6914526], [-79.5921505, 43.6913099], [-79.5920905, 43.691223], [-79.5917214, 43.6910616], [-79.5913781, 43.6908754], [-79.5912579, 43.6907389], [-79.5912751, 43.6905775], [-79.5914553, 43.6904596], [-79.5917042, 43.6903665], [-79.5917986, 43.6902362], [-79.5917901, 43.690019], [-79.5918759, 43.6898638], [-79.5921505, 43.6897397], [-79.5925196, 43.6894914], [-79.5931033, 43.6890756], [-79.5933264, 43.6889515], [-79.5935667, 43.6888708], [-79.5936011, 43.6887032], [-79.5934809, 43.6885294], [-79.5930432, 43.6883184], [-79.5919445, 43.6880515], [-79.5913205, 43.6880163], [-79.5906313, 43.6880049], [-79.5905036, 43.6879512], [-79.5904511, 43.6878902], [-79.5903223, 43.6876791], [-79.5901812, 43.6873843]]}}, {"type": "Feature", "properties": {"layer": "-1", "name": "Mimico Creek", "tunnel": "yes", "waterway": "river", "_id": 125832657}, "geometry": {"type": "LineString", "coordinates": [[-79.6113938, 43.7012141], [-79.6104325, 43.7012513], [-79.6091965, 43.7011707], [-79.6087347, 43.7010235]]}}, {"type": "Feature", "properties": {"name": "Wendigo Creek", "source": "NRCan-CanVec-8.0", "waterway": "stream", "wikidata": "Q65086732", "wikipedia": "en:Wendigo Creek", "_id": 126854925}, "geometry": {"type": "LineString", "coordinates": [[-79.4695587, 43.6521013], [-79.4694666, 43.6520005], [-79.4694138, 43.6519014], [-79.4693653, 43.651827], [-79.4693017, 43.6517664], [-79.4692551, 43.6517058], [-79.4692275, 43.6516593], [-79.4692271, 43.6516158], [-79.4692566, 43.6515723], [-79.4693116, 43.651512], [-79.4693316, 43.6514736], [-79.469328, 43.6514299], [-79.469299, 43.6513014], [-79.4692775, 43.6511906], [-79.469275, 43.6510916], [-79.4692881, 43.6510026], [-79.4693313, 43.6509121], [-79.4693628, 43.6508061], [-79.469362, 43.650729], [-79.4693459, 43.6506512], [-79.4693423, 43.6505882], [-79.4693659, 43.6505422], [-79.4696472, 43.6503166], [-79.4697231, 43.6502108], [-79.4697539, 43.6501491], [-79.469849, 43.6500508], [-79.4700355, 43.6498827], [-79.4701178, 43.6498456], [-79.470152, 43.6498015], [-79.470159, 43.6497516], [-79.4701639, 43.6496202], [-79.4702564, 43.649518]]}}, {"type": "Feature", "properties": {"layer": "-1", "name": "Morningside Creek", "source": "CanVec 6.0 - NRCan", "tunnel": "culvert", "waterway": "stream", "_id": 128830481}, "geometry": {"type": "LineString", "coordinates": [[-79.2045024, 43.8144778], [-79.204155, 43.8140812]]}}, {"type": "Feature", "properties": {"attribution": "Natural Resources Canada", "canvec:CODE": "1470171", "canvec:UUID": "4847fd22e901449f8506ccbdab2d2885", "source": "CanVec_Import_2009", "tunnel": "culvert", "waterway": "stream", "_id": 130305227}, "geometry": {"type": "LineString", "coordinates": [[-79.5850056, 43.8346872], [-79.5851788, 43.8345098], [-79.5853233, 43.8345266], [-79.585459, 43.834588], [-79.5856287, 43.8346072]]}}, {"type": "Feature", "properties": {"addr:city": "Toronto", "addr:housenumber": "150", "addr:street": "King Street East", "building": "yes", "building:levels": "5", "historic": "building", "name": "Daniel Brooke Building", "source": "field survey", "wikidata": "Q5216670", "wikipedia": "en:Daniel Brooke Building", "_id": 132645713}, "geometry": {"type": "LineString", "coordinates": [[-79.3717148, 43.6509904], [-79.3719562, 43.6509364], [-79.3718732, 43.6507421], [-79.3718023, 43.6505762], [-79.3715609, 43.6506303], [-79.3716302, 43.6507924], [-79.3717148, 43.6509904]]}}, {"type": "Feature", "properties": {"layer": "-1", "source": "CanVec 6.0 - NRCan", "tunnel": "yes", "waterway": "stream", "_id": 135228661}, "geometry": {"type": "LineString", "coordinates": [[-79.34855, 43.7245125], [-79.3486617, 43.7244981], [-79.3488586, 43.724476], [-79.3489909, 43.7244548], [-79.349019, 43.7244417], [-79.3491519, 43.72438], [-79.3492292, 43.7243441]]}}, {"type": "Feature", "properties": {"layer": "-1", "name": "Curity Creek", "tunnel": "yes", "waterway": "stream", "_id": 135229308}, "geometry": {"type": "LineString", "coordinates": [[-79.3143539, 43.7057141], [-79.3151211, 43.7046216]]}}, {"type": "Feature", "properties": {"layer": "-1", "name": "Berry Creek", "source": "CanVec 6.0 - NRCan", "tunnel": "yes", "waterway": "stream", "_id": 135234026}, "geometry": {"type": "LineString", "coordinates": [[-79.572055, 43.722462], [-79.571719, 43.7225868]]}}, {"type": "Feature", "properties": {"layer": "-1", "name": "Berry Creek", "source": "CanVec 6.0 - NRCan", "tunnel": "yes", "waterway": "stream", "_id": 135234027}, "geometry": {"type": "LineString", "coordinates": [[-79.5603214, 43.7212525], [-79.5601893, 43.7211415]]}}, {"type": "Feature", "properties": {"layer": "-1", "name": "Berry Creek", "source": "CanVec 6.0 - NRCan", "tunnel": "yes", "waterway": "stream", "_id": 135234028}, "geometry": {"type": "LineString", "coordinates": [[-79.5510227, 43.7197948], [-79.550736, 43.7199932]]}}, {"type": "Feature", "properties": {"layer": "-1", "name": "Berry Creek", "source": "CanVec 6.0 - NRCan", "tunnel": "yes", "waterway": "stream", "_id": 135234029}, "geometry": {"type": "LineString", "coordinates": [[-79.5642339, 43.7233477], [-79.5640723, 43.723287]]}}, {"type": "Feature", "properties": {"layer": "-1", "name": "Berry Creek", "source": "CanVec 6.0 - NRCan", "tunnel": "yes", "waterway": "stream", "_id": 135234030}, "geometry": {"type": "LineString", "coordinates": [[-79.5691535, 43.7222063], [-79.5690259, 43.7221745]]}}, {"type": "Feature", "properties": {"layer": "-1", "name": "Berry Creek", "source": "CanVec 6.0 - NRCan", "tunnel": "yes", "waterway": "stream", "_id": 135234033}, "geometry": {"type": "LineString", "coordinates": [[-79.5578369, 43.720439], [-79.5577385, 43.7204139], [-79.557276, 43.7201799]]}}, {"type": "Feature", "properties": {"name": "Mud Creek", "source": "Bing", "waterway": "stream", "_id": 137371203}, "geometry": {"type": "LineString", "coordinates": [[-79.3656824, 43.6829024], [-79.3655461, 43.6826622], [-79.365473, 43.6825892], [-79.3655112, 43.6825492], [-79.3656498, 43.6824941], [-79.3656885, 43.682405], [-79.3657242, 43.6821997], [-79.3657027, 43.6820949]]}}, {"type": "Feature", "properties": {"layer": "-1", "name": "Centennial Creek", "source": "CanVec 6.0 - NRCan", "tunnel": "yes", "waterway": "stream", "_id": 137775694}, "geometry": {"type": "LineString", "coordinates": [[-79.1606123, 43.7900314], [-79.1603958, 43.7899908], [-79.1602029, 43.7899013], [-79.1600746, 43.7898222]]}}, {"type": "Feature", "properties": {"layer": "-1", "name": "Centennial Creek", "source": "CanVec 6.0 - NRCan", "tunnel": "yes", "waterway": "stream", "_id": 137775695}, "geometry": {"type": "LineString", "coordinates": [[-79.1583688, 43.789218], [-79.1582413, 43.7892118], [-79.157922, 43.7892101], [-79.1576729, 43.7891197]]}}, {"type": "Feature", "properties": {"layer": "-1", "source": "CanVec 6.0 - NRCan", "tunnel": "yes", "waterway": "stream", "_id": 140627703}, "geometry": {"type": "LineString", "coordinates": [[-79.3325668, 43.7454071], [-79.3328118, 43.7454195], [-79.3332413, 43.7454071], [-79.3332764, 43.7453986]]}}, {"type": "Feature", "properties": {"layer": "-1", "name": "Cawthra Creek", "tunnel": "yes", "waterway": "stream", "_id": 142610127}, "geometry": {"type": "LineString", "coordinates": [[-79.5653962, 43.5701938], [-79.5640067, 43.569541], [-79.5634661, 43.5691424], [-79.5629634, 43.5689775], [-79.5616716, 43.5686886]]}}, {"type": "Feature", "properties": {"layer": "-1", "name": "Cawthra Creek Diversion", "tunnel": "yes", "waterway": "stream", "_id": 142610128}, "geometry": {"type": "LineString", "coordinates": [[-79.5748319, 43.5740422], [-79.5745165, 43.5738623], [-79.5739657, 43.5734587], [-79.5721516, 43.5722125], [-79.5719819, 43.5719941], [-79.5709493, 43.5713422], [-79.5707589, 43.571099], [-79.5725001, 43.5693476], [-79.5724006, 43.5690573], [-79.5713411, 43.5683324], [-79.5711924, 43.568104]]}}, {"type": "Feature", "properties": {"layer": "-1", "tunnel": "yes", "waterway": "drain", "_id": 142610130}, "geometry": {"type": "LineString", "coordinates": [[-79.5574826, 43.5727686], [-79.5583386, 43.5713256]]}}, {"type": "Feature", "properties": {"layer": "-1", "tunnel": "yes", "waterway": "drain", "_id": 142610134}, "geometry": {"type": "LineString", "coordinates": [[-79.5590309, 43.5739969], [-79.5587735, 43.5737945], [-79.5585661, 43.5726172], [-79.5583386, 43.5713256], [-79.5583552, 43.5692074], [-79.5583414, 43.568814]]}}, {"type": "Feature", "properties": {"layer": "-1", "tunnel": "yes", "waterway": "river", "_id": 142664390}, "geometry": {"type": "LineString", "coordinates": [[-79.3975403, 43.803508], [-79.3973324, 43.8035271]]}}, {"type": "Feature", "properties": {"intermittent": "no", "layer": "-1", "name": "Don River East Branch", "tunnel": "culvert", "waterway": "river", "_id": 142664392}, "geometry": {"type": "LineString", "coordinates": [[-79.396707, 43.8040262], [-79.3969231, 43.8036677]]}}, {"type": "Feature", "properties": {"attribution": "Natural Resources Canada", "canvec:CODE": "1470171", "canvec:UUID": "c67222113bd64a7d85b2e93080e0466d", "layer": "-1", "name": "Rainbow Creek", "source": "CanVec_Import_2009", "tunnel": "yes", "waterway": "stream", "_id": 142838427}, "geometry": {"type": "LineString", "coordinates": [[-79.598138, 43.7639472], [-79.5975864, 43.7637179], [-79.5974155, 43.7636692], [-79.5968893, 43.7635909], [-79.5967778, 43.7635546], [-79.5966737, 43.7634515], [-79.5965812, 43.7633503]]}}, {"type": "Feature", "properties": {"attribution": "Natural Resources Canada", "canvec:CODE": "1470171", "canvec:UUID": "7e8bdc45c45c4687a8c740e33adf2ed8", "layer": "-1", "name": "Plunkett Creek", "source": "CanVec_Import_2009", "tunnel": "yes", "waterway": "stream", "_id": 142841337}, "geometry": {"type": "LineString", "coordinates": [[-79.6021803, 43.7776672], [-79.6020614, 43.7775791], [-79.6019085, 43.7773893]]}}, {"type": "Feature", "properties": {"layer": "-1", "tunnel": "yes", "waterway": "stream", "_id": 142841806}, "geometry": {"type": "LineString", "coordinates": [[-79.5813678, 43.7701432], [-79.5827763, 43.7695143]]}}, {"type": "Feature", "properties": {"layer": "-1", "name": "Silver Creek", "source": "CanVec 6.0 - NRCan", "tunnel": "yes", "waterway": "stream", "_id": 143356637}, "geometry": {"type": "LineString", "coordinates": [[-79.5239068, 43.6755471], [-79.5237745, 43.6755129], [-79.5236128, 43.6754385], [-79.5233132, 43.6754389]]}}, {"type": "Feature", "properties": {"layer": "-1", "tunnel": "yes", "waterway": "stream", "_id": 143383152}, "geometry": {"type": "LineString", "coordinates": [[-79.6329881, 43.624993], [-79.6290832, 43.6262155], [-79.6289923, 43.6262439]]}}, {"type": "Feature", "properties": {"layer": "-1", "tunnel": "yes", "waterway": "stream", "_id": 143383154}, "geometry": {"type": "LineString", "coordinates": [[-79.6380569, 43.6219729], [-79.6380214, 43.6219505]]}}, {"type": "Feature", "properties": {"layer": "-1", "tunnel": "yes", "waterway": "stream", "_id": 143383155}, "geometry": {"type": "LineString", "coordinates": [[-79.644723, 43.6250153], [-79.6446741, 43.6250931]]}}, {"type": "Feature", "properties": {"layer": "-1", "tunnel": "yes", "waterway": "stream", "_id": 143383158}, "geometry": {"type": "LineString", "coordinates": [[-79.6382476, 43.622046], [-79.6381058, 43.6219918]]}}, {"type": "Feature", "properties": {"layer": "-1", "tunnel": "yes", "waterway": "stream", "_id": 143383160}, "geometry": {"type": "LineString", "coordinates": [[-79.6402359, 43.6213721], [-79.6400707, 43.6212509]]}}, {"type": "Feature", "properties": {"layer": "-1", "tunnel": "yes", "waterway": "drain", "_id": 143383161}, "geometry": {"type": "LineString", "coordinates": [[-79.6476015, 43.626154], [-79.6475709, 43.626214]]}}, {"type": "Feature", "properties": {"layer": "-1", "tunnel": "yes", "waterway": "stream", "_id": 143383162}, "geometry": {"type": "LineString", "coordinates": [[-79.6400714, 43.6222135], [-79.640096, 43.6219881]]}}, {"type": "Feature", "properties": {"layer": "-1", "tunnel": "yes", "waterway": "stream", "_id": 143383164}, "geometry": {"type": "LineString", "coordinates": [[-79.6393969, 43.6225791], [-79.6390919, 43.6226041]]}}, {"type": "Feature", "properties": {"layer": "-1", "tunnel": "yes", "waterway": "stream", "_id": 143383166}, "geometry": {"type": "LineString", "coordinates": [[-79.6282204, 43.626278], [-79.6263638, 43.6264282], [-79.6253441, 43.6267113]]}}, {"type": "Feature", "properties": {"layer": "-1", "tunnel": "yes", "waterway": "stream", "_id": 143383169}, "geometry": {"type": "LineString", "coordinates": [[-79.6391079, 43.6213408], [-79.6380214, 43.6219505], [-79.636242, 43.6229491]]}}, {"type": "Feature", "properties": {"layer": "-1", "tunnel": "yes", "waterway": "stream", "_id": 143383171}, "geometry": {"type": "LineString", "coordinates": [[-79.6519859, 43.6291212], [-79.6515791, 43.6282581], [-79.6497256, 43.6268484], [-79.649532, 43.6267502]]}}, {"type": "Feature", "properties": {"layer": "-1", "tunnel": "yes", "waterway": "stream", "_id": 143383177}, "geometry": {"type": "LineString", "coordinates": [[-79.6436955, 43.6181771], [-79.6421719, 43.6198179], [-79.6420717, 43.6203202], [-79.6421019, 43.6210044], [-79.6417731, 43.621589], [-79.6416104, 43.6219418]]}}, {"type": "Feature", "properties": {"layer": "-1", "name": "Applewood Creek", "tunnel": "yes", "waterway": "stream", "_id": 143444816}, "geometry": {"type": "LineString", "coordinates": [[-79.5786712, 43.6003812], [-79.5752035, 43.5977586], [-79.5716894, 43.5954978], [-79.5699084, 43.5951016], [-79.5695651, 43.5948529], [-79.5694231, 43.5923322]]}}, {"type": "Feature", "properties": {"layer": "-1", "name": "Applewood Creek", "tunnel": "yes", "waterway": "stream", "_id": 143444817}, "geometry": {"type": "LineString", "coordinates": [[-79.5827552, 43.6035164], [-79.5828859, 43.6034457], [-79.5829002, 43.6033833], [-79.5828528, 43.6033489]]}}, {"type": "Feature", "properties": {"layer": "-1", "name": "Applewood Creek", "tunnel": "yes", "waterway": "stream", "_id": 143444818}, "geometry": {"type": "LineString", "coordinates": [[-79.5871486, 43.6062707], [-79.5847824, 43.6046514], [-79.5829002, 43.6033833]]}}, {"type": "Feature", "properties": {"layer": "-1", "source": "CanVec 6.0 - NRCan", "tunnel": "yes", "waterway": "stream", "_id": 143654005}, "geometry": {"type": "LineString", "coordinates": [[-79.3094496, 43.8485916], [-79.3098981, 43.8501249], [-79.3112216, 43.8498436], [-79.311318, 43.8500573]]}}, {"type": "Feature", "properties": {"tunnel": "yes", "waterway": "stream", "_id": 143654258}, "geometry": {"type": "LineString", "coordinates": [[-79.3092688, 43.8536033], [-79.3085767, 43.8537778]]}}, {"type": "Feature", "properties": {"layer": "-1", "source": "CanVec 6.0 - NRCan", "tunnel": "yes", "waterway": "stream", "_id": 143654259}, "geometry": {"type": "LineString", "coordinates": [[-79.311434, 43.8530227], [-79.3109663, 43.8531462]]}}, {"type": "Feature", "properties": {"layer": "-1", "name": "Adam's Creek", "source": "CanVec 6.0 - NRCan", "tunnel": "yes", "waterway": "stream", "_id": 144158242}, "geometry": {"type": "LineString", "coordinates": [[-79.1268161, 43.7846537], [-79.1267069, 43.7846085], [-79.1266337, 43.7845782], [-79.1264512, 43.7845027], [-79.1263066, 43.7844429], [-79.1261645, 43.7843841]]}}, {"type": "Feature", "properties": {"layer": "-1", "name": "Adam's Creek", "source": "CanVec 6.0 - NRCan", "tunnel": "yes", "waterway": "stream", "_id": 144158361}, "geometry": {"type": "LineString", "coordinates": [[-79.1339516, 43.7859575], [-79.1336468, 43.7858752], [-79.1335937, 43.7858626]]}}, {"type": "Feature", "properties": {"layer": "-1", "name": "Adam's Creek", "source": "CanVec 6.0 - NRCan", "tunnel": "yes", "waterway": "stream", "_id": 144158408}, "geometry": {"type": "LineString", "coordinates": [[-79.1350523, 43.7873543], [-79.1351192, 43.7872449], [-79.1351555, 43.7871238]]}}, {"type": "Feature", "properties": {"layer": "-1", "name": "Adam's Creek", "source": "CanVec 6.0 - NRCan", "tunnel": "yes", "waterway": "stream", "_id": 144160701}, "geometry": {"type": "LineString", "coordinates": [[-79.1413325, 43.790175], [-79.1411335, 43.7902329], [-79.1409408, 43.7902575]]}}, {"type": "Feature", "properties": {"attribution": "Natural Resources Canada", "canvec:CODE": "1470171", "canvec:UUID": "12498af0d8e94caa802965b11bd8ac97", "layer": "-1", "name": "Black Creek", "name:en": "Black Creek", "source": "CanVec_Import_2009", "tunnel": "yes", "waterway": "stream", "_id": 144373622}, "geometry": {"type": "LineString", "coordinates": [[-79.5296903, 43.8043397], [-79.5292779, 43.8044535]]}}, {"type": "Feature", "properties": {"attribution": "Natural Resources Canada", "canvec:CODE": "1470171", "canvec:UUID": "12498af0d8e94caa802965b11bd8ac97", "layer": "-1", "name": "Black Creek", "name:en": "Black Creek", "source": "CanVec_Import_2009", "tunnel": "yes", "waterway": "stream", "_id": 144373623}, "geometry": {"type": "LineString", "coordinates": [[-79.5386511, 43.8028038], [-79.5381916, 43.802891]]}}, {"type": "Feature", "properties": {"attribution": "Natural Resources Canada", "canvec:CODE": "1470171", "canvec:UUID": "12498af0d8e94caa802965b11bd8ac97", "name": "Black Creek", "name:en": "Black Creek", "source": "CanVec_Import_2009", "waterway": "stream", "_id": 144373624}, "geometry": {"type": "LineString", "coordinates": [[-79.5348183, 43.8035162], [-79.5296903, 43.8043397]]}}, {"type": "Feature", "properties": {"attribution": "Natural Resources Canada", "canvec:CODE": "1470171", "canvec:UUID": "12498af0d8e94caa802965b11bd8ac97", "layer": "-1", "name": "Black Creek", "name:en": "Black Creek", "source": "CanVec_Import_2009", "tunnel": "yes", "waterway": "stream", "_id": 144373625}, "geometry": {"type": "LineString", "coordinates": [[-79.5270078, 43.8033835], [-79.5269062, 43.8029928]]}}, {"type": "Feature", "properties": {"attribution": "Natural Resources Canada", "canvec:CODE": "1470171", "canvec:UUID": "12498af0d8e94caa802965b11bd8ac97", "name": "Black Creek", "name:en": "Black Creek", "source": "CanVec_Import_2009", "waterway": "stream", "_id": 144373626}, "geometry": {"type": "LineString", "coordinates": [[-79.5381916, 43.802891], [-79.5354497, 43.8034264]]}}, {"type": "Feature", "properties": {"attribution": "Natural Resources Canada", "canvec:CODE": "1470171", "canvec:UUID": "12498af0d8e94caa802965b11bd8ac97", "layer": "-1", "name": "Black Creek", "name:en": "Black Creek", "source": "CanVec_Import_2009", "tunnel": "yes", "waterway": "stream", "_id": 144373627}, "geometry": {"type": "LineString", "coordinates": [[-79.5354497, 43.8034264], [-79.5348183, 43.8035162]]}}, {"type": "Feature", "properties": {"attribution": "Natural Resources Canada", "canvec:CODE": "1470171", "canvec:UUID": "12498af0d8e94caa802965b11bd8ac97", "name": "Black Creek", "name:en": "Black Creek", "source": "CanVec_Import_2009", "waterway": "stream", "_id": 144373628}, "geometry": {"type": "LineString", "coordinates": [[-79.5269062, 43.8029928], [-79.5266897, 43.8021382], [-79.526591, 43.8020868]]}}, {"type": "Feature", "properties": {"attribution": "Natural Resources Canada", "canvec:CODE": "1470171", "canvec:UUID": "12498af0d8e94caa802965b11bd8ac97", "name": "Black Creek", "name:en": "Black Creek", "source": "CanVec_Import_2009", "waterway": "stream", "_id": 144373629}, "geometry": {"type": "LineString", "coordinates": [[-79.5258853, 43.8019664], [-79.5255641, 43.8020632], [-79.5250308, 43.802124], [-79.5249545, 43.802123], [-79.5247834, 43.8020496], [-79.5247016, 43.8013173], [-79.5245695, 43.8011208], [-79.5244138, 43.8009357], [-79.5242933, 43.8007086], [-79.5242091, 43.8003765], [-79.5241724, 43.8001374], [-79.5240973, 43.7998928], [-79.5239676, 43.7996395], [-79.5238428, 43.799499], [-79.5235404, 43.799328], [-79.523249, 43.7992241], [-79.5230518, 43.7990946], [-79.5228277, 43.7989479], [-79.5227005, 43.7988503], [-79.5226093, 43.7987291], [-79.5225221, 43.7985598], [-79.5225053, 43.798432], [-79.5225248, 43.7983472], [-79.5225833, 43.7982676], [-79.5226593, 43.7981236], [-79.5227129, 43.7979585], [-79.522775, 43.7978557], [-79.5228499, 43.7977902], [-79.5229273, 43.7977229], [-79.5230136, 43.7976767], [-79.5230868, 43.7976074], [-79.5231579, 43.7975401], [-79.5231423, 43.7975003], [-79.5231245, 43.7974651], [-79.5231446, 43.7974196], [-79.5232725, 43.7973371], [-79.5232891, 43.7973178], [-79.523273, 43.7972956], [-79.5232315, 43.797272], [-79.5232156, 43.797224], [-79.523167, 43.7971779], [-79.5231573, 43.7971016], [-79.5231174, 43.7970607], [-79.5231257, 43.7970328], [-79.5231559, 43.7969918], [-79.5231856, 43.7967721], [-79.5231694, 43.7966357], [-79.523193, 43.7965667], [-79.5232252, 43.7965376], [-79.5232543, 43.7964735], [-79.5232402, 43.7963939], [-79.523278, 43.7963286], [-79.5232703, 43.7962949], [-79.5232443, 43.7961822], [-79.523182, 43.7961336], [-79.5230533, 43.7960847], [-79.5229776, 43.7960058], [-79.5228928, 43.7957868], [-79.5229081, 43.7956564], [-79.5230681, 43.79559], [-79.5233852, 43.7954815], [-79.5234873, 43.7954121], [-79.523697, 43.7953551], [-79.5237805, 43.7953659], [-79.5238861, 43.7954498], [-79.5239918, 43.7954932], [-79.5240517, 43.7954509], [-79.5240835, 43.7954086], [-79.5240535, 43.7953004]]}}, {"type": "Feature", "properties": {"attribution": "Natural Resources Canada", "canvec:CODE": "1470171", "canvec:UUID": "12498af0d8e94caa802965b11bd8ac97", "layer": "-1", "name": "Black Creek", "name:en": "Black Creek", "source": "CanVec_Import_2009", "tunnel": "yes", "waterway": "stream", "_id": 144373630}, "geometry": {"type": "LineString", "coordinates": [[-79.526591, 43.8020868], [-79.5263125, 43.8020341], [-79.5262595, 43.8020427], [-79.5258853, 43.8019664]]}}, {"type": "Feature", "properties": {"attribution": "Natural Resources Canada", "canvec:CODE": "1470171", "canvec:UUID": "12498af0d8e94caa802965b11bd8ac97", "name": "Black Creek", "name:en": "Black Creek", "source": "CanVec_Import_2009", "waterway": "stream", "_id": 144373631}, "geometry": {"type": "LineString", "coordinates": [[-79.5292779, 43.8044535], [-79.5274529, 43.8047523], [-79.5272817, 43.804682], [-79.5270078, 43.8033835]]}}, {"type": "Feature", "properties": {"attribution": "Natural Resources Canada", "canvec:CODE": "1470171", "canvec:UUID": "12498af0d8e94caa802965b11bd8ac97", "name": "Black Creek", "name:en": "Black Creek", "source": "CanVec_Import_2009", "waterway": "stream", "_id": 144374059}, "geometry": {"type": "LineString", "coordinates": [[-79.5420135, 43.806585], [-79.541121, 43.8025564], [-79.5410441, 43.802452], [-79.5409084, 43.8023732], [-79.5386511, 43.8028038]]}}, {"type": "Feature", "properties": {"attribution": "Natural Resources Canada", "canvec:CODE": "1470171", "canvec:UUID": "a40c486230474b189e68ac4ca5924977", "layer": "-1", "name": "Black Creek", "name:en": "Black Creek", "source": "CanVec_Import_2009", "tunnel": "yes", "waterway": "stream", "_id": 144484536}, "geometry": {"type": "LineString", "coordinates": [[-79.5217077, 43.7873728], [-79.5215671, 43.7871548], [-79.5213988, 43.7869523], [-79.5214075, 43.7868905], [-79.5214987, 43.7868435], [-79.5215251, 43.7868029], [-79.5214304, 43.7866047], [-79.5214623, 43.7863658], [-79.5212763, 43.7854601]]}}, {"type": "Feature", "properties": {"attribution": "Natural Resources Canada", "canvec:CODE": "1470171", "canvec:UUID": "a40c486230474b189e68ac4ca5924977", "name": "Black Creek", "name:en": "Black Creek", "source": "CanVec_Import_2009", "waterway": "stream", "_id": 144484537}, "geometry": {"type": "LineString", "coordinates": [[-79.5212763, 43.7854601], [-79.5212603, 43.7853752], [-79.5212159, 43.7852042], [-79.5211662, 43.7851412], [-79.5211591, 43.7850748], [-79.5211812, 43.7850282], [-79.5213262, 43.7850452], [-79.5213485, 43.7849724], [-79.5213485, 43.7848985], [-79.5213637, 43.7848528], [-79.5213733, 43.7848273], [-79.5214159, 43.7847515], [-79.5213206, 43.7846504], [-79.5213021, 43.7846057], [-79.5212489, 43.7845758], [-79.521237, 43.7845273], [-79.5212067, 43.7844958], [-79.5211834, 43.7844764], [-79.5211145, 43.784448], [-79.5210726, 43.7844039], [-79.5210721, 43.7843389], [-79.5210526, 43.7843073], [-79.5209623, 43.7842483], [-79.5209392, 43.7841696], [-79.5210153, 43.7839478], [-79.5211414, 43.7837621], [-79.5214177, 43.7835762], [-79.5216094, 43.7834084]]}}, {"type": "Feature", "properties": {"layer": "-1", "name": "West Mimico Creek", "source": "CanVec 6.0 - NRCan", "tunnel": "yes", "waterway": "stream", "_id": 144489904}, "geometry": {"type": "LineString", "coordinates": [[-79.6481234, 43.7049527], [-79.6479553, 43.7049534]]}}, {"type": "Feature", "properties": {"name": "West Mimico Creek", "source": "CanVec 6.0 - NRCan", "waterway": "stream", "_id": 144489906}, "geometry": {"type": "LineString", "coordinates": [[-79.6479553, 43.7049534], [-79.646664, 43.7049994], [-79.6452112, 43.7056469]]}}, {"type": "Feature", "properties": {"layer": "-1", "name": "West Mimico Creek", "source": "CanVec 6.0 - NRCan", "tunnel": "yes", "waterway": "stream", "_id": 144489907}, "geometry": {"type": "LineString", "coordinates": [[-79.6452112, 43.7056469], [-79.6450043, 43.7057349], [-79.6445794, 43.7058192]]}}, {"type": "Feature", "properties": {"name": "West Mimico Creek", "source": "CanVec 6.0 - NRCan", "waterway": "stream", "_id": 144489911}, "geometry": {"type": "LineString", "coordinates": [[-79.6445794, 43.7058192], [-79.6438907, 43.7057805], [-79.643261, 43.7056137], [-79.643161, 43.7056139], [-79.6430379, 43.7056825], [-79.6428142, 43.7056063], [-79.6426144, 43.7056068], [-79.6424558, 43.7056328], [-79.6422592, 43.7056972], [-79.642036, 43.7057298], [-79.6418212, 43.7056642], [-79.6416802, 43.7056753], [-79.641499, 43.7058783], [-79.6414372, 43.7058763], [-79.6413607, 43.7058445], [-79.6408874, 43.7060045], [-79.6406081, 43.706146], [-79.6404406, 43.7062676], [-79.6403022, 43.7063525], [-79.6397605, 43.7067717], [-79.6396789, 43.706902], [-79.6396714, 43.7071813], [-79.6397517, 43.7073857], [-79.6397588, 43.7076224], [-79.6398364, 43.7078716], [-79.63984, 43.708008], [-79.6398052, 43.7081104], [-79.6395803, 43.7084052], [-79.6394064, 43.7089173], [-79.6392751, 43.7091202], [-79.6392203, 43.7093186], [-79.6389487, 43.7096775], [-79.6382685, 43.7100267], [-79.6377704, 43.7103541], [-79.6370518, 43.7106693], [-79.6370378, 43.7108207], [-79.6371117, 43.7108973], [-79.6371592, 43.7110145]]}}, {"type": "Feature", "properties": {"attribution": "Natural Resources Canada", "canvec:CODE": "1470171", "canvec:UUID": "cb2823b93177469d8b5d86e006348041", "layer": "-1", "source": "CanVec_Import_2009", "tunnel": "yes", "waterway": "stream", "_id": 144940820}, "geometry": {"type": "LineString", "coordinates": [[-79.5325295, 43.7855823], [-79.5325106, 43.7850724], [-79.5320374, 43.7842263], [-79.5316061, 43.783587], [-79.5313167, 43.783227], [-79.5310018, 43.7830726]]}}, {"type": "Feature", "properties": {"attribution": "Natural Resources Canada", "canvec:CODE": "1470171", "canvec:UUID": "a40c486230474b189e68ac4ca5924977", "layer": "-1", "name": "Black Creek", "name:en": "Black Creek", "source": "CanVec_Import_2009", "tunnel": "culvert", "waterway": "stream", "_id": 144942081}, "geometry": {"type": "LineString", "coordinates": [[-79.5216094, 43.7834084], [-79.5218367, 43.7832751], [-79.5223036, 43.7831249]]}}, {"type": "Feature", "properties": {"attribution": "Natural Resources Canada", "canvec:CODE": "1470171", "canvec:UUID": "859cc5c2191f45c9878fb9290b1488e5", "layer": "-1", "source": "CanVec_Import_2009", "tunnel": "yes", "waterway": "stream", "_id": 144942084}, "geometry": {"type": "LineString", "coordinates": [[-79.5209623, 43.7812273], [-79.5210974, 43.7811901], [-79.5212534, 43.7811728], [-79.5216358, 43.7810423]]}}, {"type": "Feature", "properties": {"layer": "-1", "source": "CanVec 6.0 - NRCan", "tunnel": "yes", "waterway": "stream", "_id": 145660002}, "geometry": {"type": "LineString", "coordinates": [[-79.3364099, 43.7005227], [-79.3366902, 43.7009859]]}}, {"type": "Feature", "properties": {"layer": "-1", "source": "CanVec 6.0 - NRCan", "tunnel": "yes", "waterway": "stream", "_id": 145660004}, "geometry": {"type": "LineString", "coordinates": [[-79.3354415, 43.6999397], [-79.3356915, 43.70002]]}}, {"type": "Feature", "properties": {"layer": "-1", "tunnel": "yes", "waterway": "stream", "_id": 145660005}, "geometry": {"type": "LineString", "coordinates": [[-79.3368536, 43.7015387], [-79.3368536, 43.701632], [-79.3371005, 43.7018533], [-79.3373193, 43.7019699]]}}, {"type": "Feature", "properties": {"name": "Spring Creek", "waterway": "stream", "_id": 146297560}, "geometry": {"type": "LineString", "coordinates": [[-79.4589102, 43.6429309], [-79.4589072, 43.6427361], [-79.4590023, 43.6426696], [-79.4593795, 43.6424838], [-79.4594587, 43.642392], [-79.4594714, 43.6422544], [-79.4594635, 43.6420778], [-79.4594349, 43.642016], [-79.4593383, 43.6419024], [-79.4593303, 43.6418507], [-79.459329, 43.6418151], [-79.4593917, 43.641748], [-79.4594, 43.6417132], [-79.4593813, 43.6416501], [-79.459343, 43.6415961], [-79.4592289, 43.6415341], [-79.4590969, 43.6415055], [-79.4589883, 43.6414618], [-79.4588486, 43.6413828], [-79.4587523, 43.6412609], [-79.4587027, 43.6411114], [-79.4586489, 43.6410295], [-79.4586048, 43.6409901], [-79.4584999, 43.6409515], [-79.4583634, 43.6409479], [-79.4582393, 43.6409338], [-79.4580019, 43.6408809], [-79.45779, 43.6408518], [-79.457627, 43.6408286], [-79.4574581, 43.640796], [-79.457354, 43.6407765], [-79.4573, 43.6407745]]}}, {"type": "Feature", "properties": {"layer": "-1", "name": "Spring Creek", "source": "CanVec 6.0 - NRCan", "tunnel": "yes", "waterway": "stream", "_id": 146297561}, "geometry": {"type": "LineString", "coordinates": [[-79.4589135, 43.6431421], [-79.4589102, 43.6429309]]}}, {"type": "Feature", "properties": {"layer": "-1", "name": "Spring Creek", "source": "CanVec 6.0 - NRCan", "tunnel": "yes", "waterway": "stream", "_id": 146297562}, "geometry": {"type": "LineString", "coordinates": [[-79.4590892, 43.6450516], [-79.459089, 43.6448807]]}}, {"type": "Feature", "properties": {"name": "Spring Creek", "source": "CanVec 6.0 - NRCan", "waterway": "stream", "_id": 146297563}, "geometry": {"type": "LineString", "coordinates": [[-79.459089, 43.6448807], [-79.4592986, 43.6445756], [-79.4592116, 43.6442976], [-79.4591655, 43.64411], [-79.459107, 43.6440336], [-79.4590319, 43.643989], [-79.4589729, 43.643972], [-79.4588797, 43.6439657], [-79.4588409, 43.6439527], [-79.4588234, 43.6439307], [-79.458765, 43.6438065], [-79.4587576, 43.6437687], [-79.4587576, 43.6437347], [-79.4588387, 43.6436453], [-79.4588717, 43.6435681], [-79.4589308, 43.6434896], [-79.4589135, 43.6431421]]}}, {"type": "Feature", "properties": {"layer": "-1", "source": "CanVec 6.0 - NRCan", "tunnel": "yes", "waterway": "stream", "_id": 146297979}, "geometry": {"type": "LineString", "coordinates": [[-79.1018361, 43.8265866], [-79.1020082, 43.8267183]]}}, {"type": "Feature", "properties": {"alt_name": "East Mimico Creek", "name": "Mimico Creek", "source": "Yahoo", "waterway": "stream", "_id": 147424139}, "geometry": {"type": "LineString", "coordinates": [[-79.6525305, 43.7292676], [-79.6524193, 43.7293357], [-79.6522939, 43.7294993], [-79.6518964, 43.7295304], [-79.651679, 43.7294753], [-79.6510894, 43.7292633], [-79.6505877, 43.7291635], [-79.6497767, 43.7291424], [-79.6495908, 43.7290608], [-79.6495474, 43.7290158]]}}, {"type": "Feature", "properties": {"layer": "-1", "tunnel": "yes", "waterway": "drain", "_id": 147424189}, "geometry": {"type": "LineString", "coordinates": [[-79.6596389, 43.6990103], [-79.6537758, 43.6938126], [-79.6527506, 43.6935323], [-79.6518216, 43.6929083], [-79.6491939, 43.6909368], [-79.6488586, 43.6907221], [-79.6485562, 43.6903883], [-79.6484298, 43.6900106], [-79.6484298, 43.6900027], [-79.6484298, 43.6898914], [-79.6484188, 43.6898477], [-79.6484298, 43.6896847], [-79.6485983, 43.6894352]]}}, {"type": "Feature", "properties": {"alt_name": "East Mimico Creek", "layer": "-1", "name": "Mimico Creek", "source": "Yahoo", "tunnel": "yes", "waterway": "stream", "_id": 147424441}, "geometry": {"type": "LineString", "coordinates": [[-79.6466197, 43.7269721], [-79.6463428, 43.7267278]]}}, {"type": "Feature", "properties": {"layer": "-1", "source": "Yahoo", "tunnel": "yes", "waterway": "stream", "_id": 147424513}, "geometry": {"type": "LineString", "coordinates": [[-79.6464539, 43.7382058], [-79.6463525, 43.737975]]}}, {"type": "Feature", "properties": {"layer": "-1", "source": "Yahoo", "tunnel": "yes", "waterway": "stream", "_id": 147424540}, "geometry": {"type": "LineString", "coordinates": [[-79.6417275, 43.726632], [-79.6416637, 43.7263467]]}}, {"type": "Feature", "properties": {"layer": "-1", "source": "CanVec 6.0 - NRCan", "tunnel": "yes", "waterway": "stream", "_id": 147424557}, "geometry": {"type": "LineString", "coordinates": [[-79.6496868, 43.6886771], [-79.6498531, 43.6885562]]}}, {"type": "Feature", "properties": {"layer": "-1", "tunnel": "yes", "waterway": "stream", "_id": 147424648}, "geometry": {"type": "LineString", "coordinates": [[-79.6499768, 43.7406958], [-79.6496361, 43.7404816]]}}, {"type": "Feature", "properties": {"layer": "-1", "source": "Yahoo", "tunnel": "yes", "waterway": "stream", "_id": 147424692}, "geometry": {"type": "LineString", "coordinates": [[-79.6463575, 43.7312125], [-79.6460567, 43.731022]]}}, {"type": "Feature", "properties": {"layer": "-1", "source": "Yahoo", "tunnel": "yes", "waterway": "stream", "_id": 147424754}, "geometry": {"type": "LineString", "coordinates": [[-79.6440508, 43.7300645], [-79.6437404, 43.729922]]}}, {"type": "Feature", "properties": {"alt_name": "East Mimico Creek", "name": "Mimico Creek", "source": "Yahoo", "waterway": "stream", "_id": 147424788}, "geometry": {"type": "LineString", "coordinates": [[-79.6493565, 43.7289367], [-79.6490289, 43.7288008]]}}, {"type": "Feature", "properties": {"alt_name": "East Mimico Creek", "layer": "-1", "name": "Mimico Creek", "source": "Yahoo", "tunnel": "yes", "waterway": "stream", "_id": 147424861}, "geometry": {"type": "LineString", "coordinates": [[-79.6495474, 43.7290158], [-79.6494611, 43.7289801], [-79.6493565, 43.7289367]]}}, {"type": "Feature", "properties": {"alt_name": "East Mimico Creek", "name": "Mimico Creek", "source": "Yahoo", "waterway": "stream", "_id": 147424866}, "geometry": {"type": "LineString", "coordinates": [[-79.6488009, 43.7285907], [-79.6485998, 43.7284054], [-79.6466197, 43.7269721]]}}, {"type": "Feature", "properties": {"layer": "-1", "tunnel": "yes", "waterway": "stream", "_id": 147424868}, "geometry": {"type": "LineString", "coordinates": [[-79.6542792, 43.6838994], [-79.6532906, 43.6832785], [-79.648739, 43.6808137]]}}, {"type": "Feature", "properties": {"layer": "-1", "tunnel": "yes", "waterway": "stream", "_id": 147424883}, "geometry": {"type": "LineString", "coordinates": [[-79.6492983, 43.7294777], [-79.6493874, 43.7293651], [-79.6494611, 43.7289801]]}}, {"type": "Feature", "properties": {"alt_name": "East Mimico Creek", "name": "Mimico Creek", "source": "Yahoo", "waterway": "stream", "_id": 147424893}, "geometry": {"type": "LineString", "coordinates": [[-79.6404895, 43.7222027], [-79.64036, 43.7221717], [-79.6399524, 43.7222182], [-79.6393515, 43.7222648], [-79.6389975, 43.7222182], [-79.6386542, 43.7221485], [-79.6385361, 43.7220244], [-79.6379132, 43.721085], [-79.6377729, 43.7209519], [-79.6370234, 43.7204659], [-79.6347274, 43.7193493], [-79.6341051, 43.7193028], [-79.6328284, 43.7191554], [-79.6326889, 43.7190391], [-79.6325242, 43.7189111]]}}, {"type": "Feature", "properties": {"alt_name": "East Mimico Creek", "name": "Mimico Creek", "source": "Yahoo", "waterway": "stream", "_id": 147425046}, "geometry": {"type": "LineString", "coordinates": [[-79.6463428, 43.7267278], [-79.6456601, 43.726157], [-79.6438898, 43.7247769], [-79.6433534, 43.7245133], [-79.642538, 43.7242807], [-79.642141, 43.7240713]]}}, {"type": "Feature", "properties": {"layer": "-1", "name": "Serson Creek", "source": "CanVec 6.0 - NRCan", "tunnel": "yes", "waterway": "stream", "_id": 148608881}, "geometry": {"type": "LineString", "coordinates": [[-79.5598182, 43.5811913], [-79.5596184, 43.5810802]]}}, {"type": "Feature", "properties": {"layer": "-1", "name": "Serson Creek", "source": "CanVec 6.0 - NRCan", "tunnel": "yes", "waterway": "stream", "_id": 148608882}, "geometry": {"type": "LineString", "coordinates": [[-79.5630259, 43.5828092], [-79.56291, 43.5827251]]}}, {"type": "Feature", "properties": {"layer": "-1", "name": "Serson Creek", "source": "CanVec 6.0 - NRCan", "tunnel": "yes", "waterway": "stream", "_id": 148608884}, "geometry": {"type": "LineString", "coordinates": [[-79.5594003, 43.5809528], [-79.5591369, 43.5809727]]}}, {"type": "Feature", "properties": {"layer": "-1", "name": "Serson Creek", "source": "CanVec 6.0 - NRCan", "tunnel": "yes", "waterway": "stream", "_id": 148608885}, "geometry": {"type": "LineString", "coordinates": [[-79.5622874, 43.582276], [-79.5620286, 43.5820991]]}}, {"type": "Feature", "properties": {"layer": "-1", "name": "Serson Creek", "source": "CanVec 6.0 - NRCan", "tunnel": "yes", "waterway": "stream", "_id": 148608886}, "geometry": {"type": "LineString", "coordinates": [[-79.5607426, 43.5811729], [-79.5605906, 43.581073]]}}, {"type": "Feature", "properties": {"layer": "-1", "name": "Serson Creek", "source": "CanVec 6.0 - NRCan", "tunnel": "yes", "waterway": "stream", "_id": 148608887}, "geometry": {"type": "LineString", "coordinates": [[-79.5638839, 43.5834225], [-79.5638062, 43.5833757], [-79.5636386, 43.583254]]}}, {"type": "Feature", "properties": {"layer": "-1", "note": "fixme", "tunnel": "yes", "waterway": "stream", "_id": 148999232}, "geometry": {"type": "LineString", "coordinates": [[-79.6341249, 43.6091199], [-79.634255, 43.6089977]]}}, {"type": "Feature", "properties": {"layer": "-1", "note": "fixme", "tunnel": "yes", "waterway": "stream", "_id": 148999234}, "geometry": {"type": "LineString", "coordinates": [[-79.6349878, 43.6078607], [-79.6355588, 43.6074937], [-79.63559, 43.6074536]]}}, {"type": "Feature", "properties": {"layer": "-1", "tunnel": "yes", "waterway": "drain", "_id": 149036237}, "geometry": {"type": "LineString", "coordinates": [[-79.6177682, 43.5813381], [-79.6176309, 43.5812732], [-79.6175194, 43.5812732], [-79.6174358, 43.5812934], [-79.6173981, 43.5813234], [-79.617272, 43.5814152], [-79.6172198, 43.58144], [-79.6170531, 43.5814629], [-79.6168928, 43.5814665], [-79.6168141, 43.5814916], [-79.6154513, 43.582693]]}}, {"type": "Feature", "properties": {"layer": "-1", "tunnel": "yes", "waterway": "drain", "_id": 149036238}, "geometry": {"type": "LineString", "coordinates": [[-79.6126472, 43.5924177], [-79.6144629, 43.5903527], [-79.6150084, 43.5900355], [-79.6155977, 43.5898971], [-79.6173942, 43.5899814], [-79.6176474, 43.5893612], [-79.6161884, 43.5888531], [-79.6159827, 43.5886433], [-79.6159669, 43.5885487], [-79.616019, 43.5884807]]}}, {"type": "Feature", "properties": {"layer": "-1", "name": "Wolfedale Creek", "source": "CanVec 6.0 - NRCan", "tunnel": "yes", "waterway": "stream", "_id": 152536122}, "geometry": {"type": "LineString", "coordinates": [[-79.6476513, 43.5737592], [-79.6471211, 43.5732675]]}}, {"type": "Feature", "properties": {"layer": "-1", "name": "Wolfedale Creek", "source": "CanVec 6.0 - NRCan", "tunnel": "yes", "waterway": "stream", "_id": 152536127}, "geometry": {"type": "LineString", "coordinates": [[-79.6426364, 43.5701527], [-79.6424622, 43.570002]]}}, {"type": "Feature", "properties": {"layer": "-1", "tunnel": "yes", "waterway": "drain", "_id": 152536439}, "geometry": {"type": "LineString", "coordinates": [[-79.6373459, 43.5765435], [-79.6358085, 43.5756314], [-79.6357008, 43.5756462], [-79.635554, 43.5757213], [-79.6336317, 43.5772244], [-79.633029, 43.5774682]]}}, {"type": "Feature", "properties": {"layer": "-1", "loc_name": "Abaddon", "note": "This is an actual storm drain that diverts heavy flow from Mary Fix and Kenollie creeks to protect the lower reaches. A similar diversion was built for Mullet Creek (way 145812900) as part of the Meadowvale new town to prevent flooding in Streetsville.", "tunnel": "yes", "waterway": "drain", "_id": 152536581}, "geometry": {"type": "LineString", "coordinates": [[-79.6115346, 43.5710106], [-79.6114168, 43.5707811], [-79.6143898, 43.5675976], [-79.6144428, 43.5672118], [-79.6144103, 43.5665972], [-79.6143974, 43.5662554], [-79.6143728, 43.5661891], [-79.6142424, 43.5658368], [-79.6142344, 43.5655194], [-79.6157754, 43.5630173], [-79.6154238, 43.5603755], [-79.6160767, 43.5596064], [-79.6161275, 43.5595386]]}}, {"type": "Feature", "properties": {"layer": "-1", "tunnel": "yes", "waterway": "drain", "_id": 153354150}, "geometry": {"type": "LineString", "coordinates": [[-79.627747, 43.6037639], [-79.6280472, 43.603194], [-79.6263542, 43.6018467], [-79.6264644, 43.6014381], [-79.6266034, 43.6011824], [-79.6279019, 43.599871], [-79.6282042, 43.5993918], [-79.6282736, 43.5990686]]}}, {"type": "Feature", "properties": {"layer": "-1", "tunnel": "culvert", "waterway": "drain", "_id": 153354155}, "geometry": {"type": "LineString", "coordinates": [[-79.6477058, 43.5965359], [-79.6476738, 43.5965325], [-79.6476455, 43.5965427], [-79.6476049, 43.5965657], [-79.6470858, 43.5970504], [-79.6466161, 43.5974877], [-79.6463795, 43.5976936], [-79.6462224, 43.5977793], [-79.6460105, 43.5978573], [-79.6458304, 43.5978956], [-79.6456052, 43.5979244], [-79.6454772, 43.5979231], [-79.6454304, 43.5979161], [-79.6454136, 43.5979212]]}}, {"type": "Feature", "properties": {"layer": "-1", "tunnel": "yes", "waterway": "drain", "_id": 153354157}, "geometry": {"type": "LineString", "coordinates": [[-79.6434905, 43.5992307], [-79.6436254, 43.5991039]]}}, {"type": "Feature", "properties": {"layer": "-1", "tunnel": "yes", "waterway": "drain", "_id": 153354159}, "geometry": {"type": "LineString", "coordinates": [[-79.6445611, 43.6026994], [-79.6445317, 43.6021666]]}}, {"type": "Feature", "properties": {"layer": "-1", "tunnel": "yes", "waterway": "drain", "_id": 153354161}, "geometry": {"type": "LineString", "coordinates": [[-79.6480654, 43.5966835], [-79.6480287, 43.5967038]]}}, {"type": "Feature", "properties": {"layer": "-1", "tunnel": "yes", "waterway": "stream", "_id": 153354168}, "geometry": {"type": "LineString", "coordinates": [[-79.6451232, 43.598363], [-79.6450287, 43.5984563]]}}, {"type": "Feature", "properties": {"layer": "-1", "tunnel": "yes", "waterway": "stream", "_id": 153354179}, "geometry": {"type": "LineString", "coordinates": [[-79.6346273, 43.5902862], [-79.6339801, 43.5903773]]}}, {"type": "Feature", "properties": {"layer": "-1", "tunnel": "yes", "waterway": "drain", "_id": 153354182}, "geometry": {"type": "LineString", "coordinates": [[-79.6454136, 43.5979212], [-79.645268, 43.5982914]]}}, {"type": "Feature", "properties": {"layer": "-1", "tunnel": "yes", "waterway": "drain", "_id": 153354184}, "geometry": {"type": "LineString", "coordinates": [[-79.6461957, 43.6005674], [-79.6462049, 43.6004154]]}}, {"type": "Feature", "properties": {"layer": "-1", "tunnel": "yes", "waterway": "drain", "_id": 153354200}, "geometry": {"type": "LineString", "coordinates": [[-79.6450263, 43.5993588], [-79.6447791, 43.5994163]]}}, {"type": "Feature", "properties": {"layer": "-1", "tunnel": "yes", "waterway": "drain", "_id": 153354203}, "geometry": {"type": "LineString", "coordinates": [[-79.6444463, 43.6016349], [-79.6444331, 43.6014293]]}}, {"type": "Feature", "properties": {"layer": "-1", "tunnel": "yes", "waterway": "drain", "_id": 153354219}, "geometry": {"type": "LineString", "coordinates": [[-79.6464184, 43.5997481], [-79.6465516, 43.5995406]]}}, {"type": "Feature", "properties": {"layer": "-1", "tunnel": "yes", "waterway": "stream", "_id": 153354226}, "geometry": {"type": "LineString", "coordinates": [[-79.6490041, 43.5907114], [-79.6488557, 43.590824], [-79.648699, 43.5908414], [-79.6485549, 43.5908104], [-79.6478731, 43.5903316], [-79.6476347, 43.5901837], [-79.6474812, 43.5901535], [-79.6473277, 43.5901633], [-79.6468787, 43.5903116], [-79.6460851, 43.5903532], [-79.6456946, 43.5903743], [-79.6454224, 43.5904358], [-79.64511, 43.5904065], [-79.6441981, 43.5898727], [-79.6428053, 43.5889956], [-79.6426912, 43.5890079], [-79.6405593, 43.5908618], [-79.6389872, 43.5900982], [-79.6384892, 43.5897347]]}}, {"type": "Feature", "properties": {"layer": "-1", "tunnel": "yes", "waterway": "drain", "_id": 153354237}, "geometry": {"type": "LineString", "coordinates": [[-79.6439083, 43.5992624], [-79.6436254, 43.5991039], [-79.6432578, 43.598898]]}}, {"type": "Feature", "properties": {"layer": "-1", "tunnel": "yes", "waterway": "drain", "_id": 153354239}, "geometry": {"type": "LineString", "coordinates": [[-79.6490229, 43.5972308], [-79.6480287, 43.5967038], [-79.6477058, 43.5965359]]}}, {"type": "Feature", "properties": {"layer": "-1", "note": "FIXME, how does this interact with the ponds in Kariya Park?", "tunnel": "yes", "waterway": "stream", "_id": 153354254}, "geometry": {"type": "LineString", "coordinates": [[-79.6379606, 43.5893488], [-79.6375967, 43.5896438], [-79.637111, 43.5896076], [-79.6358623, 43.5895411], [-79.6352085, 43.5900994]]}}, {"type": "Feature", "properties": {"layer": "-1", "tunnel": "yes", "waterway": "drain", "_id": 153354274}, "geometry": {"type": "LineString", "coordinates": [[-79.6547435, 43.592097], [-79.6545834, 43.5919732], [-79.6520106, 43.5899823], [-79.6518863, 43.5899561], [-79.6514016, 43.5899555], [-79.6502248, 43.5912035], [-79.6500896, 43.5912239], [-79.6488557, 43.590824]]}}, {"type": "Feature", "properties": {"layer": "-1", "tunnel": "yes", "waterway": "drain", "_id": 153354284}, "geometry": {"type": "LineString", "coordinates": [[-79.6454331, 43.5958272], [-79.6450024, 43.5963228], [-79.6445142, 43.5968382], [-79.6441446, 43.5972406], [-79.6434791, 43.5979476], [-79.6432906, 43.598227]]}}, {"type": "Feature", "properties": {"layer": "-1", "tunnel": "yes", "waterway": "drain", "_id": 153354297}, "geometry": {"type": "LineString", "coordinates": [[-79.6444007, 43.6012897], [-79.6436415, 43.6008895], [-79.6428288, 43.6004907], [-79.6425974, 43.6002047], [-79.6423076, 43.5997168], [-79.6419367, 43.5993115], [-79.6417955, 43.5991965], [-79.6416149, 43.5990654]]}}, {"type": "Feature", "properties": {"layer": "-1", "name": "Don River West Branch", "tunnel": "culvert", "waterway": "river", "_id": 160063144}, "geometry": {"type": "LineString", "coordinates": [[-79.4620404, 43.7720966], [-79.4615537, 43.7720811]]}}, {"type": "Feature", "properties": {"layer": "-1", "source": "NRCan-CanVec-10.0", "tunnel": "yes", "waterway": "stream", "_id": 160064297}, "geometry": {"type": "LineString", "coordinates": [[-79.4722921, 43.7921137], [-79.472151, 43.7925497]]}}, {"type": "Feature", "properties": {"intermittent": "yes", "layer": "-1", "source": "NRCan-CanVec-10.0", "tunnel": "yes", "waterway": "stream", "_id": 160064298}, "geometry": {"type": "LineString", "coordinates": [[-79.4886757, 43.7910945], [-79.4883577, 43.7913166]]}}, {"type": "Feature", "properties": {"intermittent": "yes", "layer": "-1", "source": "NRCan-CanVec-10.0", "tunnel": "yes", "waterway": "stream", "_id": 160064303}, "geometry": {"type": "LineString", "coordinates": [[-79.4886715, 43.7906414], [-79.4873805, 43.7907704], [-79.4873605, 43.7907752]]}}, {"type": "Feature", "properties": {"intermittent": "yes", "layer": "-1", "source": "NRCan-CanVec-10.0", "tunnel": "yes", "waterway": "stream", "_id": 160064306}, "geometry": {"type": "LineString", "coordinates": [[-79.486504, 43.7929], [-79.4864142, 43.7929229], [-79.4864161, 43.7929332], [-79.4860827, 43.7929746]]}}, {"type": "Feature", "properties": {"layer": "-1", "source": "NRCan-CanVec-10.0", "tunnel": "yes", "waterway": "stream", "_id": 160064752}, "geometry": {"type": "LineString", "coordinates": [[-79.4965124, 43.8096099], [-79.4964105, 43.8096229]]}}, {"type": "Feature", "properties": {"layer": "-1", "source": "NRCan-CanVec-10.0", "tunnel": "yes", "waterway": "stream", "_id": 160064753}, "geometry": {"type": "LineString", "coordinates": [[-79.4996465, 43.8089377], [-79.4994805, 43.8089883]]}}, {"type": "Feature", "properties": {"layer": "-1", "source": "NRCan-CanVec-10.0", "tunnel": "yes", "waterway": "stream", "_id": 160064754}, "geometry": {"type": "LineString", "coordinates": [[-79.4920677, 43.8056195], [-79.4917564, 43.8056535]]}}, {"type": "Feature", "properties": {"layer": "-1", "source": "NRCan-CanVec-10.0", "tunnel": "yes", "waterway": "stream", "_id": 160064756}, "geometry": {"type": "LineString", "coordinates": [[-79.4932239, 43.8100425], [-79.4928985, 43.8100816]]}}, {"type": "Feature", "properties": {"layer": "-1", "source": "NRCan-CanVec-10.0", "tunnel": "yes", "waterway": "stream", "_id": 160064757}, "geometry": {"type": "LineString", "coordinates": [[-79.4909011, 43.8074822], [-79.4908673, 43.8073438]]}}, {"type": "Feature", "properties": {"layer": "-1", "source": "NRCan-CanVec-10.0", "tunnel": "yes", "waterway": "stream", "_id": 160064758}, "geometry": {"type": "LineString", "coordinates": [[-79.4987044, 43.8092412], [-79.4984879, 43.8093052]]}}, {"type": "Feature", "properties": {"layer": "-1", "source": "NRCan-CanVec-10.0", "tunnel": "yes", "waterway": "stream", "_id": 160064759}, "geometry": {"type": "LineString", "coordinates": [[-79.4875067, 43.8031024], [-79.4871061, 43.8027944]]}}, {"type": "Feature", "properties": {"layer": "-1", "source": "NRCan-CanVec-10.0", "tunnel": "yes", "waterway": "stream", "_id": 160064760}, "geometry": {"type": "LineString", "coordinates": [[-79.4955811, 43.8097248], [-79.4954669, 43.809737]]}}, {"type": "Feature", "properties": {"layer": "-1", "source": "NRCan-CanVec-10.0", "tunnel": "yes", "waterway": "stream", "_id": 160064761}, "geometry": {"type": "LineString", "coordinates": [[-79.4998446, 43.8007274], [-79.499159, 43.8008233]]}}, {"type": "Feature", "properties": {"layer": "-1", "source": "NRCan-CanVec-10.0", "tunnel": "yes", "waterway": "stream", "_id": 160064762}, "geometry": {"type": "LineString", "coordinates": [[-79.4977272, 43.8094457], [-79.4974958, 43.8094783]]}}, {"type": "Feature", "properties": {"layer": "-1", "source": "NRCan-CanVec-10.0", "tunnel": "yes", "waterway": "stream", "_id": 160064769}, "geometry": {"type": "LineString", "coordinates": [[-79.498368, 43.8008579], [-79.498262, 43.8008166], [-79.4978704, 43.800609], [-79.4976618, 43.8005363]]}}, {"type": "Feature", "properties": {"layer": "-1", "name": "Westminster Creek", "source": "NRCan-CanVec-10.0", "tunnel": "yes", "waterway": "stream", "_id": 160064849}, "geometry": {"type": "LineString", "coordinates": [[-79.4723303, 43.8103687], [-79.4718435, 43.8091049], [-79.4718886, 43.8089136]]}}, {"type": "Feature", "properties": {"layer": "-1", "name": "Westminster Creek", "source": "NRCan-CanVec-10.0", "tunnel": "yes", "waterway": "stream", "_id": 160064938}, "geometry": {"type": "LineString", "coordinates": [[-79.4683498, 43.7983149], [-79.4680301, 43.7980675]]}}, {"type": "Feature", "properties": {"layer": "-1", "name": "Westminster Creek", "tunnel": "yes", "waterway": "stream", "_id": 160065210}, "geometry": {"type": "LineString", "coordinates": [[-79.4603584, 43.7894524], [-79.4598047, 43.789045], [-79.4594763, 43.7888529], [-79.4591955, 43.7883448], [-79.4587443, 43.7877973]]}}, {"type": "Feature", "properties": {"layer": "-1", "name": "Westminster Creek", "tunnel": "yes", "waterway": "stream", "_id": 160065212}, "geometry": {"type": "LineString", "coordinates": [[-79.4587443, 43.7877973], [-79.4586083, 43.787532]]}}, {"type": "Feature", "properties": {"layer": "-1", "source": "NRCan-CanVec-10.0", "tunnel": "yes", "waterway": "stream", "_id": 160065837}, "geometry": {"type": "LineString", "coordinates": [[-79.4118287, 43.8097328], [-79.4118181, 43.8097261], [-79.4117975, 43.8097062], [-79.4100149, 43.8089356], [-79.4071031, 43.8076767]]}}, {"type": "Feature", "properties": {"layer": "-1", "source": "NRCan-CanVec-10.0", "tunnel": "yes", "waterway": "stream", "_id": 160066219}, "geometry": {"type": "LineString", "coordinates": [[-79.3831464, 43.8104232], [-79.3832727, 43.8103779]]}}, {"type": "Feature", "properties": {"layer": "-1", "source": "NRCan-CanVec-10.0", "tunnel": "yes", "waterway": "stream", "_id": 160067876}, "geometry": {"type": "LineString", "coordinates": [[-79.424883, 43.7624152], [-79.4248219, 43.7623312], [-79.424442, 43.7618081]]}}, {"type": "Feature", "properties": {"layer": "-1", "name": "Newtonbrook Creek", "source": "NRCan-CanVec-10.0", "tunnel": "yes", "waterway": "stream", "_id": 160068385}, "geometry": {"type": "LineString", "coordinates": [[-79.3823902, 43.7794396], [-79.3812866, 43.7788866]]}}, {"type": "Feature", "properties": {"layer": "-1", "name": "Westminster Creek", "tunnel": "culvert", "waterway": "stream", "_id": 160068870}, "geometry": {"type": "LineString", "coordinates": [[-79.4824, 43.8233957], [-79.4822075, 43.8230466]]}}, {"type": "Feature", "properties": {"layer": "-1", "name": "Westminster Creek", "source": "NRCan-CanVec-10.0", "tunnel": "yes", "waterway": "stream", "_id": 160069148}, "geometry": {"type": "LineString", "coordinates": [[-79.48151, 43.8208356], [-79.4810206, 43.8203409]]}}, {"type": "Feature", "properties": {"layer": "-1", "name": "Westminster Creek", "source": "NRCan-CanVec-10.0", "tunnel": "yes", "waterway": "stream", "_id": 160069149}, "geometry": {"type": "LineString", "coordinates": [[-79.47923, 43.8164035], [-79.4778334, 43.8161383]]}}, {"type": "Feature", "properties": {"layer": "-1", "name": "Westminster Creek", "tunnel": "culvert", "waterway": "stream", "_id": 160069151}, "geometry": {"type": "LineString", "coordinates": [[-79.4824654, 43.8235143], [-79.4824, 43.8233957]]}}, {"type": "Feature", "properties": {"layer": "-1", "name": "Westminster Creek", "source": "NRCan-CanVec-10.0", "tunnel": "yes", "waterway": "stream", "_id": 160069161}, "geometry": {"type": "LineString", "coordinates": [[-79.480457, 43.8178732], [-79.4803207, 43.8173038], [-79.4797405, 43.8168117]]}}, {"type": "Feature", "properties": {"layer": "-1", "name": "Westminster Creek", "tunnel": "yes", "waterway": "stream", "_id": 160069162}, "geometry": {"type": "LineString", "coordinates": [[-79.476133, 43.8160285], [-79.4762027, 43.8152641], [-79.4757583, 43.8131547], [-79.4740426, 43.8130305]]}}, {"type": "Feature", "properties": {"layer": "-1", "source": "NRCan-CanVec-10.0", "tunnel": "yes", "waterway": "stream", "_id": 160069164}, "geometry": {"type": "LineString", "coordinates": [[-79.478295, 43.8244992], [-79.4790361, 43.8241733]]}}, {"type": "Feature", "properties": {"layer": "-1", "source": "NRCan-CanVec-10.0", "tunnel": "culvert", "waterway": "stream", "_id": 160069230}, "geometry": {"type": "LineString", "coordinates": [[-79.495538, 43.843725], [-79.4955484, 43.8437117], [-79.4957239, 43.8434777], [-79.4958386, 43.843411], [-79.4959356, 43.8432987], [-79.4961014, 43.8431963], [-79.4962238, 43.8430752], [-79.4962683, 43.8430531], [-79.4962949, 43.8429944], [-79.4964719, 43.8429467], [-79.496543, 43.8428658], [-79.4965999, 43.8428484], [-79.4971598, 43.8425584], [-79.4972752, 43.8424618], [-79.4974214, 43.8423951], [-79.4977335, 43.8423796], [-79.49793, 43.8422906], [-79.4980862, 43.842188], [-79.4981417, 43.8421364], [-79.498107, 43.8417207], [-79.4980284, 43.841429]]}}, {"type": "Feature", "properties": {"layer": "-1", "source": "NRCan-CanVec-10.0", "tunnel": "yes", "waterway": "stream", "_id": 160069348}, "geometry": {"type": "LineString", "coordinates": [[-79.4930638, 43.8352228], [-79.4926731, 43.8351636]]}}, {"type": "Feature", "properties": {"layer": "-1", "source": "NRCan-CanVec-10.0", "tunnel": "yes", "waterway": "stream", "_id": 160069628}, "geometry": {"type": "LineString", "coordinates": [[-79.4571945, 43.8381398], [-79.457051, 43.8381318], [-79.456168, 43.8379454]]}}, {"type": "Feature", "properties": {"layer": "-1", "source": "NRCan-CanVec-10.0", "tunnel": "yes", "waterway": "stream", "_id": 160069629}, "geometry": {"type": "LineString", "coordinates": [[-79.4498796, 43.8318866], [-79.4499799, 43.8317525]]}}, {"type": "Feature", "properties": {"intermittent": "yes", "layer": "-1", "tunnel": "culvert", "waterway": "stream", "_id": 160069657}, "geometry": {"type": "LineString", "coordinates": [[-79.448352, 43.8294061], [-79.4482327, 43.8293053], [-79.4471705, 43.8285018]]}}, {"type": "Feature", "properties": {"layer": "-1", "source": "NRCan-CanVec-10.0", "tunnel": "yes", "waterway": "stream", "_id": 160069658}, "geometry": {"type": "LineString", "coordinates": [[-79.4492566, 43.830825], [-79.448795, 43.8304424], [-79.4487877, 43.8304201], [-79.4485993, 43.8298462], [-79.4485886, 43.8298216]]}}, {"type": "Feature", "properties": {"layer": "-1", "source": "NRCan-CanVec-10.0", "tunnel": "yes", "waterway": "stream", "_id": 160069709}, "geometry": {"type": "LineString", "coordinates": [[-79.4548431, 43.8382294], [-79.4540675, 43.8385829]]}}, {"type": "Feature", "properties": {"layer": "-1", "source": "NRCan-CanVec-10.0", "tunnel": "culvert", "waterway": "stream", "_id": 160110698}, "geometry": {"type": "LineString", "coordinates": [[-79.476874, 43.8437138], [-79.4768155, 43.8437343], [-79.4767894, 43.8437971]]}}, {"type": "Feature", "properties": {"layer": "-1", "name": "Carrville Creek", "source": "NRCan-CanVec-10.0", "tunnel": "yes", "waterway": "stream", "_id": 160115710}, "geometry": {"type": "LineString", "coordinates": [[-79.4782941, 43.8595952], [-79.478177, 43.8595343], [-79.4779746, 43.8594217], [-79.4779101, 43.859373], [-79.4778495, 43.8593054]]}}, {"type": "Feature", "properties": {"layer": "-1", "source": "NRCan-CanVec-10.0", "tunnel": "yes", "waterway": "stream", "_id": 160116663}, "geometry": {"type": "LineString", "coordinates": [[-79.4881392, 43.8622757], [-79.487494, 43.8622917]]}}, {"type": "Feature", "properties": {"layer": "-1", "source": "NRCan-CanVec-10.0", "tunnel": "yes", "waterway": "stream", "_id": 160116664}, "geometry": {"type": "LineString", "coordinates": [[-79.4861238, 43.861801], [-79.4860311, 43.8616905], [-79.485814, 43.8612735]]}}, {"type": "Feature", "properties": {"alt_name": "East Don River", "layer": "-1", "name": "Patterson Creek", "source": "NRCan-CanVec-10.0", "tunnel": "yes", "waterway": "stream", "_id": 160117485}, "geometry": {"type": "LineString", "coordinates": [[-79.462306, 43.8661855], [-79.4621215, 43.8657096]]}}, {"type": "Feature", "properties": {"alt_name": "East Don River", "layer": "-1", "name": "Patterson Creek", "source": "NRCan-CanVec-10.0", "tunnel": "yes", "waterway": "stream", "_id": 160117486}, "geometry": {"type": "LineString", "coordinates": [[-79.4632555, 43.8665367], [-79.4625392, 43.8664016]]}}, {"type": "Feature", "properties": {"alt_name": "East Don River", "layer": "-1", "name": "East Patterson Creek", "source": "NRCan-CanVec-10.0", "tunnel": "yes", "waterway": "stream", "_id": 160117487}, "geometry": {"type": "LineString", "coordinates": [[-79.4451968, 43.8628704], [-79.4451163, 43.8627654]]}}, {"type": "Feature", "properties": {"layer": "-1", "source": "NRCan-CanVec-10.0", "tunnel": "culvert", "waterway": "stream", "_id": 160118380}, "geometry": {"type": "LineString", "coordinates": [[-79.4448097, 43.8542188], [-79.4449801, 43.854102], [-79.4450714, 43.8540541], [-79.4451796, 43.854033], [-79.4454142, 43.8540096], [-79.4456081, 43.8540322], [-79.4457393, 43.8540657], [-79.4458714, 43.8541118], [-79.4459562, 43.854152], [-79.4461893, 43.8542874], [-79.446323, 43.8543752], [-79.4464163, 43.8544502], [-79.4467141, 43.8546437], [-79.4467602, 43.8546874]]}}, {"type": "Feature", "properties": {"layer": "-1", "name": "Beaver Creek", "source": "NRCan-CanVec-10.0", "tunnel": "yes", "waterway": "stream", "_id": 160119556}, "geometry": {"type": "LineString", "coordinates": [[-79.3841387, 43.8615964], [-79.383827, 43.8614104]]}}, {"type": "Feature", "properties": {"layer": "-1", "name": "Beaver Creek", "source": "NRCan-CanVec-10.0", "tunnel": "yes", "waterway": "stream", "_id": 160119557}, "geometry": {"type": "LineString", "coordinates": [[-79.3941208, 43.8654233], [-79.3940124, 43.8650679]]}}, {"type": "Feature", "properties": {"layer": "-1", "name": "Beaver Creek", "source": "NRCan-CanVec-10.0", "tunnel": "yes", "waterway": "stream", "_id": 160119558}, "geometry": {"type": "LineString", "coordinates": [[-79.3880211, 43.8640546], [-79.3862446, 43.8624174]]}}, {"type": "Feature", "properties": {"layer": "-1", "name": "German Mills Creek", "source": "NRCan-CanVec-10.0", "tunnel": "yes", "waterway": "stream", "_id": 160119571}, "geometry": {"type": "LineString", "coordinates": [[-79.4288884, 43.863537], [-79.4290608, 43.8633573]]}}, {"type": "Feature", "properties": {"layer": "-1", "name": "German Mills Creek", "source": "NRCan-CanVec-10.0", "tunnel": "yes", "waterway": "stream", "_id": 160119572}, "geometry": {"type": "LineString", "coordinates": [[-79.4287483, 43.8557679], [-79.4283523, 43.8557279]]}}, {"type": "Feature", "properties": {"layer": "-1", "name": "German Mills Creek", "source": "NRCan-CanVec-10.0", "tunnel": "yes", "waterway": "stream", "_id": 160119574}, "geometry": {"type": "LineString", "coordinates": [[-79.4283026, 43.8546456], [-79.4282319, 43.8545924], [-79.4272503, 43.8540664]]}}, {"type": "Feature", "properties": {"layer": "-1", "name": "Pomona Creek", "source": "NRCan-CanVec-10.0", "tunnel": "yes", "waterway": "stream", "_id": 160123774}, "geometry": {"type": "LineString", "coordinates": [[-79.4274407, 43.8356919], [-79.4260902, 43.8344222]]}}, {"type": "Feature", "properties": {"layer": "-1", "name": "Pomona Creek", "source": "NRCan-CanVec-10.0", "tunnel": "yes", "waterway": "stream", "_id": 160123776}, "geometry": {"type": "LineString", "coordinates": [[-79.4329274, 43.8388448], [-79.4326212, 43.8385775]]}}, {"type": "Feature", "properties": {"layer": "-1", "name": "Pomona Creek", "source": "NRCan-CanVec-10.0", "tunnel": "yes", "waterway": "stream", "_id": 160123779}, "geometry": {"type": "LineString", "coordinates": [[-79.4297174, 43.8363902], [-79.4279441, 43.8359802]]}}, {"type": "Feature", "properties": {"layer": "-1", "name": "Pomona Creek", "source": "NRCan-CanVec-10.0", "tunnel": "yes", "waterway": "stream", "_id": 160123784}, "geometry": {"type": "LineString", "coordinates": [[-79.4257013, 43.834074], [-79.4252613, 43.8336662]]}}, {"type": "Feature", "properties": {"layer": "-1", "source": "NRCan-CanVec-10.0", "tunnel": "yes", "waterway": "stream", "_id": 160129652}, "geometry": {"type": "LineString", "coordinates": [[-79.3890915, 43.8430901], [-79.388512, 43.8426732]]}}, {"type": "Feature", "properties": {"layer": "-1", "name": "Cummer Creek", "source": "NRCan-CanVec-10.0", "tunnel": "yes", "waterway": "stream", "_id": 160138851}, "geometry": {"type": "LineString", "coordinates": [[-79.3424415, 43.814929], [-79.3427674, 43.8155069]]}}, {"type": "Feature", "properties": {"layer": "-1", "name": "Cummer Creek", "source": "NRCan-CanVec-10.0", "tunnel": "yes", "waterway": "stream", "_id": 160139931}, "geometry": {"type": "LineString", "coordinates": [[-79.352312, 43.821608], [-79.3523969, 43.8218058], [-79.3526443, 43.8223828], [-79.3530948, 43.8228311]]}}, {"type": "Feature", "properties": {"layer": "-1", "name": "Cummer Creek", "source": "NRCan-CanVec-10.0", "tunnel": "yes", "waterway": "stream", "_id": 160139934}, "geometry": {"type": "LineString", "coordinates": [[-79.3486766, 43.8213022], [-79.3519236, 43.8209137], [-79.3520504, 43.8209526]]}}, {"type": "Feature", "properties": {"layer": "-1", "source": "NRCan-CanVec-10.0", "tunnel": "yes", "waterway": "stream", "_id": 160141379}, "geometry": {"type": "LineString", "coordinates": [[-79.3638894, 43.8296326], [-79.3651456, 43.8292864]]}}, {"type": "Feature", "properties": {"layer": "-1", "source": "NRCan-CanVec-10.0", "tunnel": "yes", "waterway": "stream", "_id": 160142782}, "geometry": {"type": "LineString", "coordinates": [[-79.3521088, 43.8385114], [-79.3521527, 43.8387072]]}}, {"type": "Feature", "properties": {"layer": "-1", "source": "NRCan-CanVec-10.0", "tunnel": "culvert", "waterway": "stream", "_id": 160148962}, "geometry": {"type": "LineString", "coordinates": [[-79.341293, 43.838296], [-79.3413497, 43.8383891], [-79.3414599, 43.83857]]}}, {"type": "Feature", "properties": {"layer": "-1", "source": "NRCan-CanVec-10.0", "tunnel": "yes", "waterway": "stream", "_id": 160167954}, "geometry": {"type": "LineString", "coordinates": [[-79.349093, 43.8527357], [-79.3493016, 43.8526011]]}}, {"type": "Feature", "properties": {"layer": "-1", "source": "NRCan-CanVec-10.0", "tunnel": "yes", "waterway": "stream", "_id": 160167957}, "geometry": {"type": "LineString", "coordinates": [[-79.3488072, 43.8526478], [-79.3488811, 43.8527014]]}}, {"type": "Feature", "properties": {"layer": "-1", "name": "Apple Creek", "source": "NRCan-CanVec-10.0", "tunnel": "yes", "waterway": "stream", "_id": 160170824}, "geometry": {"type": "LineString", "coordinates": [[-79.3510047, 43.8590096], [-79.3508851, 43.8586793]]}}, {"type": "Feature", "properties": {"layer": "-1", "name": "Apple Creek", "source": "NRCan-CanVec-10.0", "tunnel": "yes", "waterway": "stream", "_id": 160177466}, "geometry": {"type": "LineString", "coordinates": [[-79.3586829, 43.8690758], [-79.3584722, 43.8685798]]}}, {"type": "Feature", "properties": {"layer": "-1", "name": "Apple Creek", "source": "NRCan-CanVec-10.0", "tunnel": "yes", "waterway": "stream", "_id": 160177595}, "geometry": {"type": "LineString", "coordinates": [[-79.3550417, 43.8658136], [-79.3547515, 43.8655745]]}}, {"type": "Feature", "properties": {"layer": "-1", "source": "NRCan-CanVec-10.0", "tunnel": "yes", "waterway": "stream", "_id": 160182417}, "geometry": {"type": "LineString", "coordinates": [[-79.3180559, 43.8654015], [-79.3177682, 43.8654762]]}}, {"type": "Feature", "properties": {"layer": "-1", "source": "NRCan-CanVec-10.0", "tunnel": "yes", "waterway": "stream", "_id": 160182420}, "geometry": {"type": "LineString", "coordinates": [[-79.3135826, 43.8660765], [-79.313168, 43.8660224]]}}, {"type": "Feature", "properties": {"layer": "-1", "source": "NRCan-CanVec-10.0", "tunnel": "yes", "waterway": "stream", "_id": 160182861}, "geometry": {"type": "LineString", "coordinates": [[-79.3200384, 43.850222], [-79.3202148, 43.8505786]]}}, {"type": "Feature", "properties": {"layer": "-1", "source": "NRCan-CanVec-10.0", "tunnel": "yes", "waterway": "stream", "_id": 160182864}, "geometry": {"type": "LineString", "coordinates": [[-79.3220223, 43.8464107], [-79.3220142, 43.8475152]]}}, {"type": "Feature", "properties": {"layer": "-1", "source": "NRCan-CanVec-10.0", "tunnel": "yes", "waterway": "stream", "_id": 160250462}, "geometry": {"type": "LineString", "coordinates": [[-79.3066509, 43.8561764], [-79.3066886, 43.8564425]]}}, {"type": "Feature", "properties": {"layer": "-1", "source": "NRCan-CanVec-10.0", "tunnel": "yes", "waterway": "stream", "_id": 160250464}, "geometry": {"type": "LineString", "coordinates": [[-79.3067729, 43.8559794], [-79.3066618, 43.8561345]]}}, {"type": "Feature", "properties": {"layer": "-1", "source": "NRCan-CanVec-10.0", "tunnel": "yes", "waterway": "stream", "_id": 160250465}, "geometry": {"type": "LineString", "coordinates": [[-79.3069504, 43.855189], [-79.3067441, 43.8552819]]}}, {"type": "Feature", "properties": {"layer": "-1", "source": "NRCan-CanVec-10.0", "tunnel": "yes", "waterway": "stream", "_id": 160250466}, "geometry": {"type": "LineString", "coordinates": [[-79.3082583, 43.8543571], [-79.3081423, 43.8548792], [-79.3077677, 43.8549789]]}}, {"type": "Feature", "properties": {"layer": "-1", "source": "NRCan-CanVec-10.0", "tunnel": "yes", "waterway": "stream", "_id": 160252084}, "geometry": {"type": "LineString", "coordinates": [[-79.2946516, 43.8542973], [-79.2946676, 43.8544178], [-79.2947031, 43.8546842], [-79.2948786, 43.8555665], [-79.2951809, 43.8568325], [-79.295225, 43.8571081], [-79.2946488, 43.8571968], [-79.2932929, 43.8574643], [-79.2930335, 43.8575819], [-79.2928902, 43.8579582]]}}, {"type": "Feature", "properties": {"layer": "-1", "source": "NRCan-CanVec-10.0", "tunnel": "yes", "waterway": "stream", "_id": 160252106}, "geometry": {"type": "LineString", "coordinates": [[-79.2941815, 43.8529877], [-79.2944455, 43.8537636]]}}, {"type": "Feature", "properties": {"layer": "-1", "source": "NRCan-CanVec-10.0", "tunnel": "yes", "waterway": "stream", "_id": 160252111}, "geometry": {"type": "LineString", "coordinates": [[-79.2945538, 43.8540865], [-79.2946248, 43.8542141], [-79.2946516, 43.8542973]]}}, {"type": "Feature", "properties": {"layer": "-1", "source": "CanVec 6.0 - NRCan", "tunnel": "yes", "waterway": "stream", "_id": 160252739}, "geometry": {"type": "LineString", "coordinates": [[-79.3076047, 43.8448708], [-79.3078788, 43.8451217], [-79.308358, 43.8456898], [-79.3084165, 43.8458819], [-79.3088337, 43.8464478]]}}, {"type": "Feature", "properties": {"layer": "-1", "source": "NRCan-CanVec-10.0", "tunnel": "yes", "waterway": "stream", "_id": 160253746}, "geometry": {"type": "LineString", "coordinates": [[-79.2897297, 43.8540107], [-79.2901629, 43.8547716]]}}, {"type": "Feature", "properties": {"layer": "-1", "source": "NRCan-CanVec-10.0", "tunnel": "yes", "waterway": "stream", "_id": 160273032}, "geometry": {"type": "LineString", "coordinates": [[-79.3101544, 43.8655946], [-79.3099227, 43.8656264]]}}, {"type": "Feature", "properties": {"layer": "-1", "source": "NRCan-CanVec-10.0", "tunnel": "yes", "waterway": "stream", "_id": 160273033}, "geometry": {"type": "LineString", "coordinates": [[-79.289828, 43.8608809], [-79.2891912, 43.8611886]]}}, {"type": "Feature", "properties": {"layer": "-1", "source": "NRCan-CanVec-10.0", "tunnel": "yes", "waterway": "stream", "_id": 160290461}, "geometry": {"type": "LineString", "coordinates": [[-79.2796725, 43.8712555], [-79.2768184, 43.8688522]]}}, {"type": "Feature", "properties": {"layer": "-1", "source": "NRCan-CanVec-10.0", "tunnel": "yes", "waterway": "stream", "_id": 160291689}, "geometry": {"type": "LineString", "coordinates": [[-79.2763523, 43.8685947], [-79.2761239, 43.8685201]]}}, {"type": "Feature", "properties": {"layer": "-1", "source": "NRCan-CanVec-10.0", "tunnel": "yes", "waterway": "stream", "_id": 160384177}, "geometry": {"type": "LineString", "coordinates": [[-79.3031224, 43.8154502], [-79.3036367, 43.8153225]]}}, {"type": "Feature", "properties": {"layer": "-1", "name": "Vyner Creek", "source": "NRCan-CanVec-10.0", "tunnel": "yes", "waterway": "stream", "_id": 160387934}, "geometry": {"type": "LineString", "coordinates": [[-79.3634149, 43.7636434], [-79.3613355, 43.7640903]]}}, {"type": "Feature", "properties": {"layer": "-1", "name": "Vyner Creek", "source": "NRCan-CanVec-10.0", "tunnel": "yes", "waterway": "stream", "_id": 160387936}, "geometry": {"type": "LineString", "coordinates": [[-79.37033, 43.7601276], [-79.3698065, 43.7598876]]}}, {"type": "Feature", "properties": {"layer": "-1", "name": "Vyner Creek", "source": "NRCan-CanVec-10.0", "tunnel": "yes", "waterway": "stream", "_id": 160387940}, "geometry": {"type": "LineString", "coordinates": [[-79.3641714, 43.7600557], [-79.3638345, 43.7603155]]}}, {"type": "Feature", "properties": {"layer": "-1", "name": "Vyner Creek", "source": "NRCan-CanVec-10.0", "tunnel": "yes", "waterway": "stream", "_id": 160387947}, "geometry": {"type": "LineString", "coordinates": [[-79.3666175, 43.7595], [-79.3659813, 43.7595892]]}}, {"type": "Feature", "properties": {"layer": "-1", "name": "Vyner Creek", "source": "NRCan-CanVec-10.0", "tunnel": "yes", "waterway": "stream", "_id": 160387948}, "geometry": {"type": "LineString", "coordinates": [[-79.3730656, 43.7614077], [-79.3730039, 43.7610626]]}}, {"type": "Feature", "properties": {"layer": "-1", "name": "Vyner Creek", "source": "NRCan-CanVec-10.0", "tunnel": "yes", "waterway": "stream", "_id": 160387991}, "geometry": {"type": "LineString", "coordinates": [[-79.3636279, 43.7605604], [-79.3635251, 43.7606685], [-79.3634238, 43.7608988]]}}, {"type": "Feature", "properties": {"layer": "-1", "name": "Somer Creek", "source": "NRCan-CanVec-10.0", "tunnel": "yes", "waterway": "stream", "_id": 160397467}, "geometry": {"type": "LineString", "coordinates": [[-79.3582518, 43.772974], [-79.3588205, 43.7720164]]}}, {"type": "Feature", "properties": {"layer": "-1", "name": "Deerlick Creek", "source": "NRCan-CanVec-10.0", "tunnel": "yes", "waterway": "stream", "_id": 160422949}, "geometry": {"type": "LineString", "coordinates": [[-79.3301294, 43.7527304], [-79.330218, 43.7524049]]}}, {"type": "Feature", "properties": {"layer": "-1", "name": "Deerlick Creek", "source": "NRCan-CanVec-10.0", "tunnel": "culvert", "waterway": "stream", "_id": 160422955}, "geometry": {"type": "LineString", "coordinates": [[-79.3297554, 43.7604724], [-79.329721, 43.7599171]]}}, {"type": "Feature", "properties": {"layer": "-1", "source": "NRCan-CanVec-10.0", "tunnel": "yes", "waterway": "stream", "_id": 160422973}, "geometry": {"type": "LineString", "coordinates": [[-79.3276056, 43.755873], [-79.3277356, 43.7558872], [-79.3278713, 43.7558522], [-79.3279343, 43.7558329], [-79.3284131, 43.7556341], [-79.3286375, 43.7555059], [-79.3287715, 43.7554108]]}}, {"type": "Feature", "properties": {"source": "NRCan-CanVec-10.0", "tunnel": "yes", "waterway": "stream", "_id": 160436603}, "geometry": {"type": "LineString", "coordinates": [[-79.2916853, 43.7877165], [-79.2916043, 43.7875811], [-79.2915275, 43.7874529]]}}, {"type": "Feature", "properties": {"layer": "-1", "source": "NRCan-CanVec-10.0", "tunnel": "yes", "waterway": "stream", "_id": 160505483}, "geometry": {"type": "LineString", "coordinates": [[-79.3079561, 43.7987715], [-79.308136, 43.7982618]]}}, {"type": "Feature", "properties": {"layer": "-1", "source": "NRCan-CanVec-10.0", "tunnel": "yes", "waterway": "stream", "_id": 160505489}, "geometry": {"type": "LineString", "coordinates": [[-79.3093569, 43.798455], [-79.3088547, 43.7980762]]}}, {"type": "Feature", "properties": {"layer": "-1", "source": "NRCan-CanVec-10.0", "tunnel": "yes", "waterway": "stream", "_id": 160505490}, "geometry": {"type": "LineString", "coordinates": [[-79.2838453, 43.797196], [-79.2830734, 43.796882]]}}, {"type": "Feature", "properties": {"layer": "-1", "source": "NRCan-CanVec-10.0", "tunnel": "yes", "waterway": "stream", "_id": 160505491}, "geometry": {"type": "LineString", "coordinates": [[-79.3067079, 43.809502], [-79.3066251, 43.8093205]]}}, {"type": "Feature", "properties": {"layer": "-1", "source": "NRCan-CanVec-10.0", "tunnel": "yes", "waterway": "stream", "_id": 160505495}, "geometry": {"type": "LineString", "coordinates": [[-79.2871098, 43.7999585], [-79.287021, 43.799738]]}}, {"type": "Feature", "properties": {"layer": "-1", "source": "NRCan-CanVec-10.0", "tunnel": "yes", "waterway": "stream", "_id": 160505497}, "geometry": {"type": "LineString", "coordinates": [[-79.3068471, 43.8010346], [-79.3071996, 43.800318]]}}, {"type": "Feature", "properties": {"layer": "-1", "source": "NRCan-CanVec-10.0", "tunnel": "yes", "waterway": "stream", "_id": 160505499}, "geometry": {"type": "LineString", "coordinates": [[-79.3110886, 43.7997045], [-79.3108227, 43.7995127]]}}, {"type": "Feature", "properties": {"layer": "-1", "source": "NRCan-CanVec-10.0", "tunnel": "yes", "waterway": "stream", "_id": 160505501}, "geometry": {"type": "LineString", "coordinates": [[-79.3069028, 43.809954], [-79.306846, 43.8098397], [-79.3068157, 43.8097748]]}}, {"type": "Feature", "properties": {"layer": "-1", "name": "Malvern Creek", "source": "NRCan-CanVec-10.0", "tunnel": "yes", "waterway": "stream", "_id": 160521465}, "geometry": {"type": "LineString", "coordinates": [[-79.25903, 43.8124149], [-79.2583659, 43.8121662]]}}, {"type": "Feature", "properties": {"layer": "-1", "name": "Malvern Creek", "source": "NRCan-CanVec-10.0", "tunnel": "yes", "waterway": "stream", "_id": 160521468}, "geometry": {"type": "LineString", "coordinates": [[-79.2538723, 43.8126399], [-79.2534962, 43.8127174]]}}, {"type": "Feature", "properties": {"layer": "-1", "source": "NRCan-CanVec-10.0", "tunnel": "yes", "waterway": "stream", "_id": 160521481}, "geometry": {"type": "LineString", "coordinates": [[-79.2730114, 43.7970798], [-79.2728108, 43.7969842], [-79.272604, 43.7969073], [-79.2724362, 43.7968666]]}}, {"type": "Feature", "properties": {"layer": "-1", "source": "NRCan-CanVec-10.0", "tunnel": "yes", "waterway": "stream", "_id": 160522814}, "geometry": {"type": "LineString", "coordinates": [[-79.2603182, 43.7942675], [-79.2599799, 43.7934577]]}}, {"type": "Feature", "properties": {"layer": "-1", "source": "NRCan-CanVec-10.0", "tunnel": "yes", "waterway": "stream", "_id": 160522816}, "geometry": {"type": "LineString", "coordinates": [[-79.2599256, 43.7916554], [-79.2594225, 43.7917551]]}}, {"type": "Feature", "properties": {"culvert": "box", "layer": "-1", "source": "NRCan-CanVec-10.0", "tunnel": "culvert", "waterway": "stream", "_id": 160522818}, "geometry": {"type": "LineString", "coordinates": [[-79.2596043, 43.7922714], [-79.2593816, 43.7919745]]}}, {"type": "Feature", "properties": {"layer": "-1", "source": "NRCan-CanVec-10.0", "tunnel": "yes", "waterway": "stream", "_id": 160522820}, "geometry": {"type": "LineString", "coordinates": [[-79.259975, 43.7954758], [-79.2601822, 43.7950911]]}}, {"type": "Feature", "properties": {"layer": "-1", "source": "NRCan-CanVec-10.0", "tunnel": "yes", "waterway": "stream", "_id": 160522853}, "geometry": {"type": "LineString", "coordinates": [[-79.2675049, 43.7905648], [-79.2661987, 43.7906638], [-79.2649717, 43.7907777], [-79.2644724, 43.7907939]]}}, {"type": "Feature", "properties": {"layer": "-1", "source": "NRCan-CanVec-10.0", "tunnel": "yes", "waterway": "stream", "_id": 160523244}, "geometry": {"type": "LineString", "coordinates": [[-79.2730892, 43.8068141], [-79.2727469, 43.8064862]]}}, {"type": "Feature", "properties": {"layer": "-1", "source": "NRCan-CanVec-10.0", "tunnel": "yes", "waterway": "stream", "_id": 160523245}, "geometry": {"type": "LineString", "coordinates": [[-79.2781769, 43.8118867], [-79.277865, 43.8116843]]}}, {"type": "Feature", "properties": {"layer": "-1", "source": "NRCan-CanVec-10.0", "tunnel": "yes", "waterway": "stream", "_id": 160523246}, "geometry": {"type": "LineString", "coordinates": [[-79.2697638, 43.803868], [-79.2694628, 43.8036691]]}}, {"type": "Feature", "properties": {"layer": "-1", "source": "NRCan-CanVec-10.0", "tunnel": "yes", "waterway": "stream", "_id": 160523247}, "geometry": {"type": "LineString", "coordinates": [[-79.261448, 43.7991827], [-79.261073, 43.7988227]]}}, {"type": "Feature", "properties": {"layer": "-1", "source": "NRCan-CanVec-10.0", "tunnel": "yes", "waterway": "stream", "_id": 160523249}, "geometry": {"type": "LineString", "coordinates": [[-79.2635531, 43.8001235], [-79.263236, 43.800031], [-79.2627792, 43.7999204]]}}, {"type": "Feature", "properties": {"layer": "-1", "name": "Dorset Creek", "source": "NRCan-CanVec-10.0", "tunnel": "yes", "waterway": "stream", "_id": 160524373}, "geometry": {"type": "LineString", "coordinates": [[-79.2932, 43.7631669], [-79.2926385, 43.7628769]]}}, {"type": "Feature", "properties": {"layer": "-1", "name": "Dorset Creek", "source": "NRCan-CanVec-10.0", "tunnel": "yes", "waterway": "stream", "_id": 160524377}, "geometry": {"type": "LineString", "coordinates": [[-79.2910884, 43.7622239], [-79.2872117, 43.7605358]]}}, {"type": "Feature", "properties": {"name": "Taylor-Massey Creek", "source": "NRCan-CanVec-10.0", "waterway": "stream", "_id": 160524387}, "geometry": {"type": "LineString", "coordinates": [[-79.3055597, 43.7599901], [-79.3054797, 43.7599497], [-79.3043695, 43.759389]]}}, {"type": "Feature", "properties": {"name": "Taylor-Massey Creek", "source": "NRCan-CanVec-10.0", "waterway": "stream", "_id": 160524389}, "geometry": {"type": "LineString", "coordinates": [[-79.307958, 43.7644825], [-79.3079451, 43.7644904], [-79.3078802, 43.7645031], [-79.3077962, 43.7644806], [-79.3077349, 43.7644288], [-79.3076686, 43.7643228], [-79.3066635, 43.7619177]]}}, {"type": "Feature", "properties": {"layer": "-1", "name": "Taylor-Massey Creek", "source": "NRCan-CanVec-10.0", "tunnel": "yes", "waterway": "stream", "_id": 160524390}, "geometry": {"type": "LineString", "coordinates": [[-79.3058779, 43.7601803], [-79.3055597, 43.7599901]]}}, {"type": "Feature", "properties": {"layer": "-1", "name": "Taylor-Massey Creek", "source": "NRCan-CanVec-10.0", "tunnel": "yes", "waterway": "stream", "_id": 160524391}, "geometry": {"type": "LineString", "coordinates": [[-79.2957087, 43.7525414], [-79.2940527, 43.75], [-79.292377, 43.7474285]]}}, {"type": "Feature", "properties": {"layer": "-1", "name": "Taylor-Massey Creek", "source": "NRCan-CanVec-10.0", "tunnel": "yes", "waterway": "stream", "_id": 160524392}, "geometry": {"type": "LineString", "coordinates": [[-79.2974403, 43.7548458], [-79.2972865, 43.7547209]]}}, {"type": "Feature", "properties": {"layer": "-1", "name": "Taylor-Massey Creek", "source": "NRCan-CanVec-10.0", "tunnel": "yes", "waterway": "stream", "_id": 160524394}, "geometry": {"type": "LineString", "coordinates": [[-79.2993187, 43.7562044], [-79.2989249, 43.7561817]]}}, {"type": "Feature", "properties": {"layer": "-1", "name": "Taylor-Massey Creek", "source": "NRCan-CanVec-10.0", "tunnel": "yes", "waterway": "stream", "_id": 160524395}, "geometry": {"type": "LineString", "coordinates": [[-79.3066635, 43.7619177], [-79.306609, 43.7617751]]}}, {"type": "Feature", "properties": {"name": "Taylor-Massey Creek", "source": "NRCan-CanVec-10.0", "waterway": "stream", "_id": 160524397}, "geometry": {"type": "LineString", "coordinates": [[-79.306609, 43.7617751], [-79.3065712, 43.7616893], [-79.3062179, 43.7608863], [-79.3060845, 43.7606458], [-79.3058779, 43.7601803]]}}, {"type": "Feature", "properties": {"name": "Taylor-Massey Creek", "source": "NRCan-CanVec-10.0", "waterway": "stream", "_id": 160524398}, "geometry": {"type": "LineString", "coordinates": [[-79.2989249, 43.7561817], [-79.2988014, 43.7561723], [-79.2984321, 43.7561443], [-79.2984078, 43.7561347], [-79.2983801, 43.7560971], [-79.2980754, 43.7553824], [-79.2974403, 43.7548458]]}}, {"type": "Feature", "properties": {"layer": "-1", "name": "Taylor-Massey Creek", "source": "NRCan-CanVec-10.0", "tunnel": "yes", "waterway": "stream", "_id": 160524400}, "geometry": {"type": "LineString", "coordinates": [[-79.3043695, 43.759389], [-79.3041649, 43.7592438], [-79.3041516, 43.7592351]]}}, {"type": "Feature", "properties": {"name": "Taylor-Massey Creek", "source": "NRCan-CanVec-10.0", "waterway": "stream", "_id": 160524401}, "geometry": {"type": "LineString", "coordinates": [[-79.2972865, 43.7547209], [-79.2972047, 43.7546532], [-79.2959032, 43.7535846], [-79.2957884, 43.7533415], [-79.2956032, 43.7528652], [-79.2955971, 43.7527596], [-79.2957087, 43.7525414]]}}, {"type": "Feature", "properties": {"name": "Taylor-Massey Creek", "source": "NRCan-CanVec-10.0", "waterway": "stream", "_id": 160524402}, "geometry": {"type": "LineString", "coordinates": [[-79.3041516, 43.7592351], [-79.3041109, 43.7592041], [-79.3038538, 43.7590087], [-79.3033669, 43.7586046], [-79.3025997, 43.7578984]]}}, {"type": "Feature", "properties": {"layer": "-1", "source": "NRCan-CanVec-10.0", "tunnel": "yes", "waterway": "stream", "_id": 160524406}, "geometry": {"type": "LineString", "coordinates": [[-79.3101794, 43.7655246], [-79.3099775, 43.7653752]]}}, {"type": "Feature", "properties": {"layer": "-1", "name": "Dorset Creek", "source": "NRCan-CanVec-10.0", "tunnel": "yes", "waterway": "stream", "_id": 160531772}, "geometry": {"type": "LineString", "coordinates": [[-79.2668916, 43.7516506], [-79.2665833, 43.7510122]]}}, {"type": "Feature", "properties": {"layer": "-1", "name": "Dorset Creek", "source": "NRCan-CanVec-10.0", "tunnel": "yes", "waterway": "stream", "_id": 160531773}, "geometry": {"type": "LineString", "coordinates": [[-79.2712457, 43.7531903], [-79.2708773, 43.7532673], [-79.2706189, 43.7531893]]}}, {"type": "Feature", "properties": {"layer": "-1", "name": "Dorset Creek", "source": "NRCan-CanVec-10.0", "tunnel": "yes", "waterway": "stream", "_id": 160531774}, "geometry": {"type": "LineString", "coordinates": [[-79.2732155, 43.754116], [-79.2727122, 43.7538345]]}}, {"type": "Feature", "properties": {"layer": "-1", "name": "Dorset Creek", "source": "NRCan-CanVec-10.0", "tunnel": "yes", "waterway": "stream", "_id": 160531775}, "geometry": {"type": "LineString", "coordinates": [[-79.2778692, 43.7564893], [-79.2758044, 43.7556199]]}}, {"type": "Feature", "properties": {"name": "West Highland Creek", "source": "NRCan-CanVec-10.0", "waterway": "stream", "_id": 160531782}, "geometry": {"type": "LineString", "coordinates": [[-79.259283, 43.7608829], [-79.2592889, 43.7608204]]}}, {"type": "Feature", "properties": {"name": "West Highland Creek", "source": "NRCan-CanVec-10.0", "waterway": "stream", "_id": 160531783}, "geometry": {"type": "LineString", "coordinates": [[-79.2530413, 43.7594834], [-79.252959, 43.7595351]]}}, {"type": "Feature", "properties": {"name": "West Highland Creek", "source": "NRCan-CanVec-10.0", "waterway": "stream", "_id": 160531784}, "geometry": {"type": "LineString", "coordinates": [[-79.2532956, 43.7591827], [-79.253218, 43.7592056]]}}, {"type": "Feature", "properties": {"name": "West Highland Creek", "source": "NRCan-CanVec-10.0", "waterway": "stream", "_id": 160531785}, "geometry": {"type": "LineString", "coordinates": [[-79.2543257, 43.7594958], [-79.2542185, 43.7594281]]}}, {"type": "Feature", "properties": {"layer": "-1", "source": "CanVec 6.0 - NRCan", "tunnel": "yes", "waterway": "stream", "_id": 160844085}, "geometry": {"type": "LineString", "coordinates": [[-79.2342535, 43.8281283], [-79.2336888, 43.8281311]]}}, {"type": "Feature", "properties": {"layer": "-1", "source": "NRCan-CanVec-10.0", "tunnel": "yes", "waterway": "stream", "_id": 160844129}, "geometry": {"type": "LineString", "coordinates": [[-79.2230169, 43.8238388], [-79.2226431, 43.8239953]]}}, {"type": "Feature", "properties": {"layer": "-1", "source": "NRCan-CanVec-10.0", "tunnel": "yes", "waterway": "stream", "_id": 160844130}, "geometry": {"type": "LineString", "coordinates": [[-79.2219524, 43.8242804], [-79.2214995, 43.824311]]}}, {"type": "Feature", "properties": {"layer": "-1", "name": "Morningside Creek", "source": "CanVec 6.0 - NRCan", "tunnel": "yes", "waterway": "stream", "_id": 160844301}, "geometry": {"type": "LineString", "coordinates": [[-79.2257409, 43.8301523], [-79.2255787, 43.829858]]}}, {"type": "Feature", "properties": {"layer": "-1", "name": "Morningside Creek", "source": "CanVec 6.0 - NRCan", "tunnel": "yes", "waterway": "stream", "_id": 160844304}, "geometry": {"type": "LineString", "coordinates": [[-79.2194778, 43.8226804], [-79.2192779, 43.8226127], [-79.2191862, 43.8225007], [-79.2190994, 43.8224567]]}}, {"type": "Feature", "properties": {"layer": "-1", "source": "NRCan-CanVec-10.0", "tunnel": "yes", "waterway": "stream", "_id": 160844427}, "geometry": {"type": "LineString", "coordinates": [[-79.2511927, 43.8193887], [-79.2510091, 43.8189957]]}}, {"type": "Feature", "properties": {"layer": "-1", "source": "NRCan-CanVec-10.0", "tunnel": "yes", "waterway": "stream", "_id": 160844428}, "geometry": {"type": "LineString", "coordinates": [[-79.2498801, 43.8163856], [-79.2497734, 43.8161712]]}}, {"type": "Feature", "properties": {"layer": "-1", "name": "Malvern Creek", "source": "NRCan-CanVec-10.0", "tunnel": "yes", "waterway": "stream", "_id": 160844429}, "geometry": {"type": "LineString", "coordinates": [[-79.2446808, 43.812972], [-79.2440583, 43.8125406]]}}, {"type": "Feature", "properties": {"layer": "-1", "name": "Malvern Creek", "source": "NRCan-CanVec-10.0", "tunnel": "yes", "waterway": "stream", "_id": 160844430}, "geometry": {"type": "LineString", "coordinates": [[-79.2461454, 43.8135721], [-79.2457417, 43.8134285]]}}, {"type": "Feature", "properties": {"layer": "-1", "source": "NRCan-CanVec-10.0", "tunnel": "yes", "waterway": "stream", "_id": 161132850}, "geometry": {"type": "LineString", "coordinates": [[-79.3125323, 43.8657815], [-79.3121752, 43.8655462]]}}, {"type": "Feature", "properties": {"layer": "-1", "source": "NRCan-CanVec-10.0", "tunnel": "yes", "waterway": "stream", "_id": 161132852}, "geometry": {"type": "LineString", "coordinates": [[-79.3108048, 43.8653761], [-79.3105276, 43.8654373]]}}, {"type": "Feature", "properties": {"layer": "-1", "source": "NRCan-CanVec-10.0", "tunnel": "culvert", "waterway": "stream", "_id": 161614365}, "geometry": {"type": "LineString", "coordinates": [[-79.4803269, 43.8238726], [-79.4806074, 43.8238071]]}}, {"type": "Feature", "properties": {"layer": "-1", "tunnel": "culvert", "waterway": "stream", "_id": 161614366}, "geometry": {"type": "LineString", "coordinates": [[-79.4822116, 43.8234398], [-79.4824, 43.8233957]]}}, {"type": "Feature", "properties": {"layer": "-1", "source": "CanVec 6.0 - NRCan", "tunnel": "yes", "waterway": "stream", "_id": 162320715}, "geometry": {"type": "LineString", "coordinates": [[-79.1162983, 43.8461602], [-79.116003, 43.8459053]]}}, {"type": "Feature", "properties": {"layer": "-1", "source": "CanVec 6.0 - NRCan", "tunnel": "yes", "waterway": "stream", "_id": 162320717}, "geometry": {"type": "LineString", "coordinates": [[-79.1104552, 43.8422764], [-79.1093989, 43.8419996]]}}, {"type": "Feature", "properties": {"layer": "-1", "source": "yahoo", "tunnel": "yes", "waterway": "stream", "_id": 162320718}, "geometry": {"type": "LineString", "coordinates": [[-79.1020179, 43.8394636], [-79.1015814, 43.8393312]]}}, {"type": "Feature", "properties": {"layer": "-1", "source": "yahoo", "tunnel": "yes", "waterway": "stream", "_id": 162320719}, "geometry": {"type": "LineString", "coordinates": [[-79.1034734, 43.8401475], [-79.1029533, 43.8399182], [-79.1029019, 43.8398856]]}}, {"type": "Feature", "properties": {"layer": "-1", "source": "CanVec 6.0 - NRCan", "tunnel": "yes", "waterway": "stream", "_id": 162320721}, "geometry": {"type": "LineString", "coordinates": [[-79.1081852, 43.842774], [-79.1080384, 43.8426924], [-79.1077618, 43.8426232], [-79.1075526, 43.8426118]]}}, {"type": "Feature", "properties": {"layer": "-1", "name": "Dorset Creek", "source": "NRCan-CanVec-10.0", "tunnel": "yes", "waterway": "stream", "_id": 163036717}, "geometry": {"type": "LineString", "coordinates": [[-79.2853711, 43.7597325], [-79.2850906, 43.7596181]]}}, {"type": "Feature", "properties": {"attribution": "Natural Resources Canada", "canvec:CODE": "1470171", "canvec:UUID": "a40c486230474b189e68ac4ca5924977", "layer": "-1", "name": "Black Creek", "name:en": "Black Creek", "source": "CanVec_Import_2009", "tunnel": "yes", "waterway": "stream", "_id": 163107304}, "geometry": {"type": "LineString", "coordinates": [[-79.5222119, 43.7898671], [-79.5221554, 43.7895257]]}}, {"type": "Feature", "properties": {"attribution": "Natural Resources Canada", "canvec:CODE": "1470171", "canvec:UUID": "a40c486230474b189e68ac4ca5924977", "name": "Black Creek", "name:en": "Black Creek", "source": "CanVec_Import_2009", "waterway": "stream", "_id": 163107306}, "geometry": {"type": "LineString", "coordinates": [[-79.5221554, 43.7895257], [-79.5221606, 43.7892186], [-79.5219446, 43.7887539], [-79.5218345, 43.7882358], [-79.5218203, 43.7881957]]}}, {"type": "Feature", "properties": {"layer": "-1", "name": "Applewood Creek", "source": "CanVec 6.0 - NRCan", "tunnel": "yes", "waterway": "stream", "_id": 163322927}, "geometry": {"type": "LineString", "coordinates": [[-79.555138, 43.5854954], [-79.5548082, 43.585343]]}}, {"type": "Feature", "properties": {"layer": "-1", "name": "Applewood Creek", "source": "CanVec 6.0 - NRCan", "tunnel": "yes", "waterway": "stream", "_id": 163322928}, "geometry": {"type": "LineString", "coordinates": [[-79.5542288, 43.5853816], [-79.5541489, 43.5853733], [-79.5538785, 43.5853127]]}}, {"type": "Feature", "properties": {"layer": "-1", "name": "Pomona Creek", "source": "NRCan-CanVec-10.0", "tunnel": "yes", "waterway": "stream", "_id": 163902055}, "geometry": {"type": "LineString", "coordinates": [[-79.4213298, 43.8294761], [-79.4211609, 43.8291384]]}}, {"type": "Feature", "properties": {"layer": "-1", "name": "Pomona Creek", "source": "NRCan-CanVec-10.0", "tunnel": "yes", "waterway": "stream", "_id": 163902383}, "geometry": {"type": "LineString", "coordinates": [[-79.4227056, 43.8326126], [-79.4226105, 43.8325363]]}}, {"type": "Feature", "properties": {"layer": "-1", "name": "Pomona Creek", "source": "NRCan-CanVec-10.0", "tunnel": "yes", "waterway": "stream", "_id": 163902384}, "geometry": {"type": "LineString", "coordinates": [[-79.4220148, 43.8307351], [-79.4219918, 43.830633]]}}, {"type": "Feature", "properties": {"attribution": "Natural Resources Canada", "canvec:CODE": "1470171", "canvec:UUID": "f758c798b9434004b331f73384a4f433", "layer": "-1", "source": "CanVec_Import_2009", "tunnel": "yes", "waterway": "stream", "_id": 164027695}, "geometry": {"type": "LineString", "coordinates": [[-79.5148269, 43.7635438], [-79.5143645, 43.7633123]]}}, {"type": "Feature", "properties": {"attribution": "Natural Resources Canada", "canvec:CODE": "1470171", "canvec:UUID": "5b5500419d654328871d5a26efd23a87", "layer": "-1", "source": "CanVec_Import_2009", "tunnel": "yes", "waterway": "stream", "_id": 164027979}, "geometry": {"type": "LineString", "coordinates": [[-79.5082472, 43.77094], [-79.508467, 43.7707645]]}}, {"type": "Feature", "properties": {"layer": "-1", "name": "Apple Creek", "source": "NRCan-CanVec-10.0", "tunnel": "yes", "waterway": "stream", "_id": 164596414}, "geometry": {"type": "LineString", "coordinates": [[-79.3511442, 43.8563429], [-79.3512003, 43.8560592]]}}, {"type": "Feature", "properties": {"layer": "-1", "source": "NRCan-CanVec-10.0", "tunnel": "yes", "waterway": "stream", "_id": 164599439}, "geometry": {"type": "LineString", "coordinates": [[-79.3344826, 43.8455613], [-79.3345499, 43.8455981]]}}, {"type": "Feature", "properties": {"layer": "-1", "source": "NRCan-CanVec-10.0", "tunnel": "yes", "waterway": "stream", "_id": 164599440}, "geometry": {"type": "LineString", "coordinates": [[-79.3347313, 43.8459867], [-79.3348811, 43.8461729]]}}, {"type": "Feature", "properties": {"layer": "-1", "name": "Pomona Creek", "source": "NRCan-CanVec-10.0", "tunnel": "yes", "waterway": "stream", "_id": 164841973}, "geometry": {"type": "LineString", "coordinates": [[-79.4220392, 43.8317555], [-79.4220079, 43.8316465]]}}, {"type": "Feature", "properties": {"layer": "-1", "source": "NRCan-CanVec-10.0", "tunnel": "yes", "waterway": "stream", "_id": 165247895}, "geometry": {"type": "LineString", "coordinates": [[-79.4799996, 43.8435285], [-79.4795375, 43.8432159]]}}, {"type": "Feature", "properties": {"layer": "-1", "source": "NRCan-CanVec-10.0", "tunnel": "yes", "waterway": "stream", "_id": 165247904}, "geometry": {"type": "LineString", "coordinates": [[-79.4767894, 43.8437971], [-79.4766002, 43.8441706]]}}, {"type": "Feature", "properties": {"layer": "-1", "tunnel": "yes", "waterway": "drain", "_id": 165398848}, "geometry": {"type": "LineString", "coordinates": [[-79.5895494, 43.6213648], [-79.5840442, 43.6162544]]}}, {"type": "Feature", "properties": {"layer": "-1", "tunnel": "yes", "waterway": "drain", "_id": 165398849}, "geometry": {"type": "LineString", "coordinates": [[-79.5835299, 43.6178919], [-79.5829577, 43.6169665]]}}, {"type": "Feature", "properties": {"layer": "-1", "tunnel": "yes", "waterway": "drain", "_id": 165398850}, "geometry": {"type": "LineString", "coordinates": [[-79.5905721, 43.6130646], [-79.587377, 43.6120705]]}}, {"type": "Feature", "properties": {"layer": "-1", "tunnel": "yes", "waterway": "drain", "_id": 165398852}, "geometry": {"type": "LineString", "coordinates": [[-79.5880813, 43.6146404], [-79.5863517, 43.6152409], [-79.5849303, 43.6150574]]}}, {"type": "Feature", "properties": {"boat": "no", "layer": "-1", "tunnel": "yes", "waterway": "river", "_id": 166541729}, "geometry": {"type": "LineString", "coordinates": [[-79.2498336, 43.7826643], [-79.2494128, 43.7815681]]}}, {"type": "Feature", "properties": {"boat": "no", "intermittent": "no", "name": "Highland Creek", "waterway": "river", "wikidata": "Q11027760", "wikipedia": "en:Highland Creek (Toronto)", "_id": 166541730}, "geometry": {"type": "LineString", "coordinates": [[-79.2494128, 43.7815681], [-79.2489411, 43.7804328], [-79.2482373, 43.7798503], [-79.2479884, 43.7797697], [-79.2478763, 43.7796333], [-79.2476879, 43.7794041], [-79.2476021, 43.7793298], [-79.2472931, 43.7792058], [-79.2469584, 43.7788836], [-79.2466666, 43.7787286], [-79.2456623, 43.7783444], [-79.245319, 43.7779478], [-79.2447783, 43.777954], [-79.2446925, 43.7779168], [-79.2442719, 43.7775016], [-79.2434651, 43.7775264], [-79.243199, 43.7772661], [-79.2430788, 43.7771855], [-79.2428428, 43.7771186]]}}, {"type": "Feature", "properties": {"layer": "-1", "name": "Blue Ridge Creek", "source": "NRCan-CanVec-10.0", "tunnel": "yes", "waterway": "stream", "_id": 170472753}, "geometry": {"type": "LineString", "coordinates": [[-79.3821438, 43.7737233], [-79.3815849, 43.7738861]]}}, {"type": "Feature", "properties": {"layer": "-1", "name": "Blue Ridge Creek", "source": "NRCan-CanVec-10.0", "tunnel": "yes", "waterway": "stream", "_id": 170472755}, "geometry": {"type": "LineString", "coordinates": [[-79.3783919, 43.774928], [-79.37833, 43.7749391], [-79.3777636, 43.7749376], [-79.3776683, 43.7749228]]}}, {"type": "Feature", "properties": {"layer": "-1", "source": "NRCan-CanVec-10.0", "tunnel": "yes", "waterway": "stream", "_id": 170991795}, "geometry": {"type": "LineString", "coordinates": [[-79.4744197, 43.8500179], [-79.4742895, 43.8499938], [-79.4741488, 43.8499086], [-79.4740304, 43.8496789], [-79.47396, 43.8496001], [-79.4738593, 43.8495569], [-79.4734196, 43.8494392], [-79.4733571, 43.8493912], [-79.4733225, 43.8493263], [-79.4732614, 43.8490959], [-79.4731919, 43.8489173], [-79.4731638, 43.8488799], [-79.4731058, 43.8488491], [-79.4729896, 43.8488165], [-79.4727477, 43.8482968], [-79.4726834, 43.848045]]}}, {"type": "Feature", "properties": {"layer": "-1", "name": "German Mills Creek", "source": "NRCan-CanVec-10.0", "tunnel": "yes", "waterway": "stream", "_id": 170993065}, "geometry": {"type": "LineString", "coordinates": [[-79.4275842, 43.8695347], [-79.4275651, 43.8694194]]}}, {"type": "Feature", "properties": {"layer": "-1", "name": "German Mills Creek", "source": "NRCan-CanVec-10.0", "tunnel": "yes", "waterway": "stream", "_id": 170993173}, "geometry": {"type": "LineString", "coordinates": [[-79.4281869, 43.8656818], [-79.4281727, 43.8655089]]}}, {"type": "Feature", "properties": {"layer": "-1", "name": "Don River East Branch", "source": "NRCan-CanVec-10.0", "tunnel": "yes", "waterway": "stream", "_id": 172229027}, "geometry": {"type": "LineString", "coordinates": [[-79.4577302, 43.8422509], [-79.4571868, 43.8422791]]}}, {"type": "Feature", "properties": {"layer": "-1", "source": "NRCan-CanVec-10.0", "tunnel": "yes", "waterway": "stream", "_id": 172229031}, "geometry": {"type": "LineString", "coordinates": [[-79.4577754, 43.8424555], [-79.4572294, 43.8424934]]}}, {"type": "Feature", "properties": {"layer": "-1", "source": "NRCan-CanVec-10.0", "tunnel": "yes", "waterway": "stream", "_id": 172229447}, "geometry": {"type": "LineString", "coordinates": [[-79.484524, 43.8476648], [-79.4839507, 43.8477314]]}}, {"type": "Feature", "properties": {"intermittent": "yes", "layer": "-1", "source": "NRCan-CanVec-10.0", "tunnel": "yes", "waterway": "stream", "_id": 174023438}, "geometry": {"type": "LineString", "coordinates": [[-79.4173572, 43.7558295], [-79.4172721, 43.755554]]}}, {"type": "Feature", "properties": {"alt_name": "East Don River", "layer": "-1", "name": "Patterson Creek", "source": "NRCan-CanVec-10.0", "tunnel": "yes", "waterway": "stream", "_id": 174024715}, "geometry": {"type": "LineString", "coordinates": [[-79.4632814, 43.8692666], [-79.4638331, 43.8691746]]}}, {"type": "Feature", "properties": {"layer": "-1", "source": "NRCan-CanVec-10.0", "tunnel": "culvert", "waterway": "stream", "_id": 174188591}, "geometry": {"type": "LineString", "coordinates": [[-79.4571707, 43.6414104], [-79.4566833, 43.6413362]]}}, {"type": "Feature", "properties": {"name": "Yellow Creek", "source": "NRCan-CanVec-10.0", "waterway": "stream", "_id": 174209923}, "geometry": {"type": "LineString", "coordinates": [[-79.3906983, 43.6910377], [-79.3906416, 43.6909573], [-79.3905209, 43.6908381], [-79.3903634, 43.6907439], [-79.3900703, 43.6904705], [-79.3900099, 43.6903784], [-79.3899814, 43.6902887], [-79.3899976, 43.6900335], [-79.3899791, 43.6899032], [-79.3899094, 43.6898111], [-79.389786, 43.6897142], [-79.3895446, 43.6896153], [-79.3894105, 43.689494], [-79.3893112, 43.6894261], [-79.3891543, 43.6893738], [-79.3890296, 43.6893398], [-79.3888046, 43.6892227], [-79.388642, 43.6890576], [-79.3885336, 43.6888701], [-79.3881016, 43.6885756], [-79.3880171, 43.6885601], [-79.3876939, 43.6885495], [-79.3875477, 43.6885136], [-79.387376, 43.6883778], [-79.3873264, 43.6882653], [-79.3872111, 43.6881819], [-79.3871976, 43.6881053], [-79.3872057, 43.6880471], [-79.3871525, 43.6879701], [-79.3870541, 43.6878726], [-79.3868852, 43.6877872], [-79.3867792, 43.6877475], [-79.3866585, 43.6877446], [-79.3865553, 43.687731], [-79.3864681, 43.687698], [-79.3864183, 43.6876588], [-79.3864127, 43.6876415], [-79.3863623, 43.687602], [-79.3863419, 43.687575], [-79.3863392, 43.6874941], [-79.386362, 43.6874587], [-79.386388, 43.6874371], [-79.3863941, 43.6874003], [-79.386355, 43.687317], [-79.3862754, 43.6872401], [-79.3862551, 43.6872054], [-79.3862019, 43.6871505], [-79.3861758, 43.6871292], [-79.386098, 43.6870919], [-79.3860616, 43.6870635], [-79.3859458, 43.687001], [-79.385861, 43.6869168], [-79.3858255, 43.6868658], [-79.3857739, 43.6868245], [-79.3857303, 43.6868053], [-79.3856311, 43.6867833], [-79.3855553, 43.6867456], [-79.3854313, 43.6867125], [-79.3853735, 43.6866887], [-79.3853352, 43.6866392], [-79.3853114, 43.6865543], [-79.3853227, 43.6864395], [-79.3853803, 43.6863898], [-79.3854428, 43.6863177], [-79.3854818, 43.6862407], [-79.3855102, 43.6862225], [-79.385528, 43.6861867], [-79.3855246, 43.6861385], [-79.3854624, 43.6860017], [-79.3854389, 43.6858883], [-79.3854435, 43.6858601], [-79.385423, 43.6857928], [-79.3854275, 43.6856796], [-79.3854402, 43.6856329], [-79.3855162, 43.6855054], [-79.3855767, 43.6852956], [-79.3856088, 43.685217], [-79.3856465, 43.6851694], [-79.3856782, 43.6851481], [-79.3857707, 43.68513], [-79.3857944, 43.6851186], [-79.3858691, 43.6850144], [-79.3859086, 43.6849417], [-79.3858937, 43.684894], [-79.3858432, 43.6848431], [-79.3858026, 43.6848317], [-79.3857516, 43.6848301], [-79.3856151, 43.6848424], [-79.3854958, 43.6848109], [-79.3853143, 43.6847395], [-79.385264, 43.6846983], [-79.3852331, 43.6846069], [-79.385339, 43.6845039], [-79.3853456, 43.6844796], [-79.3853345, 43.6844412], [-79.3852974, 43.6844048], [-79.3852071, 43.6843435], [-79.3850793, 43.6843003], [-79.3849574, 43.6842436], [-79.3849206, 43.6842113], [-79.384796, 43.683995], [-79.3847521, 43.6838864], [-79.3847464, 43.6838306], [-79.3847582, 43.6837591], [-79.3847576, 43.6836831], [-79.3847225, 43.6836054], [-79.3846719, 43.6835599], [-79.3846232, 43.6835348], [-79.3845678, 43.6835145], [-79.3844911, 43.6835006], [-79.384392, 43.6834702], [-79.3843584, 43.6834485], [-79.3843225, 43.6834089], [-79.384308, 43.6833271], [-79.3843348, 43.6832002], [-79.3844144, 43.6830676], [-79.3844171, 43.6830366], [-79.3843867, 43.6830055], [-79.3843053, 43.6829688], [-79.3842094, 43.6829415], [-79.3841176, 43.6828989], [-79.3840358, 43.6828375], [-79.3838784, 43.6826756], [-79.3838716, 43.6826351]]}}, {"type": "Feature", "properties": {"layer": "-1", "source": "NRCan-CanVec-10.0", "tunnel": "yes", "waterway": "stream", "_id": 174220491}, "geometry": {"type": "LineString", "coordinates": [[-79.4680053, 43.6390041], [-79.4672394, 43.6390592]]}}, {"type": "Feature", "properties": {"layer": "-1", "source": "NRCan-CanVec-10.0", "tunnel": "yes", "waterway": "stream", "_id": 174245319}, "geometry": {"type": "LineString", "coordinates": [[-79.4960098, 43.6476846], [-79.4956471, 43.6476382]]}}, {"type": "Feature", "properties": {"layer": "-1", "source": "NRCan-CanVec-10.0", "tunnel": "yes", "waterway": "stream", "_id": 174246958}, "geometry": {"type": "LineString", "coordinates": [[-79.4943704, 43.6838378], [-79.4945764, 43.6837152]]}}, {"type": "Feature", "properties": {"layer": "-1", "source": "NRCan-CanVec-10.0", "tunnel": "yes", "waterway": "stream", "_id": 174246989}, "geometry": {"type": "LineString", "coordinates": [[-79.4929843, 43.6852438], [-79.4930331, 43.6851377]]}}, {"type": "Feature", "properties": {"layer": "-1", "source": "NRCan-CanVec-10.0", "tunnel": "yes", "waterway": "stream", "_id": 174246993}, "geometry": {"type": "LineString", "coordinates": [[-79.4976479, 43.6818242], [-79.4982207, 43.6817168]]}}, {"type": "Feature", "properties": {"name": "Lavender Creek", "source": "NRCan-CanVec-10.0", "waterway": "stream", "_id": 174246999}, "geometry": {"type": "LineString", "coordinates": [[-79.4702165, 43.6790329], [-79.4701769, 43.6788844], [-79.4701, 43.6786977], [-79.4700267, 43.6785556], [-79.4699431, 43.6784405], [-79.469857, 43.6782875], [-79.469821, 43.6782002], [-79.4697711, 43.6781222], [-79.4697223, 43.6779168], [-79.4697245, 43.6777795], [-79.4697157, 43.6777601], [-79.4696931, 43.6777323], [-79.4696553, 43.677643], [-79.4696137, 43.677582], [-79.4695639, 43.6774726]]}}, {"type": "Feature", "properties": {"name": "Castle Frank Brook", "source": "NRCan-CanVec-10.0", "waterway": "stream", "_id": 174247334}, "geometry": {"type": "LineString", "coordinates": [[-79.416681, 43.687575], [-79.4165502, 43.6873875], [-79.4164911, 43.6873367], [-79.4164429, 43.6872523], [-79.416284, 43.6870729], [-79.4161463, 43.6870198], [-79.4159933, 43.6866786]]}}, {"type": "Feature", "properties": {"layer": "-1", "note": "The layer for the stream and also the tram is -1", "source": "NRCan-CanVec-10.0", "tunnel": "yes", "waterway": "stream", "_id": 174247335}, "geometry": {"type": "LineString", "coordinates": [[-79.4159933, 43.6866786], [-79.4148291, 43.68351]]}}, {"type": "Feature", "properties": {"intermittent": "yes", "name": "Castle Frank Brook", "source": "NRCan-CanVec-10.0", "waterway": "stream", "_id": 174247336}, "geometry": {"type": "LineString", "coordinates": [[-79.4148291, 43.68351], [-79.4148277, 43.6834996], [-79.4148049, 43.6834488], [-79.4147334, 43.6834019], [-79.4146448, 43.6833059], [-79.4145983, 43.6832262], [-79.4145382, 43.6831818], [-79.4144771, 43.6831616], [-79.4140176, 43.6830497], [-79.4138803, 43.6830061], [-79.4135806, 43.6829521], [-79.413164, 43.682791], [-79.4126971, 43.6827425], [-79.4123323, 43.682643], [-79.4122154, 43.6826321], [-79.4121077, 43.6826073], [-79.4119277, 43.6825435], [-79.4117278, 43.68255], [-79.4116227, 43.6825255], [-79.411563, 43.6825016], [-79.4114566, 43.6824139], [-79.4112742, 43.6823454], [-79.4111377, 43.6823379], [-79.4109777, 43.6823291], [-79.4105176, 43.6822713], [-79.4103928, 43.6822346], [-79.4099859, 43.6820484], [-79.4097683, 43.6820049], [-79.40953, 43.68193], [-79.4093666, 43.6817845], [-79.4092444, 43.6817019], [-79.4090406, 43.6816212], [-79.4089169, 43.6815946], [-79.4085919, 43.6815589], [-79.4083649, 43.6815464], [-79.4082869, 43.6815734]]}}, {"type": "Feature", "properties": {"layer": "-1", "source": "NRCan-CanVec-10.0", "tunnel": "yes", "waterway": "stream", "_id": 174249744}, "geometry": {"type": "LineString", "coordinates": [[-79.4824428, 43.6950317], [-79.4831993, 43.695216]]}}, {"type": "Feature", "properties": {"layer": "-1", "name": "Wilson Brook", "source": "NRCan-CanVec-10.0", "tunnel": "yes", "waterway": "stream", "_id": 174507888}, "geometry": {"type": "LineString", "coordinates": [[-79.3036758, 43.728037], [-79.3037554, 43.7280188], [-79.3043831, 43.7278934]]}}, {"type": "Feature", "properties": {"layer": "-1", "name": "Wilson Brook", "source": "NRCan-CanVec-10.0", "tunnel": "yes", "waterway": "stream", "_id": 174507891}, "geometry": {"type": "LineString", "coordinates": [[-79.301503, 43.7282875], [-79.3016104, 43.7281847], [-79.3016834, 43.7281203], [-79.3017681, 43.7281201]]}}, {"type": "Feature", "properties": {"layer": "-1", "name": "Wilson Brook", "source": "NRCan-CanVec-10.0", "tunnel": "yes", "waterway": "stream", "_id": 174508024}, "geometry": {"type": "LineString", "coordinates": [[-79.3014169, 43.7298249], [-79.3014111, 43.729756]]}}, {"type": "Feature", "properties": {"layer": "-1", "name": "Wilson Brook", "source": "NRCan-CanVec-10.0", "tunnel": "yes", "waterway": "stream", "_id": 174508971}, "geometry": {"type": "LineString", "coordinates": [[-79.3094481, 43.7255908], [-79.3107008, 43.7252757], [-79.3107709, 43.7252338], [-79.3108285, 43.7251704], [-79.3109622, 43.725089], [-79.3111516, 43.7250131], [-79.3113717, 43.7248963], [-79.3118443, 43.7246794], [-79.312625, 43.7242837]]}}, {"type": "Feature", "properties": {"layer": "-1", "name": "Wilson Brook", "source": "NRCan-CanVec-10.0", "tunnel": "yes", "waterway": "stream", "_id": 174510493}, "geometry": {"type": "LineString", "coordinates": [[-79.3117489, 43.7233745], [-79.3118941, 43.7234973]]}}, {"type": "Feature", "properties": {"name": "Taylor-Massey Creek", "source": "NRCan-CanVec-10.0", "waterway": "stream", "_id": 174512467}, "geometry": {"type": "LineString", "coordinates": [[-79.2841647, 43.7373304], [-79.2841521, 43.7373271], [-79.2840772, 43.7373008], [-79.2840367, 43.73726], [-79.2839304, 43.7370472], [-79.2835248, 43.7364839], [-79.2833973, 43.7362603], [-79.2830892, 43.7358071], [-79.2830818, 43.7357476], [-79.2829298, 43.7355116], [-79.2829119, 43.7354575], [-79.282845, 43.7353956], [-79.2828113, 43.7353144], [-79.2826129, 43.7349914], [-79.2825475, 43.7349053], [-79.2824421, 43.7348193]]}}, {"type": "Feature", "properties": {"name": "Taylor-Massey Creek", "source": "NRCan-CanVec-10.0", "waterway": "stream", "_id": 174512468}, "geometry": {"type": "LineString", "coordinates": [[-79.2822198, 43.7345605], [-79.2820856, 43.7344688], [-79.2813625, 43.7340656], [-79.2793161, 43.732973]]}}, {"type": "Feature", "properties": {"layer": "-1", "name": "Taylor-Massey Creek", "source": "NRCan-CanVec-10.0", "tunnel": "yes", "waterway": "stream", "_id": 174512469}, "geometry": {"type": "LineString", "coordinates": [[-79.2918368, 43.7464248], [-79.2909504, 43.7459346]]}}, {"type": "Feature", "properties": {"layer": "-1", "name": "Taylor-Massey Creek", "source": "NRCan-CanVec-10.0", "tunnel": "yes", "waterway": "stream", "_id": 174512470}, "geometry": {"type": "LineString", "coordinates": [[-79.285359, 43.7377542], [-79.2852288, 43.7376375]]}}, {"type": "Feature", "properties": {"layer": "-1", "name": "Taylor-Massey Creek", "source": "NRCan-CanVec-10.0", "tunnel": "yes", "waterway": "stream", "_id": 174512471}, "geometry": {"type": "LineString", "coordinates": [[-79.2844024, 43.7373612], [-79.2841647, 43.7373304]]}}, {"type": "Feature", "properties": {"layer": "-1", "name": "Taylor-Massey Creek", "source": "NRCan-CanVec-10.0", "tunnel": "yes", "waterway": "stream", "_id": 174512472}, "geometry": {"type": "LineString", "coordinates": [[-79.2824421, 43.7348193], [-79.2822198, 43.7345605]]}}, {"type": "Feature", "properties": {"name": "Taylor-Massey Creek", "source": "NRCan-CanVec-10.0", "waterway": "stream", "_id": 174512474}, "geometry": {"type": "LineString", "coordinates": [[-79.2852288, 43.7376375], [-79.2852264, 43.7376353], [-79.2850189, 43.7374961], [-79.2848665, 43.7374566], [-79.2846685, 43.7374387], [-79.2844024, 43.7373612]]}}, {"type": "Feature", "properties": {"name": "Taylor-Massey Creek", "source": "NRCan-CanVec-10.0", "waterway": "stream", "_id": 174512475}, "geometry": {"type": "LineString", "coordinates": [[-79.2909504, 43.7459346], [-79.2908591, 43.7458983], [-79.2905669, 43.7457525], [-79.2901818, 43.7455927], [-79.2900656, 43.745517], [-79.2898793, 43.7454264], [-79.2896843, 43.7453116], [-79.2895401, 43.7452232], [-79.2894206, 43.7451266], [-79.2893426, 43.7450462], [-79.2892473, 43.7449141], [-79.2889085, 43.7441611], [-79.2886276, 43.7434268], [-79.2884383, 43.7429905], [-79.288281, 43.7425344], [-79.2880218, 43.7419572], [-79.2877747, 43.741293], [-79.287576, 43.7408454], [-79.2873884, 43.740356], [-79.2869831, 43.7396584], [-79.2868197, 43.7395084], [-79.2866938, 43.7393455], [-79.2864525, 43.7391127], [-79.2862577, 43.7388794], [-79.2860209, 43.7386462], [-79.2857246, 43.73829], [-79.2854328, 43.7378419], [-79.285359, 43.7377542]]}}, {"type": "Feature", "properties": {"name": "Taylor-Massey Creek", "source": "NRCan-CanVec-10.0", "waterway": "stream", "_id": 174512517}, "geometry": {"type": "LineString", "coordinates": [[-79.292377, 43.7474285], [-79.2923699, 43.7473386], [-79.2923172, 43.7466975], [-79.2918368, 43.7464248]]}}, {"type": "Feature", "properties": {"layer": "-1", "name": "Dorset Creek", "source": "NRCan-CanVec-10.0", "tunnel": "yes", "waterway": "stream", "_id": 174514148}, "geometry": {"type": "LineString", "coordinates": [[-79.2635724, 43.7469355], [-79.2632418, 43.7468562], [-79.2626705, 43.7455292], [-79.2624199, 43.7454012]]}}, {"type": "Feature", "properties": {"layer": "-1", "name": "Dorset Creek", "source": "NRCan-CanVec-10.0", "tunnel": "yes", "waterway": "stream", "_id": 174514190}, "geometry": {"type": "LineString", "coordinates": [[-79.2659609, 43.7494818], [-79.2659568, 43.7492936]]}}, {"type": "Feature", "properties": {"layer": "-1", "name": "Cedar Brook", "source": "NRCan-CanVec-10.0", "tunnel": "yes", "waterway": "stream", "_id": 174711771}, "geometry": {"type": "LineString", "coordinates": [[-79.2284337, 43.7494913], [-79.2289398, 43.7496204]]}}, {"type": "Feature", "properties": {"layer": "-1", "name": "Cedar Brook", "source": "NRCan-CanVec-10.0", "tunnel": "yes", "waterway": "stream", "_id": 174711772}, "geometry": {"type": "LineString", "coordinates": [[-79.2272412, 43.7490798], [-79.2276423, 43.7492322]]}}, {"type": "Feature", "properties": {"layer": "-1", "source": "NRCan-CanVec-10.0", "tunnel": "yes", "waterway": "stream", "_id": 174712010}, "geometry": {"type": "LineString", "coordinates": [[-79.2925109, 43.6720899], [-79.2924461, 43.6720502], [-79.2923932, 43.6719055], [-79.2924147, 43.6718184], [-79.2924744, 43.6717227], [-79.2924724, 43.6715709], [-79.2922441, 43.6709051], [-79.2914949, 43.6691694], [-79.2911491, 43.6680588]]}}, {"type": "Feature", "properties": {"layer": "-1", "source": "NRCan-CanVec-10.0", "tunnel": "yes", "waterway": "stream", "_id": 176034672}, "geometry": {"type": "LineString", "coordinates": [[-79.3595874, 43.6927174], [-79.3597108, 43.6927694]]}}, {"type": "Feature", "properties": {"layer": "-1", "source": "NRCan-CanVec-10.0", "tunnel": "yes", "waterway": "stream", "_id": 176034673}, "geometry": {"type": "LineString", "coordinates": [[-79.358314, 43.6937965], [-79.3585166, 43.6938171]]}}, {"type": "Feature", "properties": {"name": "Mud Creek", "waterway": "stream", "_id": 176035196}, "geometry": {"type": "LineString", "coordinates": [[-79.3687923, 43.6899222], [-79.3685949, 43.6898464], [-79.3683852, 43.689743], [-79.3683197, 43.6896982], [-79.3681926, 43.6895941], [-79.3680899, 43.6894799], [-79.3680054, 43.6894234], [-79.3679449, 43.6893935], [-79.367863, 43.689298], [-79.3678087, 43.6892159], [-79.3677166, 43.6891325], [-79.3676378, 43.6889924], [-79.3676081, 43.6889631], [-79.3675784, 43.6889083], [-79.3675057, 43.6888162], [-79.3674078, 43.6885945], [-79.3673486, 43.6884922], [-79.3673469, 43.6884035], [-79.3673991, 43.6883436], [-79.3674012, 43.6883224], [-79.3673773, 43.6882681], [-79.3673559, 43.68818], [-79.3673707, 43.6880544], [-79.3673056, 43.6879585], [-79.3673016, 43.6879206], [-79.3673056, 43.6879015], [-79.3673818, 43.6877855], [-79.3674539, 43.6877169], [-79.3674567, 43.6875084], [-79.3674232, 43.6875032]]}}, {"type": "Feature", "properties": {"name": "Cudmore Creek", "source": "NRCan-CanVec-10.0", "waterway": "stream", "_id": 176036436}, "geometry": {"type": "LineString", "coordinates": [[-79.3629444, 43.6895712], [-79.3629226, 43.6895549], [-79.3628696, 43.6894972], [-79.3628483, 43.6894612], [-79.3628399, 43.6894548], [-79.3627699, 43.6893547], [-79.3627618, 43.6893474], [-79.3627415, 43.6893133], [-79.3627266, 43.6892983], [-79.3626494, 43.6891813], [-79.3626317, 43.6891669], [-79.3626014, 43.6891158], [-79.3625781, 43.6890933], [-79.3625256, 43.6890181], [-79.3625229, 43.6890091]]}}, {"type": "Feature", "properties": {"layer": "-1", "source": "NRCan-CanVec-10.0", "tunnel": "yes", "waterway": "stream", "_id": 176036437}, "geometry": {"type": "LineString", "coordinates": [[-79.3660998, 43.687903], [-79.3661732, 43.6879019]]}}, {"type": "Feature", "properties": {"layer": "-1", "source": "NRCan-CanVec-10.0", "tunnel": "yes", "waterway": "stream", "_id": 176036438}, "geometry": {"type": "LineString", "coordinates": [[-79.3659187, 43.687916], [-79.365994, 43.687904]]}}, {"type": "Feature", "properties": {"layer": "-1", "name": "Cudmore Creek", "source": "NRCan-CanVec-10.0", "tunnel": "yes", "waterway": "stream", "_id": 176036439}, "geometry": {"type": "LineString", "coordinates": [[-79.3635668, 43.6898222], [-79.3630709, 43.6896237], [-79.3629444, 43.6895712]]}}, {"type": "Feature", "properties": {"layer": "-1", "source": "NRCan-CanVec-10.0", "tunnel": "yes", "waterway": "stream", "_id": 176036440}, "geometry": {"type": "LineString", "coordinates": [[-79.3663258, 43.6881037], [-79.3663627, 43.6880559]]}}, {"type": "Feature", "properties": {"name": "Cudmore Creek", "source": "NRCan-CanVec-10.0", "waterway": "stream", "_id": 176036441}, "geometry": {"type": "LineString", "coordinates": [[-79.3649483, 43.6925352], [-79.3649045, 43.6924749], [-79.36477, 43.6923379], [-79.3647263, 43.6922752], [-79.3647021, 43.6922193], [-79.3646464, 43.6921545], [-79.364573, 43.692108], [-79.3645475, 43.6920426], [-79.3645396, 43.6919549], [-79.364499, 43.6918497], [-79.3644671, 43.6918197], [-79.3643631, 43.6917772], [-79.3643184, 43.6917275], [-79.3643102, 43.6916075], [-79.3643641, 43.6915085], [-79.3643341, 43.6913368], [-79.3642945, 43.6912984], [-79.3642581, 43.6912456], [-79.3642619, 43.6911887], [-79.3642233, 43.6911248], [-79.3641325, 43.6910407], [-79.3640371, 43.6908582], [-79.3640363, 43.6907826], [-79.3639818, 43.6907195], [-79.3639903, 43.6906842], [-79.364012, 43.6906596], [-79.3640199, 43.6905557], [-79.3640897, 43.6904544], [-79.3640908, 43.6904261], [-79.3640723, 43.6903912], [-79.3640913, 43.6903355], [-79.3641264, 43.6902837], [-79.3640659, 43.6901256], [-79.3639887, 43.6900445], [-79.3638805, 43.68998], [-79.3637332, 43.6899086], [-79.3636501, 43.6898555], [-79.3635668, 43.6898222]]}}, {"type": "Feature", "properties": {"layer": "-1", "name": "Taylor-Massey Creek", "source": "NRCan-CanVec-10.0", "tunnel": "yes", "waterway": "stream", "_id": 176844605}, "geometry": {"type": "LineString", "coordinates": [[-79.2743572, 43.731006], [-79.2736086, 43.7305734]]}}, {"type": "Feature", "properties": {"layer": "-1", "name": "Taylor-Massey Creek", "source": "NRCan-CanVec-10.0", "tunnel": "yes", "waterway": "stream", "_id": 176844606}, "geometry": {"type": "LineString", "coordinates": [[-79.2699595, 43.7287079], [-79.2696174, 43.7285321]]}}, {"type": "Feature", "properties": {"layer": "-1", "name": "Taylor-Massey Creek", "source": "NRCan-CanVec-10.0", "tunnel": "yes", "waterway": "stream", "_id": 176844607}, "geometry": {"type": "LineString", "coordinates": [[-79.2793161, 43.732973], [-79.2785254, 43.732671]]}}, {"type": "Feature", "properties": {"name": "Taylor-Massey Creek", "source": "NRCan-CanVec-10.0", "waterway": "stream", "_id": 176844609}, "geometry": {"type": "LineString", "coordinates": [[-79.2736086, 43.7305734], [-79.2735961, 43.7305715], [-79.2734959, 43.7305219], [-79.2733958, 43.7304994], [-79.2733356, 43.7304598], [-79.2732629, 43.7303922], [-79.2730515, 43.7301299], [-79.2728798, 43.7299896], [-79.2727591, 43.7299426], [-79.2726613, 43.7299254], [-79.2725616, 43.7299079], [-79.2723925, 43.7299126], [-79.272233, 43.7299827], [-79.2721589, 43.7299677], [-79.2719023, 43.7298255], [-79.271814, 43.7297556], [-79.2717984, 43.7297202], [-79.2718228, 43.7296179], [-79.2717908, 43.7295865], [-79.271714, 43.7295438], [-79.2716095, 43.7295065], [-79.2713883, 43.7293614], [-79.2711955, 43.7292142], [-79.2707991, 43.729034], [-79.2706278, 43.7290331], [-79.2705587, 43.7290188], [-79.2701841, 43.7288482], [-79.2700988, 43.7287756], [-79.2699595, 43.7287079]]}}, {"type": "Feature", "properties": {"name": "Taylor-Massey Creek", "source": "NRCan-CanVec-10.0", "waterway": "stream", "_id": 176844611}, "geometry": {"type": "LineString", "coordinates": [[-79.2785254, 43.732671], [-79.2785176, 43.7326634], [-79.2784621, 43.7326394], [-79.2780618, 43.7326051], [-79.2777837, 43.7325491], [-79.2776487, 43.7325067], [-79.2775657, 43.7324613], [-79.2770556, 43.7322871], [-79.27687, 43.7322032], [-79.2765358, 43.7320857], [-79.2763055, 43.7319895], [-79.2761775, 43.7319208], [-79.2758579, 43.7315649], [-79.2756152, 43.7313724], [-79.275504, 43.7313327], [-79.2753492, 43.7312989], [-79.2746652, 43.731191], [-79.274484, 43.7311145], [-79.2743572, 43.731006]]}}, {"type": "Feature", "properties": {"name": "Taylor-Massey Creek", "source": "NRCan-CanVec-10.0", "waterway": "stream", "_id": 176844618}, "geometry": {"type": "LineString", "coordinates": [[-79.2696174, 43.7285321], [-79.2695495, 43.7285036], [-79.2695302, 43.7284874], [-79.2693429, 43.728336], [-79.269099, 43.7282747], [-79.2688776, 43.7281378], [-79.2686605, 43.7280659], [-79.2685108, 43.7279811], [-79.2683812, 43.7278894], [-79.2683263, 43.7277703], [-79.2682334, 43.7276554], [-79.2680889, 43.7275814], [-79.2680407, 43.7275239], [-79.2679835, 43.7275011], [-79.2678524, 43.7273958], [-79.2677805, 43.7273734], [-79.267576, 43.727243], [-79.2674896, 43.727143], [-79.2673876, 43.7270525], [-79.2673505, 43.7269989], [-79.2672642, 43.7269282], [-79.2672466, 43.7268928], [-79.2672371, 43.7267931], [-79.267245, 43.726697], [-79.2672826, 43.7266322], [-79.2673663, 43.7265685], [-79.2674592, 43.7264433], [-79.2675857, 43.7263294], [-79.2676775, 43.7261592], [-79.2677072, 43.7260715], [-79.2678311, 43.7259257], [-79.2680144, 43.7256625], [-79.2680452, 43.7255748], [-79.2680307, 43.7253695], [-79.2679871, 43.7252656], [-79.2677875, 43.7250461], [-79.2675196, 43.7246008], [-79.2674503, 43.7245253], [-79.2672804, 43.7244218], [-79.2670337, 43.7243134], [-79.2668095, 43.7242999], [-79.2667451, 43.7242793], [-79.2665199, 43.7241671], [-79.2664714, 43.7241573], [-79.2664332, 43.7241311], [-79.2662472, 43.7240701], [-79.2661943, 43.7240387], [-79.2660555, 43.7239877], [-79.2658973, 43.7239063]]}}, {"type": "Feature", "properties": {"layer": "-1", "source": "NRCan-CanVec-10.0", "tunnel": "yes", "waterway": "stream", "_id": 176844661}, "geometry": {"type": "LineString", "coordinates": [[-79.2657401, 43.7227171], [-79.2655588, 43.7227908]]}}, {"type": "Feature", "properties": {"layer": "-1", "source": "NRCan-CanVec-10.0", "tunnel": "yes", "waterway": "stream", "_id": 176845783}, "geometry": {"type": "LineString", "coordinates": [[-79.3585098, 43.7319855], [-79.358653, 43.7320033]]}}, {"type": "Feature", "properties": {"layer": "-1", "source": "NRCan-CanVec-10.0", "tunnel": "yes", "waterway": "stream", "_id": 176845893}, "geometry": {"type": "LineString", "coordinates": [[-79.3584999, 43.7323666], [-79.3585392, 43.7323431]]}}, {"type": "Feature", "properties": {"name": "Burke Brook", "source": "NRCan-CanVec-10.0", "waterway": "stream", "_id": 176849488}, "geometry": {"type": "LineString", "coordinates": [[-79.37515, 43.7200858], [-79.3751406, 43.720083], [-79.3751037, 43.720065], [-79.3750731, 43.7200289], [-79.3750661, 43.7199165], [-79.3750312, 43.7198845], [-79.3748069, 43.7197919], [-79.374681, 43.7197727], [-79.3745676, 43.7197761], [-79.374423, 43.7198125], [-79.374308, 43.7198811], [-79.3741036, 43.7199737], [-79.3740429, 43.7200476], [-79.3739167, 43.7201296], [-79.3738482, 43.7201581], [-79.373626, 43.7202198], [-79.3734693, 43.7202186], [-79.3733078, 43.7202354], [-79.3731805, 43.7202285], [-79.3730147, 43.7202547], [-79.3729602, 43.7202559], [-79.3726761, 43.7201951], [-79.3725079, 43.7201803], [-79.3723878, 43.7202068], [-79.3723172, 43.7202118], [-79.3718751, 43.7202128], [-79.3716985, 43.7202372], [-79.3714005, 43.7202275], [-79.37128, 43.7202045], [-79.3708588, 43.7200738], [-79.3707778, 43.7200596], [-79.3707099, 43.720062], [-79.3706607, 43.7200778], [-79.37058, 43.720129], [-79.3705018, 43.7201603], [-79.3703059, 43.7201868], [-79.3701663, 43.7202218], [-79.3700936, 43.72023], [-79.3699837, 43.7202284], [-79.3698281, 43.7202616], [-79.3697964, 43.7202859], [-79.3697098, 43.7203389], [-79.3696355, 43.7203824], [-79.3695199, 43.7205148], [-79.3694134, 43.7205668], [-79.3693367, 43.7205994], [-79.3691343, 43.7207106], [-79.3690725, 43.7207565], [-79.3689858, 43.7208211], [-79.3689605, 43.720852], [-79.3689436, 43.7208899], [-79.3689476, 43.720948], [-79.3690066, 43.7210317], [-79.3690043, 43.7210799], [-79.3689927, 43.7211174], [-79.3689616, 43.721142], [-79.3689001, 43.7211615], [-79.3688268, 43.7211626], [-79.3687523, 43.721143], [-79.3686596, 43.7211121], [-79.3685639, 43.7211019], [-79.3684715, 43.7211036], [-79.3683398, 43.7211367], [-79.3681787, 43.7211537], [-79.3680905, 43.7211482], [-79.3680061, 43.7211316], [-79.3679055, 43.7210807], [-79.3678461, 43.7209748], [-79.3677966, 43.7209239], [-79.3677309, 43.7208972], [-79.3676598, 43.7208853], [-79.3676236, 43.7208956], [-79.3675833, 43.7209209], [-79.3675554, 43.7209507], [-79.3675387, 43.7209975], [-79.3675262, 43.7210182], [-79.3675075, 43.7210358], [-79.3674113, 43.7210833], [-79.3672627, 43.7211181], [-79.3670599, 43.721143], [-79.3669695, 43.7211381], [-79.3669127, 43.7210912], [-79.366868, 43.7210611], [-79.366768, 43.7210186], [-79.3666362, 43.7209462], [-79.3664981, 43.7208894], [-79.3664032, 43.7208284]]}}, {"type": "Feature", "properties": {"layer": "-1", "name": "Lavender Creek", "source": "NRCan-CanVec-10.0", "tunnel": "yes", "waterway": "stream", "_id": 177187525}, "geometry": {"type": "LineString", "coordinates": [[-79.4814475, 43.6740404], [-79.4816305, 43.6740872], [-79.4817551, 43.6741732], [-79.4818187, 43.6742734]]}}, {"type": "Feature", "properties": {"layer": "-1", "source": "NRCan-CanVec-10.0", "tunnel": "yes", "waterway": "stream", "_id": 177929877}, "geometry": {"type": "LineString", "coordinates": [[-79.4116088, 43.7464209], [-79.4115508, 43.7463989]]}}, {"type": "Feature", "properties": {"layer": "-1", "source": "NRCan-CanVec-10.0", "tunnel": "yes", "waterway": "stream", "_id": 177929878}, "geometry": {"type": "LineString", "coordinates": [[-79.4124382, 43.7467717], [-79.4124122, 43.7467939]]}}, {"type": "Feature", "properties": {"layer": "-1", "source": "NRCan-CanVec-10.0", "tunnel": "yes", "waterway": "stream", "_id": 177929879}, "geometry": {"type": "LineString", "coordinates": [[-79.4112253, 43.7462035], [-79.4111673, 43.746163]]}}, {"type": "Feature", "properties": {"layer": "-1", "source": "NRCan-CanVec-10.0", "tunnel": "yes", "waterway": "stream", "_id": 177929880}, "geometry": {"type": "LineString", "coordinates": [[-79.4122838, 43.746802], [-79.4122376, 43.7467822], [-79.4121974, 43.746763]]}}, {"type": "Feature", "properties": {"layer": "-1", "source": "NRCan-CanVec-10.0", "tunnel": "yes", "waterway": "stream", "_id": 179562366}, "geometry": {"type": "LineString", "coordinates": [[-79.3863796, 43.7901426], [-79.3853176, 43.7892616]]}}, {"type": "Feature", "properties": {"name": "Burke Brook", "source": "NRCan-CanVec-10.0", "waterway": "stream", "_id": 180185821}, "geometry": {"type": "LineString", "coordinates": [[-79.3823951, 43.7164228], [-79.3823154, 43.7165294], [-79.382205, 43.7166648], [-79.3820382, 43.71682], [-79.3819249, 43.7168995], [-79.3818, 43.7169569], [-79.3817085, 43.7170177], [-79.381615, 43.7171502], [-79.3814388, 43.7172668], [-79.3813525, 43.7173715], [-79.3812707, 43.7174237], [-79.3811111, 43.7174755], [-79.3810077, 43.7175917], [-79.3808738, 43.7176729], [-79.3808406, 43.7176937], [-79.3807471, 43.7177265], [-79.3805243, 43.7177747], [-79.3803657, 43.7177994], [-79.3801985, 43.7178088], [-79.3800998, 43.7178255], [-79.3800097, 43.7178248], [-79.3799467, 43.7178449], [-79.3799296, 43.7178856]]}}, {"type": "Feature", "properties": {"attribution": "Natural Resources Canada", "canvec:CODE": "1470071", "canvec:UUID": "abb0954a782e4140931a4309b620594e", "layer": "-1", "source": "CanVec_Import_2009", "tunnel": "yes", "waterway": "stream", "_id": 181048998}, "geometry": {"type": "LineString", "coordinates": [[-79.5364352, 43.7749603], [-79.5349106, 43.7749581], [-79.5342896, 43.7749824]]}}, {"type": "Feature", "properties": {"layer": "-1", "source": "NRCan-CanVec-10.0", "tunnel": "yes", "waterway": "stream", "_id": 182720111}, "geometry": {"type": "LineString", "coordinates": [[-79.3819715, 43.7886795], [-79.381615, 43.7885421], [-79.3798162, 43.7881321], [-79.3794992, 43.7879755], [-79.379138, 43.7877098]]}}, {"type": "Feature", "properties": {"layer": "-1", "name": "Applewood Creek", "source": "CanVec 6.0 - NRCan", "tunnel": "yes", "waterway": "stream", "_id": 182884269}, "geometry": {"type": "LineString", "coordinates": [[-79.5530989, 43.5847275], [-79.552979, 43.5845961]]}}, {"type": "Feature", "properties": {"layer": "-1", "source": "NRCan-CanVec-10.0", "tunnel": "yes", "waterway": "stream", "_id": 182919090}, "geometry": {"type": "LineString", "coordinates": [[-79.1137309, 43.7972573], [-79.1139654, 43.7970224]]}}, {"type": "Feature", "properties": {"layer": "-1", "name": "Petticoat Creek", "source": "NRCan-CanVec-10.0", "tunnel": "yes", "waterway": "stream", "_id": 182920049}, "geometry": {"type": "LineString", "coordinates": [[-79.1252111, 43.8106772], [-79.1245437, 43.8095985]]}}, {"type": "Feature", "properties": {"layer": "-1", "source": "NRCan-CanVec-10.0", "tunnel": "yes", "waterway": "stream", "_id": 182920059}, "geometry": {"type": "LineString", "coordinates": [[-79.120119, 43.8110928], [-79.1205861, 43.8097578]]}}, {"type": "Feature", "properties": {"layer": "-1", "source": "NRCan-CanVec-10.0", "tunnel": "yes", "waterway": "stream", "_id": 185648559}, "geometry": {"type": "LineString", "coordinates": [[-79.3987639, 43.7950581], [-79.3978401, 43.7952068]]}}, {"type": "Feature", "properties": {"layer": "-1", "source": "NRCan-CanVec-10.0", "tunnel": "yes", "waterway": "stream", "_id": 185648883}, "geometry": {"type": "LineString", "coordinates": [[-79.3955163, 43.798459], [-79.3954854, 43.798478], [-79.395424, 43.7984991], [-79.3952064, 43.7985453], [-79.395177, 43.7985734], [-79.3948315, 43.7987849], [-79.3947037, 43.7988168]]}}, {"type": "Feature", "properties": {"alt_name": "East Don River", "layer": "-1", "name": "East Patterson Creek", "source": "NRCan-CanVec-10.0", "tunnel": "yes", "waterway": "stream", "_id": 185918278}, "geometry": {"type": "LineString", "coordinates": [[-79.4470808, 43.8577626], [-79.4469481, 43.8575509]]}}, {"type": "Feature", "properties": {"alt_name": "East Don River", "layer": "-1", "name": "Patterson Creek", "source": "NRCan-CanVec-10.0", "tunnel": "yes", "waterway": "stream", "_id": 185918357}, "geometry": {"type": "LineString", "coordinates": [[-79.4515094, 43.8568003], [-79.451229, 43.8566549]]}}, {"type": "Feature", "properties": {"alt_name": "East Don River", "layer": "-1", "name": "Patterson Creek", "source": "NRCan-CanVec-10.0", "tunnel": "yes", "waterway": "stream", "_id": 185918402}, "geometry": {"type": "LineString", "coordinates": [[-79.4524793, 43.858977], [-79.4524363, 43.8588561]]}}, {"type": "Feature", "properties": {"alt_name": "East Don River", "layer": "-1", "name": "Patterson Creek", "source": "NRCan-CanVec-10.0", "tunnel": "yes", "waterway": "stream", "_id": 185918403}, "geometry": {"type": "LineString", "coordinates": [[-79.4531108, 43.8590221], [-79.4530765, 43.8590338], [-79.452918, 43.8590732]]}}, {"type": "Feature", "properties": {"alt_name": "East Don River", "layer": "-1", "name": "East Patterson Creek", "source": "NRCan-CanVec-10.0", "tunnel": "yes", "waterway": "stream", "_id": 185930644}, "geometry": {"type": "LineString", "coordinates": [[-79.451427, 43.8683913], [-79.4513678, 43.8681828], [-79.4513085, 43.8679742]]}}, {"type": "Feature", "properties": {"alt_name": "East Don River", "layer": "-1", "name": "East Patterson Creek", "source": "NRCan-CanVec-10.0", "tunnel": "culvert", "waterway": "stream", "_id": 185930825}, "geometry": {"type": "LineString", "coordinates": [[-79.4516281, 43.8688601], [-79.4514865, 43.8688492]]}}, {"type": "Feature", "properties": {"alt_name": "East Don River", "layer": "-1", "name": "East Patterson Creek", "source": "NRCan-CanVec-10.0", "tunnel": "yes", "waterway": "stream", "_id": 185930986}, "geometry": {"type": "LineString", "coordinates": [[-79.445576, 43.8607812], [-79.445784, 43.8607205]]}}, {"type": "Feature", "properties": {"alt_name": "East Don River", "layer": "-1", "name": "East Patterson Creek", "source": "NRCan-CanVec-10.0", "tunnel": "yes", "waterway": "stream", "_id": 185931241}, "geometry": {"type": "LineString", "coordinates": [[-79.4463334, 43.8654836], [-79.4461636, 43.8653092]]}}, {"type": "Feature", "properties": {"attribution": "Natural Resources Canada", "canvec:CODE": "1470171", "canvec:UUID": "46390c4c0db648b7a3485c88d8b46277", "layer": "-1", "source": "CanVec_Import_2009", "tunnel": "yes", "waterway": "stream", "_id": 186032723}, "geometry": {"type": "LineString", "coordinates": [[-79.5634739, 43.8113955], [-79.5638543, 43.8112923], [-79.5643074, 43.811138], [-79.5645395, 43.8109349], [-79.5646832, 43.8108357]]}}, {"type": "Feature", "properties": {"layer": "-1", "source": "CanVec 6.0 - NRCan", "tunnel": "yes", "waterway": "stream", "_id": 186654335}, "geometry": {"type": "LineString", "coordinates": [[-79.4938927, 43.7386647], [-79.4939284, 43.7386257], [-79.4941022, 43.7384249]]}}, {"type": "Feature", "properties": {"layer": "-1", "source": "CanVec 6.0 - NRCan", "tunnel": "yes", "waterway": "stream", "_id": 186666280}, "geometry": {"type": "LineString", "coordinates": [[-79.3458889, 43.7242689], [-79.3459357, 43.7242552]]}}, {"type": "Feature", "properties": {"layer": "-1", "name": "Silver Creek", "source": "CanVec 6.0 - NRCan", "tunnel": "yes", "waterway": "stream", "_id": 186712543}, "geometry": {"type": "LineString", "coordinates": [[-79.5305452, 43.6820571], [-79.5304651, 43.6817077], [-79.5305202, 43.6814369], [-79.5305741, 43.6813555]]}}, {"type": "Feature", "properties": {"layer": "-1", "source": "CanVec 6.0 - NRCan", "tunnel": "yes", "waterway": "stream", "_id": 186714054}, "geometry": {"type": "LineString", "coordinates": [[-79.133178, 43.8187559], [-79.1328834, 43.8183958]]}}, {"type": "Feature", "properties": {"layer": "-1", "source": "NRCan-CanVec-10.0", "tunnel": "yes", "waterway": "stream", "_id": 188276795}, "geometry": {"type": "LineString", "coordinates": [[-79.4931089, 43.6426506], [-79.4929666, 43.64264], [-79.4928855, 43.6426395]]}}, {"type": "Feature", "properties": {"channelised": "yes", "intermittent": "no", "name": "Black Creek", "waterway": "river", "width": "3", "_id": 189629003}, "geometry": {"type": "LineString", "coordinates": [[-79.5054945, 43.6748041], [-79.505703, 43.6747502], [-79.5058586, 43.6746746], [-79.50606, 43.674553], [-79.5062362, 43.6743269], [-79.5063907, 43.6739731], [-79.5065023, 43.6735137], [-79.5065452, 43.6730605], [-79.5065366, 43.6727191], [-79.5066444, 43.6723996], [-79.5067165, 43.672244], [-79.5068116, 43.6720777], [-79.506968, 43.6719081], [-79.5071546, 43.6717382], [-79.507299, 43.6716307], [-79.5074708, 43.6715261], [-79.5077393, 43.6713977], [-79.5080206, 43.6712918], [-79.5083598, 43.6711656], [-79.5087488, 43.6710083], [-79.5093496, 43.6707084], [-79.5095883, 43.6705839], [-79.5099545, 43.6703578], [-79.5105213, 43.6699527], [-79.5107643, 43.6697439], [-79.5109303, 43.6695855], [-79.5110385, 43.6694769], [-79.5115071, 43.6691006]]}}, {"type": "Feature", "properties": {"layer": "-1", "name": "Black Creek", "waterway": "river", "_id": 189629004}, "geometry": {"type": "LineString", "coordinates": [[-79.5052416, 43.6748752], [-79.5054945, 43.6748041]]}}, {"type": "Feature", "properties": {"layer": "-1", "tunnel": "culvert", "waterway": "stream", "_id": 192361540}, "geometry": {"type": "LineString", "coordinates": [[-79.4817545, 43.7412232], [-79.4818925, 43.7411454]]}}, {"type": "Feature", "properties": {"layer": "-1", "source": "Bing", "tunnel": "culvert", "waterway": "stream", "_id": 192381549}, "geometry": {"type": "LineString", "coordinates": [[-79.4808826, 43.7389421], [-79.4810543, 43.7389339]]}}, {"type": "Feature", "properties": {"layer": "-1", "source": "CanVec 6.0 - NRCan", "tunnel": "yes", "waterway": "stream", "_id": 193052177}, "geometry": {"type": "LineString", "coordinates": [[-79.3412736, 43.7487815], [-79.3421567, 43.7487631]]}}, {"type": "Feature", "properties": {"layer": "-1", "source": "CanVec 6.0 - NRCan", "tunnel": "yes", "waterway": "stream", "_id": 198695124}, "geometry": {"type": "LineString", "coordinates": [[-79.4799759, 43.6995401], [-79.4808643, 43.6993444]]}}, {"type": "Feature", "properties": {"layer": "-1", "source": "NRCan-CanVec-8.0", "tunnel": "yes", "waterway": "stream", "_id": 198695217}, "geometry": {"type": "LineString", "coordinates": [[-79.3760172, 43.7312296], [-79.3759894, 43.7311365]]}}, {"type": "Feature", "properties": {"layer": "-1", "name": "Dorset Creek", "source": "NRCan-CanVec-10.0", "tunnel": "yes", "waterway": "stream", "_id": 203928269}, "geometry": {"type": "LineString", "coordinates": [[-79.2817214, 43.7581648], [-79.2815498, 43.7580955]]}}, {"type": "Feature", "properties": {"layer": "-1", "source": "NRCan-CanVec-10.0", "tunnel": "yes", "waterway": "stream", "_id": 203962967}, "geometry": {"type": "LineString", "coordinates": [[-79.4370369, 43.7509925], [-79.4368138, 43.7508143], [-79.4367804, 43.7507826]]}}, {"type": "Feature", "properties": {"layer": "-1", "name": "Wilket Creek", "tunnel": "yes", "waterway": "stream", "_id": 204868522}, "geometry": {"type": "LineString", "coordinates": [[-79.3763201, 43.7425753], [-79.3762037, 43.7425099]]}}, {"type": "Feature", "properties": {"name": "Wilket Creek", "waterway": "stream", "_id": 204868523}, "geometry": {"type": "LineString", "coordinates": [[-79.3762037, 43.7425099], [-79.3759222, 43.7423128], [-79.3757663, 43.742206], [-79.3755992, 43.7422055], [-79.3754204, 43.7422383], [-79.375315, 43.7421995], [-79.3752973, 43.7420772], [-79.3752528, 43.7419113], [-79.3751538, 43.7418255]]}}, {"type": "Feature", "properties": {"intermittent": "yes", "layer": "-1", "name": "Castle Frank Brook", "source": "NRCan-CanVec-10.0", "tunnel": "yes", "waterway": "stream", "_id": 204868612}, "geometry": {"type": "LineString", "coordinates": [[-79.4082869, 43.6815734], [-79.4082174, 43.6816097], [-79.4081608, 43.6816401]]}}, {"type": "Feature", "properties": {"intermittent": "yes", "name": "Castle Frank Brook", "source": "NRCan-CanVec-10.0", "waterway": "stream", "_id": 204868613}, "geometry": {"type": "LineString", "coordinates": [[-79.4081608, 43.6816401], [-79.4081045, 43.681658], [-79.4079842, 43.6816688], [-79.4078685, 43.6816609], [-79.4076764, 43.6816271], [-79.4075071, 43.6815407], [-79.4073838, 43.6815016], [-79.4073163, 43.6814571], [-79.4070476, 43.6811645], [-79.4066908, 43.681025], [-79.4065261, 43.6809853], [-79.406382, 43.6809538]]}}, {"type": "Feature", "properties": {"layer": "-1", "name": "Black Creek", "source": "CanVec 6.0 - NRCan", "tunnel": "yes", "waterway": "stream", "_id": 204868758}, "geometry": {"type": "LineString", "coordinates": [[-79.5112682, 43.7329196], [-79.5117833, 43.7328292]]}}, {"type": "Feature", "properties": {"name": "Black Creek", "source": "CanVec 6.0 - NRCan", "waterway": "stream", "_id": 204868759}, "geometry": {"type": "LineString", "coordinates": [[-79.5117833, 43.7328292], [-79.5122097, 43.7326971], [-79.5123995, 43.732597], [-79.5128871, 43.7323406], [-79.5132071, 43.7321356], [-79.5132777, 43.732112], [-79.5135545, 43.732325], [-79.5137605, 43.7323802], [-79.514272, 43.7323455], [-79.5146631, 43.7323344], [-79.5148866, 43.7323384], [-79.5151072, 43.7323872], [-79.5155369, 43.7325552], [-79.5158693, 43.7326422], [-79.5161727, 43.7328508], [-79.5162784, 43.7327974], [-79.5163042, 43.7325032], [-79.5163393, 43.7324008], [-79.5165362, 43.7323366], [-79.5168154, 43.7322872], [-79.5171476, 43.7322655], [-79.5174889, 43.732327], [-79.5176163, 43.7323567], [-79.5176509, 43.7323541], [-79.5177867, 43.7323087], [-79.5180597, 43.732123], [-79.5181411, 43.732064], [-79.5182675, 43.7320596], [-79.5183234, 43.7320787], [-79.5183832, 43.7321275], [-79.5182741, 43.7323687], [-79.5182993, 43.7324167], [-79.5183249, 43.7324516], [-79.5184715, 43.7324191], [-79.5188072, 43.7322231], [-79.5189082, 43.7321365], [-79.5189497, 43.7320737], [-79.5190227, 43.7320425], [-79.5190866, 43.7320485], [-79.5191537, 43.7320847], [-79.5192333, 43.7320935], [-79.5193002, 43.7320638], [-79.5193493, 43.7319283], [-79.5192756, 43.7318153], [-79.5191491, 43.7316689], [-79.5190832, 43.7316208], [-79.5189304, 43.7314971], [-79.5187906, 43.7314072], [-79.5188084, 43.7312369], [-79.5187468, 43.7311072], [-79.5186094, 43.7309752], [-79.5186563, 43.7308458], [-79.5189083, 43.730626], [-79.5189957, 43.7305835], [-79.5190689, 43.7305392], [-79.5191146, 43.7304358], [-79.5190991, 43.7302955], [-79.5191031, 43.7301633], [-79.5191173, 43.7299334], [-79.5189366, 43.7297188], [-79.518797, 43.7294556], [-79.5185583, 43.7292042], [-79.5184552, 43.7291404], [-79.5181613, 43.7290066], [-79.5176471, 43.7288344], [-79.5174935, 43.7287358], [-79.5171955, 43.7285512], [-79.5170539, 43.7283446], [-79.517082, 43.7277155], [-79.51702, 43.7276047], [-79.516908, 43.727494], [-79.5167815, 43.7274622], [-79.5164287, 43.7274348], [-79.5163432, 43.727356], [-79.516343, 43.7272473], [-79.5166473, 43.7265412], [-79.5166584, 43.7262534], [-79.5165994, 43.726134], [-79.5164284, 43.7259402], [-79.5164245, 43.7254775], [-79.5168123, 43.72533], [-79.5170092, 43.725302], [-79.5171177, 43.7251676], [-79.5170081, 43.7247946], [-79.5170366, 43.7243831], [-79.5169066, 43.724106], [-79.5165742, 43.7239828], [-79.515809, 43.7236276], [-79.5157823, 43.7234869], [-79.5158288, 43.7232416], [-79.5156139, 43.7231033], [-79.5153581, 43.7231206], [-79.5152792, 43.7233147], [-79.5146501, 43.7233282], [-79.5145236, 43.7232964], [-79.5144234, 43.7231877], [-79.5143644, 43.7230684], [-79.5142819, 43.7230173], [-79.5139292, 43.7230262], [-79.5138793, 43.7230625], [-79.5138882, 43.7231094], [-79.5140472, 43.7232287], [-79.5140679, 43.7232777], [-79.5138773, 43.7235423], [-79.5135657, 43.7235405], [-79.5134068, 43.7234937], [-79.5131535, 43.7232488], [-79.5127564, 43.723132], [-79.5124507, 43.7231494], [-79.5113524, 43.7233042]]}}, {"type": "Feature", "properties": {"layer": "-1", "source": "CanVec 6.0 - NRCan", "tunnel": "yes", "waterway": "stream", "_id": 206197387}, "geometry": {"type": "LineString", "coordinates": [[-79.4226867, 43.7484459], [-79.4223485, 43.7486293], [-79.4219396, 43.7487636], [-79.4219043, 43.748866], [-79.4218985, 43.7489918], [-79.4218142, 43.7491064], [-79.4216867, 43.7492797], [-79.4216808, 43.7493692], [-79.421435, 43.7494451]]}}, {"type": "Feature", "properties": {"layer": "-1", "source": "NRCan-CanVec-10.0", "tunnel": "yes", "waterway": "stream", "_id": 208289153}, "geometry": {"type": "LineString", "coordinates": [[-79.2513228, 43.7605062], [-79.251273, 43.7604407], [-79.2510208, 43.7603264], [-79.2509673, 43.7602862], [-79.2508906, 43.7602067]]}}, {"type": "Feature", "properties": {"layer": "-1", "name": "Lavender Creek", "source": "NRCan-CanVec-10.0", "tunnel": "yes", "waterway": "stream", "_id": 214791418}, "geometry": {"type": "LineString", "coordinates": [[-79.4695639, 43.6774726], [-79.4695074, 43.677375], [-79.4695091, 43.6773083], [-79.4695749, 43.6772492], [-79.4696311, 43.6772099], [-79.4696423, 43.67713], [-79.4695901, 43.6770159], [-79.4695557, 43.6769221], [-79.4695307, 43.6768217], [-79.4696157, 43.6767294]]}}, {"type": "Feature", "properties": {"name": "Lavender Creek", "source": "NRCan-CanVec-10.0", "waterway": "stream", "_id": 214791419}, "geometry": {"type": "LineString", "coordinates": [[-79.4732828, 43.6754938], [-79.4768926, 43.6747524], [-79.4788255, 43.6743335], [-79.4796216, 43.6741755], [-79.4814475, 43.6740404]]}}, {"type": "Feature", "properties": {"layer": "-1", "name": "Lavender Creek", "source": "NRCan-CanVec-10.0", "tunnel": "yes", "waterway": "stream", "_id": 214791420}, "geometry": {"type": "LineString", "coordinates": [[-79.4704844, 43.6763062], [-79.4706905, 43.6762041], [-79.4708896, 43.6761461], [-79.4726426, 43.6755793], [-79.4732828, 43.6754938]]}}, {"type": "Feature", "properties": {"name": "Lavender Creek", "source": "NRCan-CanVec-10.0", "waterway": "stream", "_id": 214791421}, "geometry": {"type": "LineString", "coordinates": [[-79.4696157, 43.6767294], [-79.469883, 43.6766996], [-79.4701418, 43.6766431], [-79.4702738, 43.6765114], [-79.4703685, 43.6763993], [-79.4704844, 43.6763062]]}}, {"type": "Feature", "properties": {"layer": "-1", "name": "Deerlick Creek", "source": "NRCan-CanVec-10.0", "tunnel": "yes", "waterway": "stream", "_id": 219802013}, "geometry": {"type": "LineString", "coordinates": [[-79.3314479, 43.762325], [-79.3313393, 43.7620135]]}}, {"type": "Feature", "properties": {"layer": "-1", "source": "CanVec 6.0 - NRCan", "tunnel": "yes", "waterway": "stream", "_id": 219802083}, "geometry": {"type": "LineString", "coordinates": [[-79.1918653, 43.808937], [-79.1915961, 43.8094255]]}}, {"type": "Feature", "properties": {"layer": "-1", "name": "Burke Brook", "source": "NRCan-CanVec-10.0", "tunnel": "yes", "waterway": "stream", "_id": 219802183}, "geometry": {"type": "LineString", "coordinates": [[-79.3664032, 43.7208284], [-79.3662988, 43.7207859]]}}, {"type": "Feature", "properties": {"name": "Burke Brook", "source": "NRCan-CanVec-10.0", "waterway": "stream", "_id": 219802184}, "geometry": {"type": "LineString", "coordinates": [[-79.3662988, 43.7207859], [-79.3661607, 43.7207374], [-79.3660371, 43.7207144], [-79.3658874, 43.7207016], [-79.3658198, 43.7207], [-79.3656744, 43.720678], [-79.3656028, 43.7206704]]}}, {"type": "Feature", "properties": {"layer": "-1", "name": "Taylor Massey Creek", "note": "some older signs had hyphen - Taylor-Massey Creek", "tunnel": "yes", "waterway": "stream", "_id": 219803260}, "geometry": {"type": "LineString", "coordinates": [[-79.2782166, 43.7129855], [-79.2783453, 43.7129483], [-79.2792206, 43.7128917]]}}, {"type": "Feature", "properties": {"name": "Taylor Massey Creek", "note": "some older signs had hyphen - Taylor-Massey Creek", "waterway": "stream", "_id": 219803261}, "geometry": {"type": "LineString", "coordinates": [[-79.2792206, 43.7128917], [-79.279504, 43.7129235], [-79.2799761, 43.7128862], [-79.2809632, 43.7128862]]}}, {"type": "Feature", "properties": {"layer": "-1", "name": "Morningside Creek", "source": "NRCan-CanVec-10.0", "tunnel": "yes", "waterway": "stream", "_id": 220122633}, "geometry": {"type": "LineString", "coordinates": [[-79.2535164, 43.8461828], [-79.2535117, 43.8461855], [-79.252811, 43.8466177]]}}, {"type": "Feature", "properties": {"layer": "-1", "name": "Vyner Creek", "source": "NRCan-CanVec-10.0", "tunnel": "yes", "waterway": "stream", "_id": 226668714}, "geometry": {"type": "LineString", "coordinates": [[-79.3772361, 43.7640206], [-79.376923, 43.763677]]}}, {"type": "Feature", "properties": {"layer": "-1", "name": "Elmcrest Creek", "tunnel": "yes", "waterway": "stream", "_id": 228873966}, "geometry": {"type": "LineString", "coordinates": [[-79.5729874, 43.638357], [-79.5726756, 43.6381801]]}}, {"type": "Feature", "properties": {"layer": "-1", "source": "CanVec 6.0 - NRCan", "tunnel": "yes", "waterway": "stream", "_id": 229297611}, "geometry": {"type": "LineString", "coordinates": [[-79.2170546, 43.8641888], [-79.2172283, 43.8639245]]}}, {"type": "Feature", "properties": {"layer": "-1", "tunnel": "yes", "waterway": "stream", "_id": 231657965}, "geometry": {"type": "LineString", "coordinates": [[-79.3650643, 43.6454714], [-79.3647823, 43.6451413]]}}, {"type": "Feature", "properties": {"layer": "-1", "tunnel": "yes", "waterway": "stream", "_id": 231657966}, "geometry": {"type": "LineString", "coordinates": [[-79.3640435, 43.6440257], [-79.3639839, 43.6439111]]}}, {"type": "Feature", "properties": {"layer": "-1", "tunnel": "yes", "waterway": "stream", "_id": 233675376}, "geometry": {"type": "LineString", "coordinates": [[-79.3140575, 43.7036833], [-79.3149595, 43.7037859]]}}, {"type": "Feature", "properties": {"layer": "-1", "source": "CanVec 6.0 - NRCan", "tunnel": "yes", "waterway": "stream", "_id": 233770256}, "geometry": {"type": "LineString", "coordinates": [[-79.1909769, 43.8516052], [-79.1908561, 43.8514692]]}}, {"type": "Feature", "properties": {"tunnel": "culvert", "waterway": "stream", "_id": 235046729}, "geometry": {"type": "LineString", "coordinates": [[-79.5197899, 43.77494], [-79.5198608, 43.7750109]]}}, {"type": "Feature", "properties": {"layer": "-1", "source": "CanVec 6.0 - NRCan", "tunnel": "yes", "waterway": "stream", "_id": 235771775}, "geometry": {"type": "LineString", "coordinates": [[-79.4939231, 43.7419801], [-79.4944897, 43.742018]]}}, {"type": "Feature", "properties": {"layer": "-1", "name": "Burke Brook", "tunnel": "yes", "waterway": "stream", "_id": 235771987}, "geometry": {"type": "LineString", "coordinates": [[-79.3871762, 43.7163889], [-79.3871418, 43.7163299]]}}, {"type": "Feature", "properties": {"layer": "-1", "name": "Burke Brook", "tunnel": "culvert", "waterway": "stream", "_id": 235771988}, "geometry": {"type": "LineString", "coordinates": [[-79.3864774, 43.7155981], [-79.3858432, 43.7154339], [-79.385215, 43.7153732], [-79.3846548, 43.7154167], [-79.3841076, 43.7154947], [-79.3837931, 43.7156472], [-79.3830299, 43.7160549], [-79.3825434, 43.7163261], [-79.3823951, 43.7164228]]}}, {"type": "Feature", "properties": {"layer": "-1", "source": "CanVec 6.0 - NRCan", "tunnel": "yes", "waterway": "stream", "_id": 236023799}, "geometry": {"type": "LineString", "coordinates": [[-79.2390442, 43.8281265], [-79.2388468, 43.8280708]]}}, {"type": "Feature", "properties": {"name": "Mimico Creek", "waterway": "river", "_id": 236255069}, "geometry": {"type": "LineString", "coordinates": [[-79.5901812, 43.6873843], [-79.5900391, 43.6870873], [-79.5900134, 43.6870337], [-79.5901078, 43.6867606], [-79.5907944, 43.6859723], [-79.5911377, 43.6853206], [-79.591009, 43.6851841], [-79.5905369, 43.6852461], [-79.589979, 43.6855627], [-79.5899189, 43.6857427], [-79.5898417, 43.6858233], [-79.5895585, 43.6858482], [-79.5892924, 43.685904], [-79.5889405, 43.685873], [-79.5886916, 43.6857737], [-79.58858, 43.6855999], [-79.5884341, 43.6854261], [-79.588168, 43.6854696], [-79.5878933, 43.6856185], [-79.5877217, 43.685662], [-79.5874642, 43.6855503], [-79.5873784, 43.6853392], [-79.5874299, 43.6850847], [-79.5876444, 43.6848365], [-79.5876959, 43.6846503], [-79.5875414, 43.6844889], [-79.5874384, 43.6843337], [-79.5875329, 43.6841972], [-79.5876702, 43.6840606], [-79.5875843, 43.6837999], [-79.5875157, 43.6836572], [-79.5872668, 43.6836634], [-79.5870865, 43.6837999], [-79.5865544, 43.6838744], [-79.5862368, 43.6838682], [-79.5857647, 43.6837875], [-79.5854214, 43.6834647], [-79.5852498, 43.6833096], [-79.584915, 43.6832165], [-79.5845459, 43.682993], [-79.5844601, 43.6826082], [-79.5844773, 43.6823785], [-79.5843743, 43.6819875], [-79.5844429, 43.6817516], [-79.5845974, 43.6814785], [-79.5848549, 43.6812426], [-79.5850266, 43.6809757], [-79.5850266, 43.6807708], [-79.5848549, 43.6806095], [-79.5845631, 43.6804791], [-79.5842026, 43.680417], [-79.583825, 43.6804418], [-79.583693, 43.6804427], [-79.5836117, 43.6804717], [-79.5835943, 43.6805439], [-79.5835339, 43.6806502], [-79.5834757, 43.6807173], [-79.5833864, 43.6807647], [-79.5832939, 43.6807604], [-79.5831555, 43.6806777], [-79.5829871, 43.6805443], [-79.582832, 43.6802526], [-79.5824688, 43.6800198], [-79.5819291, 43.6797668], [-79.5815013, 43.6796113], [-79.5812688, 43.6795597], [-79.581087, 43.6795604], [-79.5804175, 43.6795977], [-79.5801514, 43.6796908], [-79.5799031, 43.6798556], [-79.5794195, 43.6800071]]}}, {"type": "Feature", "properties": {"layer": "-1", "name": "Curran Hall Creek", "source": "CanVec 6.0 - NRCan", "tunnel": "yes", "waterway": "stream", "_id": 236259346}, "geometry": {"type": "LineString", "coordinates": [[-79.2076531, 43.7639911], [-79.2075803, 43.7639252], [-79.2071372, 43.7636533], [-79.2070034, 43.7635326]]}}, {"type": "Feature", "properties": {"layer": "-1", "tunnel": "culvert", "waterway": "stream", "_id": 239012408}, "geometry": {"type": "LineString", "coordinates": [[-79.5292917, 43.8320045], [-79.5292208, 43.8319618], [-79.5290505, 43.8317301]]}}, {"type": "Feature", "properties": {"tunnel": "culvert", "waterway": "stream", "_id": 239012493}, "geometry": {"type": "LineString", "coordinates": [[-79.5327833, 43.8326556], [-79.532761, 43.8326449], [-79.5326221, 43.8326428], [-79.5325828, 43.8326179], [-79.5324707, 43.8325274], [-79.5324292, 43.8325113], [-79.5322389, 43.8324375], [-79.5321862, 43.8323961], [-79.5321431, 43.8323228], [-79.5320932, 43.8322855], [-79.5320386, 43.8322703], [-79.5319141, 43.8322737], [-79.531847, 43.8322475], [-79.5315797, 43.8321659], [-79.531483, 43.8321203], [-79.5314456, 43.8320726], [-79.5314494, 43.8320277], [-79.5314964, 43.831942], [-79.5314715, 43.8318909], [-79.5314063, 43.8318425], [-79.5313335, 43.8318114], [-79.5312693, 43.8318321], [-79.5312329, 43.8318819], [-79.531232, 43.8319773], [-79.5311936, 43.832009], [-79.5311362, 43.8320104], [-79.5310317, 43.8319572], [-79.5309292, 43.8319386], [-79.5308487, 43.8319614], [-79.5308296, 43.8320008], [-79.530842, 43.8321086], [-79.5308047, 43.832177], [-79.5307213, 43.8322226], [-79.5306533, 43.8322288], [-79.5306044, 43.8322102], [-79.5305949, 43.8321632], [-79.5306217, 43.832092]]}}, {"type": "Feature", "properties": {"attribution": "Natural Resources Canada", "canvec:CODE": "1470171", "canvec:UUID": "b57bffb0fa2d48ee8726aa9709178e91", "layer": "-1", "source": "CanVec_Import_2009", "tunnel": "yes", "waterway": "stream", "_id": 239025788}, "geometry": {"type": "LineString", "coordinates": [[-79.53896, 43.8340012], [-79.5386651, 43.8341018]]}}, {"type": "Feature", "properties": {"attribution": "Natural Resources Canada", "canvec:CODE": "1470171", "canvec:UUID": "4bc16bf9aaae404f92c5c82de0093061", "name": "Black Creek", "name:en": "Black Creek", "source": "CanVec_Import_2009", "waterway": "stream", "_id": 239618725}, "geometry": {"type": "LineString", "coordinates": [[-79.5047437, 43.7597865], [-79.5046431, 43.7595279], [-79.5046635, 43.7593002], [-79.5046471, 43.7590143], [-79.5046477, 43.7588642], [-79.5047124, 43.7587427], [-79.5047424, 43.7586173], [-79.5047054, 43.7585199], [-79.5046053, 43.7584724], [-79.5045319, 43.758463], [-79.5044637, 43.7584633], [-79.5044022, 43.7583851], [-79.5043595, 43.7583435], [-79.5043979, 43.7582795], [-79.5044828, 43.7581744], [-79.5044366, 43.7581089], [-79.5043539, 43.7581119], [-79.5042396, 43.7580913], [-79.5041841, 43.7580563], [-79.5041663, 43.7580131], [-79.5042282, 43.7579655], [-79.5043975, 43.757894], [-79.5046206, 43.7578227], [-79.5048314, 43.7577419], [-79.5049429, 43.7576799], [-79.5050075, 43.7576108], [-79.5049896, 43.7575544], [-79.5049731, 43.7574349], [-79.5050047, 43.7573126], [-79.5051221, 43.7572628], [-79.5052591, 43.7572331], [-79.5053581, 43.757229], [-79.50551, 43.7572094], [-79.5055918, 43.7572075], [-79.5056058, 43.7571568], [-79.5056227, 43.7570956], [-79.5057359, 43.7570702], [-79.5057994, 43.757104], [-79.5058604, 43.757179], [-79.5059211, 43.7571999], [-79.5060403, 43.7571587], [-79.5061372, 43.757148], [-79.5061902, 43.7570934], [-79.5062131, 43.7570054], [-79.5061875, 43.7569667], [-79.5061152, 43.7569508], [-79.5061241, 43.7569193], [-79.5061279, 43.7568143], [-79.5061355, 43.756755], [-79.5061827, 43.7566777], [-79.5061843, 43.7566423], [-79.5062753, 43.7565813], [-79.5062994, 43.7565507], [-79.5063034, 43.7565104]]}}, {"type": "Feature", "properties": {"attribution": "Natural Resources Canada", "canvec:CODE": "1470171", "canvec:UUID": "4bc16bf9aaae404f92c5c82de0093061", "layer": "-1", "name": "Black Creek", "name:en": "Black Creek", "source": "CanVec_Import_2009", "tunnel": "yes", "waterway": "stream", "_id": 239618726}, "geometry": {"type": "LineString", "coordinates": [[-79.5048621, 43.7602016], [-79.5047437, 43.7597865]]}}, {"type": "Feature", "properties": {"layer": "-1", "name": "Somer Creek", "source": "NRCan-CanVec-10.0", "tunnel": "yes", "waterway": "stream", "_id": 243673147}, "geometry": {"type": "LineString", "coordinates": [[-79.3610114, 43.7703273], [-79.3610466, 43.770303]]}}, {"type": "Feature", "properties": {"layer": "-1", "name": "Humber Creek", "source": "CanVec 6.0 - NRCan", "tunnel": "yes", "waterway": "stream", "_id": 245266328}, "geometry": {"type": "LineString", "coordinates": [[-79.5344123, 43.695643], [-79.534189, 43.6954711]]}}, {"type": "Feature", "properties": {"attribution": "Natural Resources Canada", "canvec:CODE": "1470171", "canvec:UUID": "b2fe54e4f36040a2a097e2eed92d792d", "layer": "-1", "source": "CanVec_Import_2009", "tunnel": "yes", "waterway": "stream", "_id": 253514058}, "geometry": {"type": "LineString", "coordinates": [[-79.5776996, 43.7833774], [-79.5776362, 43.7832146], [-79.5775101, 43.7829432]]}}, {"type": "Feature", "properties": {"layer": "-1", "tunnel": "yes", "waterway": "stream", "_id": 257022135}, "geometry": {"type": "LineString", "coordinates": [[-79.6289217, 43.581457], [-79.6288951, 43.5812699], [-79.6287597, 43.5811532], [-79.6282302, 43.5810479], [-79.6274574, 43.5808485], [-79.6264221, 43.5804274], [-79.6232488, 43.5785757], [-79.6227272, 43.578368], [-79.6218831, 43.5782382], [-79.6207404, 43.5781718], [-79.6204393, 43.5781026], [-79.6201431, 43.5780132], [-79.6198445, 43.5777824], [-79.6197888, 43.577494], [-79.6198923, 43.576796], [-79.6197688, 43.57662], [-79.6156319, 43.5738912], [-79.6146017, 43.5729515]]}}, {"type": "Feature", "properties": {"layer": "-1", "tunnel": "yes", "waterway": "drain", "_id": 257022137}, "geometry": {"type": "LineString", "coordinates": [[-79.6388133, 43.5886757], [-79.638503, 43.5889118], [-79.6379606, 43.5893488]]}}, {"type": "Feature", "properties": {"layer": "-1", "tunnel": "yes", "waterway": "drain", "_id": 257022139}, "geometry": {"type": "LineString", "coordinates": [[-79.6271565, 43.5930847], [-79.6269534, 43.5929444], [-79.6266558, 43.5928927], [-79.6256348, 43.5929118]]}}, {"type": "Feature", "properties": {"layer": "-1", "tunnel": "yes", "waterway": "drain", "_id": 257022140}, "geometry": {"type": "LineString", "coordinates": [[-79.5945026, 43.5844796], [-79.5932966, 43.5837431], [-79.5910465, 43.5831875], [-79.5899237, 43.5832568], [-79.5886583, 43.584127]]}}, {"type": "Feature", "properties": {"layer": "-1", "tunnel": "yes", "waterway": "drain", "_id": 257022143}, "geometry": {"type": "LineString", "coordinates": [[-79.6362818, 43.5931433], [-79.6352232, 43.5926315], [-79.6350346, 43.592607], [-79.6342885, 43.5931841], [-79.6340998, 43.59318], [-79.6321865, 43.591694]]}}, {"type": "Feature", "properties": {"layer": "-1", "tunnel": "yes", "waterway": "drain", "_id": 257022144}, "geometry": {"type": "LineString", "coordinates": [[-79.5973773, 43.5876809], [-79.5955219, 43.5864004], [-79.5922649, 43.5856794], [-79.5917314, 43.5857948], [-79.5914049, 43.5853679], [-79.5909589, 43.5852007], [-79.5897804, 43.5849757]]}}, {"type": "Feature", "properties": {"layer": "-1", "tunnel": "yes", "waterway": "drain", "_id": 257022145}, "geometry": {"type": "LineString", "coordinates": [[-79.6002998, 43.5819589], [-79.598094, 43.5837874], [-79.5968676, 43.5831645], [-79.5955696, 43.5824492], [-79.5947176, 43.5832164], [-79.5929657, 43.5819935], [-79.588785, 43.5791149], [-79.5877497, 43.5787457], [-79.5865632, 43.578913]]}}, {"type": "Feature", "properties": {"layer": "-1", "source": "NRCan-CanVec-10.0", "tunnel": "yes", "waterway": "stream", "_id": 262613654}, "geometry": {"type": "LineString", "coordinates": [[-79.3732305, 43.8085847], [-79.3731631, 43.8086005], [-79.3728149, 43.8087149], [-79.3726022, 43.8087679]]}}, {"type": "Feature", "properties": {"layer": "-1", "tunnel": "yes", "waterway": "ditch", "_id": 275315004}, "geometry": {"type": "LineString", "coordinates": [[-79.4307776, 43.8150923], [-79.4306329, 43.815124]]}}, {"type": "Feature", "properties": {"layer": "-1", "tunnel": "yes", "waterway": "ditch", "_id": 275315115}, "geometry": {"type": "LineString", "coordinates": [[-79.4327169, 43.8146662], [-79.4325119, 43.8147118]]}}, {"type": "Feature", "properties": {"tunnel": "culvert", "waterway": "drain", "_id": 282694341}, "geometry": {"type": "LineString", "coordinates": [[-79.4752717, 43.6206138], [-79.4752579, 43.6206096], [-79.4751948, 43.6205849], [-79.4750902, 43.6205908], [-79.4749889, 43.6206019], [-79.4749213, 43.6205939], [-79.4748328, 43.6205553], [-79.4747214, 43.620515]]}}, {"type": "Feature", "properties": {"layer": "-1", "name": "Elmcrest Creek", "tunnel": "culvert", "waterway": "stream", "_id": 285926497}, "geometry": {"type": "LineString", "coordinates": [[-79.5924868, 43.6549554], [-79.59207, 43.6544257]]}}, {"type": "Feature", "properties": {"layer": "-1", "source": "Toporama WMS", "tunnel": "yes", "waterway": "stream", "_id": 287896449}, "geometry": {"type": "LineString", "coordinates": [[-79.3012954, 43.7036248], [-79.3015919, 43.7037811]]}}, {"type": "Feature", "properties": {"layer": "-1", "name": "Newtonbrook Creek", "source": "NRCan-CanVec-10.0", "tunnel": "yes", "waterway": "stream", "_id": 287896786}, "geometry": {"type": "LineString", "coordinates": [[-79.4008628, 43.7866213], [-79.3998489, 43.7868664]]}}, {"type": "Feature", "properties": {"attribution": "Natural Resources Canada", "canvec:CODE": "1470171", "layer": "-1", "source": "CanVec_Import_2009", "tunnel": "yes", "waterway": "stream", "_id": 291999909}, "geometry": {"type": "LineString", "coordinates": [[-79.5039203, 43.8386038], [-79.5039493, 43.8382899]]}}, {"type": "Feature", "properties": {"attribution": "Natural Resources Canada", "canvec:CODE": "1470171", "canvec:UUID": "07ac15c351524bf08ce6dbd615446c05", "layer": "-1", "name": "Albion Creek", "source": "CanVec_Import_2009", "tunnel": "yes", "waterway": "stream", "_id": 299677121}, "geometry": {"type": "LineString", "coordinates": [[-79.6101762, 43.7499523], [-79.6099283, 43.7497233]]}}, {"type": "Feature", "properties": {"intermittent": "yes", "layer": "-1", "tunnel": "yes", "waterway": "stream", "_id": 301109999}, "geometry": {"type": "LineString", "coordinates": [[-79.4730721, 43.8231622], [-79.4732684, 43.8231006]]}}, {"type": "Feature", "properties": {"intermittent": "yes", "layer": "-1", "tunnel": "yes", "waterway": "stream", "_id": 301110001}, "geometry": {"type": "LineString", "coordinates": [[-79.4727051, 43.8238457], [-79.4725742, 43.8236486]]}}, {"type": "Feature", "properties": {"intermittent": "yes", "layer": "-1", "tunnel": "culvert", "waterway": "stream", "_id": 301110003}, "geometry": {"type": "LineString", "coordinates": [[-79.4735814, 43.823], [-79.4738118, 43.822924]]}}, {"type": "Feature", "properties": {"intermittent": "yes", "layer": "-1", "tunnel": "yes", "waterway": "stream", "_id": 301110004}, "geometry": {"type": "LineString", "coordinates": [[-79.4725631, 43.8234275], [-79.4726697, 43.8233014]]}}, {"type": "Feature", "properties": {"layer": "-1", "tunnel": "yes", "waterway": "stream", "_id": 301562733}, "geometry": {"type": "LineString", "coordinates": [[-79.5105784, 43.8456988], [-79.5100986, 43.8455893]]}}, {"type": "Feature", "properties": {"name": "Mimico Creek", "waterway": "river", "wikidata": "Q14875302", "wikipedia": "en:Mimico Creek", "_id": 311875969}, "geometry": {"type": "LineString", "coordinates": [[-79.5170435, 43.6461068], [-79.5168341, 43.6458759], [-79.5165165, 43.6455405], [-79.515648, 43.6447241], [-79.5151604, 43.64423], [-79.5147972, 43.6437994], [-79.5147644, 43.643472], [-79.5150317, 43.6425902], [-79.5150145, 43.6422797], [-79.5149627, 43.6421106], [-79.5149519, 43.6420752], [-79.5148817, 43.6419397], [-79.5146852, 43.6418288], [-79.5144738, 43.6416958], [-79.5135295, 43.6414647], [-79.5128981, 43.641303], [-79.5125941, 43.6411678], [-79.5119925, 43.6408856], [-79.5115298, 43.6405094], [-79.5113386, 43.640484], [-79.5110138, 43.6404942], [-79.5108343, 43.6405211], [-79.5099419, 43.6408573], [-79.5091163, 43.6413032], [-79.5087907, 43.6413598], [-79.5083863, 43.6413058], [-79.508157, 43.6412524], [-79.5080157, 43.6411638], [-79.5078991, 43.6410747], [-79.5078047, 43.640907], [-79.5077189, 43.6405778], [-79.5077961, 43.6402237], [-79.5080622, 43.6396709], [-79.5081738, 43.6393914], [-79.5081395, 43.6391118], [-79.5079678, 43.6388882], [-79.5079163, 43.6386398], [-79.5078648, 43.6383913], [-79.5077991, 43.6383046], [-79.507676, 43.6382049], [-79.5074976, 43.6381496], [-79.5071838, 43.6380806], [-79.5064612, 43.6380525], [-79.5058381, 43.6380442], [-79.5055823, 43.638028], [-79.5053529, 43.6380021], [-79.5052081, 43.6379727], [-79.5050871, 43.6379324], [-79.5050217, 43.6378834], [-79.5049828, 43.6378135], [-79.50496, 43.6377326], [-79.5049708, 43.637666], [-79.5050196, 43.6375407], [-79.5051831, 43.6373367], [-79.5051894, 43.6372738], [-79.5051786, 43.6372127], [-79.5052014, 43.6371341], [-79.5053926, 43.6369415], [-79.5054375, 43.6367759], [-79.5054374, 43.6365706], [-79.5053972, 43.6363256], [-79.5052628, 43.6361065], [-79.5051214, 43.6359421], [-79.5050249, 43.6358712], [-79.5048863, 43.6358247], [-79.5046977, 43.6358134], [-79.504258, 43.6358418], [-79.5039918, 43.6358898], [-79.5037575, 43.6359033], [-79.5035023, 43.6359402], [-79.503257, 43.6359566], [-79.503116, 43.6359218], [-79.5030395, 43.635885], [-79.5029958, 43.635835], [-79.502948, 43.6356694], [-79.5029202, 43.6355355], [-79.5029271, 43.6353996], [-79.5029367, 43.6353383], [-79.5029534, 43.6352326], [-79.5030581, 43.6350544], [-79.5031978, 43.6349279], [-79.5032471, 43.6348133], [-79.50329, 43.6346207], [-79.5032643, 43.6344716], [-79.5031527, 43.6343598], [-79.502775, 43.6341237], [-79.5022686, 43.6337634], [-79.5019597, 43.6335647], [-79.5015992, 43.6334777], [-79.5012644, 43.6334777], [-79.5005011, 43.6336275], [-79.5000653, 43.6337454], [-79.4996414, 43.6338142], [-79.4993521, 43.6338147], [-79.4992266, 43.6337871], [-79.4991305, 43.6337286], [-79.4989813, 43.6335584], [-79.4988063, 43.6330933], [-79.4987135, 43.6328081], [-79.4987932, 43.6324265], [-79.4988577, 43.6322656], [-79.4989543, 43.6320248], [-79.4990046, 43.6319174], [-79.4990531, 43.6317891], [-79.499101, 43.6316751], [-79.4990917, 43.6315633], [-79.4989727, 43.6314028], [-79.498702, 43.6311851], [-79.4984204, 43.631035], [-79.4980907, 43.6309275], [-79.4978331, 43.630926], [-79.4973724, 43.6310729], [-79.4966897, 43.6313407], [-79.4963484, 43.6314885], [-79.4961431, 43.6315281], [-79.4960274, 43.6315217], [-79.4957458, 43.6314411], [-79.4950056, 43.6311741], [-79.4944467, 43.6309038], [-79.4939147, 43.630693], [-79.4937457, 43.6305703], [-79.4934292, 43.6302417], [-79.4931694, 43.6298118], [-79.4930515, 43.6293851], [-79.4930333, 43.6291228], [-79.4929474, 43.6287314], [-79.4928113, 43.6284496], [-79.492545, 43.6282423], [-79.4923407, 43.6281334], [-79.4920546, 43.6280563], [-79.4917544, 43.6278927], [-79.4912737, 43.6275075], [-79.4910935, 43.6272901], [-79.4906366, 43.6267013], [-79.490417, 43.6264462], [-79.4901236, 43.6262836], [-79.4896, 43.6261842], [-79.4894026, 43.6261531], [-79.4890336, 43.6260848], [-79.4888619, 43.6259978], [-79.4882267, 43.6254759], [-79.4878319, 43.6251963], [-79.4874199, 43.6250969], [-79.4868105, 43.6249664], [-79.486655, 43.6249053], [-79.4865976, 43.6248558], [-79.4865788, 43.6248173], [-79.4865534, 43.6247335], [-79.4865616, 43.6246496], [-79.4865983, 43.6245748], [-79.4866646, 43.6245129], [-79.4870738, 43.6242056], [-79.4870965, 43.6241598], [-79.4871024, 43.6241152], [-79.4870766, 43.6240034], [-79.486759, 43.6238232], [-79.4866147, 43.6236481], [-79.4861797, 43.623405], [-79.485978, 43.6233324], [-79.4857634, 43.6230714], [-79.4854764, 43.6228822], [-79.4853517, 43.6227978], [-79.4851935, 43.6226871], [-79.4851077, 43.6226336], [-79.4850527, 43.6226269], [-79.4850151, 43.6226366], [-79.4849145, 43.6226958], [-79.4848649, 43.6227065], [-79.4845994, 43.6226637], [-79.4839985, 43.6225045], [-79.4834096, 43.6223113], [-79.4832529, 43.6222599], [-79.482416, 43.6219648], [-79.4816543, 43.6218832], [-79.4798224, 43.6210036], [-79.4783217, 43.6202774], [-79.4768894, 43.6197318], [-79.4763261, 43.6194599], [-79.4761223, 43.6193163], [-79.4759989, 43.6191609], [-79.4758433, 43.6188502], [-79.475736, 43.6186638], [-79.4755, 43.6184658], [-79.4752532, 43.618357]]}}, {"type": "Feature", "properties": {"layer": "-1", "name": "Mimico Creek", "tunnel": "culvert", "waterway": "river", "_id": 311875970}, "geometry": {"type": "LineString", "coordinates": [[-79.5269496, 43.6509639], [-79.5267961, 43.6509233]]}}, {"type": "Feature", "properties": {"attribution": "Natural Resources Canada", "canvec:CODE": "1470171", "canvec:UUID": "d94281e2a72446408da5059b838fd37d", "layer": "-1", "source": "CanVec_Import_2009", "tunnel": "culvert", "waterway": "stream", "_id": 322401940}, "geometry": {"type": "LineString", "coordinates": [[-79.6363249, 43.8587297], [-79.6356665, 43.8589193]]}}, {"type": "Feature", "properties": {"layer": "-1", "source": "Bing", "tunnel": "culvert", "waterway": "stream", "_id": 322401941}, "geometry": {"type": "LineString", "coordinates": [[-79.6375492, 43.858615], [-79.637487, 43.858626]]}}, {"type": "Feature", "properties": {"layer": "-1", "name": "Elmcrest Creek", "source": "CanVec 6.0 - NRCan", "tunnel": "yes", "waterway": "stream", "_id": 325120568}, "geometry": {"type": "LineString", "coordinates": [[-79.5851991, 43.6486381], [-79.5848314, 43.648606]]}}, {"type": "Feature", "properties": {"layer": "-1", "name": "Elmcrest Creek", "source": "CanVec 6.0 - NRCan", "tunnel": "culvert", "waterway": "stream", "_id": 325120569}, "geometry": {"type": "LineString", "coordinates": [[-79.5932841, 43.6564575], [-79.59315, 43.6563882]]}}, {"type": "Feature", "properties": {"attribution": "Natural Resources Canada", "canvec:CODE": "1470171", "layer": "-1", "source": "CanVec_Import_2009", "tunnel": "yes", "waterway": "stream", "_id": 327005528}, "geometry": {"type": "LineString", "coordinates": [[-79.5047889, 43.8207715], [-79.5046612, 43.8207221], [-79.5042399, 43.8207097]]}}, {"type": "Feature", "properties": {"attribution": "Natural Resources Canada", "canvec:CODE": "1470171", "layer": "-1", "source": "CanVec_Import_2009", "tunnel": "yes", "waterway": "stream", "_id": 327323637}, "geometry": {"type": "LineString", "coordinates": [[-79.5074998, 43.83253], [-79.5068823, 43.8324611]]}}, {"type": "Feature", "properties": {"layer": "-1", "source": "CanVec 6.0 - NRCan", "tunnel": "yes", "waterway": "stream", "_id": 331323084}, "geometry": {"type": "LineString", "coordinates": [[-79.2299286, 43.8599472], [-79.2302661, 43.8596279], [-79.2304084, 43.8594362]]}}, {"type": "Feature", "properties": {"layer": "-1", "name": "Mimico Creek", "tunnel": "yes", "waterway": "river", "_id": 334378101}, "geometry": {"type": "LineString", "coordinates": [[-79.6137356, 43.7025689], [-79.6135352, 43.7023925]]}}, {"type": "Feature", "properties": {"name": "Mimico Creek", "waterway": "river", "_id": 334378102}, "geometry": {"type": "LineString", "coordinates": [[-79.6135352, 43.7023925], [-79.6123379, 43.7014189], [-79.6118315, 43.7012265], [-79.6113938, 43.7012141]]}}, {"type": "Feature", "properties": {"layer": "-1", "source": "NRCan-CanVec-10.0", "tunnel": "yes", "waterway": "stream", "_id": 334694638}, "geometry": {"type": "LineString", "coordinates": [[-79.4744322, 43.7915635], [-79.4736405, 43.791707]]}}, {"type": "Feature", "properties": {"layer": "-1", "source": "NRCan-CanVec-10.0", "tunnel": "yes", "waterway": "stream", "_id": 334694672}, "geometry": {"type": "LineString", "coordinates": [[-79.4759866, 43.7921987], [-79.4759513, 43.7921658], [-79.4755691, 43.7917561]]}}, {"type": "Feature", "properties": {"layer": "-1", "source": "NRCan-CanVec-10.0", "tunnel": "yes", "waterway": "stream", "_id": 335812695}, "geometry": {"type": "LineString", "coordinates": [[-79.3061992, 43.8135937], [-79.3062348, 43.8135496]]}}, {"type": "Feature", "properties": {"layer": "-1", "name": "Wilket Creek", "tunnel": "yes", "waterway": "stream", "_id": 336129838}, "geometry": {"type": "LineString", "coordinates": [[-79.3847441, 43.7496215], [-79.3824241, 43.7485441]]}}, {"type": "Feature", "properties": {"name": "Wilket Creek", "waterway": "stream", "_id": 336129839}, "geometry": {"type": "LineString", "coordinates": [[-79.3824241, 43.7485441], [-79.3822515, 43.7485104], [-79.3817139, 43.7483833], [-79.381407, 43.7482103], [-79.3813021, 43.7480155], [-79.3813321, 43.7477018], [-79.3812722, 43.7475504], [-79.381115, 43.7473881], [-79.3806582, 43.7473503], [-79.3801117, 43.7471718], [-79.3799545, 43.7469948], [-79.379902, 43.746777], [-79.3797897, 43.7466093], [-79.3796012, 43.7464231], [-79.3792362, 43.7462338], [-79.3787589, 43.7461865], [-79.3784127, 43.7459633], [-79.3783471, 43.7456388], [-79.3784197, 43.7453424], [-79.3785463, 43.7452641]]}}, {"type": "Feature", "properties": {"layer": "-1", "source": "Bing", "tunnel": "culvert", "waterway": "stream", "_id": 338003865}, "geometry": {"type": "LineString", "coordinates": [[-79.2504947, 43.7844317], [-79.2503772, 43.7841687]]}}, {"type": "Feature", "properties": {"attribution": "Natural Resources Canada", "canvec:CODE": "1470171", "canvec:UUID": "e2c135f4a7074f8daa85b7abafafbe30", "layer": "-1", "source": "CanVec_Import_2009", "tunnel": "yes", "waterway": "stream", "_id": 338169476}, "geometry": {"type": "LineString", "coordinates": [[-79.6144034, 43.7566107], [-79.615135, 43.756438]]}}, {"type": "Feature", "properties": {"attribution": "Natural Resources Canada", "canvec:CODE": "1470171", "canvec:UUID": "e2c135f4a7074f8daa85b7abafafbe30", "layer": "-1", "source": "CanVec_Import_2009", "tunnel": "yes", "waterway": "stream", "_id": 338169477}, "geometry": {"type": "LineString", "coordinates": [[-79.615135, 43.756438], [-79.6161234, 43.7567282], [-79.6163626, 43.756943], [-79.6170739, 43.7574596], [-79.6175095, 43.7575013], [-79.6177624, 43.7581532], [-79.6180685, 43.7581717], [-79.6189774, 43.7588051]]}}, {"type": "Feature", "properties": {"layer": "-1", "name": "Taylor-Massey Creek", "source": "NRCan-CanVec-10.0", "tunnel": "yes", "waterway": "stream", "_id": 349598264}, "geometry": {"type": "LineString", "coordinates": [[-79.3025997, 43.7578984], [-79.3022898, 43.757741]]}}, {"type": "Feature", "properties": {"name": "Taylor-Massey Creek", "source": "NRCan-CanVec-10.0", "waterway": "stream", "_id": 349598266}, "geometry": {"type": "LineString", "coordinates": [[-79.3022898, 43.757741], [-79.3021638, 43.7576818], [-79.3018956, 43.7575414], [-79.2999729, 43.7562434], [-79.2998847, 43.7562185], [-79.2993187, 43.7562044]]}}, {"type": "Feature", "properties": {"layer": "-1", "source": "CanVec 6.0 - NRCan", "tunnel": "yes", "waterway": "stream", "_id": 355174829}, "geometry": {"type": "LineString", "coordinates": [[-79.1389235, 43.8547537], [-79.1392419, 43.8542768]]}}, {"type": "Feature", "properties": {"layer": "-1", "source": "CanVec 6.0 - NRCan", "tunnel": "yes", "waterway": "stream", "_id": 355174830}, "geometry": {"type": "LineString", "coordinates": [[-79.1349702, 43.8556499], [-79.1348796, 43.8555152]]}}, {"type": "Feature", "properties": {"layer": "-1", "tunnel": "yes", "waterway": "stream", "_id": 358970287}, "geometry": {"type": "LineString", "coordinates": [[-79.5506002, 43.8371532], [-79.551273, 43.8375279]]}}, {"type": "Feature", "properties": {"layer": "-1", "source": "NRCan-CanVec-10.0", "tunnel": "yes", "waterway": "stream", "_id": 360083853}, "geometry": {"type": "LineString", "coordinates": [[-79.4646677, 43.7690892], [-79.4647765, 43.769702]]}}, {"type": "Feature", "properties": {"layer": "-1", "source": "NRCan-CanVec-10.0", "tunnel": "yes", "waterway": "stream", "_id": 360083854}, "geometry": {"type": "LineString", "coordinates": [[-79.4343051, 43.7594009], [-79.4344886, 43.7592549]]}}, {"type": "Feature", "properties": {"alt_name": "East Mimico Creek", "layer": "-1", "name": "Mimico Creek", "source": "CanVec 6.0 - NRCan", "tunnel": "yes", "waterway": "stream", "_id": 361443200}, "geometry": {"type": "LineString", "coordinates": [[-79.6327054, 43.7145561], [-79.6330248, 43.7142983]]}}, {"type": "Feature", "properties": {"alt_name": "East Mimico Creek", "name": "Mimico Creek", "source": "CanVec 6.0 - NRCan", "waterway": "stream", "_id": 361443209}, "geometry": {"type": "LineString", "coordinates": [[-79.6330248, 43.7142983], [-79.6335516, 43.7138824], [-79.6338008, 43.7137368], [-79.6340061, 43.7136468], [-79.6341025, 43.7135101], [-79.6341259, 43.7128534], [-79.6340785, 43.7127725], [-79.6325896, 43.7117912], [-79.6322659, 43.7117152], [-79.6321095, 43.7115877], [-79.6317654, 43.7115352]]}}, {"type": "Feature", "properties": {"layer": "-1", "name": "Cooksville Creek", "tunnel": "yes", "waterway": "stream", "_id": 367135850}, "geometry": {"type": "LineString", "coordinates": [[-79.6399022, 43.598494], [-79.6397185, 43.5984058]]}}, {"type": "Feature", "properties": {"attribution": "Natural Resources Canada", "canvec:CODE": "1470171", "canvec:UUID": "a40c486230474b189e68ac4ca5924977", "name": "Black Creek", "name:en": "Black Creek", "source": "CanVec_Import_2009", "waterway": "stream", "_id": 373773718}, "geometry": {"type": "LineString", "coordinates": [[-79.5236348, 43.7917037], [-79.5235896, 43.7916487], [-79.5234791, 43.7916121], [-79.5234546, 43.7915619], [-79.5234305, 43.7915217], [-79.5233703, 43.7913264], [-79.5233494, 43.7912476]]}}, {"type": "Feature", "properties": {"attribution": "Natural Resources Canada", "canvec:CODE": "1470171", "canvec:UUID": "a40c486230474b189e68ac4ca5924977", "layer": "-1", "name": "Black Creek", "source": "CanVec_Import_2009", "tunnel": "yes", "waterway": "stream", "_id": 373773719}, "geometry": {"type": "LineString", "coordinates": [[-79.5240912, 43.7936977], [-79.5240568, 43.7935275]]}}, {"type": "Feature", "properties": {"attribution": "Natural Resources Canada", "canvec:CODE": "1470171", "canvec:UUID": "a40c486230474b189e68ac4ca5924977", "name": "Black Creek", "name:en": "Black Creek", "source": "CanVec_Import_2009", "waterway": "stream", "_id": 373773720}, "geometry": {"type": "LineString", "coordinates": [[-79.5237832, 43.7924005], [-79.5236987, 43.7919951]]}}, {"type": "Feature", "properties": {"attribution": "Natural Resources Canada", "canvec:CODE": "1470171", "canvec:UUID": "a40c486230474b189e68ac4ca5924977", "layer": "-1", "name": "Black Creek", "name:en": "Black Creek", "source": "CanVec_Import_2009", "tunnel": "yes", "waterway": "stream", "_id": 373773721}, "geometry": {"type": "LineString", "coordinates": [[-79.5236987, 43.7919951], [-79.5236348, 43.7917037]]}}, {"type": "Feature", "properties": {"attribution": "Natural Resources Canada", "canvec:CODE": "1470171", "canvec:UUID": "a40c486230474b189e68ac4ca5924977", "layer": "-1", "name": "Black Creek", "name:en": "Black Creek", "source": "CanVec_Import_2009", "tunnel": "yes", "waterway": "stream", "_id": 373773722}, "geometry": {"type": "LineString", "coordinates": [[-79.5238323, 43.7926063], [-79.5238105, 43.7925289], [-79.5237832, 43.7924005]]}}, {"type": "Feature", "properties": {"attribution": "Natural Resources Canada", "canvec:CODE": "1470171", "canvec:UUID": "a40c486230474b189e68ac4ca5924977", "name": "Black Creek", "source": "CanVec_Import_2009", "waterway": "stream", "_id": 373773723}, "geometry": {"type": "LineString", "coordinates": [[-79.5240568, 43.7935275], [-79.5240209, 43.7933502], [-79.5239357, 43.7929809], [-79.523903, 43.7928572], [-79.5238323, 43.7926063]]}}, {"type": "Feature", "properties": {"attribution": "Natural Resources Canada", "canvec:CODE": "1470171", "canvec:UUID": "05430c65d82340098375cb0358467044", "intermittent": "yes", "layer": "-1", "source": "CanVec_Import_2009", "tunnel": "culvert", "waterway": "stream", "_id": 381850472}, "geometry": {"type": "LineString", "coordinates": [[-79.6232761, 43.7557613], [-79.6228032, 43.755595]]}}, {"type": "Feature", "properties": {"attribution": "Natural Resources Canada", "canvec:CODE": "1470171", "canvec:UUID": "05430c65d82340098375cb0358467044", "intermittent": "yes", "layer": "-1", "source": "CanVec_Import_2009", "tunnel": "culvert", "waterway": "stream", "_id": 381850480}, "geometry": {"type": "LineString", "coordinates": [[-79.6267952, 43.7570426], [-79.6239147, 43.7559822]]}}, {"type": "Feature", "properties": {"alt_name": "East Don River", "layer": "-1", "name": "Don River East Branch", "tunnel": "culvert", "waterway": "river", "_id": 384630080}, "geometry": {"type": "LineString", "coordinates": [[-79.3645435, 43.7718605], [-79.3638673, 43.7714835]]}}, {"type": "Feature", "properties": {"layer": "-1", "name": "Cummer Creek", "source": "NRCan-CanVec-10.0", "tunnel": "culvert", "waterway": "stream", "_id": 384636032}, "geometry": {"type": "LineString", "coordinates": [[-79.3612805, 43.822963], [-79.3630773, 43.8241498]]}}, {"type": "Feature", "properties": {"layer": "-1", "name": "Cummer Creek", "source": "NRCan-CanVec-10.0", "tunnel": "culvert", "waterway": "stream", "_id": 384636033}, "geometry": {"type": "LineString", "coordinates": [[-79.3590844, 43.823174], [-79.3609708, 43.822891]]}}, {"type": "Feature", "properties": {"layer": "-1", "name": "Cummer Creek", "source": "NRCan-CanVec-10.0", "tunnel": "culvert", "waterway": "stream", "_id": 384636035}, "geometry": {"type": "LineString", "coordinates": [[-79.3561881, 43.8221244], [-79.356416, 43.8220436], [-79.356634, 43.822001], [-79.356756, 43.8219962], [-79.3568724, 43.8220306], [-79.3569294, 43.8220935], [-79.3570733, 43.8224057]]}}, {"type": "Feature", "properties": {"layer": "-1", "tunnel": "yes", "waterway": "stream", "_id": 387355743}, "geometry": {"type": "LineString", "coordinates": [[-79.622451, 43.7731666], [-79.6221868, 43.7726188]]}}, {"type": "Feature", "properties": {"layer": "-1", "tunnel": "yes", "waterway": "stream", "_id": 387355745}, "geometry": {"type": "LineString", "coordinates": [[-79.6242848, 43.7727031], [-79.624072, 43.7727569]]}}, {"type": "Feature", "properties": {"attribution": "Natural Resources Canada", "canvec:CODE": "1470171", "canvec:UUID": "04299631f22649aa8ac20fc54940be0e", "layer": "-1", "name": "Rainbow Creek", "source": "CanVec_Import_2009", "tunnel": "yes", "waterway": "stream", "_id": 387356332}, "geometry": {"type": "LineString", "coordinates": [[-79.6233309, 43.7795449], [-79.6229154, 43.779435]]}}, {"type": "Feature", "properties": {"layer": "-1", "name": "Elmcrest Creek", "tunnel": "culvert", "waterway": "stream", "_id": 389493410}, "geometry": {"type": "LineString", "coordinates": [[-79.5696539, 43.6340067], [-79.5696336, 43.6337836]]}}, {"type": "Feature", "properties": {"attribution": "Natural Resources Canada", "canvec:CODE": "1470171", "canvec:UUID": "07ac15c351524bf08ce6dbd615446c05", "layer": "-1", "name": "Albion Creek", "source": "CanVec_Import_2009", "tunnel": "culvert", "waterway": "stream", "_id": 389824072}, "geometry": {"type": "LineString", "coordinates": [[-79.6114382, 43.7507393], [-79.6109176, 43.7507555]]}}, {"type": "Feature", "properties": {"attribution": "Natural Resources Canada", "canvec:CODE": "1470171", "canvec:UUID": "1cc1ef788e5248408a34418963ffe85e", "layer": "-1", "name": "Albion Creek", "source": "CanVec_Import_2009", "tunnel": "culvert", "waterway": "stream", "_id": 389824073}, "geometry": {"type": "LineString", "coordinates": [[-79.6141079, 43.7507389], [-79.6138156, 43.750806]]}}, {"type": "Feature", "properties": {"attribution": "Natural Resources Canada", "canvec:CODE": "1470171", "canvec:UUID": "1cc1ef788e5248408a34418963ffe85e", "layer": "-1", "name": "Albion Creek", "source": "CanVec_Import_2009", "tunnel": "culvert", "waterway": "stream", "_id": 389824074}, "geometry": {"type": "LineString", "coordinates": [[-79.6163666, 43.7503602], [-79.6158206, 43.7503368]]}}, {"type": "Feature", "properties": {"attribution": "Natural Resources Canada", "canvec:CODE": "1470171", "canvec:UUID": "1cc1ef788e5248408a34418963ffe85e", "layer": "-1", "name": "Albion Creek", "source": "CanVec_Import_2009", "tunnel": "culvert", "waterway": "stream", "_id": 389824078}, "geometry": {"type": "LineString", "coordinates": [[-79.6155207, 43.7504121], [-79.6152655, 43.7504708]]}}, {"type": "Feature", "properties": {"layer": "-1", "tunnel": "culvert", "waterway": "stream", "_id": 389984501}, "geometry": {"type": "LineString", "coordinates": [[-79.5862232, 43.646621], [-79.5859883, 43.6466741]]}}, {"type": "Feature", "properties": {"attribution": "Natural Resources Canada", "canvec:CODE": "1470171", "canvec:UUID": "b755573797bf40aabb8da032af51fa08", "layer": "-1", "source": "CanVec_Import_2009", "tunnel": "yes", "waterway": "stream", "_id": 392873638}, "geometry": {"type": "LineString", "coordinates": [[-79.5345555, 43.8638955], [-79.534221, 43.8636403]]}}, {"type": "Feature", "properties": {"attribution": "Natural Resources Canada", "canvec:CODE": "1470171", "canvec:UUID": "e000618fb6bc44d698771f366ce9b435", "layer": "-1", "source": "CanVec_Import_2009", "tunnel": "yes", "waterway": "stream", "_id": 392873882}, "geometry": {"type": "LineString", "coordinates": [[-79.5288796, 43.8596102], [-79.5288659, 43.8595489], [-79.5287535, 43.8594018], [-79.5286254, 43.8592868]]}}, {"type": "Feature", "properties": {"layer": "-1", "name": "Newtonbrook Creek", "tunnel": "culvert", "waterway": "stream", "_id": 393041094}, "geometry": {"type": "LineString", "coordinates": [[-79.3929599, 43.7850347], [-79.3917036, 43.7847334]]}}, {"type": "Feature", "properties": {"ele": "Underground", "layer": "-1", "name": "Cassels Park Underground Ravine", "tunnel": "culvert", "waterway": "drain", "_id": 397117671}, "geometry": {"type": "LineString", "coordinates": [[-79.3069763, 43.6806464], [-79.3069623, 43.6805822], [-79.3069576, 43.6805383], [-79.3069623, 43.6805012], [-79.3069623, 43.6804505], [-79.307023, 43.6803762], [-79.3070557, 43.6803357], [-79.3070837, 43.680231], [-79.3070697, 43.6801837], [-79.307051, 43.6801364], [-79.3070276, 43.6800959], [-79.306995, 43.6800182], [-79.3069996, 43.6799709], [-79.3069716, 43.6798933], [-79.3069202, 43.6798629], [-79.3068642, 43.6798291], [-79.3068175, 43.6797987], [-79.3067755, 43.6797345], [-79.3067148, 43.6796703], [-79.306654, 43.6796163], [-79.3065747, 43.6795656], [-79.3064859, 43.6795184], [-79.3064112, 43.6794643]]}}, {"type": "Feature", "properties": {"layer": "-1", "source": "NRCan-CanVec-10.0", "tunnel": "yes", "waterway": "stream", "_id": 402802712}, "geometry": {"type": "LineString", "coordinates": [[-79.2944235, 43.6759022], [-79.294609, 43.6757845], [-79.2947638, 43.6756902], [-79.2948168, 43.6756082], [-79.2948528, 43.6754569], [-79.2948719, 43.6752318], [-79.2949249, 43.6751498], [-79.2949666, 43.6750216], [-79.2949794, 43.6747918], [-79.2949127, 43.674685], [-79.294903, 43.6745791], [-79.2949232, 43.6743126], [-79.2948572, 43.6741828], [-79.2947035, 43.6740149], [-79.2945668, 43.6739209], [-79.2943855, 43.6738308], [-79.2939904, 43.6736851], [-79.2938416, 43.6735679], [-79.2937508, 43.6734193], [-79.2936138, 43.6733345], [-79.293249, 43.673237], [-79.2931443, 43.6731297], [-79.2930834, 43.6730414], [-79.2930437, 43.6728798], [-79.2930948, 43.6726395], [-79.2930155, 43.6725325], [-79.2929107, 43.6724298], [-79.2925762, 43.6721392]]}}, {"type": "Feature", "properties": {"attribution": "Natural Resources Canada", "canvec:CODE": "1470171", "canvec:UUID": "04299631f22649aa8ac20fc54940be0e", "layer": "-1", "name": "Rainbow Creek", "source": "CanVec_Import_2009", "tunnel": "yes", "waterway": "stream", "_id": 403209062}, "geometry": {"type": "LineString", "coordinates": [[-79.6106818, 43.779648], [-79.6102166, 43.7797073]]}}, {"type": "Feature", "properties": {"attribution": "Natural Resources Canada", "canvec:CODE": "1470171", "canvec:UUID": "ff6575cbd7b944d9b72e0ecee42cd9f4", "layer": "-1", "source": "CanVec_Import_2009", "tunnel": "yes", "waterway": "stream", "_id": 408993956}, "geometry": {"type": "LineString", "coordinates": [[-79.5739919, 43.7898785], [-79.574532, 43.7897059], [-79.5749975, 43.7896307]]}}, {"type": "Feature", "properties": {"attribution": "Natural Resources Canada", "canvec:CODE": "1470171", "canvec:UUID": "be79b00010ec4a9a9158dfb6d9072fde", "layer": "-1", "source": "CanVec_Import_2009", "tunnel": "culvert", "waterway": "stream", "_id": 416175701}, "geometry": {"type": "LineString", "coordinates": [[-79.5792279, 43.8039727], [-79.5793727, 43.8041346], [-79.5793198, 43.8041432], [-79.5795882, 43.8042728], [-79.5796185, 43.8045138], [-79.5799076, 43.8046562], [-79.5800321, 43.8048778], [-79.5801737, 43.8049393], [-79.5803741, 43.8049752], [-79.5805811, 43.8052116], [-79.5809175, 43.8053987], [-79.5813445, 43.8053936], [-79.5817662, 43.8055507], [-79.5820197, 43.8055886]]}}, {"type": "Feature", "properties": {"attribution": "Natural Resources Canada", "canvec:CODE": "1470171", "canvec:UUID": "be79b00010ec4a9a9158dfb6d9072fde", "layer": "-1", "source": "CanVec_Import_2009", "tunnel": "yes", "waterway": "stream", "_id": 416175702}, "geometry": {"type": "LineString", "coordinates": [[-79.5779096, 43.8037439], [-79.5782846, 43.8037756]]}}, {"type": "Feature", "properties": {"attribution": "Natural Resources Canada", "canvec:CODE": "1470171", "canvec:UUID": "be79b00010ec4a9a9158dfb6d9072fde", "layer": "-1", "source": "CanVec_Import_2009", "tunnel": "yes", "waterway": "stream", "_id": 416175704}, "geometry": {"type": "LineString", "coordinates": [[-79.5788679, 43.8037814], [-79.5790773, 43.8038642], [-79.5792279, 43.8039727]]}}, {"type": "Feature", "properties": {"layer": "-1", "source": "NRCan-CanVec-10.0", "tunnel": "yes", "waterway": "stream", "_id": 421693731}, "geometry": {"type": "LineString", "coordinates": [[-79.4979056, 43.8400838], [-79.4981474, 43.8394732], [-79.4981498, 43.8394666], [-79.4981693, 43.8394144], [-79.4982706, 43.8393406], [-79.4983754, 43.8393224], [-79.4984853, 43.8393033], [-79.4985231, 43.8392903], [-79.4985654, 43.839177], [-79.4985865, 43.839022]]}}, {"type": "Feature", "properties": {"attribution": "Natural Resources Canada", "canvec:CODE": "1470171", "canvec:UUID": "b27b2c4f9e5d4f3f903f2073a6bb927f", "layer": "-1", "source": "CanVec_Import_2009", "tunnel": "yes", "waterway": "stream", "_id": 427240474}, "geometry": {"type": "LineString", "coordinates": [[-79.6104286, 43.8534748], [-79.6102335, 43.8533494]]}}, {"type": "Feature", "properties": {"layer": "-1", "name": "Westminster Creek", "source": "NRCan-CanVec-10.0", "tunnel": "yes", "waterway": "stream", "_id": 429554117}, "geometry": {"type": "LineString", "coordinates": [[-79.4711882, 43.8065628], [-79.4715926, 43.8060748]]}}, {"type": "Feature", "properties": {"attribution": "Natural Resources Canada", "canvec:CODE": "1470171", "canvec:UUID": "3b2033ea4eff40dbb9016060e6276b48", "layer": "-1", "name": "East Robinson Creek", "source": "CanVec_Import_2009", "tunnel": "culvert", "waterway": "stream", "_id": 430815801}, "geometry": {"type": "LineString", "coordinates": [[-79.6496373, 43.8227061], [-79.6494478, 43.8222775]]}}, {"type": "Feature", "properties": {"name": "Black Creek", "source": "CanVec 6.0 - NRCan", "waterway": "stream", "_id": 433506849}, "geometry": {"type": "LineString", "coordinates": [[-79.4968315, 43.7423291], [-79.4968749, 43.7419111], [-79.4970481, 43.741734], [-79.4971156, 43.7416102], [-79.4971152, 43.7413927], [-79.4969622, 43.7413651], [-79.4969297, 43.7412778], [-79.4968738, 43.7412586], [-79.4966797, 43.7412552], [-79.4965804, 43.7411834], [-79.4964451, 43.7410418], [-79.4964087, 43.7410204], [-79.4963563, 43.741042]]}}, {"type": "Feature", "properties": {"layer": "-1", "name": "Black Creek", "source": "CanVec 6.0 - NRCan", "tunnel": "yes", "waterway": "stream", "_id": 433506853}, "geometry": {"type": "LineString", "coordinates": [[-79.4970418, 43.7426726], [-79.4969171, 43.7425166], [-79.4968315, 43.7423291]]}}, {"type": "Feature", "properties": {"layer": "-1", "name": "Mud Creek", "tunnel": "yes", "waterway": "stream", "_id": 434806295}, "geometry": {"type": "LineString", "coordinates": [[-79.3657774, 43.6831604], [-79.3656824, 43.6829024]]}}, {"type": "Feature", "properties": {"layer": "-1", "tunnel": "yes", "waterway": "ditch", "_id": 434904734}, "geometry": {"type": "LineString", "coordinates": [[-79.3507877, 43.7392577], [-79.3509012, 43.7392932]]}}, {"type": "Feature", "properties": {"layer": "-1", "source": "CanVec 6.0 - NRCan", "tunnel": "yes", "waterway": "stream", "_id": 436906614}, "geometry": {"type": "LineString", "coordinates": [[-79.1505076, 43.8485308], [-79.1504465, 43.848398]]}}, {"type": "Feature", "properties": {"layer": "-1", "source": "CanVec 6.0 - NRCan", "tunnel": "yes", "waterway": "stream", "_id": 437139412}, "geometry": {"type": "LineString", "coordinates": [[-79.2181962, 43.8624138], [-79.2184854, 43.861951]]}}, {"type": "Feature", "properties": {"attribution": "Natural Resources Canada", "canvec:CODE": "1470171", "canvec:UUID": "2b024304570b4366986ce9ddc0e584c5", "layer": "-1", "name": "Black Creek", "source": "CanVec_Import_2009", "tunnel": "yes", "waterway": "stream", "_id": 438016648}, "geometry": {"type": "LineString", "coordinates": [[-79.5241966, 43.794445], [-79.5241009, 43.7939068]]}}, {"type": "Feature", "properties": {"attribution": "Natural Resources Canada", "canvec:CODE": "1470171", "canvec:UUID": "2b024304570b4366986ce9ddc0e584c5", "name": "Black Creek", "source": "CanVec_Import_2009", "waterway": "stream", "_id": 438016649}, "geometry": {"type": "LineString", "coordinates": [[-79.5242921, 43.795103], [-79.5242494, 43.7949491], [-79.5241982, 43.7946771], [-79.5241966, 43.794445]]}}, {"type": "Feature", "properties": {"name": "Wilket Creek", "source": "CanVec 6.0 - NRCan", "waterway": "stream", "_id": 451729214}, "geometry": {"type": "LineString", "coordinates": [[-79.350138, 43.7238879], [-79.3498983, 43.7236702], [-79.349889, 43.7236203], [-79.3499033, 43.723583], [-79.3499384, 43.7235443], [-79.3500249, 43.7234725], [-79.3500976, 43.7233788], [-79.3501264, 43.7233068], [-79.3501123, 43.7232154], [-79.3500936, 43.7230113], [-79.350154, 43.7229505], [-79.3503547, 43.722847], [-79.3504629, 43.7227979], [-79.350622, 43.7227623], [-79.3507096, 43.7227585], [-79.3507745, 43.7227498], [-79.3508274, 43.7227419], [-79.3508891, 43.7227477], [-79.3510152, 43.7227336], [-79.3510863, 43.7227055], [-79.3511822, 43.7226629], [-79.3512358, 43.7226479], [-79.3513739, 43.7225446], [-79.3515691, 43.7224109], [-79.3517009, 43.7222838], [-79.3518109, 43.7221795], [-79.3518604, 43.7221002], [-79.3518999, 43.7220316], [-79.3519297, 43.7219668], [-79.3519533, 43.7218926], [-79.3519758, 43.7218373], [-79.3519895, 43.7217717], [-79.3519942, 43.7217247], [-79.3520083, 43.7216733], [-79.35207, 43.7216316], [-79.3521933, 43.7216045], [-79.3522859, 43.7215822], [-79.3524019, 43.721556], [-79.3524616, 43.7215444], [-79.3525348, 43.7215218], [-79.3526565, 43.7214303], [-79.3527347, 43.7211198], [-79.3527592, 43.7209821]]}}, {"type": "Feature", "properties": {"layer": "-1", "tunnel": "culvert", "waterway": "stream", "_id": 468139315}, "geometry": {"type": "LineString", "coordinates": [[-79.6506475, 43.6449136], [-79.6471256, 43.6426083]]}}, {"type": "Feature", "properties": {"layer": "-1", "loc_name": "Doctor Dull", "name": "Mary Fix Creek", "tunnel": "yes", "waterway": "stream", "_id": 488558035}, "geometry": {"type": "LineString", "coordinates": [[-79.6470045, 43.5840038], [-79.6467725, 43.5839426], [-79.646407, 43.5838328], [-79.642735, 43.5830362], [-79.6423508, 43.5823151], [-79.6396672, 43.5804173], [-79.6385266, 43.5796568]]}}, {"type": "Feature", "properties": {"name": "Taylor-Massey Creek", "source": "NRCan-CanVec-10.0", "waterway": "stream", "_id": 491215462}, "geometry": {"type": "LineString", "coordinates": [[-79.2635694, 43.7181224], [-79.2634957, 43.7180307], [-79.2634205, 43.7178562], [-79.2634095, 43.7177653], [-79.2634362, 43.7176674], [-79.2635208, 43.717516], [-79.2636338, 43.7174063], [-79.2637736, 43.7173124], [-79.263891, 43.7171935], [-79.2640934, 43.7169609], [-79.2642138, 43.7168574], [-79.2642478, 43.7167893], [-79.2642926, 43.7167572], [-79.2643374, 43.7166816], [-79.2644564, 43.7165916], [-79.2645812, 43.7165513], [-79.2646554, 43.7164912], [-79.264797, 43.7164354], [-79.2648681, 43.7163835], [-79.2648907, 43.7163506], [-79.2649709, 43.7163064], [-79.2650774, 43.7162573], [-79.2653329, 43.7162001], [-79.2653708, 43.716203], [-79.265457, 43.7162397], [-79.2655945, 43.716244], [-79.2657539, 43.7162731], [-79.2658277, 43.7162625], [-79.2662906, 43.7161513], [-79.2665305, 43.7160512], [-79.2667175, 43.7159182], [-79.2667747, 43.7158268], [-79.2668244, 43.7157994], [-79.2668226, 43.7157069], [-79.2668759, 43.7156239], [-79.2668826, 43.715579], [-79.2669378, 43.7154757], [-79.2671, 43.715333], [-79.2678247, 43.7151414], [-79.268081, 43.7150905], [-79.2696177, 43.714703], [-79.27093, 43.7144306]]}}, {"type": "Feature", "properties": {"layer": "-1", "name": "Taylor-Massey Creek", "source": "NRCan-CanVec-10.0", "tunnel": "culvert", "waterway": "stream", "_id": 491215463}, "geometry": {"type": "LineString", "coordinates": [[-79.2636511, 43.7181727], [-79.2635694, 43.7181224]]}}, {"type": "Feature", "properties": {"layer": "-1", "source": "NRCan-CanVec-10.0", "tunnel": "culvert", "waterway": "stream", "_id": 491215464}, "geometry": {"type": "LineString", "coordinates": [[-79.27093, 43.7144306], [-79.2715555, 43.7142785]]}}, {"type": "Feature", "properties": {"name": "Taylor-Massey Creek", "source": "NRCan-CanVec-10.0", "waterway": "stream", "_id": 491215465}, "geometry": {"type": "LineString", "coordinates": [[-79.2657028, 43.7237292], [-79.2654907, 43.7236093], [-79.2653816, 43.7235113], [-79.2652919, 43.7234696], [-79.2651504, 43.7233014]]}}, {"type": "Feature", "properties": {"layer": "-1", "name": "Taylor-Massey Creek", "tunnel": "culvert", "waterway": "stream", "_id": 491215466}, "geometry": {"type": "LineString", "coordinates": [[-79.2658973, 43.7239063], [-79.2657028, 43.7237292]]}}, {"type": "Feature", "properties": {"name": "Taylor-Massey Creek", "source": "NRCan-CanVec-10.0", "waterway": "stream", "_id": 491215467}, "geometry": {"type": "LineString", "coordinates": [[-79.2650968, 43.7231783], [-79.265068, 43.7230892], [-79.2649618, 43.7228319], [-79.2648686, 43.722715], [-79.2647213, 43.7225718], [-79.2646009, 43.7223886], [-79.2645346, 43.7222573], [-79.2644726, 43.7221823], [-79.2643384, 43.7219035], [-79.2642964, 43.7217036], [-79.2642214, 43.72153], [-79.2642478, 43.7214134], [-79.264394, 43.7212302], [-79.2645092, 43.7211228], [-79.2645944, 43.7210698], [-79.264627, 43.7210224], [-79.2647079, 43.720986], [-79.2647663, 43.7209341], [-79.2648175, 43.720872], [-79.2648153, 43.7208265], [-79.2647953, 43.7207647], [-79.2647339, 43.7207074], [-79.2647111, 43.7206551], [-79.2646779, 43.7203742], [-79.2646363, 43.7202502], [-79.2645496, 43.7201408], [-79.264378, 43.7198015], [-79.2643431, 43.7196794], [-79.2643335, 43.7195483], [-79.2642958, 43.7194901], [-79.2642089, 43.7194127], [-79.26415, 43.7192665], [-79.2638737, 43.7188245], [-79.2637718, 43.7182759], [-79.2636511, 43.7181727]]}}, {"type": "Feature", "properties": {"layer": "-1", "name": "Taylor-Massey Creek", "tunnel": "culvert", "waterway": "stream", "_id": 491215468}, "geometry": {"type": "LineString", "coordinates": [[-79.2651504, 43.7233014], [-79.2650968, 43.7231783]]}}, {"type": "Feature", "properties": {"intermittent": "no", "layer": "-1", "name": "Cooksville Creek East Branch", "tunnel": "yes", "waterway": "drain", "_id": 516541226}, "geometry": {"type": "LineString", "coordinates": [[-79.6530527, 43.6121565], [-79.6489475, 43.6148712], [-79.6483924, 43.615543], [-79.648359, 43.6156075]]}}, {"type": "Feature", "properties": {"destination": "Lake Ontario", "layer": "-1", "name": "Etobicoke Creek", "source": "yahoo", "tunnel": "culvert", "waterway": "river", "_id": 554261641}, "geometry": {"type": "LineString", "coordinates": [[-79.6265301, 43.6602785], [-79.6264414, 43.660279]]}}, {"type": "Feature", "properties": {"channelised": "yes", "name": "Mimico Creek", "waterway": "river", "_id": 554750783}, "geometry": {"type": "LineString", "coordinates": [[-79.5692602, 43.672558], [-79.5692045, 43.6724069], [-79.5691891, 43.6723652], [-79.5691494, 43.6722597], [-79.5691236, 43.6721156], [-79.5691363, 43.6719404]]}}, {"type": "Feature", "properties": {"layer": "-1", "source": "CanVec 6.0 - NRCan", "tunnel": "culvert", "waterway": "stream", "_id": 569148817}, "geometry": {"type": "LineString", "coordinates": [[-79.4664395, 43.7649769], [-79.4657011, 43.7654221]]}}, {"type": "Feature", "properties": {"intermittent": "yes", "layer": "-1", "source": "NRCan-CanVec-10.0", "tunnel": "yes", "waterway": "stream", "_id": 588523940}, "geometry": {"type": "LineString", "coordinates": [[-79.4167679, 43.7549551], [-79.4166115, 43.7549053], [-79.4165645, 43.7548846]]}}, {"type": "Feature", "properties": {"layer": "-1", "tunnel": "culvert", "waterway": "stream", "_id": 604787609}, "geometry": {"type": "LineString", "coordinates": [[-79.5612274, 43.6077792], [-79.5612942, 43.6077438]]}}, {"type": "Feature", "properties": {"attribution": "Natural Resources Canada", "canvec:CODE": "1470171", "canvec:UUID": "ef0a5bd4e1d54fe2997dd9be011467f0", "intermittent": "no", "layer": "-1", "source": "CanVec_Import_2009", "tunnel": "culvert", "waterway": "stream", "width": "4", "_id": 613948063}, "geometry": {"type": "LineString", "coordinates": [[-79.6205622, 43.859456], [-79.6200985, 43.8597553]]}}, {"type": "Feature", "properties": {"intermittent": "yes", "layer": "-1", "tunnel": "culvert", "waterway": "stream", "_id": 628141581}, "geometry": {"type": "LineString", "coordinates": [[-79.5610405, 43.6063018], [-79.5611745, 43.6062497]]}}, {"type": "Feature", "properties": {"layer": "-1", "source": "NRCan-CanVec-10.0", "tunnel": "culvert", "waterway": "stream", "_id": 658643739}, "geometry": {"type": "LineString", "coordinates": [[-79.4298546, 43.7541864], [-79.4297688, 43.7540988], [-79.4297264, 43.7540772], [-79.4296425, 43.7540505], [-79.4295873, 43.753999], [-79.429542, 43.7539776], [-79.4291689, 43.7539822], [-79.4290898, 43.7539811], [-79.4290508, 43.7539748], [-79.4290075, 43.7539519], [-79.4289746, 43.7539214], [-79.42895, 43.7538178], [-79.428922, 43.7537836], [-79.4288786, 43.7537037], [-79.4287591, 43.7536138], [-79.428705, 43.7536056], [-79.4283835, 43.753592], [-79.4281988, 43.7535922], [-79.4280878, 43.7536022], [-79.4279584, 43.7536281], [-79.4277321, 43.7536865], [-79.4275209, 43.7537221], [-79.4274831, 43.753735], [-79.4273519, 43.7538125]]}}, {"type": "Feature", "properties": {"layer": "-1", "source": "NRCan-CanVec-10.0", "tunnel": "culvert", "waterway": "stream", "_id": 658851508}, "geometry": {"type": "LineString", "coordinates": [[-79.4265638, 43.7639427], [-79.42649, 43.7638955], [-79.4264276, 43.7638557], [-79.426369, 43.7638182]]}}, {"type": "Feature", "properties": {"layer": "-1", "source": "NRCan-CanVec-10.0", "tunnel": "culvert", "waterway": "stream", "_id": 658851510}, "geometry": {"type": "LineString", "coordinates": [[-79.4279895, 43.7646131], [-79.427967, 43.7646026], [-79.4279106, 43.7645762], [-79.4278791, 43.7645617]]}}, {"type": "Feature", "properties": {"layer": "-1", "source": "NRCan-CanVec-10.0", "tunnel": "culvert", "waterway": "stream", "_id": 658851511}, "geometry": {"type": "LineString", "coordinates": [[-79.425446, 43.7631633], [-79.4253972, 43.7631103], [-79.4253589, 43.7630689], [-79.4253099, 43.7630157]]}}, {"type": "Feature", "properties": {"layer": "-1", "source": "NRCan-CanVec-10.0", "tunnel": "culvert", "waterway": "stream", "_id": 659546637}, "geometry": {"type": "LineString", "coordinates": [[-79.2716684, 43.8295703], [-79.2715372, 43.8295246]]}}, {"type": "Feature", "properties": {"layer": "-1", "source": "NRCan-CanVec-10.0", "tunnel": "culvert", "waterway": "stream", "_id": 659546639}, "geometry": {"type": "LineString", "coordinates": [[-79.2724605, 43.8301103], [-79.2723574, 43.8300131]]}}, {"type": "Feature", "properties": {"layer": "-1", "source": "CanVec 6.0 - NRCan", "tunnel": "culvert", "waterway": "stream", "_id": 659815710}, "geometry": {"type": "LineString", "coordinates": [[-79.1920651, 43.8040548], [-79.1919363, 43.8040888]]}}, {"type": "Feature", "properties": {"layer": "-1", "source": "NRCan-CanVec-10.0", "tunnel": "culvert", "waterway": "stream", "_id": 659833215}, "geometry": {"type": "LineString", "coordinates": [[-79.2489832, 43.8143304], [-79.2488242, 43.8139589]]}}, {"type": "Feature", "properties": {"boat": "no", "layer": "-1", "tunnel": "culvert", "waterway": "stream", "_id": 660043377}, "geometry": {"type": "LineString", "coordinates": [[-79.1624908, 43.7708672], [-79.1624682, 43.7708308], [-79.1623319, 43.7706975], [-79.1621147, 43.7706026], [-79.161807, 43.7705349], [-79.1615712, 43.7705257]]}}, {"type": "Feature", "properties": {"layer": "-1", "source": "CanVec 6.0 - NRCan", "tunnel": "culvert", "waterway": "stream", "_id": 660043379}, "geometry": {"type": "LineString", "coordinates": [[-79.1653735, 43.7831135], [-79.1656977, 43.7832718]]}}, {"type": "Feature", "properties": {"layer": "-1", "source": "CanVec 6.0 - NRCan", "tunnel": "culvert", "waterway": "stream", "_id": 660043380}, "geometry": {"type": "LineString", "coordinates": [[-79.1493577, 43.7769139], [-79.1490246, 43.7765077]]}}, {"type": "Feature", "properties": {"layer": "-1", "name": "Centennial Creek", "source": "CanVec 6.0 - NRCan", "tunnel": "culvert", "waterway": "stream", "_id": 660043382}, "geometry": {"type": "LineString", "coordinates": [[-79.1488401, 43.7770902], [-79.1490062, 43.7766313]]}}, {"type": "Feature", "properties": {"layer": "-1", "name": "Centennial Creek", "source": "CanVec 6.0 - NRCan", "tunnel": "culvert", "waterway": "stream", "_id": 660043383}, "geometry": {"type": "LineString", "coordinates": [[-79.1498536, 43.7814524], [-79.1497572, 43.78125]]}}, {"type": "Feature", "properties": {"boat": "no", "layer": "-1", "tunnel": "culvert", "waterway": "stream", "_id": 660043384}, "geometry": {"type": "LineString", "coordinates": [[-79.1600895, 43.7704802], [-79.1596903, 43.7707115]]}}, {"type": "Feature", "properties": {"layer": "-1", "tunnel": "culvert", "waterway": "stream", "_id": 660043386}, "geometry": {"type": "LineString", "coordinates": [[-79.1513942, 43.7784961], [-79.150624, 43.778336]]}}, {"type": "Feature", "properties": {"layer": "-1", "name": "Centennial Creek", "source": "CanVec 6.0 - NRCan", "tunnel": "culvert", "waterway": "stream", "_id": 660043388}, "geometry": {"type": "LineString", "coordinates": [[-79.1546196, 43.7868577], [-79.154386, 43.7865243]]}}, {"type": "Feature", "properties": {"layer": "-1", "name": "Ellesmere Creek", "source": "CanVec 6.0 - NRCan", "tunnel": "culvert", "waterway": "stream", "_id": 660211744}, "geometry": {"type": "LineString", "coordinates": [[-79.1941824, 43.779973], [-79.1940712, 43.7798292]]}}, {"type": "Feature", "properties": {"layer": "-1", "name": "Ellesmere Creek", "source": "CanVec 6.0 - NRCan", "tunnel": "culvert", "waterway": "stream", "_id": 660211746}, "geometry": {"type": "LineString", "coordinates": [[-79.1971347, 43.7847568], [-79.196947, 43.7841489]]}}, {"type": "Feature", "properties": {"layer": "-1", "source": "CanVec 6.0 - NRCan", "tunnel": "culvert", "waterway": "stream", "_id": 660279964}, "geometry": {"type": "LineString", "coordinates": [[-79.133729, 43.8193414], [-79.1332662, 43.8189111]]}}, {"type": "Feature", "properties": {"layer": "-1", "source": "CanVec 6.0 - NRCan", "tunnel": "culvert", "waterway": "stream", "_id": 660279966}, "geometry": {"type": "LineString", "coordinates": [[-79.1416599, 43.8280827], [-79.1408314, 43.8277666]]}}, {"type": "Feature", "properties": {"layer": "-1", "source": "CanVec 6.0 - NRCan", "tunnel": "culvert", "waterway": "stream", "_id": 660279967}, "geometry": {"type": "LineString", "coordinates": [[-79.133291, 43.825254], [-79.133177, 43.8247578]]}}, {"type": "Feature", "properties": {"layer": "-1", "source": "CanVec 6.0 - NRCan", "tunnel": "culvert", "waterway": "stream", "_id": 660279970}, "geometry": {"type": "LineString", "coordinates": [[-79.1402986, 43.8260623], [-79.1405618, 43.8259982]]}}, {"type": "Feature", "properties": {"layer": "-1", "tunnel": "culvert", "waterway": "stream", "_id": 660279972}, "geometry": {"type": "LineString", "coordinates": [[-79.1390225, 43.8223596], [-79.1384852, 43.8223134]]}}, {"type": "Feature", "properties": {"layer": "-1", "tunnel": "culvert", "waterway": "stream", "_id": 660816652}, "geometry": {"type": "LineString", "coordinates": [[-79.2452243, 43.7414498], [-79.2456628, 43.7414585]]}}, {"type": "Feature", "properties": {"layer": "-1", "name": "Cummer Creek", "source": "NRCan-CanVec-10.0", "tunnel": "culvert", "waterway": "stream", "_id": 661812313}, "geometry": {"type": "LineString", "coordinates": [[-79.3636185, 43.8253506], [-79.36377, 43.8257128]]}}, {"type": "Feature", "properties": {"layer": "-1", "name": "Cummer Creek", "source": "NRCan-CanVec-10.0", "tunnel": "culvert", "waterway": "stream", "_id": 661812315}, "geometry": {"type": "LineString", "coordinates": [[-79.3479457, 43.8198055], [-79.348048, 43.8200315]]}}, {"type": "Feature", "properties": {"layer": "-1", "source": "NRCan-CanVec-10.0", "tunnel": "culvert", "waterway": "stream", "_id": 661820819}, "geometry": {"type": "LineString", "coordinates": [[-79.3826397, 43.8349776], [-79.3825695, 43.834876]]}}, {"type": "Feature", "properties": {"layer": "-1", "source": "NRCan-CanVec-10.0", "tunnel": "culvert", "waterway": "stream", "_id": 661820828}, "geometry": {"type": "LineString", "coordinates": [[-79.3777139, 43.8302516], [-79.3773708, 43.8300352]]}}, {"type": "Feature", "properties": {"layer": "-1", "name": "Summerdale River", "source": "NRCan-CanVec-10.0", "tunnel": "culvert", "waterway": "river", "_id": 661820831}, "geometry": {"type": "LineString", "coordinates": [[-79.3713919, 43.8284179], [-79.3717473, 43.8283493]]}}, {"type": "Feature", "properties": {"layer": "-1", "tunnel": "culvert", "waterway": "river", "_id": 661820835}, "geometry": {"type": "LineString", "coordinates": [[-79.3745405, 43.825962], [-79.3747329, 43.8258026]]}}, {"type": "Feature", "properties": {"layer": "-1", "name": "Wilson Brook", "source": "CanVec 6.0 - NRCan", "tunnel": "culvert", "waterway": "stream", "_id": 663309403}, "geometry": {"type": "LineString", "coordinates": [[-79.3151113, 43.7227857], [-79.3156699, 43.7226755]]}}, {"type": "Feature", "properties": {"layer": "-1", "tunnel": "culvert", "waterway": "stream", "_id": 678975737}, "geometry": {"type": "LineString", "coordinates": [[-79.4973641, 43.6866457], [-79.4973277, 43.6867521]]}}, {"type": "Feature", "properties": {"layer": "-1", "source": "Bing", "tunnel": "culvert", "waterway": "stream", "_id": 678975738}, "geometry": {"type": "LineString", "coordinates": [[-79.4976908, 43.6876888], [-79.497687, 43.6877649]]}}, {"type": "Feature", "properties": {"layer": "-1", "source": "NRCan-CanVec-10.0", "tunnel": "culvert", "waterway": "stream", "_id": 682960586}, "geometry": {"type": "LineString", "coordinates": [[-79.4815879, 43.6364255], [-79.4815421, 43.6364706]]}}, {"type": "Feature", "properties": {"intermittent": "yes", "layer": "-1", "tunnel": "culvert", "waterway": "stream", "_id": 683065378}, "geometry": {"type": "LineString", "coordinates": [[-79.4940931, 43.715461], [-79.493988, 43.7154962]]}}, {"type": "Feature", "properties": {"intermittent": "yes", "location": "underground", "tunnel": "yes", "waterway": "stream", "_id": 683964251}, "geometry": {"type": "LineString", "coordinates": [[-79.6245128, 43.736638], [-79.6247005, 43.7365198]]}}, {"type": "Feature", "properties": {"layer": "-1", "source": "CanVec 6.0 - NRCan", "tunnel": "culvert", "waterway": "stream", "_id": 683991144}, "geometry": {"type": "LineString", "coordinates": [[-79.613252, 43.7267417], [-79.6133608, 43.7266431]]}}, {"type": "Feature", "properties": {"layer": "-1", "tunnel": "culvert", "waterway": "stream", "_id": 684264421}, "geometry": {"type": "LineString", "coordinates": [[-79.550518, 43.6944713], [-79.5506494, 43.6944221]]}}, {"type": "Feature", "properties": {"layer": "-1", "source": "CanVec 6.0 - NRCan", "tunnel": "culvert", "waterway": "stream", "_id": 684898841}, "geometry": {"type": "LineString", "coordinates": [[-79.5523409, 43.7442701], [-79.5523024, 43.7442304]]}}, {"type": "Feature", "properties": {"name": "Burke Brook", "source": "NRCan-CanVec-10.0", "waterway": "stream", "_id": 685275198}, "geometry": {"type": "LineString", "coordinates": [[-79.3798556, 43.7180006], [-79.3797183, 43.7181783], [-79.3796155, 43.7183572], [-79.3794671, 43.7184896], [-79.3794312, 43.7185355], [-79.379382, 43.7185571], [-79.379342, 43.7185982], [-79.3793295, 43.7186272], [-79.3793229, 43.7187477], [-79.3792697, 43.7187762], [-79.3791772, 43.7188205]]}}, {"type": "Feature", "properties": {"layer": "-1", "name": "Burke Brook", "source": "NRCan-CanVec-10.0", "tunnel": "culvert", "waterway": "stream", "_id": 685275199}, "geometry": {"type": "LineString", "coordinates": [[-79.3799296, 43.7178856], [-79.3798556, 43.7180006]]}}, {"type": "Feature", "properties": {"layer": "-1", "tunnel": "culvert", "waterway": "stream", "_id": 686735904}, "geometry": {"type": "LineString", "coordinates": [[-79.512383, 43.6699781], [-79.5122563, 43.6699786]]}}, {"type": "Feature", "properties": {"layer": "-1", "tunnel": "culvert", "waterway": "stream", "_id": 686735907}, "geometry": {"type": "LineString", "coordinates": [[-79.5125547, 43.6700053], [-79.512485, 43.6699951]]}}, {"type": "Feature", "properties": {"layer": "-1", "tunnel": "culvert", "waterway": "stream", "_id": 687457978}, "geometry": {"type": "LineString", "coordinates": [[-79.5629876, 43.6269639], [-79.5632317, 43.6268367]]}}, {"type": "Feature", "properties": {"layer": "-1", "name": "Elmcrest Creek", "source": "CanVec 6.0 - NRCan", "tunnel": "culvert", "waterway": "stream", "_id": 690872026}, "geometry": {"type": "LineString", "coordinates": [[-79.5803841, 43.6432342], [-79.5801894, 43.6430807]]}}, {"type": "Feature", "properties": {"attribution": "Natural Resources Canada", "canvec:CODE": "1470171", "canvec:UUID": "99683f6b865e4e4a8e3dce90d7b4f0b4", "name": "Black Creek", "name:en": "Black Creek", "source": "CanVec_Import_2009", "waterway": "stream", "_id": 691497766}, "geometry": {"type": "LineString", "coordinates": [[-79.5214572, 43.7751349], [-79.5208121, 43.7747241], [-79.5204525, 43.7744601], [-79.5203877, 43.7744303], [-79.5198063, 43.7743468], [-79.5196935, 43.7743005], [-79.5195812, 43.7742343], [-79.5193754, 43.7740783], [-79.5192599, 43.7740115], [-79.5192154, 43.7740201]]}}, {"type": "Feature", "properties": {"attribution": "Natural Resources Canada", "canvec:CODE": "1470171", "canvec:UUID": "99683f6b865e4e4a8e3dce90d7b4f0b4", "layer": "-1", "name": "Black Creek", "name:en": "Black Creek", "source": "CanVec_Import_2009", "tunnel": "culvert", "waterway": "stream", "_id": 691497767}, "geometry": {"type": "LineString", "coordinates": [[-79.5222032, 43.7755179], [-79.5216846, 43.7752797], [-79.5214572, 43.7751349]]}}, {"type": "Feature", "properties": {"intermittent": "yes", "layer": "-1", "tunnel": "culvert", "waterway": "stream", "_id": 693626968}, "geometry": {"type": "LineString", "coordinates": [[-79.5572296, 43.6433368], [-79.5572145, 43.6433055]]}}, {"type": "Feature", "properties": {"intermittent": "yes", "layer": "-1", "tunnel": "culvert", "waterway": "stream", "_id": 693626972}, "geometry": {"type": "LineString", "coordinates": [[-79.5573952, 43.6427079], [-79.5574328, 43.6426817]]}}, {"type": "Feature", "properties": {"layer": "-1", "tunnel": "culvert", "waterway": "stream", "_id": 695557621}, "geometry": {"type": "LineString", "coordinates": [[-79.4668878, 43.6374328], [-79.4668613, 43.6373824]]}}, {"type": "Feature", "properties": {"boat": "no", "name": "Highland Creek", "waterway": "river", "_id": 698763051}, "geometry": {"type": "LineString", "coordinates": [[-79.1989173, 43.7743002], [-79.1987713, 43.774335], [-79.198625, 43.7743673], [-79.1985642, 43.7744297], [-79.1985237, 43.7744969], [-79.1985334, 43.7745729], [-79.1988664, 43.7753779], [-79.1988903, 43.7755434], [-79.1988602, 43.7757102], [-79.1986097, 43.7759559], [-79.1982434, 43.7761502], [-79.1979141, 43.7762485], [-79.197529, 43.7762443], [-79.1966241, 43.7762337], [-79.1964724, 43.7761759], [-79.1962737, 43.7760038], [-79.1961693, 43.7757018], [-79.195951, 43.7755043], [-79.1957115, 43.7754193], [-79.1955332, 43.7754081], [-79.1953313, 43.7754414], [-79.1952159, 43.7755619], [-79.1951346, 43.7756764], [-79.1950258, 43.7760408], [-79.1949508, 43.7762868], [-79.1949028, 43.7764989], [-79.1947477, 43.7766602], [-79.1945141, 43.7769148], [-79.1943688, 43.77709], [-79.1942111, 43.7771717], [-79.1940019, 43.7771381], [-79.1938831, 43.7770414], [-79.1936927, 43.7768376], [-79.1934413, 43.7767289], [-79.1932096, 43.7767351], [-79.192995, 43.7768095], [-79.1928491, 43.7769148], [-79.1927289, 43.7770326], [-79.1926345, 43.7771318], [-79.1925744, 43.7772681], [-79.1929178, 43.7779126], [-79.1929178, 43.7780365], [-79.192892, 43.7781481], [-79.1928319, 43.7782287], [-79.192686, 43.7783154], [-79.1923856, 43.7783836], [-79.1920852, 43.7784022], [-79.1917504, 43.7784376], [-79.1916644, 43.7784533], [-79.1914414, 43.7784872], [-79.1912269, 43.7785305], [-79.1908063, 43.7786687], [-79.1903857, 43.7789413], [-79.1897592, 43.779152], [-79.1893472, 43.7793008], [-79.1888646, 43.7793737], [-79.1883845, 43.779427], [-79.1881207, 43.7794118], [-79.1878939, 43.779347], [-79.1877831, 43.7793013], [-79.1877522, 43.7792437], [-79.1876934, 43.7792175], [-79.1875826, 43.7791566], [-79.1874823, 43.7791261], [-79.1872607, 43.7791223], [-79.186997, 43.779168], [-79.1867595, 43.7792442], [-79.1866698, 43.7793166], [-79.186501, 43.7795413], [-79.1864061, 43.7797013], [-79.1863586, 43.7798194], [-79.1863586, 43.7799451], [-79.1863638, 43.7800251], [-79.1863345, 43.7801312], [-79.1862916, 43.7802923], [-79.1862144, 43.7805154], [-79.1861877, 43.7807434], [-79.1861152, 43.780908], [-79.1859248, 43.7810455], [-79.1857558, 43.7811385], [-79.1854849, 43.7811443], [-79.1853046, 43.7811413], [-79.1852472, 43.7811322], [-79.1851879, 43.7811169], [-79.1850775, 43.7810687], [-79.1849891, 43.7809876], [-79.1848668, 43.78085], [-79.1847381, 43.7807261], [-79.1845664, 43.7806145], [-79.1843175, 43.7805092], [-79.183442, 43.7802365], [-79.1828584, 43.7801745], [-79.1827039, 43.7801869], [-79.1825923, 43.7802613], [-79.1824837, 43.7803635], [-79.1824645, 43.7804727], [-79.1824021, 43.7806131], [-79.1823445, 43.7807656], [-79.1822533, 43.7808315], [-79.1821764, 43.7808402], [-79.1820924, 43.7808298], [-79.1819796, 43.7808246], [-79.1818692, 43.7808471], [-79.1817731, 43.7808852], [-79.1816579, 43.7810014], [-79.1815211, 43.7811296], [-79.181425, 43.7812024], [-79.1813338, 43.7812336], [-79.1811922, 43.7812562], [-79.181056, 43.7812342], [-79.1809186, 43.7811908], [-79.1807641, 43.7811722], [-79.180541, 43.7811351], [-79.1802832, 43.781036], [-79.1801513, 43.7809702], [-79.1799316, 43.7808748], [-79.1792535, 43.780881], [-79.1790561, 43.7808314], [-79.1784724, 43.7806951], [-79.1776742, 43.7806269], [-79.176979, 43.7805773], [-79.1768417, 43.7805835], [-79.1762065, 43.7807261], [-79.1760778, 43.7807323], [-79.1757344, 43.7805464], [-79.1752795, 43.7803047], [-79.1745242, 43.7795424], [-79.1743869, 43.7794371], [-79.1743182, 43.7793813], [-79.1741296, 43.7793445], [-79.1740449, 43.779343], [-79.17392, 43.7793882], [-79.1738805, 43.7794185], [-79.1738459, 43.779514], [-79.1738057, 43.7796319], [-79.1737542, 43.7796744], [-79.1736375, 43.7797073], [-79.1734792, 43.779727], [-79.173306, 43.7797162], [-79.1730823, 43.7796664], [-79.172769, 43.7795651], [-79.1724919, 43.7794801], [-79.172313, 43.779432], [-79.1721521, 43.7794136], [-79.1720078, 43.7794111], [-79.171879, 43.7794394], [-79.1716604, 43.7795324], [-79.1715258, 43.7796306], [-79.1714483, 43.7797574], [-79.1713777, 43.7798613], [-79.1712774, 43.7799387], [-79.1711162, 43.7800191], [-79.1709539, 43.7800674], [-79.1708163, 43.7800808], [-79.1706562, 43.7800753], [-79.1705589, 43.7800506], [-79.1703297, 43.779975], [-79.1701528, 43.779883], [-79.1700245, 43.7797877], [-79.1698786, 43.7796488], [-79.1697799, 43.7794815], [-79.1697683, 43.7792224], [-79.1697939, 43.779137], [-79.1698743, 43.7790663], [-79.1700367, 43.7789527], [-79.1701278, 43.7788397], [-79.1701412, 43.7787458], [-79.1701106, 43.7786652], [-79.1699988, 43.7785387], [-79.1698864, 43.7784355], [-79.1697966, 43.7783904], [-79.1696308, 43.7783665], [-79.1693572, 43.7784084], [-79.1688766, 43.7785013], [-79.1686191, 43.7785509], [-79.1684045, 43.7786129], [-79.1682586, 43.7786749], [-79.168106, 43.7787808], [-79.1680059, 43.7788478], [-79.1679499, 43.7789297], [-79.1678914, 43.7790514], [-79.1678606, 43.7792407], [-79.1678801, 43.7794633], [-79.1679437, 43.7797154], [-79.1679166, 43.7799778], [-79.1678573, 43.7800566], [-79.1677345, 43.7801172], [-79.1675596, 43.7801508], [-79.1673901, 43.7801533], [-79.1669341, 43.7800189], [-79.1663727, 43.7798797], [-79.1659744, 43.7797858], [-79.1657947, 43.779727], [-79.1656955, 43.7796676], [-79.1656499, 43.7796166], [-79.1655962, 43.7795398], [-79.165559, 43.7794574], [-79.1655587, 43.7793452], [-79.1655796, 43.779228], [-79.1657397, 43.7788601], [-79.1659138, 43.7785517], [-79.1659395, 43.7784224], [-79.1659462, 43.7782801], [-79.1659339, 43.7781355], [-79.1658591, 43.7780186], [-79.1657794, 43.7779357], [-79.1656753, 43.7778772], [-79.1655547, 43.777838], [-79.1654412, 43.7778314], [-79.1653857, 43.7778453], [-79.1653508, 43.7778753], [-79.1653264, 43.7779157], [-79.1652395, 43.778008], [-79.1651215, 43.778069], [-79.1649221, 43.7781102], [-79.1647939, 43.778151], [-79.1646735, 43.7782365], [-79.1644762, 43.7784229], [-79.1642042, 43.7787448], [-79.1641312, 43.7788681], [-79.1640166, 43.7789707], [-79.1638083, 43.7790942], [-79.1637039, 43.7791128], [-79.1636012, 43.7791279], [-79.1634854, 43.7791169], [-79.163378, 43.7790867], [-79.1632673, 43.779017], [-79.1631646, 43.7788745], [-79.1630816, 43.7787265], [-79.1630366, 43.7785732], [-79.1630629, 43.7779499], [-79.1631815, 43.7773549], [-79.1631216, 43.7771822], [-79.1630401, 43.77709], [-79.1629199, 43.7770202], [-79.1627654, 43.776983], [-79.1625337, 43.7769954], [-79.162184, 43.7770639], [-79.1617503, 43.7771243], [-79.1611854, 43.7770406], [-79.1606454, 43.7768901], [-79.1600274, 43.7766422], [-79.1588754, 43.7759719], [-79.1579417, 43.7752849], [-79.157092, 43.7744978], [-79.156783, 43.774188], [-79.1553239, 43.7730476], [-79.1549634, 43.7727625], [-79.1546458, 43.7725022], [-79.1542891, 43.7723176], [-79.1538305, 43.772056], [-79.1534077, 43.7719246], [-79.1530226, 43.7717478], [-79.152679, 43.7715821], [-79.1525563, 43.7714703], [-79.1523985, 43.7713787], [-79.152228, 43.7713453], [-79.1519328, 43.7713896], [-79.1516885, 43.7714406], [-79.1514609, 43.7714256], [-79.1512458, 43.7713384], [-79.1511587, 43.7711452], [-79.1511539, 43.770946], [-79.1510613, 43.7708675], [-79.1509942, 43.7707189], [-79.1510209, 43.7705737], [-79.1509728, 43.7704499], [-79.1507561, 43.7702732], [-79.150519, 43.7701874], [-79.1502834, 43.7701543], [-79.150147, 43.7701974], [-79.1500122, 43.7702761], [-79.1497973, 43.770412], [-79.1496596, 43.7704877], [-79.1493676, 43.7707778], [-79.1492083, 43.770964], [-79.1489879, 43.7710484], [-79.1487295, 43.7710064], [-79.148527, 43.7709228], [-79.1483833, 43.7707298], [-79.1481838, 43.7706153], [-79.1479973, 43.7705396], [-79.1477711, 43.7704757], [-79.1474876, 43.7703515], [-79.1473581, 43.7702687], [-79.1472759, 43.7701543], [-79.1471957, 43.7699859], [-79.1470236, 43.7699006], [-79.1468567, 43.7698643], [-79.1467305, 43.7698825], [-79.1466464, 43.7699115], [-79.1465263, 43.7699735], [-79.1464748, 43.7700168], [-79.1463975, 43.7700788], [-79.1462975, 43.7701419], [-79.1461923, 43.770179], [-79.1460794, 43.7701958], [-79.1459603, 43.7701748], [-79.1458, 43.7701097], [-79.1457097, 43.7700365], [-79.1456401, 43.7699343], [-79.1455821, 43.7696945], [-79.1455049, 43.7695582], [-79.1454276, 43.7694342], [-79.1453447, 43.7693455], [-79.1453839, 43.7690278], [-79.1454877, 43.7687214], [-79.1455238, 43.7683544], [-79.1453892, 43.7680438], [-79.1452474, 43.7678234], [-79.1452428, 43.7677118], [-79.1452442, 43.7675961], [-79.1452385, 43.7674689], [-79.1451701, 43.7673454], [-79.1450242, 43.7672215], [-79.1449041, 43.7670727], [-79.1446893, 43.7667656]]}}, {"type": "Feature", "properties": {"layer": "-1", "tunnel": "culvert", "waterway": "stream", "_id": 706514070}, "geometry": {"type": "LineString", "coordinates": [[-79.4820433, 43.7411432], [-79.4821852, 43.7411777]]}}, {"type": "Feature", "properties": {"layer": "-1", "tunnel": "culvert", "waterway": "river", "_id": 706517420}, "geometry": {"type": "LineString", "coordinates": [[-79.4250969, 43.7504381], [-79.4251654, 43.7504075], [-79.4252585, 43.7503443], [-79.4255094, 43.7502368], [-79.4256625, 43.750203], [-79.4258031, 43.7501145]]}}, {"type": "Feature", "properties": {"name": "Lavender Creek", "waterway": "stream", "_id": 722311904}, "geometry": {"type": "LineString", "coordinates": [[-79.4822773, 43.6753831], [-79.48229, 43.6755368], [-79.4823986, 43.6756697], [-79.4824228, 43.6758423], [-79.4824509, 43.6759199], [-79.4824724, 43.6759975], [-79.4825462, 43.6760557], [-79.4825649, 43.6761935], [-79.4827057, 43.6763108], [-79.4828922, 43.6765359], [-79.4829954, 43.6765727], [-79.483037, 43.6766862], [-79.4831952, 43.6768424], [-79.4833092, 43.6769452], [-79.4834219, 43.6769389], [-79.4835064, 43.6769268], [-79.483623, 43.6768739], [-79.4837773, 43.6768637], [-79.4838752, 43.6768419], [-79.4839463, 43.6768346], [-79.4839879, 43.6768419], [-79.4840562, 43.6768673]]}}, {"type": "Feature", "properties": {"description": "Approximate location of underground creek that was progressively converted into storm sewer according to historical imagery and current storm drain locations", "intermittent": "yes", "layer": "-1", "source": "aerial imagery;streetlevel imagery", "tunnel": "flooded", "waterway": "stream", "_id": 727704095}, "geometry": {"type": "LineString", "coordinates": [[-79.1728199, 43.769172], [-79.1727237, 43.7691402], [-79.1726638, 43.7691204], [-79.1722428, 43.7692053], [-79.1714518, 43.7692806], [-79.1700915, 43.7694105], [-79.1698936, 43.7694209], [-79.1696165, 43.7694339], [-79.1693034, 43.7694183], [-79.1690173, 43.7693715], [-79.1684218, 43.769226], [-79.1682005, 43.7691831], [-79.1679378, 43.7691688], [-79.1676841, 43.7691935], [-79.1669877, 43.7693495], [-79.1648263, 43.7692889], [-79.1616902, 43.7699668]]}}, {"type": "Feature", "properties": {"intermittent": "yes", "layer": "-1", "tunnel": "flooded", "waterway": "stream", "_id": 727704098}, "geometry": {"type": "LineString", "coordinates": [[-79.1759499, 43.7694008], [-79.1733694, 43.7690654]]}}, {"type": "Feature", "properties": {"intermittent": "yes", "layer": "-1", "tunnel": "culvert", "waterway": "stream", "_id": 728852929}, "geometry": {"type": "LineString", "coordinates": [[-79.1781142, 43.7693085], [-79.177809, 43.7693644]]}}, {"type": "Feature", "properties": {"intermittent": "yes", "layer": "-1", "tunnel": "culvert", "waterway": "stream", "_id": 728852930}, "geometry": {"type": "LineString", "coordinates": [[-79.1788679, 43.7692785], [-79.1786976, 43.7692794]]}}, {"type": "Feature", "properties": {"intermittent": "yes", "layer": "-1", "tunnel": "culvert", "waterway": "stream", "_id": 728852934}, "geometry": {"type": "LineString", "coordinates": [[-79.1771794, 43.7693716], [-79.1771015, 43.7693768]]}}, {"type": "Feature", "properties": {"intermittent": "yes", "layer": "-1", "tunnel": "culvert", "waterway": "stream", "_id": 728852936}, "geometry": {"type": "LineString", "coordinates": [[-79.1765187, 43.7693907], [-79.1764478, 43.76939]]}}, {"type": "Feature", "properties": {"intermittent": "yes", "layer": "-1", "tunnel": "culvert", "waterway": "stream", "_id": 728861097}, "geometry": {"type": "LineString", "coordinates": [[-79.1831686, 43.7696257], [-79.1794747, 43.7692966]]}}, {"type": "Feature", "properties": {"intermittent": "yes", "layer": "-1", "tunnel": "flooded", "waterway": "stream", "_id": 728897313}, "geometry": {"type": "LineString", "coordinates": [[-79.1724698, 43.7737571], [-79.1680941, 43.7725621], [-79.1627354, 43.7710985]]}}, {"type": "Feature", "properties": {"intermittent": "yes", "layer": "-1", "tunnel": "flooded", "waterway": "stream", "_id": 728897315}, "geometry": {"type": "LineString", "coordinates": [[-79.1681123, 43.7726018], [-79.1680941, 43.7725621]]}}, {"type": "Feature", "properties": {"layer": "-1", "source": "CanVec 6.0 - NRCan", "tunnel": "culvert", "waterway": "stream", "_id": 741128587}, "geometry": {"type": "LineString", "coordinates": [[-79.5512149, 43.6938648], [-79.5513098, 43.6935628], [-79.5514237, 43.6933388], [-79.5516367, 43.6928247], [-79.551611, 43.6924352], [-79.5516251, 43.6922587], [-79.5515286, 43.6920084]]}}, {"type": "Feature", "properties": {"tunnel": "culvert", "waterway": "stream", "_id": 742059966}, "geometry": {"type": "LineString", "coordinates": [[-79.5372083, 43.7891705], [-79.5367949, 43.7890154]]}}, {"type": "Feature", "properties": {"layer": "-1", "tunnel": "culvert", "waterway": "stream", "_id": 744098384}, "geometry": {"type": "LineString", "coordinates": [[-79.3345957, 43.6990269], [-79.3352846, 43.6998867], [-79.3354415, 43.6999397]]}}, {"type": "Feature", "properties": {"attribution": "Natural Resources Canada", "canvec:CODE": "1470171", "canvec:UUID": "6e5bee8eb79a4aafab65742583e14cab", "layer": "-1", "source": "CanVec_Import_2009", "tunnel": "yes", "waterway": "stream", "_id": 744799582}, "geometry": {"type": "LineString", "coordinates": [[-79.5672382, 43.8628004], [-79.5672519, 43.8626479], [-79.567261, 43.8625611]]}}, {"type": "Feature", "properties": {"name": "Mud Creek", "tunnel": "culvert", "waterway": "stream", "_id": 744917092}, "geometry": {"type": "LineString", "coordinates": [[-79.3714663, 43.6906435], [-79.3687923, 43.6899222]]}}, {"type": "Feature", "properties": {"name": "Mud Creek", "waterway": "stream", "_id": 744917093}, "geometry": {"type": "LineString", "coordinates": [[-79.3731665, 43.691688], [-79.3730461, 43.6915915], [-79.3730046, 43.6915413], [-79.3729613, 43.6915206], [-79.3729139, 43.6914759], [-79.3728887, 43.691421], [-79.372798, 43.6912878], [-79.3727843, 43.691242], [-79.3727701, 43.6912266], [-79.3727266, 43.6912041], [-79.3725329, 43.6911663], [-79.3724725, 43.6911294], [-79.3723488, 43.6910993], [-79.372333, 43.6910846], [-79.372337, 43.6910563], [-79.3723582, 43.6910234], [-79.3723446, 43.6909856], [-79.372306, 43.6909581], [-79.3722584, 43.6909422], [-79.3722246, 43.6909129], [-79.3721375, 43.6908905], [-79.3720186, 43.6908939], [-79.3719817, 43.6908864], [-79.3719481, 43.6908705], [-79.3719156, 43.6908408], [-79.3718178, 43.6908133], [-79.3716584, 43.6907318], [-79.3715512, 43.6906906], [-79.3714663, 43.6906435]]}}, {"type": "Feature", "properties": {"name": "Mud Creek", "tunnel": "culvert", "waterway": "stream", "_id": 744917094}, "geometry": {"type": "LineString", "coordinates": [[-79.3735217, 43.6922979], [-79.3732893, 43.6918988], [-79.3731665, 43.691688]]}}, {"type": "Feature", "properties": {"name": "Mud Creek", "waterway": "stream", "_id": 744917095}, "geometry": {"type": "LineString", "coordinates": [[-79.3754308, 43.6930219], [-79.37515, 43.6930467], [-79.3749238, 43.6931213], [-79.3747281, 43.6931083], [-79.3745708, 43.6931584], [-79.3745016, 43.6931558], [-79.3744655, 43.6931426], [-79.3744383, 43.6931114], [-79.3744523, 43.6930076], [-79.3745666, 43.6928686], [-79.3745696, 43.6928398], [-79.3745479, 43.6928299], [-79.3744297, 43.6928178], [-79.3743445, 43.6927871], [-79.3742765, 43.6927154], [-79.3741581, 43.6926687], [-79.3740814, 43.6926257], [-79.3740225, 43.6926064], [-79.3739412, 43.6925589], [-79.3738945, 43.6925105], [-79.3738437, 43.6924773], [-79.3737357, 43.6924391], [-79.373589, 43.6924013], [-79.3735278, 43.6923405], [-79.3735217, 43.6922979]]}}, {"type": "Feature", "properties": {"name": "Mud Creek", "tunnel": "culvert", "waterway": "stream", "_id": 744918534}, "geometry": {"type": "LineString", "coordinates": [[-79.3677422, 43.6853009], [-79.3674231, 43.685162]]}}, {"type": "Feature", "properties": {"name": "Mud Creek", "tunnel": "culvert", "waterway": "stream", "_id": 744918535}, "geometry": {"type": "LineString", "coordinates": [[-79.3674576, 43.687446], [-79.3680587, 43.6864916]]}}, {"type": "Feature", "properties": {"name": "Mud Creek", "waterway": "stream", "_id": 744918536}, "geometry": {"type": "LineString", "coordinates": [[-79.3680587, 43.6864916], [-79.3681017, 43.6864412], [-79.3681164, 43.686383], [-79.3681003, 43.6863267], [-79.3680762, 43.6862763], [-79.3680561, 43.6862007], [-79.368099, 43.6861182], [-79.3680923, 43.6859864], [-79.3680829, 43.685836], [-79.368052, 43.6857429], [-79.3679622, 43.6856207], [-79.3679501, 43.6855684], [-79.3679474, 43.6854636], [-79.3678938, 43.685388], [-79.3678227, 43.6853414], [-79.3677422, 43.6853009]]}}, {"type": "Feature", "properties": {"name": "Mud Creek", "tunnel": "culvert", "waterway": "stream", "_id": 744918537}, "geometry": {"type": "LineString", "coordinates": [[-79.3757634, 43.6927862], [-79.3754308, 43.6930219]]}}, {"type": "Feature", "properties": {"name": "Mud Creek", "waterway": "stream", "_id": 744918538}, "geometry": {"type": "LineString", "coordinates": [[-79.3775162, 43.6933225], [-79.3773754, 43.6932508], [-79.3771702, 43.6931654], [-79.3769824, 43.6930975], [-79.3768684, 43.6930713], [-79.3767705, 43.6930025], [-79.3766847, 43.6929637], [-79.3763428, 43.6928765], [-79.3760075, 43.692795], [-79.3759069, 43.6927911], [-79.3757634, 43.6927862]]}}, {"type": "Feature", "properties": {"name": "Mud Creek", "tunnel": "culvert", "waterway": "stream", "_id": 744918539}, "geometry": {"type": "LineString", "coordinates": [[-79.3783074, 43.6936286], [-79.3775162, 43.6933225]]}}, {"type": "Feature", "properties": {"layer": "-1", "tunnel": "culvert", "waterway": "stream", "_id": 745495163}, "geometry": {"type": "LineString", "coordinates": [[-79.5855815, 43.632816], [-79.5855168, 43.6328497]]}}, {"type": "Feature", "properties": {"attribution": "Natural Resources Canada", "canvec:CODE": "1470171", "canvec:UUID": "39f10007a119454dac0b3775bf4e80ed", "layer": "-1", "source": "CanVec_Import_2009", "tunnel": "culvert", "waterway": "stream", "_id": 745514737}, "geometry": {"type": "LineString", "coordinates": [[-79.6087521, 43.827316], [-79.6085858, 43.8273292]]}}, {"type": "Feature", "properties": {"layer": "-1", "source": "CanVec 6.0 - NRCan", "tunnel": "culvert", "waterway": "stream", "_id": 745776704}, "geometry": {"type": "LineString", "coordinates": [[-79.5587873, 43.593987], [-79.5587953, 43.5939569]]}}, {"type": "Feature", "properties": {"layer": "-1", "source": "CanVec 6.0 - NRCan", "tunnel": "culvert", "waterway": "stream", "_id": 745776705}, "geometry": {"type": "LineString", "coordinates": [[-79.5587992, 43.594233], [-79.5587893, 43.594208]]}}, {"type": "Feature", "properties": {"layer": "-1", "source": "CanVec 6.0 - NRCan", "tunnel": "culvert", "waterway": "stream", "_id": 745776707}, "geometry": {"type": "LineString", "coordinates": [[-79.5588899, 43.5947873], [-79.5588905, 43.5947699]]}}, {"type": "Feature", "properties": {"layer": "-1", "source": "CanVec 6.0 - NRCan", "tunnel": "culvert", "waterway": "stream", "_id": 745776709}, "geometry": {"type": "LineString", "coordinates": [[-79.5589341, 43.5949699], [-79.5589355, 43.5949335]]}}, {"type": "Feature", "properties": {"name": "Yellow Creek", "note": "alignment is from Canvec import - not verified by survey", "tunnel": "culvert", "waterway": "stream", "_id": 745793741}, "geometry": {"type": "LineString", "coordinates": [[-79.3838716, 43.6826351], [-79.3838953, 43.6825429], [-79.383961, 43.6824718], [-79.3840203, 43.6823749], [-79.3840091, 43.6822668], [-79.3839701, 43.6821325], [-79.3838601, 43.6820075], [-79.3837235, 43.6818153], [-79.3835656, 43.6816279], [-79.3835881, 43.681582], [-79.3836886, 43.6815319], [-79.3837546, 43.6814506], [-79.3837364, 43.6813372], [-79.3836676, 43.6812591], [-79.383577, 43.6812012], [-79.3834441, 43.6811376], [-79.3833888, 43.6810854], [-79.3832521, 43.6808983], [-79.3831761, 43.6808253], [-79.3831065, 43.680778], [-79.3830665, 43.6806848], [-79.3829897, 43.6806426], [-79.3828775, 43.6805999], [-79.3827648, 43.6805726], [-79.3826517, 43.6805607], [-79.3824901, 43.6805121], [-79.3823513, 43.6804021], [-79.3817793, 43.6803272], [-79.3812616, 43.6800781], [-79.3810163, 43.6799769], [-79.3807202, 43.6799213], [-79.3805008, 43.6799079], [-79.380304, 43.6798486], [-79.3798512, 43.6798216], [-79.3794687, 43.6798161], [-79.379263, 43.6798254]]}}, {"type": "Feature", "properties": {"attribution": "Natural Resources Canada", "canvec:CODE": "1470171", "canvec:UUID": "1a9f66c5ed10467fbd751bf573f9384c", "layer": "-1", "source": "CanVec_Import_2009", "tunnel": "culvert", "waterway": "stream", "_id": 747136778}, "geometry": {"type": "LineString", "coordinates": [[-79.5529246, 43.8679834], [-79.5532985, 43.8677203], [-79.5533987, 43.8676839], [-79.5537144, 43.8676414]]}}, {"type": "Feature", "properties": {"intermittent": "yes", "layer": "-1", "tunnel": "culvert", "waterway": "stream", "_id": 761048626}, "geometry": {"type": "LineString", "coordinates": [[-79.5900102, 43.6504802], [-79.5899277, 43.6504244]]}}, {"type": "Feature", "properties": {"intermittent": "yes", "layer": "-1", "tunnel": "culvert", "waterway": "stream", "_id": 761048628}, "geometry": {"type": "LineString", "coordinates": [[-79.5896333, 43.650125], [-79.5895945, 43.6500299]]}}, {"type": "Feature", "properties": {"intermittent": "yes", "layer": "-1", "tunnel": "culvert", "waterway": "stream", "_id": 761048630}, "geometry": {"type": "LineString", "coordinates": [[-79.5894892, 43.6497611], [-79.5897842, 43.6495403]]}}, {"type": "Feature", "properties": {"intermittent": "yes", "layer": "-1", "tunnel": "culvert", "waterway": "stream", "_id": 761048635}, "geometry": {"type": "LineString", "coordinates": [[-79.5973326, 43.6480721], [-79.5972662, 43.6480974]]}}, {"type": "Feature", "properties": {"intermittent": "yes", "layer": "-1", "tunnel": "culvert", "waterway": "stream", "_id": 761048638}, "geometry": {"type": "LineString", "coordinates": [[-79.5975154, 43.6480066], [-79.5974771, 43.6480149]]}}, {"type": "Feature", "properties": {"layer": "-1", "tunnel": "culvert", "waterway": "stream", "_id": 761048640}, "geometry": {"type": "LineString", "coordinates": [[-79.5969739, 43.6481536], [-79.5965045, 43.6479906]]}}, {"type": "Feature", "properties": {"layer": "-1", "name": "Carrville Creek", "source": "NRCan-CanVec-10.0", "tunnel": "culvert", "waterway": "stream", "_id": 761580348}, "geometry": {"type": "LineString", "coordinates": [[-79.4665803, 43.846149], [-79.4664269, 43.8459561]]}}, {"type": "Feature", "properties": {"layer": "-1", "name": "Don River East Branch", "source": "NRCan-CanVec-10.0", "tunnel": "culvert", "waterway": "stream", "_id": 761580361}, "geometry": {"type": "LineString", "coordinates": [[-79.4628948, 43.8467286], [-79.4628679, 43.8466533]]}}, {"type": "Feature", "properties": {"layer": "-1", "name": "Don River East Branch", "source": "NRCan-CanVec-10.0", "tunnel": "culvert", "waterway": "stream", "_id": 761580363}, "geometry": {"type": "LineString", "coordinates": [[-79.4629401, 43.8468766], [-79.4628997, 43.8467423]]}}, {"type": "Feature", "properties": {"layer": "-1", "name": "Don River East Branch", "source": "NRCan-CanVec-10.0", "tunnel": "culvert", "waterway": "stream", "_id": 761908538}, "geometry": {"type": "LineString", "coordinates": [[-79.4717768, 43.8642577], [-79.4716188, 43.8640854]]}}, {"type": "Feature", "properties": {"layer": "-1", "name": "Westminster Creek", "source": "NRCan-CanVec-10.0", "tunnel": "culvert", "waterway": "stream", "_id": 762117065}, "geometry": {"type": "LineString", "coordinates": [[-79.4732636, 43.8018474], [-79.4731875, 43.8015431]]}}, {"type": "Feature", "properties": {"attribution": "Natural Resources Canada", "canvec:CODE": "1470171", "layer": "-1", "source": "CanVec_Import_2009", "tunnel": "culvert", "waterway": "stream", "_id": 777561084}, "geometry": {"type": "LineString", "coordinates": [[-79.5115898, 43.8517387], [-79.5118002, 43.8516439], [-79.5119256, 43.8515617]]}}, {"type": "Feature", "properties": {"attribution": "Natural Resources Canada", "canvec:CODE": "1470171", "layer": "-1", "source": "CanVec_Import_2009", "tunnel": "culvert", "waterway": "stream", "_id": 777561085}, "geometry": {"type": "LineString", "coordinates": [[-79.511513, 43.8517733], [-79.5115898, 43.8517387]]}}, {"type": "Feature", "properties": {"attribution": "Natural Resources Canada", "canvec:CODE": "1470171", "canvec:UUID": "9f451408381e48f2bc59140c61bb0d9a", "layer": "-1", "source": "CanVec_Import_2009", "tunnel": "culvert", "waterway": "stream", "_id": 777884913}, "geometry": {"type": "LineString", "coordinates": [[-79.5330401, 43.8685642], [-79.5330629, 43.8683779]]}}, {"type": "Feature", "properties": {"attribution": "Natural Resources Canada", "canvec:CODE": "1470171", "canvec:UUID": "9f451408381e48f2bc59140c61bb0d9a", "layer": "-1", "source": "CanVec_Import_2009", "tunnel": "culvert", "waterway": "stream", "_id": 777884914}, "geometry": {"type": "LineString", "coordinates": [[-79.533025, 43.8686081], [-79.5330401, 43.8685642]]}}, {"type": "Feature", "properties": {"attribution": "Natural Resources Canada", "canvec:CODE": "1470171", "canvec:UUID": "f163aad4bcb340d2a107571d0c080737", "layer": "-1", "source": "CanVec_Import_2009", "tunnel": "culvert", "waterway": "stream", "_id": 777884966}, "geometry": {"type": "LineString", "coordinates": [[-79.5582844, 43.8642814], [-79.5582838, 43.8641011]]}}, {"type": "Feature", "properties": {"attribution": "Natural Resources Canada", "canvec:CODE": "1470171", "layer": "-1", "source": "CanVec_Import_2009", "tunnel": "culvert", "waterway": "stream", "_id": 780667677}, "geometry": {"type": "LineString", "coordinates": [[-79.515054, 43.8510024], [-79.5150233, 43.850906]]}}, {"type": "Feature", "properties": {"attribution": "Natural Resources Canada", "canvec:CODE": "1470171", "layer": "-1", "source": "CanVec_Import_2009", "tunnel": "culvert", "waterway": "stream", "_id": 781144429}, "geometry": {"type": "LineString", "coordinates": [[-79.5017171, 43.8341968], [-79.5017765, 43.834164]]}}, {"type": "Feature", "properties": {"attribution": "Natural Resources Canada", "canvec:CODE": "1470171", "layer": "-1", "source": "CanVec_Import_2009", "tunnel": "culvert", "waterway": "stream", "_id": 781144435}, "geometry": {"type": "LineString", "coordinates": [[-79.5042862, 43.8377099], [-79.5042798, 43.8373734]]}}, {"type": "Feature", "properties": {"attribution": "Natural Resources Canada", "canvec:CODE": "1470171", "canvec:UUID": "922656a4198c4362955bb7a74e5f2b73", "layer": "-1", "source": "CanVec_Import_2009", "tunnel": "culvert", "waterway": "stream", "_id": 786894180}, "geometry": {"type": "LineString", "coordinates": [[-79.545531, 43.8478338], [-79.545401, 43.8471846]]}}, {"type": "Feature", "properties": {"attribution": "Natural Resources Canada", "canvec:CODE": "1470171", "canvec:UUID": "d06c2d8b8785425ba69cfd7a63e81f18", "layer": "-1", "source": "CanVec_Import_2009", "tunnel": "culvert", "waterway": "stream", "_id": 786894251}, "geometry": {"type": "LineString", "coordinates": [[-79.5821863, 43.8407425], [-79.5820927, 43.840348]]}}, {"type": "Feature", "properties": {"layer": "-1", "source": "NRCan-CanVec-10.0", "tunnel": "culvert", "waterway": "stream", "_id": 787659380}, "geometry": {"type": "LineString", "coordinates": [[-79.3843477, 43.8373548], [-79.3830756, 43.8361156]]}}, {"type": "Feature", "properties": {"layer": "-1", "source": "NRCan-CanVec-10.0", "tunnel": "culvert", "waterway": "stream", "_id": 789639213}, "geometry": {"type": "LineString", "coordinates": [[-79.4783729, 43.7921068], [-79.4782924, 43.7921314]]}}, {"type": "Feature", "properties": {"attribution": "Natural Resources Canada", "canvec:CODE": "1470171", "layer": "-1", "source": "CanVec_Import_2009", "tunnel": "culvert", "waterway": "stream", "_id": 791520799}, "geometry": {"type": "LineString", "coordinates": [[-79.5741213, 43.7875368], [-79.5741211, 43.7874672]]}}, {"type": "Feature", "properties": {"attribution": "Natural Resources Canada", "canvec:CODE": "1470171", "layer": "-1", "source": "CanVec_Import_2009", "tunnel": "culvert", "waterway": "stream", "_id": 791520800}, "geometry": {"type": "LineString", "coordinates": [[-79.574122, 43.7877218], [-79.5741213, 43.7875368]]}}, {"type": "Feature", "properties": {"attribution": "Natural Resources Canada", "canvec:CODE": "1470171", "layer": "-1", "source": "CanVec_Import_2009", "tunnel": "culvert", "waterway": "stream", "_id": 791520801}, "geometry": {"type": "LineString", "coordinates": [[-79.5741401, 43.7877914], [-79.5741221, 43.7877573], [-79.574122, 43.7877218]]}}, {"type": "Feature", "properties": {"attribution": "Natural Resources Canada", "canvec:CODE": "1470171", "layer": "-1", "source": "CanVec_Import_2009", "tunnel": "culvert", "waterway": "stream", "_id": 791520802}, "geometry": {"type": "LineString", "coordinates": [[-79.5742326, 43.7879665], [-79.5741401, 43.7877914]]}}, {"type": "Feature", "properties": {"attribution": "Natural Resources Canada", "canvec:CODE": "1470071", "canvec:UUID": "fc7c32705d1948d68b3f31cfd89b5806", "layer": "-1", "source": "CanVec_Import_2009", "tunnel": "culvert", "waterway": "stream", "_id": 791520825}, "geometry": {"type": "LineString", "coordinates": [[-79.5739283, 43.7948791], [-79.5739057, 43.7951635]]}}, {"type": "Feature", "properties": {"attribution": "Natural Resources Canada", "canvec:CODE": "1470071", "canvec:UUID": "fc7c32705d1948d68b3f31cfd89b5806", "layer": "-1", "source": "CanVec_Import_2009", "tunnel": "culvert", "waterway": "stream", "_id": 791520834}, "geometry": {"type": "LineString", "coordinates": [[-79.5726703, 43.7981596], [-79.572529, 43.7981705], [-79.5722944, 43.798256]]}}, {"type": "Feature", "properties": {"attribution": "Natural Resources Canada", "canvec:CODE": "1470171", "canvec:UUID": "b2fe54e4f36040a2a097e2eed92d792d", "layer": "-1", "source": "CanVec_Import_2009", "tunnel": "culvert", "waterway": "stream", "_id": 791917105}, "geometry": {"type": "LineString", "coordinates": [[-79.5800275, 43.7743041], [-79.580056, 43.7740375], [-79.5802163, 43.7738272]]}}, {"type": "Feature", "properties": {"attribution": "Natural Resources Canada", "canvec:CODE": "1470171", "canvec:UUID": "a20524da9fa94dec8731bc05f6c450e4", "layer": "-1", "name": "East Humber River", "source": "CanVec_Import_2009", "tunnel": "culvert", "waterway": "river", "_id": 791917144}, "geometry": {"type": "LineString", "coordinates": [[-79.5859922, 43.7896183], [-79.5862619, 43.789818]]}}, {"type": "Feature", "properties": {"attribution": "Natural Resources Canada", "canvec:CODE": "1470171", "canvec:UUID": "346bc180d17a4802b450ab7cf1473f67", "layer": "-1", "source": "CanVec_Import_2009", "tunnel": "culvert", "waterway": "stream", "_id": 792301643}, "geometry": {"type": "LineString", "coordinates": [[-79.6145111, 43.8139687], [-79.6143696, 43.8139369], [-79.6141451, 43.8137881], [-79.6138533, 43.8137631]]}}, {"type": "Feature", "properties": {"attribution": "Natural Resources Canada", "canvec:CODE": "1470171", "canvec:UUID": "a40c486230474b189e68ac4ca5924977", "name": "Black Creek", "name:en": "Black Creek", "source": "CanVec_Import_2009", "waterway": "stream", "_id": 794194281}, "geometry": {"type": "LineString", "coordinates": [[-79.5233237, 43.7911505], [-79.523291, 43.7910268], [-79.5231484, 43.7908783], [-79.5229729, 43.7908014], [-79.5227704, 43.7907494], [-79.5225319, 43.7906898], [-79.5223373, 43.7905642], [-79.5222398, 43.7904107], [-79.5222068, 43.790142], [-79.5222119, 43.7898671]]}}, {"type": "Feature", "properties": {"attribution": "Natural Resources Canada", "canvec:CODE": "1470171", "canvec:UUID": "a40c486230474b189e68ac4ca5924977", "layer": "-1", "name": "Black Creek", "name:en": "Black Creek", "source": "CanVec_Import_2009", "tunnel": "culvert", "waterway": "stream", "_id": 794194282}, "geometry": {"type": "LineString", "coordinates": [[-79.5233494, 43.7912476], [-79.5233237, 43.7911505]]}}, {"type": "Feature", "properties": {"attribution": "Natural Resources Canada", "canvec:CODE": "1470171", "canvec:UUID": "5b6e94fba7d847119441d2fe44a71d04", "layer": "-1", "source": "CanVec_Import_2009", "tunnel": "culvert", "waterway": "stream", "_id": 794473019}, "geometry": {"type": "LineString", "coordinates": [[-79.5874099, 43.8201683], [-79.5875214, 43.8200252], [-79.5877005, 43.819867], [-79.5880326, 43.8196637], [-79.5881029, 43.8195313]]}}, {"type": "Feature", "properties": {"attribution": "Natural Resources Canada", "canvec:CODE": "1470171", "canvec:UUID": "6afc03bcad4c42479e178b76c9f0e533", "layer": "-1", "source": "CanVec_Import_2009", "tunnel": "culvert", "waterway": "stream", "_id": 794473070}, "geometry": {"type": "LineString", "coordinates": [[-79.5287408, 43.8321203], [-79.5287032, 43.8318163]]}}, {"type": "Feature", "properties": {"attribution": "Natural Resources Canada", "canvec:CODE": "1470171", "layer": "-1", "source": "CanVec_Import_2009", "tunnel": "culvert", "waterway": "stream", "_id": 794473084}, "geometry": {"type": "LineString", "coordinates": [[-79.5151256, 43.8351248], [-79.5150383, 43.835059], [-79.514939, 43.8348429]]}}, {"type": "Feature", "properties": {"layer": "-1", "name": "Patterson Creek", "source": "NRCan-CanVec-10.0", "tunnel": "culvert", "waterway": "stream", "_id": 794505528}, "geometry": {"type": "LineString", "coordinates": [[-79.4516487, 43.8493761], [-79.451682, 43.8493133], [-79.4517721, 43.8489735]]}}, {"type": "Feature", "properties": {"attribution": "Natural Resources Canada", "canvec:CODE": "1470071", "layer": "-1", "source": "CanVec_Import_2009", "tunnel": "culvert", "waterway": "stream", "_id": 795367573}, "geometry": {"type": "LineString", "coordinates": [[-79.502238, 43.810168], [-79.5022284, 43.8100787]]}}, {"type": "Feature", "properties": {"attribution": "Natural Resources Canada", "canvec:CODE": "1470171", "canvec:UUID": "42423a649fb04b8c894a8c3ebb09bb3b", "layer": "-1", "source": "CanVec_Import_2009", "tunnel": "culvert", "waterway": "stream", "_id": 798448348}, "geometry": {"type": "LineString", "coordinates": [[-79.5384441, 43.8689901], [-79.5384227, 43.8686872]]}}, {"type": "Feature", "properties": {"attribution": "Natural Resources Canada", "canvec:CODE": "1470171", "canvec:UUID": "e000618fb6bc44d698771f366ce9b435", "layer": "-1", "source": "CanVec_Import_2009", "tunnel": "culvert", "waterway": "stream", "_id": 800773742}, "geometry": {"type": "LineString", "coordinates": [[-79.5265725, 43.854863], [-79.5265636, 43.8547941], [-79.5264839, 43.8547707], [-79.5264103, 43.8548028], [-79.5263752, 43.8549053], [-79.5262337, 43.8549161]]}}, {"type": "Feature", "properties": {"attribution": "Natural Resources Canada", "canvec:CODE": "1470171", "canvec:UUID": "e000618fb6bc44d698771f366ce9b435", "layer": "-1", "source": "CanVec_Import_2009", "tunnel": "culvert", "waterway": "stream", "_id": 800773744}, "geometry": {"type": "LineString", "coordinates": [[-79.5266792, 43.8554821], [-79.5266095, 43.8555002]]}}, {"type": "Feature", "properties": {"layer": "-1", "name": "Mud Creek", "tunnel": "yes", "waterway": "stream", "_id": 800859664}, "geometry": {"type": "LineString", "coordinates": [[-79.3662262, 43.6843208], [-79.366094, 43.6839798]]}}, {"type": "Feature", "properties": {"name": "Mud Creek", "waterway": "stream", "_id": 800859665}, "geometry": {"type": "LineString", "coordinates": [[-79.366541, 43.6849335], [-79.3664028, 43.6847384]]}}, {"type": "Feature", "properties": {"layer": "-1", "name": "Mud Creek", "tunnel": "yes", "waterway": "stream", "_id": 800859666}, "geometry": {"type": "LineString", "coordinates": [[-79.3664028, 43.6847384], [-79.3663625, 43.6846528]]}}, {"type": "Feature", "properties": {"name": "Mud Creek", "waterway": "stream", "_id": 800859667}, "geometry": {"type": "LineString", "coordinates": [[-79.3663625, 43.6846528], [-79.3663011, 43.6845033], [-79.3662262, 43.6843208]]}}, {"type": "Feature", "properties": {"layer": "-1", "name": "Mud Creek", "tunnel": "yes", "waterway": "stream", "_id": 800859668}, "geometry": {"type": "LineString", "coordinates": [[-79.366579, 43.6850203], [-79.366541, 43.6849335]]}}, {"type": "Feature", "properties": {"layer": "-1", "name": "Mud Creek", "tunnel": "yes", "waterway": "stream", "_id": 800859669}, "geometry": {"type": "LineString", "coordinates": [[-79.3659962, 43.683746], [-79.3659539, 43.6836379]]}}, {"type": "Feature", "properties": {"name": "Mud Creek", "waterway": "stream", "_id": 800859670}, "geometry": {"type": "LineString", "coordinates": [[-79.366094, 43.6839798], [-79.3659962, 43.683746]]}}, {"type": "Feature", "properties": {"name": "Mud Creek", "waterway": "stream", "_id": 800859671}, "geometry": {"type": "LineString", "coordinates": [[-79.3659539, 43.6836379], [-79.3657774, 43.6831604]]}}, {"type": "Feature", "properties": {"attribution": "Natural Resources Canada", "canvec:CODE": "1470171", "layer": "-1", "source": "CanVec_Import_2009", "tunnel": "culvert", "waterway": "stream", "_id": 801359144}, "geometry": {"type": "LineString", "coordinates": [[-79.5188868, 43.8281836], [-79.5185721, 43.8280197]]}}, {"type": "Feature", "properties": {"attribution": "Natural Resources Canada", "canvec:CODE": "1470171", "layer": "-1", "name": "East Robinson Creek", "source": "CanVec_Import_2009", "tunnel": "culvert", "waterway": "stream", "_id": 803183068}, "geometry": {"type": "LineString", "coordinates": [[-79.6496126, 43.8252725], [-79.6496618, 43.8244711]]}}, {"type": "Feature", "properties": {"attribution": "Natural Resources Canada", "canvec:CODE": "1470171", "canvec:UUID": "f163aad4bcb340d2a107571d0c080737", "layer": "-1", "source": "CanVec_Import_2009", "tunnel": "culvert", "waterway": "stream", "_id": 806574277}, "geometry": {"type": "LineString", "coordinates": [[-79.5641385, 43.8618143], [-79.5644998, 43.8615792]]}}, {"type": "Feature", "properties": {"attribution": "Natural Resources Canada", "canvec:CODE": "1470171", "canvec:UUID": "6e5bee8eb79a4aafab65742583e14cab", "layer": "-1", "source": "CanVec_Import_2009", "tunnel": "culvert", "waterway": "stream", "_id": 806574312}, "geometry": {"type": "LineString", "coordinates": [[-79.5667182, 43.8649208], [-79.5666455, 43.8648336]]}}, {"type": "Feature", "properties": {"tunnel": "culvert", "waterway": "stream", "_id": 810132629}, "geometry": {"type": "LineString", "coordinates": [[-79.5502156, 43.5921439], [-79.5500701, 43.5921522]]}}, {"type": "Feature", "properties": {"layer": "-1", "name": "German Mills Creek", "source": "NRCan-CanVec-10.0", "tunnel": "culvert", "waterway": "stream", "_id": 819874737}, "geometry": {"type": "LineString", "coordinates": [[-79.4093635, 43.8481683], [-79.4078615, 43.8463961]]}}, {"type": "Feature", "properties": {"attribution": "Natural Resources Canada", "canvec:CODE": "1470171", "canvec:UUID": "273ff7f4d6c5420b883463cf6f8133a8", "layer": "-1", "source": "CanVec_Import_2009", "tunnel": "culvert", "waterway": "stream", "_id": 821626249}, "geometry": {"type": "LineString", "coordinates": [[-79.6304124, 43.8453452], [-79.630512, 43.8451999], [-79.6307365, 43.8450886]]}}, {"type": "Feature", "properties": {"attribution": "Natural Resources Canada", "canvec:CODE": "1470171", "canvec:UUID": "273ff7f4d6c5420b883463cf6f8133a8", "layer": "-1", "source": "CanVec_Import_2009", "tunnel": "culvert", "waterway": "stream", "_id": 821626258}, "geometry": {"type": "LineString", "coordinates": [[-79.6338267, 43.843626], [-79.6337382, 43.8432922]]}}, {"type": "Feature", "properties": {"attribution": "Natural Resources Canada", "canvec:CODE": "1470171", "canvec:UUID": "273ff7f4d6c5420b883463cf6f8133a8", "layer": "-1", "source": "CanVec_Import_2009", "tunnel": "culvert", "waterway": "stream", "_id": 821626269}, "geometry": {"type": "LineString", "coordinates": [[-79.6336125, 43.8442785], [-79.6339058, 43.8441655]]}}, {"type": "Feature", "properties": {"attribution": "Natural Resources Canada", "canvec:CODE": "1470171", "canvec:UUID": "82347881204c4022914895a7e412f745", "layer": "-1", "source": "CanVec_Import_2009", "tunnel": "culvert", "waterway": "stream", "_id": 821626288}, "geometry": {"type": "LineString", "coordinates": [[-79.6164313, 43.8521366], [-79.6164547, 43.8521045], [-79.6165631, 43.8519336]]}}, {"type": "Feature", "properties": {"intermittent": "yes", "name": "Castle Frank Brook", "waterway": "stream", "_id": 823584212}, "geometry": {"type": "LineString", "coordinates": [[-79.4139433, 43.6836859], [-79.4132567, 43.683395], [-79.4126612, 43.6832437], [-79.4118297, 43.6830381], [-79.4115843, 43.6829285], [-79.4115776, 43.682783], [-79.4111377, 43.6825318], [-79.4111377, 43.6823379]]}}, {"type": "Feature", "properties": {"layer": "-1", "source": "CanVec 6.0 - NRCan", "tunnel": "yes", "waterway": "stream", "_id": 825977067}, "geometry": {"type": "LineString", "coordinates": [[-79.1360682, 43.8404606], [-79.1360301, 43.8404869], [-79.1359723, 43.84054]]}}, {"type": "Feature", "properties": {"layer": "-1", "source": "NRCan-CanVec-10.0", "tunnel": "culvert", "waterway": "stream", "_id": 828611688}, "geometry": {"type": "LineString", "coordinates": [[-79.4536886, 43.8250439], [-79.4528828, 43.8251096]]}}, {"type": "Feature", "properties": {"layer": "-1", "name": "Don River East Branch", "source": "NRCan-CanVec-10.0", "tunnel": "culvert", "waterway": "stream", "_id": 828911251}, "geometry": {"type": "LineString", "coordinates": [[-79.4677522, 43.8536374], [-79.4677275, 43.8533349]]}}, {"type": "Feature", "properties": {"layer": "-1", "name": "Patterson Creek", "source": "NRCan-CanVec-10.0", "tunnel": "culvert", "waterway": "stream", "_id": 829319565}, "geometry": {"type": "LineString", "coordinates": [[-79.4500611, 43.8518512], [-79.450027, 43.8517424], [-79.4499334, 43.851611]]}}, {"type": "Feature", "properties": {"layer": "-1", "source": "NRCan-CanVec-10.0", "tunnel": "culvert", "waterway": "stream", "_id": 829319584}, "geometry": {"type": "LineString", "coordinates": [[-79.4468574, 43.8548091], [-79.4468726, 43.8548806]]}}, {"type": "Feature", "properties": {"alt_name": "East Don River", "layer": "-1", "name": "Patterson Creek", "source": "NRCan-CanVec-10.0", "tunnel": "culvert", "waterway": "stream", "_id": 829376199}, "geometry": {"type": "LineString", "coordinates": [[-79.4591097, 43.8624419], [-79.4588551, 43.8622674]]}}, {"type": "Feature", "properties": {"alt_name": "East Don River", "layer": "-1", "name": "Patterson Creek", "source": "NRCan-CanVec-10.0", "tunnel": "culvert", "waterway": "stream", "_id": 829737013}, "geometry": {"type": "LineString", "coordinates": [[-79.4624192, 43.869662], [-79.4623634, 43.8696329]]}}, {"type": "Feature", "properties": {"alt_name": "East Don River", "layer": "-1", "name": "Patterson Creek", "source": "NRCan-CanVec-10.0", "tunnel": "culvert", "waterway": "stream", "_id": 829737015}, "geometry": {"type": "LineString", "coordinates": [[-79.4624158, 43.8694748], [-79.4625093, 43.869455]]}}, {"type": "Feature", "properties": {"attribution": "Natural Resources Canada", "canvec:CODE": "1470171", "canvec:UUID": "01b473120ef04ff3853dcdfd4e4371ae", "layer": "-1", "source": "CanVec_Import_2009", "tunnel": "culvert", "waterway": "stream", "_id": 835532220}, "geometry": {"type": "LineString", "coordinates": [[-79.6295731, 43.8109089], [-79.6291659, 43.8107456], [-79.6290097, 43.8107268], [-79.6286739, 43.8107212]]}}, {"type": "Feature", "properties": {"attribution": "Natural Resources Canada", "canvec:CODE": "1470171", "canvec:UUID": "6e576f990d554c18a002fb77c529ec58", "layer": "-1", "name": "East Robinson Creek", "source": "CanVec_Import_2009", "tunnel": "culvert", "waterway": "stream", "_id": 835532224}, "geometry": {"type": "LineString", "coordinates": [[-79.636421, 43.8085788], [-79.636372, 43.8084501]]}}, {"type": "Feature", "properties": {"attribution": "Natural Resources Canada", "canvec:CODE": "1470171", "canvec:UUID": "d3af8cf24cf647deb92352c4295ed37c", "layer": "-1", "name": "West Robinson Creek", "source": "CanVec_Import_2009", "tunnel": "culvert", "waterway": "stream", "_id": 835532226}, "geometry": {"type": "LineString", "coordinates": [[-79.6382303, 43.8082113], [-79.6380544, 43.8080746]]}}, {"type": "Feature", "properties": {"attribution": "Natural Resources Canada", "canvec:CODE": "1470171", "canvec:UUID": "d3af8cf24cf647deb92352c4295ed37c", "layer": "-1", "name": "West Robinson Creek", "source": "CanVec_Import_2009", "tunnel": "culvert", "waterway": "stream", "_id": 835532233}, "geometry": {"type": "LineString", "coordinates": [[-79.6432534, 43.8075708], [-79.6429976, 43.8075352]]}}, {"type": "Feature", "properties": {"attribution": "Natural Resources Canada", "canvec:CODE": "1470171", "canvec:UUID": "1a5b83014c474541b9622418fcd9c58b", "layer": "-1", "source": "CanVec_Import_2009", "tunnel": "culvert", "waterway": "stream", "_id": 836866281}, "geometry": {"type": "LineString", "coordinates": [[-79.6185051, 43.7632384], [-79.61889, 43.7633004]]}}, {"type": "Feature", "properties": {"attribution": "Natural Resources Canada", "canvec:CODE": "1470171", "canvec:UUID": "3d65cecc8abb4a538c3aa8a1d3837106", "layer": "-1", "source": "CanVec_Import_2009", "tunnel": "culvert", "waterway": "stream", "_id": 836866288}, "geometry": {"type": "LineString", "coordinates": [[-79.6216547, 43.772089], [-79.6207558, 43.7721228], [-79.6205659, 43.7721299], [-79.6200119, 43.7719584], [-79.6196025, 43.7718762], [-79.6194459, 43.7717486], [-79.6190865, 43.7716663], [-79.6188362, 43.7716306], [-79.6186608, 43.7712279], [-79.6185977, 43.7709359], [-79.6184149, 43.7708489], [-79.6181267, 43.7708879], [-79.6163565, 43.7712417]]}}, {"type": "Feature", "properties": {"attribution": "Natural Resources Canada", "canvec:CODE": "1470171", "canvec:UUID": "3d65cecc8abb4a538c3aa8a1d3837106", "layer": "-1", "source": "CanVec_Import_2009", "tunnel": "culvert", "waterway": "stream", "_id": 836866341}, "geometry": {"type": "LineString", "coordinates": [[-79.6072424, 43.7662972], [-79.6069331, 43.7662147], [-79.6065613, 43.7659489]]}}, {"type": "Feature", "properties": {"attribution": "Natural Resources Canada", "canvec:CODE": "1470171", "canvec:UUID": "3d65cecc8abb4a538c3aa8a1d3837106", "layer": "-1", "source": "CanVec_Import_2009", "tunnel": "culvert", "waterway": "stream", "_id": 836866344}, "geometry": {"type": "LineString", "coordinates": [[-79.6129786, 43.770201], [-79.6122498, 43.7702358], [-79.6119753, 43.7700508], [-79.6118597, 43.76984], [-79.6118468, 43.7695841], [-79.6118079, 43.7694413], [-79.6116871, 43.7693925], [-79.6116014, 43.7693138], [-79.6115945, 43.7690771], [-79.6116118, 43.7689896], [-79.6115301, 43.7684588], [-79.6114504, 43.7683992], [-79.6113208, 43.7683761], [-79.6110354, 43.7683703], [-79.61059, 43.7681367], [-79.6105212, 43.7678617], [-79.6104738, 43.7677808], [-79.6104147, 43.767734], [-79.6102792, 43.7676917], [-79.6098628, 43.7673364], [-79.6096682, 43.7672473], [-79.6093887, 43.7672607]]}}, {"type": "Feature", "properties": {"attribution": "Natural Resources Canada", "canvec:CODE": "1470171", "canvec:UUID": "5a7842bae3a44bb49cb9d78ac5709da2", "layer": "-1", "source": "CanVec_Import_2009", "tunnel": "culvert", "waterway": "stream", "_id": 836885419}, "geometry": {"type": "LineString", "coordinates": [[-79.6274644, 43.7954246], [-79.6268577, 43.7954068]]}}, {"type": "Feature", "properties": {"attribution": "Natural Resources Canada", "canvec:CODE": "1470171", "canvec:UUID": "5bafe4e767b9423db728b93f5c7984aa", "layer": "-1", "name": "Robinson Creek", "source": "CanVec_Import_2009", "tunnel": "culvert", "waterway": "stream", "_id": 836885434}, "geometry": {"type": "LineString", "coordinates": [[-79.6281375, 43.7984617], [-79.6278029, 43.7985981]]}}, {"type": "Feature", "properties": {"attribution": "Natural Resources Canada", "canvec:CODE": "1470171", "canvec:UUID": "9a55b5bee3ae472498644ed4a8c7b5fd", "layer": "-1", "source": "CanVec_Import_2009", "tunnel": "culvert", "waterway": "stream", "_id": 836885449}, "geometry": {"type": "LineString", "coordinates": [[-79.6296187, 43.8131272], [-79.6291, 43.8130708]]}}, {"type": "Feature", "properties": {"attribution": "Natural Resources Canada", "canvec:CODE": "1470171", "canvec:UUID": "ab311f9ae59845cfb61e5d635befcea4", "layer": "-1", "source": "CanVec_Import_2009", "tunnel": "culvert", "waterway": "stream", "_id": 836885453}, "geometry": {"type": "LineString", "coordinates": [[-79.631059, 43.8249914], [-79.6315862, 43.824999]]}}, {"type": "Feature", "properties": {"attribution": "Natural Resources Canada", "canvec:CODE": "1470171", "canvec:UUID": "f5c112caf76b4200b4dc2c8025ee4cf6", "layer": "-1", "source": "CanVec_Import_2009", "tunnel": "culvert", "waterway": "stream", "_id": 836885462}, "geometry": {"type": "LineString", "coordinates": [[-79.6314867, 43.8312297], [-79.6313369, 43.8312329]]}}, {"type": "Feature", "properties": {"attribution": "Natural Resources Canada", "canvec:CODE": "1470171", "canvec:UUID": "5d2f7412224c42f0b0f3d89290a2c459", "layer": "-1", "source": "CanVec_Import_2009", "tunnel": "culvert", "waterway": "stream", "_id": 836885466}, "geometry": {"type": "LineString", "coordinates": [[-79.6435539, 43.8637297], [-79.6436879, 43.863756]]}}, {"type": "Feature", "properties": {"attribution": "Natural Resources Canada", "canvec:CODE": "1470171", "canvec:UUID": "0a86a712a1c641edad976f6564cbdbf1", "layer": "-1", "source": "CanVec_Import_2009", "tunnel": "culvert", "waterway": "stream", "_id": 836885469}, "geometry": {"type": "LineString", "coordinates": [[-79.6450358, 43.8695335], [-79.6448953, 43.8694994]]}}, {"type": "Feature", "properties": {"layer": "-1", "source": "NRCan-CanVec-10.0", "tunnel": "culvert", "waterway": "stream", "_id": 839958945}, "geometry": {"type": "LineString", "coordinates": [[-79.2153396, 43.727691], [-79.2152957, 43.727636]]}}, {"type": "Feature", "properties": {"layer": "-1", "source": "CanVec 6.0 - NRCan", "tunnel": "culvert", "waterway": "stream", "_id": 839973025}, "geometry": {"type": "LineString", "coordinates": [[-79.1515807, 43.7613677], [-79.1514944, 43.7613557]]}}, {"type": "Feature", "properties": {"layer": "-1", "source": "CanVec 6.0 - NRCan", "tunnel": "culvert", "waterway": "stream", "_id": 839973027}, "geometry": {"type": "LineString", "coordinates": [[-79.1559117, 43.7633232], [-79.1557887, 43.7632455]]}}, {"type": "Feature", "properties": {"layer": "-1", "source": "CanVec 6.0 - NRCan", "tunnel": "culvert", "waterway": "stream", "_id": 839973029}, "geometry": {"type": "LineString", "coordinates": [[-79.1562873, 43.7635671], [-79.1561665, 43.7634842]]}}, {"type": "Feature", "properties": {"attribution": "Natural Resources Canada", "canvec:CODE": "1470171", "canvec:UUID": "210d77a6c8bc472bbd5dd3025cb886c1", "layer": "-1", "source": "CanVec_Import_2009", "tunnel": "culvert", "waterway": "stream", "_id": 840339980}, "geometry": {"type": "LineString", "coordinates": [[-79.6505284, 43.7832742], [-79.6499018, 43.7825103]]}}, {"type": "Feature", "properties": {"attribution": "Natural Resources Canada", "canvec:CODE": "1470171", "layer": "-1", "source": "CanVec_Import_2009", "tunnel": "culvert", "waterway": "stream", "_id": 840340077}, "geometry": {"type": "LineString", "coordinates": [[-79.5173446, 43.81521], [-79.5172776, 43.8151123]]}}, {"type": "Feature", "properties": {"layer": "-1", "source": "CanVec 6.0 - NRCan", "tunnel": "culvert", "waterway": "stream", "_id": 843728456}, "geometry": {"type": "LineString", "coordinates": [[-79.2401757, 43.8391763], [-79.240074, 43.839134]]}}, {"type": "Feature", "properties": {"layer": "-1", "name": "Morningside Creek", "source": "CanVec 6.0 - NRCan", "tunnel": "culvert", "waterway": "stream", "_id": 843728458}, "geometry": {"type": "LineString", "coordinates": [[-79.2395229, 43.8393658], [-79.239424, 43.8392777]]}}, {"type": "Feature", "properties": {"layer": "-1", "source": "CanVec 6.0 - NRCan", "tunnel": "culvert", "waterway": "stream", "_id": 843728469}, "geometry": {"type": "LineString", "coordinates": [[-79.2120001, 43.8456087], [-79.2119326, 43.8455481]]}}, {"type": "Feature", "properties": {"layer": "-1", "source": "CanVec 6.0 - NRCan", "tunnel": "culvert", "waterway": "stream", "_id": 843728473}, "geometry": {"type": "LineString", "coordinates": [[-79.1839114, 43.8536923], [-79.1839586, 43.853644]]}}, {"type": "Feature", "properties": {"layer": "-1", "source": "CanVec 6.0 - NRCan", "tunnel": "culvert", "waterway": "stream", "_id": 843728475}, "geometry": {"type": "LineString", "coordinates": [[-79.1852234, 43.8519338], [-79.1852676, 43.8517629]]}}, {"type": "Feature", "properties": {"layer": "-1", "source": "CanVec 6.0 - NRCan", "tunnel": "culvert", "waterway": "stream", "_id": 843728477}, "geometry": {"type": "LineString", "coordinates": [[-79.1895044, 43.8501515], [-79.1893284, 43.8500168]]}}, {"type": "Feature", "properties": {"layer": "-1", "source": "CanVec 6.0 - NRCan", "tunnel": "culvert", "waterway": "stream", "_id": 843728479}, "geometry": {"type": "LineString", "coordinates": [[-79.1900772, 43.8507726], [-79.1900263, 43.8506682]]}}, {"type": "Feature", "properties": {"layer": "-1", "source": "CanVec 6.0 - NRCan", "tunnel": "culvert", "waterway": "stream", "_id": 843728481}, "geometry": {"type": "LineString", "coordinates": [[-79.1712043, 43.8553772], [-79.1708854, 43.8551356]]}}, {"type": "Feature", "properties": {"layer": "-1", "source": "CanVec 6.0 - NRCan", "tunnel": "culvert", "waterway": "stream", "_id": 844829946}, "geometry": {"type": "LineString", "coordinates": [[-79.2188911, 43.8587687], [-79.2186359, 43.8584588], [-79.2184622, 43.8583816], [-79.218283, 43.8582489]]}}, {"type": "Feature", "properties": {"layer": "-1", "source": "CanVec 6.0 - NRCan", "tunnel": "culvert", "waterway": "stream", "_id": 844829985}, "geometry": {"type": "LineString", "coordinates": [[-79.2255686, 43.8698492], [-79.2253503, 43.8695896]]}}, {"type": "Feature", "properties": {"attribution": "Natural Resources Canada", "canvec:CODE": "1470171", "canvec:UUID": "1270ed5978ab45a7955d94c463f88a4e", "intermittent": "yes", "layer": "-1", "source": "CanVec_Import_2009", "tunnel": "culvert", "waterway": "stream", "_id": 845794465}, "geometry": {"type": "LineString", "coordinates": [[-79.6328049, 43.7582496], [-79.6316939, 43.7580887]]}}, {"type": "Feature", "properties": {"attribution": "Natural Resources Canada", "canvec:CODE": "1470171", "canvec:UUID": "1a5b83014c474541b9622418fcd9c58b", "layer": "-1", "source": "CanVec_Import_2009", "tunnel": "culvert", "waterway": "stream", "_id": 845794480}, "geometry": {"type": "LineString", "coordinates": [[-79.6125925, 43.758408], [-79.6140163, 43.759358]]}}, {"type": "Feature", "properties": {"attribution": "Natural Resources Canada", "canvec:CODE": "1470171", "canvec:UUID": "e000618fb6bc44d698771f366ce9b435", "layer": "-1", "source": "CanVec_Import_2009", "tunnel": "culvert", "waterway": "stream", "_id": 845808219}, "geometry": {"type": "LineString", "coordinates": [[-79.5255132, 43.8524458], [-79.5250181, 43.8520327]]}}, {"type": "Feature", "properties": {"attribution": "Natural Resources Canada", "canvec:CODE": "1470171", "canvec:UUID": "1bea9d44da21440686321067249e7c84", "layer": "-1", "source": "CanVec_Import_2009", "tunnel": "culvert", "waterway": "stream", "_id": 854241236}, "geometry": {"type": "LineString", "coordinates": [[-79.6049904, 43.8545149], [-79.6049339, 43.8544597]]}}, {"type": "Feature", "properties": {"attribution": "Natural Resources Canada", "canvec:CODE": "1470171", "canvec:UUID": "e4425ccf984246d88273ff072e43dd22", "layer": "-1", "source": "CanVec_Import_2009", "tunnel": "culvert", "waterway": "stream", "_id": 854241240}, "geometry": {"type": "LineString", "coordinates": [[-79.5981386, 43.8560269], [-79.5981706, 43.855933]]}}, {"type": "Feature", "properties": {"attribution": "Natural Resources Canada", "canvec:CODE": "1470171", "canvec:UUID": "a11e417e80f041ddbf32df9b2038cad9", "layer": "-1", "source": "CanVec_Import_2009", "tunnel": "culvert", "waterway": "stream", "_id": 854241242}, "geometry": {"type": "LineString", "coordinates": [[-79.5866656, 43.8589492], [-79.5866608, 43.8588394]]}}, {"type": "Feature", "properties": {"attribution": "Natural Resources Canada", "canvec:CODE": "1470171", "canvec:UUID": "265aacb6e69e45f5ba21e6d3840bffd2", "layer": "-1", "source": "CanVec_Import_2009", "tunnel": "culvert", "waterway": "stream", "_id": 854241244}, "geometry": {"type": "LineString", "coordinates": [[-79.5789749, 43.8604716], [-79.5788891, 43.8603785]]}}, {"type": "Feature", "properties": {"attribution": "Natural Resources Canada", "canvec:CODE": "1470171", "canvec:UUID": "57c381aa48d74be190b560918ff4c47f", "layer": "-1", "source": "CanVec_Import_2009", "tunnel": "culvert", "waterway": "stream", "_id": 854921837}, "geometry": {"type": "LineString", "coordinates": [[-79.5844408, 43.8265815], [-79.5843548, 43.8265352]]}}, {"type": "Feature", "properties": {"attribution": "Natural Resources Canada", "canvec:CODE": "1470171", "canvec:UUID": "6c138575a8f144c2bae23296928a9463", "layer": "-1", "source": "CanVec_Import_2009", "tunnel": "culvert", "waterway": "stream", "_id": 854927224}, "geometry": {"type": "LineString", "coordinates": [[-79.5865314, 43.8337933], [-79.586528, 43.8337839], [-79.5865017, 43.8337076]]}}, {"type": "Feature", "properties": {"layer": "-1", "tunnel": "culvert", "waterway": "stream", "_id": 856045679}, "geometry": {"type": "LineString", "coordinates": [[-79.4172379, 43.7656441], [-79.4172578, 43.7656789]]}}, {"type": "Feature", "properties": {"layer": "-1", "source": "NRCan-CanVec-10.0", "tunnel": "culvert", "waterway": "stream", "_id": 856537734}, "geometry": {"type": "LineString", "coordinates": [[-79.3455675, 43.8410378], [-79.3454621, 43.8410865], [-79.3453291, 43.8411213], [-79.3449714, 43.8412041]]}}, {"type": "Feature", "properties": {"attribution": "Natural Resources Canada", "canvec:CODE": "1470171", "canvec:UUID": "da85689c4a0b4b6b9e49ac867e45077e", "layer": "-1", "source": "CanVec_Import_2009", "tunnel": "culvert", "waterway": "stream", "_id": 865933337}, "geometry": {"type": "LineString", "coordinates": [[-79.5883151, 43.8121999], [-79.5879106, 43.8121406], [-79.587654, 43.8120494], [-79.5871355, 43.8120291], [-79.5868819, 43.8119656], [-79.5865607, 43.8119171], [-79.5862013, 43.8119071], [-79.5857326, 43.8118142], [-79.5853763, 43.8118319], [-79.5852821, 43.8118513]]}}, {"type": "Feature", "properties": {"attribution": "Natural Resources Canada", "canvec:CODE": "1470171", "canvec:UUID": "da85689c4a0b4b6b9e49ac867e45077e", "layer": "-1", "source": "CanVec_Import_2009", "tunnel": "culvert", "waterway": "stream", "_id": 865933338}, "geometry": {"type": "LineString", "coordinates": [[-79.5884706, 43.8122227], [-79.5883151, 43.8121999]]}}, {"type": "Feature", "properties": {"attribution": "Natural Resources Canada", "canvec:CODE": "1470171", "canvec:UUID": "da85689c4a0b4b6b9e49ac867e45077e", "layer": "-1", "source": "CanVec_Import_2009", "tunnel": "culvert", "waterway": "stream", "_id": 865933339}, "geometry": {"type": "LineString", "coordinates": [[-79.5889387, 43.8125738], [-79.5889281, 43.8124949], [-79.5887095, 43.8123289], [-79.5884706, 43.8122227]]}}, {"type": "Feature", "properties": {"attribution": "Natural Resources Canada", "canvec:CODE": "1470171", "canvec:UUID": "da85689c4a0b4b6b9e49ac867e45077e", "layer": "-1", "source": "CanVec_Import_2009", "tunnel": "culvert", "waterway": "stream", "_id": 865933340}, "geometry": {"type": "LineString", "coordinates": [[-79.5889493, 43.8126527], [-79.5889387, 43.8125738]]}}, {"type": "Feature", "properties": {"attribution": "Natural Resources Canada", "canvec:CODE": "1470171", "canvec:UUID": "da85689c4a0b4b6b9e49ac867e45077e", "layer": "-1", "source": "CanVec_Import_2009", "tunnel": "culvert", "waterway": "stream", "_id": 865933341}, "geometry": {"type": "LineString", "coordinates": [[-79.5894593, 43.813269], [-79.5893846, 43.8132469], [-79.5890658, 43.8130812], [-79.5890535, 43.812934], [-79.5889705, 43.8128105], [-79.5889493, 43.8126527]]}}, {"type": "Feature", "properties": {"attribution": "Natural Resources Canada", "canvec:CODE": "1470171", "canvec:UUID": "da85689c4a0b4b6b9e49ac867e45077e", "layer": "-1", "source": "CanVec_Import_2009", "tunnel": "culvert", "waterway": "stream", "_id": 865933342}, "geometry": {"type": "LineString", "coordinates": [[-79.5895878, 43.8133069], [-79.5894593, 43.813269]]}}, {"type": "Feature", "properties": {"attribution": "Natural Resources Canada", "canvec:CODE": "1470171", "canvec:UUID": "be79b00010ec4a9a9158dfb6d9072fde", "layer": "-1", "source": "CanVec_Import_2009", "tunnel": "culvert", "waterway": "stream", "_id": 865933939}, "geometry": {"type": "LineString", "coordinates": [[-79.5820756, 43.805597], [-79.5825377, 43.8054671]]}}, {"type": "Feature", "properties": {"attribution": "Natural Resources Canada", "canvec:CODE": "1470171", "canvec:UUID": "be79b00010ec4a9a9158dfb6d9072fde", "layer": "-1", "source": "CanVec_Import_2009", "tunnel": "culvert", "waterway": "stream", "_id": 865933940}, "geometry": {"type": "LineString", "coordinates": [[-79.5820197, 43.8055886], [-79.5820756, 43.805597]]}}, {"type": "Feature", "properties": {"attribution": "Natural Resources Canada", "canvec:CODE": "1470171", "canvec:UUID": "138503d4e43649acb7ccb6fc1d4dd22e", "layer": "-1", "source": "CanVec_Import_2009", "tunnel": "culvert", "waterway": "stream", "_id": 865951600}, "geometry": {"type": "LineString", "coordinates": [[-79.5837716, 43.816048], [-79.5838827, 43.8160177]]}}, {"type": "Feature", "properties": {"attribution": "Natural Resources Canada", "canvec:CODE": "1470171", "canvec:UUID": "138503d4e43649acb7ccb6fc1d4dd22e", "layer": "-1", "source": "CanVec_Import_2009", "tunnel": "culvert", "waterway": "stream", "_id": 865951885}, "geometry": {"type": "LineString", "coordinates": [[-79.5825698, 43.8164507], [-79.5826183, 43.8165021]]}}, {"type": "Feature", "properties": {"attribution": "Natural Resources Canada", "canvec:CODE": "1470171", "canvec:UUID": "138503d4e43649acb7ccb6fc1d4dd22e", "layer": "-1", "source": "CanVec_Import_2009", "tunnel": "culvert", "waterway": "stream", "_id": 865951887}, "geometry": {"type": "LineString", "coordinates": [[-79.5834185, 43.8163478], [-79.5834179, 43.8162929]]}}, {"type": "Feature", "properties": {"tunnel": "yes", "waterway": "stream", "wikipedia": "en:Castle Frank Brook", "_id": 866979959}, "geometry": {"type": "LineString", "coordinates": [[-79.4242666, 43.6906493], [-79.4249321, 43.6907194]]}}, {"type": "Feature", "properties": {"name": "Burke Brook", "tunnel": "yes", "waterway": "stream", "_id": 867319143}, "geometry": {"type": "LineString", "coordinates": [[-79.3967606, 43.71913], [-79.3937712, 43.7195061]]}}, {"type": "Feature", "properties": {"name": "Burke Brook", "waterway": "stream", "_id": 867319144}, "geometry": {"type": "LineString", "coordinates": [[-79.4010154, 43.7209496], [-79.4003523, 43.7208201], [-79.3993537, 43.7203493], [-79.398342, 43.7199527], [-79.3980933, 43.7196931], [-79.3978446, 43.7194763], [-79.3974316, 43.7192859], [-79.3970635, 43.7191794], [-79.3967606, 43.71913]]}}, {"type": "Feature", "properties": {"attribution": "Natural Resources Canada", "canvec:CODE": "1470171", "canvec:UUID": "baa07cfbd83d440d8a225436b9acb1b9", "layer": "-1", "source": "CanVec_Import_2009", "tunnel": "culvert", "waterway": "stream", "_id": 868147416}, "geometry": {"type": "LineString", "coordinates": [[-79.6067357, 43.7641211], [-79.6063159, 43.7642477]]}}, {"type": "Feature", "properties": {"layer": "-1", "tunnel": "culvert", "waterway": "stream", "_id": 870451523}, "geometry": {"type": "LineString", "coordinates": [[-79.3481279, 43.7441488], [-79.3480548, 43.7441491]]}}, {"type": "Feature", "properties": {"layer": "-1", "tunnel": "culvert", "waterway": "stream", "_id": 870451525}, "geometry": {"type": "LineString", "coordinates": [[-79.3493143, 43.7425266], [-79.349309, 43.7425982]]}}, {"type": "Feature", "properties": {"layer": "-1", "name": "Don River West Branch", "tunnel": "culvert", "waterway": "river", "_id": 871698123}, "geometry": {"type": "LineString", "coordinates": [[-79.4615537, 43.7720811], [-79.4609113, 43.7720403]]}}, {"type": "Feature", "properties": {"attribution": "Natural Resources Canada", "canvec:CODE": "1470171", "canvec:UUID": "4673bd6a66154ed7908d4cd6490c4eb4", "layer": "-1", "source": "CanVec_Import_2009", "tunnel": "culvert", "waterway": "stream", "_id": 872765737}, "geometry": {"type": "LineString", "coordinates": [[-79.6223356, 43.8691073], [-79.6219599, 43.8689551]]}}, {"type": "Feature", "properties": {"attribution": "Natural Resources Canada", "canvec:CODE": "1470171", "canvec:UUID": "4673bd6a66154ed7908d4cd6490c4eb4", "layer": "-1", "source": "CanVec_Import_2009", "tunnel": "culvert", "waterway": "stream", "_id": 872765739}, "geometry": {"type": "LineString", "coordinates": [[-79.6228525, 43.8691924], [-79.6227792, 43.8691793]]}}, {"type": "Feature", "properties": {"attribution": "Natural Resources Canada", "canvec:CODE": "1470171", "canvec:UUID": "4673bd6a66154ed7908d4cd6490c4eb4", "layer": "-1", "source": "CanVec_Import_2009", "tunnel": "culvert", "waterway": "stream", "_id": 872765741}, "geometry": {"type": "LineString", "coordinates": [[-79.6241989, 43.8697225], [-79.6241353, 43.8696509]]}}, {"type": "Feature", "properties": {"layer": "-1", "source": "NRCan-CanVec-10.0", "tunnel": "culvert", "waterway": "stream", "_id": 874847335}, "geometry": {"type": "LineString", "coordinates": [[-79.3855308, 43.839971], [-79.3853908, 43.8397462]]}}, {"type": "Feature", "properties": {"layer": "-1", "source": "CanVec 6.0 - NRCan", "tunnel": "culvert", "waterway": "stream", "_id": 875887934}, "geometry": {"type": "LineString", "coordinates": [[-79.2427541, 43.8323358], [-79.2427148, 43.8323148], [-79.2426224, 43.8322656]]}}, {"type": "Feature", "properties": {"tunnel": "culvert", "waterway": "stream", "_id": 881360862}, "geometry": {"type": "LineString", "coordinates": [[-79.5138582, 43.5927855], [-79.5136593, 43.5927275]]}}, {"type": "Feature", "properties": {"layer": "-1", "tunnel": "culvert", "waterway": "stream", "_id": 881360863}, "geometry": {"type": "LineString", "coordinates": [[-79.5108136, 43.5926745], [-79.5105947, 43.5926665]]}}, {"type": "Feature", "properties": {"attribution": "Natural Resources Canada", "canvec:CODE": "1470171", "canvec:UUID": "fc05ccb6314c40b19da8469a7fbbb70d", "layer": "-1", "source": "CanVec_Import_2009", "tunnel": "culvert", "waterway": "stream", "_id": 888953565}, "geometry": {"type": "LineString", "coordinates": [[-79.5362434, 43.7905874], [-79.536028, 43.7901267]]}}, {"type": "Feature", "properties": {"intermittent": "yes", "layer": "-1", "tunnel": "culvert", "waterway": "stream", "_id": 892082685}, "geometry": {"type": "LineString", "coordinates": [[-79.4428545, 43.8125972], [-79.4429045, 43.8121516]]}}, {"type": "Feature", "properties": {"intermittent": "yes", "layer": "-1", "tunnel": "culvert", "waterway": "stream", "_id": 892082686}, "geometry": {"type": "LineString", "coordinates": [[-79.4425142, 43.8118964], [-79.4421809, 43.8117116]]}}, {"type": "Feature", "properties": {"layer": "-1", "tunnel": "culvert", "waterway": "stream", "_id": 892102896}, "geometry": {"type": "LineString", "coordinates": [[-79.3920062, 43.6372767], [-79.3919232, 43.6372959]]}}, {"type": "Feature", "properties": {"layer": "-1", "tunnel": "culvert", "waterway": "stream", "_id": 892102897}, "geometry": {"type": "LineString", "coordinates": [[-79.3922241, 43.6369054], [-79.3922423, 43.6369671]]}}, {"type": "Feature", "properties": {"layer": "-1", "source": "CanVec 6.0 - NRCan", "tunnel": "culvert", "waterway": "stream", "_id": 896351346}, "geometry": {"type": "LineString", "coordinates": [[-79.2197926, 43.8619729], [-79.2197652, 43.8618666]]}}, {"type": "Feature", "properties": {"attribution": "Natural Resources Canada", "canvec:CODE": "1470171", "canvec:UUID": "922656a4198c4362955bb7a74e5f2b73", "layer": "-1", "source": "CanVec_Import_2009", "tunnel": "culvert", "waterway": "stream", "_id": 896575182}, "geometry": {"type": "LineString", "coordinates": [[-79.5456383, 43.8515162], [-79.5459969, 43.850802]]}}, {"type": "Feature", "properties": {"attribution": "Natural Resources Canada", "canvec:CODE": "1470171", "canvec:UUID": "6e576f990d554c18a002fb77c529ec58", "layer": "-1", "name": "East Robinson Creek", "source": "CanVec_Import_2009", "tunnel": "culvert", "waterway": "stream", "_id": 900513071}, "geometry": {"type": "LineString", "coordinates": [[-79.6412108, 43.8166885], [-79.6412533, 43.8165924]]}}, {"type": "Feature", "properties": {"attribution": "Natural Resources Canada", "canvec:CODE": "1470171", "canvec:UUID": "6e576f990d554c18a002fb77c529ec58", "layer": "-1", "name": "East Robinson Creek", "source": "CanVec_Import_2009", "tunnel": "culvert", "waterway": "stream", "_id": 900513073}, "geometry": {"type": "LineString", "coordinates": [[-79.6414682, 43.8133242], [-79.6413835, 43.8132415]]}}, {"type": "Feature", "properties": {"layer": "-1", "source": "CanVec 6.0 - NRCan", "tunnel": "yes", "waterway": "stream", "_id": 904755913}, "geometry": {"type": "LineString", "coordinates": [[-79.3096241, 43.8534693], [-79.3094521, 43.853509]]}}, {"type": "Feature", "properties": {"layer": "-1", "tunnel": "culvert", "waterway": "stream", "_id": 905250842}, "geometry": {"type": "LineString", "coordinates": [[-79.5452946, 43.848853], [-79.5454185, 43.848557]]}}, {"type": "Feature", "properties": {"fixme": "yes", "layer": "-1", "source": "NRCan-CanVec-10.0", "tunnel": "culvert", "waterway": "stream", "_id": 910115174}, "geometry": {"type": "LineString", "coordinates": [[-79.4980284, 43.841429], [-79.497914, 43.8410783]]}}, {"type": "Feature", "properties": {"fixme": "yes", "layer": "-1", "source": "NRCan-CanVec-10.0", "tunnel": "culvert", "waterway": "stream", "_id": 910115176}, "geometry": {"type": "LineString", "coordinates": [[-79.497914, 43.8410783], [-79.4978919, 43.8410107]]}}, {"type": "Feature", "properties": {"intermittent": "yes", "layer": "-1", "source": "CanVec 6.0 - NRCan", "tunnel": "culvert", "waterway": "stream", "_id": 911585838}, "geometry": {"type": "LineString", "coordinates": [[-79.4272491, 43.7480263], [-79.4272049, 43.7478685]]}}, {"type": "Feature", "properties": {"attribution": "Natural Resources Canada", "canvec:CODE": "1470171", "canvec:UUID": "3766c8b440a44b7daa4c47fe741259aa", "layer": "-1", "source": "CanVec_Import_2009", "tunnel": "culvert", "waterway": "stream", "_id": 912745132}, "geometry": {"type": "LineString", "coordinates": [[-79.6455418, 43.8589918], [-79.6455278, 43.8589843]]}}, {"type": "Feature", "properties": {"name": "Yellow Creek", "waterway": "stream", "_id": 918873452}, "geometry": {"type": "LineString", "coordinates": [[-79.365237, 43.6769329], [-79.36517, 43.6769437], [-79.3650575, 43.6769084], [-79.3649498, 43.6768357]]}}, {"type": "Feature", "properties": {"name": "Yellow Creek", "waterway": "stream", "_id": 918873453}, "geometry": {"type": "LineString", "coordinates": [[-79.3655378, 43.6768448], [-79.3654933, 43.6768595], [-79.3654512, 43.6768566], [-79.3653655, 43.6768881]]}}, {"type": "Feature", "properties": {"layer": "-1", "name": "Yellow Creek", "tunnel": "culvert", "waterway": "stream", "_id": 918873454}, "geometry": {"type": "LineString", "coordinates": [[-79.3653655, 43.6768881], [-79.365237, 43.6769329]]}}, {"type": "Feature", "properties": {"intermittent": "yes", "layer": "-1", "name": "Westminster Creek", "source": "NRCan-CanVec-10.0", "tunnel": "culvert", "waterway": "stream", "_id": 922316600}, "geometry": {"type": "LineString", "coordinates": [[-79.4640136, 43.7940848], [-79.4635754, 43.7927873], [-79.4631949, 43.7923405]]}}, {"type": "Feature", "properties": {"layer": "-1", "name": "Westminster Creek", "source": "NRCan-CanVec-10.0", "tunnel": "culvert", "waterway": "stream", "_id": 922316602}, "geometry": {"type": "LineString", "coordinates": [[-79.4659868, 43.7963923], [-79.4657477, 43.7962081]]}}, {"type": "Feature", "properties": {"intermittent": "yes", "layer": "-1", "name": "Westminster Creek", "tunnel": "culvert", "waterway": "stream", "_id": 922316605}, "geometry": {"type": "LineString", "coordinates": [[-79.4615617, 43.7914673], [-79.4614702, 43.7914503], [-79.4610268, 43.7912253]]}}, {"type": "Feature", "properties": {"intermittent": "yes", "layer": "-1", "source": "NRCan-CanVec-10.0", "tunnel": "culvert", "waterway": "stream", "_id": 931120643}, "geometry": {"type": "LineString", "coordinates": [[-79.3837304, 43.8101889], [-79.3837884, 43.8101632]]}}, {"type": "Feature", "properties": {"layer": "-1", "name": "Yellow Creek", "tunnel": "culvert", "waterway": "stream", "_id": 931253196}, "geometry": {"type": "LineString", "coordinates": [[-79.3712176, 43.6786901], [-79.3698278, 43.6783781], [-79.3681141, 43.6778953], [-79.3660788, 43.6768887], [-79.3655378, 43.6768448]]}}, {"type": "Feature", "properties": {"layer": "-1", "source": "CanVec 6.0 - NRCan", "tunnel": "culvert", "waterway": "stream", "_id": 951864495}, "geometry": {"type": "LineString", "coordinates": [[-79.4712912, 43.7910956], [-79.4708758, 43.7912357]]}}, {"type": "Feature", "properties": {"layer": "-1", "name": "Little Etobicoke Creek", "source": "Yahoo", "tunnel": "culvert", "waterway": "stream", "_id": 954516453}, "geometry": {"type": "LineString", "coordinates": [[-79.6385815, 43.6352974], [-79.6382783, 43.6350971]]}}, {"type": "Feature", "properties": {"attribution": "Natural Resources Canada", "canvec:CODE": "1470171", "layer": "-1", "source": "CanVec_Import_2009", "tunnel": "culvert", "waterway": "stream", "_id": 957024687}, "geometry": {"type": "LineString", "coordinates": [[-79.5002516, 43.8295487], [-79.5002353, 43.8294485], [-79.5002001, 43.8292329]]}}, {"type": "Feature", "properties": {"boat": "no", "layer": "-1", "name": "Little Rouge Creek", "tunnel": "culvert", "waterway": "stream", "_id": 968773857}, "geometry": {"type": "LineString", "coordinates": [[-79.1682244, 43.821548], [-79.1678782, 43.8212711]]}}, {"type": "Feature", "properties": {"layer": "-1", "source": "CanVec 6.0 - NRCan", "tunnel": "culvert", "waterway": "stream", "_id": 968773864}, "geometry": {"type": "LineString", "coordinates": [[-79.1598951, 43.8310607], [-79.1597041, 43.8309634]]}}, {"type": "Feature", "properties": {"layer": "-1", "source": "CanVec 6.0 - NRCan", "tunnel": "culvert", "waterway": "stream", "_id": 968773871}, "geometry": {"type": "LineString", "coordinates": [[-79.1771351, 43.8374617], [-79.177109, 43.8373698]]}}, {"type": "Feature", "properties": {"layer": "-1", "source": "CanVec 6.0 - NRCan", "tunnel": "culvert", "waterway": "stream", "_id": 968773873}, "geometry": {"type": "LineString", "coordinates": [[-79.1750071, 43.8345043], [-79.1750367, 43.8343219]]}}, {"type": "Feature", "properties": {"attribution": "Natural Resources Canada", "canvec:CODE": "1470171", "canvec:UUID": "ac66ad955c174023af172c10c5dbf2cc", "layer": "-1", "source": "CanVec_Import_2009", "tunnel": "culvert", "waterway": "stream", "_id": 969586152}, "geometry": {"type": "LineString", "coordinates": [[-79.56105, 43.7739479], [-79.5608995, 43.7736536]]}}, {"type": "Feature", "properties": {"attribution": "Natural Resources Canada", "canvec:CODE": "1470171", "canvec:UUID": "fbdf8733dfa8496b85e4649c89c6de0d", "layer": "-1", "source": "CanVec_Import_2009", "tunnel": "culvert", "waterway": "stream", "_id": 969851199}, "geometry": {"type": "LineString", "coordinates": [[-79.5843173, 43.8309851], [-79.584408, 43.8309411]]}}, {"type": "Feature", "properties": {"attribution": "Natural Resources Canada", "canvec:CODE": "1470171", "canvec:UUID": "6ca4f11927784976919b68c636c2afe8", "layer": "-1", "source": "CanVec_Import_2009", "tunnel": "culvert", "waterway": "stream", "_id": 969851204}, "geometry": {"type": "LineString", "coordinates": [[-79.5854461, 43.8361626], [-79.5855742, 43.8360878]]}}, {"type": "Feature", "properties": {"attribution": "Natural Resources Canada", "canvec:CODE": "1470171", "canvec:UUID": "9dfab813e58e4642ada3cd9425a0c1dd", "layer": "-1", "source": "CanVec_Import_2009", "tunnel": "culvert", "waterway": "stream", "_id": 969851213}, "geometry": {"type": "LineString", "coordinates": [[-79.5876472, 43.8458288], [-79.5877993, 43.8458333]]}}, {"type": "Feature", "properties": {"layer": "-1", "name": "Taylor Massey Creek", "note": "some older signs had hyphen - Taylor-Massey Creek", "tunnel": "yes", "waterway": "stream", "_id": 972060073}, "geometry": {"type": "LineString", "coordinates": [[-79.290685, 43.6976749], [-79.2912853, 43.6976675]]}}, {"type": "Feature", "properties": {"layer": "-1", "source": "Bing", "tunnel": "culvert", "waterway": "stream", "_id": 975519572}, "geometry": {"type": "LineString", "coordinates": [[-79.4838176, 43.7412584], [-79.4840033, 43.7411724]]}}, {"type": "Feature", "properties": {"layer": "-1", "source": "NRCan-CanVec-10.0", "tunnel": "culvert", "waterway": "stream", "_id": 977422044}, "geometry": {"type": "LineString", "coordinates": [[-79.2140581, 43.7270362], [-79.2140436, 43.7269862]]}}, {"type": "Feature", "properties": {"attribution": "Natural Resources Canada", "canvec:CODE": "1470171", "canvec:UUID": "f2ef54a9ad2d456683bfa2cc03734cd9", "layer": "-1", "source": "CanVec_Import_2009", "tunnel": "culvert", "waterway": "stream", "_id": 980132990}, "geometry": {"type": "LineString", "coordinates": [[-79.6463336, 43.7547253], [-79.6464858, 43.7545052]]}}, {"type": "Feature", "properties": {"layer": "-1", "source": "NRCan-CanVec-10.0", "tunnel": "culvert", "waterway": "stream", "_id": 980530224}, "geometry": {"type": "LineString", "coordinates": [[-79.4911904, 43.8332895], [-79.4911409, 43.8332368]]}}, {"type": "Feature", "properties": {"layer": "-1", "source": "CanVec 6.0 - NRCan", "tunnel": "culvert", "waterway": "stream", "_id": 981837081}, "geometry": {"type": "LineString", "coordinates": [[-79.3342652, 43.7450974], [-79.3344008, 43.7450202], [-79.334718, 43.7448455]]}}, {"type": "Feature", "properties": {"layer": "-1", "name": "Wilson Brook", "source": "CanVec 6.0 - NRCan", "tunnel": "culvert", "waterway": "stream", "_id": 982837637}, "geometry": {"type": "LineString", "coordinates": [[-79.3225015, 43.7214948], [-79.3227891, 43.7214291]]}}, {"type": "Feature", "properties": {"layer": "-1", "source": "CanVec 6.0 - NRCan", "tunnel": "culvert", "waterway": "stream", "_id": 982859820}, "geometry": {"type": "LineString", "coordinates": [[-79.3337753, 43.7452782], [-79.3339543, 43.745235]]}}, {"type": "Feature", "properties": {"layer": "-1", "source": "NRCan-CanVec-10.0", "tunnel": "culvert", "waterway": "stream", "_id": 982876055}, "geometry": {"type": "LineString", "coordinates": [[-79.3604259, 43.7683246], [-79.3604944, 43.7682644]]}}, {"type": "Feature", "properties": {"layer": "-1", "source": "CanVec 6.0 - NRCan", "tunnel": "culvert", "waterway": "stream", "_id": 986706061}, "geometry": {"type": "LineString", "coordinates": [[-79.1111232, 43.8338932], [-79.1113288, 43.8338565]]}}, {"type": "Feature", "properties": {"layer": "-1", "source": "CanVec 6.0 - NRCan", "tunnel": "culvert", "waterway": "stream", "_id": 986706063}, "geometry": {"type": "LineString", "coordinates": [[-79.1115991, 43.8343344], [-79.1117058, 43.8345212]]}}, {"type": "Feature", "properties": {"alt_name": "East Mimico Creek", "name": "Mimico Creek", "source": "Yahoo", "waterway": "stream", "_id": 986788003}, "geometry": {"type": "LineString", "coordinates": [[-79.6322946, 43.7187359], [-79.6320988, 43.7185816], [-79.6318521, 43.7182172], [-79.6317877, 43.7178682], [-79.6318306, 43.717023], [-79.632013, 43.7164182], [-79.6323134, 43.7157823], [-79.6324529, 43.7152938], [-79.6327054, 43.7145561]]}}, {"type": "Feature", "properties": {"alt_name": "East Mimico Creek", "layer": "-1", "name": "Mimico Creek", "source": "Yahoo", "tunnel": "culvert", "waterway": "stream", "_id": 986788004}, "geometry": {"type": "LineString", "coordinates": [[-79.6325242, 43.7189111], [-79.6322946, 43.7187359]]}}, {"type": "Feature", "properties": {"alt_name": "East Mimico Creek", "name": "Mimico Creek", "source": "Yahoo", "waterway": "stream", "_id": 986788005}, "geometry": {"type": "LineString", "coordinates": [[-79.642141, 43.7240713], [-79.6419801, 43.7238387], [-79.6419586, 43.7236139], [-79.6418299, 43.7228075], [-79.6416797, 43.7226292], [-79.6414437, 43.7224508], [-79.6412505, 43.7223811], [-79.6410682, 43.7223113], [-79.640951, 43.7223011]]}}, {"type": "Feature", "properties": {"alt_name": "East Mimico Creek", "layer": "-1", "name": "Mimico Creek", "source": "Yahoo", "tunnel": "culvert", "waterway": "stream", "_id": 986788006}, "geometry": {"type": "LineString", "coordinates": [[-79.640951, 43.7223011], [-79.6404895, 43.7222027]]}}, {"type": "Feature", "properties": {"layer": "-1", "source": "CanVec 6.0 - NRCan", "tunnel": "culvert", "waterway": "stream", "_id": 986835146}, "geometry": {"type": "LineString", "coordinates": [[-79.6408432, 43.7107439], [-79.6407169, 43.7107892]]}}, {"type": "Feature", "properties": {"layer": "-1", "source": "CanVec 6.0 - NRCan", "tunnel": "culvert", "waterway": "stream", "_id": 986835148}, "geometry": {"type": "LineString", "coordinates": [[-79.6427811, 43.7101707], [-79.6426428, 43.7102109]]}}, {"type": "Feature", "properties": {"layer": "-1", "source": "CanVec 6.0 - NRCan", "tunnel": "culvert", "waterway": "stream", "_id": 988438122}, "geometry": {"type": "LineString", "coordinates": [[-79.2217642, 43.8632937], [-79.221467, 43.8631044]]}}, {"type": "Feature", "properties": {"layer": "-1", "source": "NRCan-CanVec-10.0", "tunnel": "culvert", "waterway": "stream", "_id": 988978814}, "geometry": {"type": "LineString", "coordinates": [[-79.3875432, 43.7906841], [-79.3874554, 43.7906318]]}}, {"type": "Feature", "properties": {"layer": "-1", "source": "NRCan-CanVec-10.0", "tunnel": "culvert", "waterway": "stream", "_id": 990099527}, "geometry": {"type": "LineString", "coordinates": [[-79.4513836, 43.8690284], [-79.4514112, 43.8688732]]}}, {"type": "Feature", "properties": {"layer": "-1", "tunnel": "yes", "waterway": "drain", "_id": 990467446}, "geometry": {"type": "LineString", "coordinates": [[-79.5856592, 43.6079919], [-79.5853525, 43.6080064], [-79.5793283, 43.6133858]]}}, {"type": "Feature", "properties": {"layer": "-1", "name": "Applewood Creek", "tunnel": "yes", "waterway": "stream", "_id": 990468734}, "geometry": {"type": "LineString", "coordinates": [[-79.5798391, 43.6012113], [-79.5790591, 43.6007099], [-79.5788982, 43.6005486], [-79.5786712, 43.6003812]]}}, {"type": "Feature", "properties": {"layer": "-1", "source": "CanVec 6.0 - NRCan", "tunnel": "yes", "waterway": "stream", "_id": 990581242}, "geometry": {"type": "LineString", "coordinates": [[-79.2234026, 43.8669859], [-79.2233402, 43.8667711]]}}, {"type": "Feature", "properties": {"layer": "-1", "tunnel": "culvert", "waterway": "drain", "_id": 993764298}, "geometry": {"type": "LineString", "coordinates": [[-79.3031392, 43.8516978], [-79.3031654, 43.8508948]]}}, {"type": "Feature", "properties": {"layer": "-1", "source": "NRCan-CanVec-10.0", "tunnel": "culvert", "waterway": "stream", "_id": 993764300}, "geometry": {"type": "LineString", "coordinates": [[-79.2985257, 43.8487065], [-79.2985753, 43.8487967]]}}, {"type": "Feature", "properties": {"layer": "-1", "source": "NRCan-CanVec-10.0", "tunnel": "culvert", "waterway": "stream", "_id": 993764306}, "geometry": {"type": "LineString", "coordinates": [[-79.2939653, 43.8497734], [-79.2940138, 43.8498773]]}}, {"type": "Feature", "properties": {"layer": "-1", "source": "CanVec 6.0 - NRCan", "tunnel": "culvert", "waterway": "stream", "_id": 993769000}, "geometry": {"type": "LineString", "coordinates": [[-79.4297812, 43.8359547], [-79.429792, 43.8358891]]}}, {"type": "Feature", "properties": {"attribution": "Natural Resources Canada", "canvec:CODE": "1470171", "canvec:UUID": "ab311f9ae59845cfb61e5d635befcea4", "layer": "-1", "source": "CanVec_Import_2009", "tunnel": "culvert", "waterway": "stream", "_id": 995934872}, "geometry": {"type": "LineString", "coordinates": [[-79.6263658, 43.8252915], [-79.6265432, 43.8254319]]}}, {"type": "Feature", "properties": {"attribution": "Natural Resources Canada", "canvec:CODE": "1470171", "canvec:UUID": "fc49ecd492be4a29b00cd63788052074", "layer": "-1", "source": "CanVec_Import_2009", "tunnel": "culvert", "waterway": "stream", "_id": 995934873}, "geometry": {"type": "LineString", "coordinates": [[-79.6260559, 43.8251728], [-79.6262179, 43.8251745], [-79.6263658, 43.8252915]]}}, {"type": "Feature", "properties": {"layer": "-1", "source": "NRCan-CanVec-10.0", "tunnel": "culvert", "waterway": "stream", "_id": 1000591399}, "geometry": {"type": "LineString", "coordinates": [[-79.3529136, 43.7273869], [-79.3529526, 43.7273581], [-79.353115, 43.7272184]]}}, {"type": "Feature", "properties": {"layer": "-1", "tunnel": "culvert", "waterway": "ditch", "_id": 1000646272}, "geometry": {"type": "LineString", "coordinates": [[-79.3511118, 43.7394086], [-79.3511588, 43.7394826]]}}, {"type": "Feature", "properties": {"layer": "-1", "tunnel": "culvert", "waterway": "ditch", "_id": 1000646276}, "geometry": {"type": "LineString", "coordinates": [[-79.35093, 43.7400235], [-79.3510648, 43.740077]]}}, {"type": "Feature", "properties": {"layer": "-1", "tunnel": "culvert", "waterway": "ditch", "_id": 1000646278}, "geometry": {"type": "LineString", "coordinates": [[-79.3509676, 43.7404621], [-79.350914, 43.7404662]]}}, {"type": "Feature", "properties": {"layer": "-1", "tunnel": "culvert", "waterway": "ditch", "_id": 1000646280}, "geometry": {"type": "LineString", "coordinates": [[-79.3500534, 43.739672], [-79.3500894, 43.7396829]]}}, {"type": "Feature", "properties": {"layer": "-1", "tunnel": "culvert", "waterway": "ditch", "_id": 1000646283}, "geometry": {"type": "LineString", "coordinates": [[-79.3523544, 43.7392438], [-79.3522904, 43.7392972]]}}, {"type": "Feature", "properties": {"layer": "-1", "tunnel": "culvert", "waterway": "ditch", "_id": 1000646285}, "geometry": {"type": "LineString", "coordinates": [[-79.3527729, 43.7390814], [-79.3526942, 43.7391137]]}}, {"type": "Feature", "properties": {"layer": "-1", "source": "CanVec 6.0 - NRCan", "tunnel": "culvert", "waterway": "stream", "_id": 1000646287}, "geometry": {"type": "LineString", "coordinates": [[-79.3410195, 43.7429225], [-79.3402395, 43.7428932]]}}, {"type": "Feature", "properties": {"layer": "-1", "tunnel": "culvert", "waterway": "stream", "_id": 1000646290}, "geometry": {"type": "LineString", "coordinates": [[-79.3503205, 43.7407291], [-79.3504125, 43.7408974]]}}, {"type": "Feature", "properties": {"layer": "-1", "tunnel": "culvert", "waterway": "stream", "_id": 1000646291}, "geometry": {"type": "LineString", "coordinates": [[-79.350313, 43.7405939], [-79.3502834, 43.7406481]]}}, {"type": "Feature", "properties": {"layer": "-1", "tunnel": "culvert", "waterway": "stream", "_id": 1002205959}, "geometry": {"type": "LineString", "coordinates": [[-79.3665875, 43.6862363], [-79.366508, 43.6861982]]}}, {"type": "Feature", "properties": {"layer": "-1", "source": "CanVec 6.0 - NRCan", "tunnel": "culvert", "waterway": "stream", "_id": 1008773677}, "geometry": {"type": "LineString", "coordinates": [[-79.179407, 43.8615593], [-79.1792529, 43.8615536]]}}, {"type": "Feature", "properties": {"layer": "-1", "source": "CanVec 6.0 - NRCan", "tunnel": "culvert", "waterway": "stream", "_id": 1008773681}, "geometry": {"type": "LineString", "coordinates": [[-79.1989715, 43.8638646], [-79.1989312, 43.8637514]]}}, {"type": "Feature", "properties": {"layer": "-1", "source": "CanVec 6.0 - NRCan", "tunnel": "culvert", "waterway": "stream", "_id": 1008773683}, "geometry": {"type": "LineString", "coordinates": [[-79.2014633, 43.8671501], [-79.2013846, 43.8670563]]}}, {"type": "Feature", "properties": {"layer": "-1", "source": "CanVec 6.0 - NRCan", "tunnel": "culvert", "waterway": "stream", "_id": 1008773688}, "geometry": {"type": "LineString", "coordinates": [[-79.2075219, 43.8632348], [-79.2074993, 43.8631548]]}}, {"type": "Feature", "properties": {"layer": "-1", "source": "CanVec 6.0 - NRCan", "tunnel": "culvert", "waterway": "stream", "_id": 1008773690}, "geometry": {"type": "LineString", "coordinates": [[-79.2082735, 43.8647849], [-79.208095, 43.8644152]]}}, {"type": "Feature", "properties": {"attribution": "Natural Resources Canada", "canvec:CODE": "1470171", "canvec:UUID": "ef320149fc08402cb81d3ec11c0410e0", "layer": "-1", "source": "CanVec_Import_2009", "tunnel": "culvert", "waterway": "stream", "_id": 1010073619}, "geometry": {"type": "LineString", "coordinates": [[-79.6101945, 43.809783], [-79.6101599, 43.8096516]]}}, {"type": "Feature", "properties": {"attribution": "Natural Resources Canada", "canvec:CODE": "1470171", "canvec:UUID": "ef320149fc08402cb81d3ec11c0410e0", "layer": "-1", "source": "CanVec_Import_2009", "tunnel": "culvert", "waterway": "stream", "_id": 1010073621}, "geometry": {"type": "LineString", "coordinates": [[-79.6121279, 43.812549], [-79.6120787, 43.8123668]]}}, {"type": "Feature", "properties": {"attribution": "Natural Resources Canada", "canvec:CODE": "1470171", "canvec:UUID": "6fe567a8774145cfa3a2cce6949565fe", "layer": "-1", "source": "CanVec_Import_2009", "tunnel": "culvert", "waterway": "stream", "_id": 1010073632}, "geometry": {"type": "LineString", "coordinates": [[-79.6016107, 43.8067959], [-79.6017656, 43.8067823]]}}, {"type": "Feature", "properties": {"attribution": "Natural Resources Canada", "canvec:CODE": "1470171", "canvec:UUID": "6fe567a8774145cfa3a2cce6949565fe", "layer": "-1", "source": "CanVec_Import_2009", "tunnel": "culvert", "waterway": "stream", "_id": 1010073634}, "geometry": {"type": "LineString", "coordinates": [[-79.6036015, 43.8059948], [-79.6037436, 43.8059568]]}}, {"type": "Feature", "properties": {"layer": "-1", "source": "CanVec 6.0 - NRCan", "tunnel": "culvert", "waterway": "stream", "_id": 1012315756}, "geometry": {"type": "LineString", "coordinates": [[-79.146437, 43.7910749], [-79.1463775, 43.7910564]]}}, {"type": "Feature", "properties": {"layer": "-1", "source": "CanVec 6.0 - NRCan", "tunnel": "culvert", "waterway": "stream", "_id": 1012315765}, "geometry": {"type": "LineString", "coordinates": [[-79.1478576, 43.8343779], [-79.1478053, 43.8342118]]}}, {"type": "Feature", "properties": {"layer": "-1", "source": "CanVec 6.0 - NRCan", "tunnel": "culvert", "waterway": "stream", "_id": 1012320610}, "geometry": {"type": "LineString", "coordinates": [[-79.1492244, 43.8366648], [-79.149121, 43.8365166]]}}, {"type": "Feature", "properties": {"layer": "-1", "source": "CanVec 6.0 - NRCan", "tunnel": "culvert", "waterway": "stream", "_id": 1012320619}, "geometry": {"type": "LineString", "coordinates": [[-79.1600854, 43.8326994], [-79.1598689, 43.8327346]]}}, {"type": "Feature", "properties": {"layer": "-1", "source": "CanVec 6.0 - NRCan", "tunnel": "culvert", "waterway": "stream", "_id": 1012320621}, "geometry": {"type": "LineString", "coordinates": [[-79.161427, 43.8348368], [-79.1613805, 43.8347193]]}}, {"type": "Feature", "properties": {"canvec:CODE": "1470171", "canvec:UUID": "f758c798b9434004b331f73384a4f433", "layer": "-1", "tunnel": "culvert", "waterway": "stream", "_id": 1012321386}, "geometry": {"type": "LineString", "coordinates": [[-79.5091388, 43.7593063], [-79.508426, 43.7587857]]}}, {"type": "Feature", "properties": {"attribution": "Natural Resources Canada", "canvec:CODE": "1470171", "canvec:UUID": "f758c798b9434004b331f73384a4f433", "layer": "-1", "source": "CanVec_Import_2009", "tunnel": "culvert", "waterway": "stream", "_id": 1012321389}, "geometry": {"type": "LineString", "coordinates": [[-79.5102642, 43.7602677], [-79.5100635, 43.760149]]}}, {"type": "Feature", "properties": {"layer": "-1", "name": "Albion Creek", "tunnel": "culvert", "waterway": "stream", "_id": 1014636132}, "geometry": {"type": "LineString", "coordinates": [[-79.591732, 43.7457727], [-79.5915815, 43.7457351]]}}, {"type": "Feature", "properties": {"attribution": "Natural Resources Canada", "canvec:CODE": "1470171", "canvec:UUID": "baa07cfbd83d440d8a225436b9acb1b9", "layer": "-1", "source": "CanVec_Import_2009", "tunnel": "culvert", "waterway": "stream", "_id": 1014636136}, "geometry": {"type": "LineString", "coordinates": [[-79.6079503, 43.7636368], [-79.6078967, 43.7636791]]}}, {"type": "Feature", "properties": {"attribution": "Natural Resources Canada", "canvec:CODE": "1470171", "canvec:UUID": "baa07cfbd83d440d8a225436b9acb1b9", "layer": "-1", "source": "CanVec_Import_2009", "tunnel": "culvert", "waterway": "stream", "_id": 1014636138}, "geometry": {"type": "LineString", "coordinates": [[-79.610197, 43.7630158], [-79.6100651, 43.7630436]]}}, {"type": "Feature", "properties": {"layer": "-1", "tunnel": "culvert", "waterway": "stream", "_id": 1014970101}, "geometry": {"type": "LineString", "coordinates": [[-79.5481131, 43.7048541], [-79.5481401, 43.7048539]]}}, {"type": "Feature", "properties": {"layer": "-1", "source": "NRCan-CanVec-10.0", "tunnel": "culvert", "waterway": "stream", "_id": 1015374781}, "geometry": {"type": "LineString", "coordinates": [[-79.453556, 43.8385833], [-79.4534085, 43.8386082]]}}, {"type": "Feature", "properties": {"attribution": "Natural Resources Canada", "canvec:CODE": "1470171", "layer": "-1", "source": "CanVec_Import_2009", "tunnel": "culvert", "waterway": "stream", "_id": 1015375167}, "geometry": {"type": "LineString", "coordinates": [[-79.5077563, 43.842704], [-79.5076266, 43.8424557]]}}, {"type": "Feature", "properties": {"attribution": "Natural Resources Canada", "canvec:CODE": "1470171", "canvec:UUID": "ba468644525b473f801dfb41d1f84ec6", "layer": "-1", "source": "CanVec_Import_2009", "tunnel": "culvert", "waterway": "stream", "_id": 1015698867}, "geometry": {"type": "LineString", "coordinates": [[-79.5159413, 43.8530327], [-79.5158004, 43.852968]]}}, {"type": "Feature", "properties": {"attribution": "Natural Resources Canada", "canvec:CODE": "1470171", "layer": "-1", "source": "CanVec_Import_2009", "tunnel": "culvert", "waterway": "stream", "_id": 1015698869}, "geometry": {"type": "LineString", "coordinates": [[-79.5121646, 43.8493555], [-79.5120906, 43.8491306]]}}, {"type": "Feature", "properties": {"layer": "-1", "source": "CanVec 6.0 - NRCan", "tunnel": "culvert", "waterway": "stream", "_id": 1016659232}, "geometry": {"type": "LineString", "coordinates": [[-79.611243, 43.7279891], [-79.6113241, 43.7279606]]}}, {"type": "Feature", "properties": {"layer": "-1", "source": "CanVec 6.0 - NRCan", "tunnel": "culvert", "waterway": "stream", "_id": 1016659234}, "geometry": {"type": "LineString", "coordinates": [[-79.6130238, 43.7273629], [-79.6130721, 43.7273459]]}}, {"type": "Feature", "properties": {"attribution": "Natural Resources Canada", "canvec:CODE": "1470171", "canvec:UUID": "5758f311b9604947ba13f2dda515a9d8", "layer": "-1", "source": "CanVec_Import_2009", "tunnel": "culvert", "waterway": "stream", "_id": 1016758204}, "geometry": {"type": "LineString", "coordinates": [[-79.6086187, 43.7828948], [-79.6083939, 43.7825896]]}}, {"type": "Feature", "properties": {"attribution": "Natural Resources Canada", "canvec:CODE": "1470171", "canvec:UUID": "e7d840de9f604127932790088db3e969", "layer": "-1", "name": "Robinson Creek", "source": "CanVec_Import_2009", "tunnel": "culvert", "waterway": "stream", "_id": 1016758208}, "geometry": {"type": "LineString", "coordinates": [[-79.6023761, 43.7839325], [-79.6022998, 43.7836]]}}, {"type": "Feature", "properties": {"attribution": "Natural Resources Canada", "canvec:CODE": "1470171", "canvec:UUID": "d06c2d8b8785425ba69cfd7a63e81f18", "layer": "-1", "source": "CanVec_Import_2009", "tunnel": "culvert", "waterway": "stream", "_id": 1017033628}, "geometry": {"type": "LineString", "coordinates": [[-79.5779794, 43.8442987], [-79.5780981, 43.8442334]]}}, {"type": "Feature", "properties": {"attribution": "Natural Resources Canada", "canvec:CODE": "1470171", "canvec:UUID": "d06c2d8b8785425ba69cfd7a63e81f18", "layer": "-1", "source": "CanVec_Import_2009", "tunnel": "culvert", "waterway": "stream", "_id": 1017033630}, "geometry": {"type": "LineString", "coordinates": [[-79.5802664, 43.8427267], [-79.5804027, 43.8427098]]}}, {"type": "Feature", "properties": {"attribution": "Natural Resources Canada", "canvec:CODE": "1470171", "canvec:UUID": "d06c2d8b8785425ba69cfd7a63e81f18", "layer": "-1", "source": "CanVec_Import_2009", "tunnel": "culvert", "waterway": "stream", "_id": 1017033632}, "geometry": {"type": "LineString", "coordinates": [[-79.5811846, 43.8418876], [-79.5812388, 43.841639]]}}, {"type": "Feature", "properties": {"attribution": "Natural Resources Canada", "canvec:CODE": "1470071", "canvec:UUID": "fc7c32705d1948d68b3f31cfd89b5806", "layer": "-1", "source": "CanVec_Import_2009", "tunnel": "culvert", "waterway": "stream", "_id": 1017035842}, "geometry": {"type": "LineString", "coordinates": [[-79.561831, 43.8019415], [-79.5613964, 43.802023]]}}, {"type": "Feature", "properties": {"layer": "-1", "source": "NRCan-CanVec-7.0", "tunnel": "culvert", "waterway": "stream", "_id": 1017189115}, "geometry": {"type": "LineString", "coordinates": [[-79.624827, 43.707823], [-79.6248268, 43.7077804]]}}, {"type": "Feature", "properties": {"layer": "-1", "source": "NRCan-CanVec-10.0", "tunnel": "culvert", "waterway": "stream", "_id": 1018321102}, "geometry": {"type": "LineString", "coordinates": [[-79.2878516, 43.8512093], [-79.2879042, 43.8512817]]}}, {"type": "Feature", "properties": {"layer": "-1", "source": "NRCan-CanVec-10.0", "tunnel": "culvert", "waterway": "stream", "_id": 1018325022}, "geometry": {"type": "LineString", "coordinates": [[-79.2865786, 43.8639259], [-79.286504, 43.8639324]]}}, {"type": "Feature", "properties": {"attribution": "Natural Resources Canada", "canvec:CODE": "1470171", "canvec:UUID": "efcf7f59548f46629c96dd5e34e7bb0f", "layer": "-1", "source": "CanVec_Import_2009", "tunnel": "culvert", "waterway": "stream", "_id": 1018329223}, "geometry": {"type": "LineString", "coordinates": [[-79.5759011, 43.8134773], [-79.5757747, 43.8134287]]}}, {"type": "Feature", "properties": {"attribution": "Natural Resources Canada", "canvec:CODE": "1470171", "canvec:UUID": "aaa684cce00f439a982d982e8e462ad5", "layer": "-1", "source": "CanVec_Import_2009", "tunnel": "culvert", "waterway": "stream", "_id": 1018329249}, "geometry": {"type": "LineString", "coordinates": [[-79.5512312, 43.8161875], [-79.5510869, 43.8161231]]}}, {"type": "Feature", "properties": {"attribution": "Natural Resources Canada", "canvec:CODE": "1470171", "canvec:UUID": "aaa684cce00f439a982d982e8e462ad5", "layer": "-1", "source": "CanVec_Import_2009", "tunnel": "culvert", "waterway": "stream", "_id": 1018329251}, "geometry": {"type": "LineString", "coordinates": [[-79.552345, 43.8177593], [-79.5523252, 43.8176534]]}}, {"type": "Feature", "properties": {"attribution": "Natural Resources Canada", "canvec:CODE": "1470171", "canvec:UUID": "46390c4c0db648b7a3485c88d8b46277", "layer": "-1", "source": "CanVec_Import_2009", "tunnel": "culvert", "waterway": "stream", "_id": 1018329253}, "geometry": {"type": "LineString", "coordinates": [[-79.5665328, 43.8099056], [-79.5672015, 43.8097893]]}}, {"type": "Feature", "properties": {"layer": "-1", "name": "Humber Creek", "source": "CanVec 6.0 - NRCan", "tunnel": "culvert", "waterway": "stream", "_id": 1018914133}, "geometry": {"type": "LineString", "coordinates": [[-79.515137, 43.6898078], [-79.5147382, 43.6900005]]}}, {"type": "Feature", "properties": {"attribution": "Natural Resources Canada", "canvec:CODE": "1470171", "canvec:UUID": "0e7bdd77a5eb436aa5f93c4319b04c46", "layer": "-1", "source": "CanVec_Import_2009", "tunnel": "culvert", "waterway": "stream", "_id": 1018917484}, "geometry": {"type": "LineString", "coordinates": [[-79.5210837, 43.794635], [-79.5212265, 43.7946006]]}}, {"type": "Feature", "properties": {"attribution": "Natural Resources Canada", "canvec:CODE": "1470171", "layer": "-1", "source": "CanVec_Import_2009", "tunnel": "culvert", "waterway": "stream", "_id": 1018918715}, "geometry": {"type": "LineString", "coordinates": [[-79.5018417, 43.8013016], [-79.5017326, 43.8011823]]}}, {"type": "Feature", "properties": {"attribution": "Natural Resources Canada", "canvec:CODE": "1470171", "layer": "-1", "source": "CanVec_Import_2009", "tunnel": "culvert", "waterway": "stream", "_id": 1018918717}, "geometry": {"type": "LineString", "coordinates": [[-79.501868, 43.8015444], [-79.5018573, 43.8014454]]}}, {"type": "Feature", "properties": {"attribution": "Natural Resources Canada", "canvec:CODE": "1470171", "layer": "-1", "source": "CanVec_Import_2009", "tunnel": "culvert", "waterway": "stream", "_id": 1018918719}, "geometry": {"type": "LineString", "coordinates": [[-79.501838, 43.801677], [-79.5018717, 43.8015789]]}}, {"type": "Feature", "properties": {"attribution": "Natural Resources Canada", "canvec:CODE": "1470171", "layer": "-1", "source": "CanVec_Import_2009", "tunnel": "culvert", "waterway": "stream", "_id": 1019853517}, "geometry": {"type": "LineString", "coordinates": [[-79.5130266, 43.8505128], [-79.5130153, 43.8504488]]}}, {"type": "Feature", "properties": {"layer": "-1", "tunnel": "culvert", "waterway": "stream", "_id": 1021443605}, "geometry": {"type": "LineString", "coordinates": [[-79.5289799, 43.6528307], [-79.5288558, 43.6527518]]}}, {"type": "Feature", "properties": {"attribution": "Natural Resources Canada", "canvec:CODE": "1470171", "canvec:UUID": "a40c486230474b189e68ac4ca5924977", "name": "Black Creek", "name:en": "Black Creek", "source": "CanVec_Import_2009", "waterway": "stream", "_id": 1021474260}, "geometry": {"type": "LineString", "coordinates": [[-79.5217834, 43.7880911], [-79.5216567, 43.7877326], [-79.5217077, 43.7873728]]}}, {"type": "Feature", "properties": {"attribution": "Natural Resources Canada", "canvec:CODE": "1470171", "canvec:UUID": "a40c486230474b189e68ac4ca5924977", "layer": "-1", "name": "Black Creek", "name:en": "Black Creek", "source": "CanVec_Import_2009", "tunnel": "culvert", "waterway": "stream", "_id": 1021474261}, "geometry": {"type": "LineString", "coordinates": [[-79.5218203, 43.7881957], [-79.5217834, 43.7880911]]}}, {"type": "Feature", "properties": {"attribution": "Natural Resources Canada", "canvec:CODE": "1470171", "canvec:UUID": "dc51e2678e0149758b528aff3f97e6ba", "layer": "-1", "source": "CanVec_Import_2009", "tunnel": "culvert", "waterway": "stream", "_id": 1021474265}, "geometry": {"type": "LineString", "coordinates": [[-79.52547, 43.778793], [-79.5253536, 43.7787352]]}}, {"type": "Feature", "properties": {"attribution": "Natural Resources Canada", "canvec:CODE": "1470171", "canvec:UUID": "a7fba8b7ee5e4190a35bdd0841b29e59", "name": "Black Creek", "name:en": "Black Creek", "source": "CanVec_Import_2009", "waterway": "stream", "_id": 1021474266}, "geometry": {"type": "LineString", "coordinates": [[-79.5253043, 43.778651], [-79.52523, 43.7784715], [-79.525256, 43.7783592], [-79.5254059, 43.7782866], [-79.5254877, 43.7782921], [-79.5255526, 43.7782737], [-79.5255624, 43.7782202], [-79.525549, 43.7781582], [-79.5255969, 43.7781306]]}}, {"type": "Feature", "properties": {"attribution": "Natural Resources Canada", "canvec:CODE": "1470171", "canvec:UUID": "a7fba8b7ee5e4190a35bdd0841b29e59", "layer": "-1", "name": "Black Creek", "name:en": "Black Creek", "source": "CanVec_Import_2009", "tunnel": "culvert", "waterway": "stream", "_id": 1021474267}, "geometry": {"type": "LineString", "coordinates": [[-79.5253936, 43.7788036], [-79.5253536, 43.7787352], [-79.5253043, 43.778651]]}}, {"type": "Feature", "properties": {"layer": "-1", "name": "Petticoat Creek", "source": "NRCan-CanVec-10.0", "tunnel": "yes", "waterway": "stream", "_id": 1021805206}, "geometry": {"type": "LineString", "coordinates": [[-79.1251395, 43.8107236], [-79.1244667, 43.8096777]]}}, {"type": "Feature", "properties": {"layer": "-1", "source": "NRCan-CanVec-10.0", "tunnel": "culvert", "waterway": "stream", "_id": 1025055678}, "geometry": {"type": "LineString", "coordinates": [[-79.3545223, 43.8389609], [-79.354391, 43.8389914]]}}, {"type": "Feature", "properties": {"attribution": "Natural Resources Canada", "canvec:CODE": "1470171", "canvec:UUID": "6afc03bcad4c42479e178b76c9f0e533", "layer": "-1", "source": "CanVec_Import_2009", "tunnel": "culvert", "waterway": "stream", "_id": 1025056931}, "geometry": {"type": "LineString", "coordinates": [[-79.5301686, 43.835394], [-79.5301274, 43.8351605]]}}, {"type": "Feature", "properties": {"attribution": "Natural Resources Canada", "canvec:CODE": "1470171", "canvec:UUID": "22abd5e7628044ef9a80a7445d181367", "layer": "-1", "source": "CanVec_Import_2009", "tunnel": "culvert", "waterway": "stream", "_id": 1030227403}, "geometry": {"type": "LineString", "coordinates": [[-79.604111, 43.8065943], [-79.6041148, 43.8065337]]}}, {"type": "Feature", "properties": {"attribution": "Natural Resources Canada", "canvec:CODE": "1470171", "canvec:UUID": "75f0b00f292d4df1a2f85275d40b5cb9", "layer": "-1", "source": "CanVec_Import_2009", "tunnel": "culvert", "waterway": "stream", "_id": 1030227414}, "geometry": {"type": "LineString", "coordinates": [[-79.5987603, 43.8366646], [-79.5988167, 43.8363151]]}}, {"type": "Feature", "properties": {"attribution": "Natural Resources Canada", "canvec:CODE": "1470171", "canvec:UUID": "884355d5f9e24ef4b4afb6a5df9d4142", "layer": "-1", "source": "CanVec_Import_2009", "tunnel": "culvert", "waterway": "stream", "_id": 1030227419}, "geometry": {"type": "LineString", "coordinates": [[-79.5968322, 43.8013554], [-79.5969137, 43.8012647]]}}, {"type": "Feature", "properties": {"attribution": "Natural Resources Canada", "canvec:CODE": "1470171", "canvec:UUID": "884355d5f9e24ef4b4afb6a5df9d4142", "layer": "-1", "source": "CanVec_Import_2009", "tunnel": "culvert", "waterway": "stream", "_id": 1030227421}, "geometry": {"type": "LineString", "coordinates": [[-79.5972194, 43.8007466], [-79.5973312, 43.8003696]]}}, {"type": "Feature", "properties": {"attribution": "Natural Resources Canada", "canvec:CODE": "1470171", "canvec:UUID": "884355d5f9e24ef4b4afb6a5df9d4142", "layer": "-1", "source": "CanVec_Import_2009", "tunnel": "culvert", "waterway": "stream", "_id": 1030227423}, "geometry": {"type": "LineString", "coordinates": [[-79.5974389, 43.800078], [-79.5974152, 43.7998635]]}}, {"type": "Feature", "properties": {"attribution": "Natural Resources Canada", "canvec:CODE": "1470171", "canvec:UUID": "884355d5f9e24ef4b4afb6a5df9d4142", "layer": "-1", "source": "CanVec_Import_2009", "tunnel": "culvert", "waterway": "stream", "_id": 1030227425}, "geometry": {"type": "LineString", "coordinates": [[-79.5985272, 43.7974363], [-79.5986676, 43.7974282]]}}, {"type": "Feature", "properties": {"attribution": "Natural Resources Canada", "canvec:CODE": "1470171", "canvec:UUID": "884355d5f9e24ef4b4afb6a5df9d4142", "layer": "-1", "source": "CanVec_Import_2009", "tunnel": "culvert", "waterway": "stream", "_id": 1030227427}, "geometry": {"type": "LineString", "coordinates": [[-79.5989578, 43.7973437], [-79.5991118, 43.7973228]]}}, {"type": "Feature", "properties": {"attribution": "Natural Resources Canada", "canvec:CODE": "1470171", "canvec:UUID": "6253620ea5474f2aa95076d07763665c", "intermittent": "yes", "layer": "-1", "source": "CanVec_Import_2009", "tunnel": "culvert", "waterway": "stream", "_id": 1030975193}, "geometry": {"type": "LineString", "coordinates": [[-79.633341, 43.7610013], [-79.6324972, 43.7609545]]}}, {"type": "Feature", "properties": {"attribution": "Natural Resources Canada", "canvec:CODE": "1470171", "canvec:UUID": "370d06c578c8418a8341cf63af9edd5f", "layer": "-1", "name": "Rainbow Creek", "source": "CanVec_Import_2009", "tunnel": "culvert", "waterway": "stream", "_id": 1036703923}, "geometry": {"type": "LineString", "coordinates": [[-79.6434602, 43.7877462], [-79.6432248, 43.7873509]]}}, {"type": "Feature", "properties": {"channelised": "yes", "intermittent": "no", "name": "Black Creek", "waterway": "river", "width": "3", "_id": 1047662198}, "geometry": {"type": "LineString", "coordinates": [[-79.4957373, 43.6754655], [-79.4958421, 43.6754568], [-79.4963313, 43.6754568], [-79.496812, 43.6755002], [-79.4981093, 43.6756069], [-79.498417, 43.6755933], [-79.4986072, 43.675562], [-79.498779, 43.6755167], [-79.4989431, 43.6754606], [-79.499301, 43.6752966], [-79.5027402, 43.6737148], [-79.5029001, 43.6736536], [-79.5030639, 43.6736246], [-79.503183, 43.6736138], [-79.5033001, 43.6736159], [-79.5034553, 43.6736346], [-79.5035972, 43.6736671], [-79.5037282, 43.6737161], [-79.5038407, 43.673773], [-79.5039629, 43.6738655], [-79.5040561, 43.6739731], [-79.5044338, 43.674656], [-79.5045054, 43.6747269], [-79.5045883, 43.6747925], [-79.5047092, 43.6748559], [-79.5047919, 43.6748788], [-79.5048742, 43.6748957], [-79.5049694, 43.6749053], [-79.5050831, 43.6749021], [-79.5052416, 43.6748752]]}}, {"type": "Feature", "properties": {"intermittent": "no", "layer": "-1", "name": "Black Creek", "tunnel": "culvert", "waterway": "river", "width": "3", "_id": 1047662199}, "geometry": {"type": "LineString", "coordinates": [[-79.4951257, 43.6755849], [-79.4957373, 43.6754655]]}}, {"type": "Feature", "properties": {"layer": "-1", "tunnel": "culvert", "waterway": "stream", "_id": 1050916538}, "geometry": {"type": "LineString", "coordinates": [[-79.4825661, 43.7411978], [-79.4836832, 43.7412662]]}}, {"type": "Feature", "properties": {"layer": "-1", "tunnel": "culvert", "waterway": "stream", "_id": 1050916558}, "geometry": {"type": "LineString", "coordinates": [[-79.4785856, 43.7374647], [-79.4787497, 43.7375344]]}}, {"type": "Feature", "properties": {"intermittent": "yes", "layer": "-1", "tunnel": "culvert", "waterway": "stream", "_id": 1051408265}, "geometry": {"type": "LineString", "coordinates": [[-79.6216366, 43.7557669], [-79.6215344, 43.7557803], [-79.6214352, 43.7557993], [-79.6213516, 43.7558374]]}}, {"type": "Feature", "properties": {"intermittent": "yes", "layer": "-1", "tunnel": "culvert", "waterway": "stream", "_id": 1051408267}, "geometry": {"type": "LineString", "coordinates": [[-79.6313483, 43.7577822], [-79.6312859, 43.757805], [-79.631222, 43.7581146]]}}, {"type": "Feature", "properties": {"layer": "-1", "source": "NRCan-CanVec-10.0", "tunnel": "culvert", "waterway": "stream", "_id": 1051595104}, "geometry": {"type": "LineString", "coordinates": [[-79.3764646, 43.7872585], [-79.3765554, 43.7873075]]}}, {"type": "Feature", "properties": {"layer": "-1", "source": "NRCan-CanVec-10.0", "tunnel": "culvert", "waterway": "stream", "_id": 1062151093}, "geometry": {"type": "LineString", "coordinates": [[-79.4882851, 43.8023807], [-79.4879486, 43.8024487], [-79.4874906, 43.8024947], [-79.4866877, 43.8025754]]}}, {"type": "Feature", "properties": {"layer": "-1", "source": "NRCan-CanVec-10.0", "tunnel": "culvert", "waterway": "stream", "_id": 1062151095}, "geometry": {"type": "LineString", "coordinates": [[-79.4890845, 43.8021089], [-79.4888387, 43.8021831]]}}, {"type": "Feature", "properties": {"layer": "-1", "source": "NRCan-CanVec-10.0", "tunnel": "culvert", "waterway": "stream", "_id": 1062151097}, "geometry": {"type": "LineString", "coordinates": [[-79.4904249, 43.8017492], [-79.4901561, 43.8018019]]}}, {"type": "Feature", "properties": {"layer": "-1", "source": "NRCan-CanVec-10.0", "tunnel": "culvert", "waterway": "stream", "_id": 1062151099}, "geometry": {"type": "LineString", "coordinates": [[-79.4883787, 43.8031324], [-79.4880691, 43.8031217]]}}, {"type": "Feature", "properties": {"attribution": "Natural Resources Canada", "canvec:CODE": "1470171", "layer": "-1", "source": "CanVec_Import_2009", "tunnel": "culvert", "waterway": "stream", "_id": 1062240131}, "geometry": {"type": "LineString", "coordinates": [[-79.5160914, 43.8258957], [-79.5164448, 43.8259543]]}}, {"type": "Feature", "properties": {"layer": "-1", "source": "CanVec 6.0 - NRCan", "tunnel": "culvert", "waterway": "stream", "_id": 1073458716}, "geometry": {"type": "LineString", "coordinates": [[-79.1182784, 43.8403553], [-79.1185039, 43.8405084]]}}, {"type": "Feature", "properties": {"layer": "-1", "source": "CanVec 6.0 - NRCan", "tunnel": "culvert", "waterway": "stream", "_id": 1073458718}, "geometry": {"type": "LineString", "coordinates": [[-79.1215724, 43.840802], [-79.1218825, 43.840832]]}}, {"type": "Feature", "properties": {"layer": "-1", "source": "CanVec 6.0 - NRCan", "tunnel": "culvert", "waterway": "stream", "_id": 1073458721}, "geometry": {"type": "LineString", "coordinates": [[-79.115815, 43.8433793], [-79.1154895, 43.8434479]]}}, {"type": "Feature", "properties": {"layer": "-1", "source": "CanVec 6.0 - NRCan", "tunnel": "culvert", "waterway": "stream", "_id": 1075105279}, "geometry": {"type": "LineString", "coordinates": [[-79.117116, 43.846835], [-79.1169751, 43.8468345]]}}, {"type": "Feature", "properties": {"layer": "-1", "source": "CanVec 6.0 - NRCan", "tunnel": "culvert", "waterway": "stream", "_id": 1075105281}, "geometry": {"type": "LineString", "coordinates": [[-79.1050004, 43.856663], [-79.1049237, 43.8566239]]}}, {"type": "Feature", "properties": {"layer": "-1", "source": "CanVec 6.0 - NRCan", "tunnel": "culvert", "waterway": "stream", "_id": 1075806044}, "geometry": {"type": "LineString", "coordinates": [[-79.1264433, 43.8699279], [-79.1264167, 43.8698661]]}}, {"type": "Feature", "properties": {"layer": "-1", "source": "CanVec 6.0 - NRCan", "tunnel": "culvert", "waterway": "stream", "_id": 1082363334}, "geometry": {"type": "LineString", "coordinates": [[-79.1848749, 43.8453391], [-79.1848006, 43.8452353]]}}, {"type": "Feature", "properties": {"name": "Smalls Creek", "source": "CanVec 6.0 - NRCan", "waterway": "stream", "_id": 1083212230}, "geometry": {"type": "LineString", "coordinates": [[-79.3145914, 43.6816479], [-79.3147249, 43.6813335], [-79.314784, 43.6811993], [-79.3148356, 43.6811345], [-79.3148723, 43.6810885], [-79.3150899, 43.6810014], [-79.315372, 43.6809442], [-79.3158364, 43.6807934], [-79.3160628, 43.6806806], [-79.3161349, 43.6806223], [-79.3162205, 43.6805359], [-79.3162484, 43.6805078]]}}, {"type": "Feature", "properties": {"layer": "-1", "name": "Smalls Creek", "source": "CanVec 6.0 - NRCan", "tunnel": "culvert", "waterway": "stream", "_id": 1083212231}, "geometry": {"type": "LineString", "coordinates": [[-79.3162484, 43.6805078], [-79.3164131, 43.6803187], [-79.3164222, 43.6801844], [-79.3163435, 43.6799434]]}}, {"type": "Feature", "properties": {"layer": "-1", "tunnel": "culvert", "waterway": "stream", "_id": 1087918877}, "geometry": {"type": "LineString", "coordinates": [[-79.5118128, 43.6685104], [-79.5117545, 43.6685057]]}}, {"type": "Feature", "properties": {"layer": "-1", "tunnel": "culvert", "waterway": "stream", "_id": 1087918878}, "geometry": {"type": "LineString", "coordinates": [[-79.5125867, 43.6678643], [-79.5125175, 43.6678387]]}}, {"type": "Feature", "properties": {"layer": "-1", "tunnel": "culvert", "waterway": "stream", "_id": 1087918879}, "geometry": {"type": "LineString", "coordinates": [[-79.5124171, 43.6678051], [-79.5123652, 43.6677841]]}}, {"type": "Feature", "properties": {"layer": "-1", "tunnel": "culvert", "waterway": "stream", "_id": 1087918883}, "geometry": {"type": "LineString", "coordinates": [[-79.5137585, 43.664747], [-79.5136421, 43.664766]]}}, {"type": "Feature", "properties": {"layer": "-1", "tunnel": "culvert", "waterway": "stream", "_id": 1090837740}, "geometry": {"type": "LineString", "coordinates": [[-79.4181712, 43.7652898], [-79.4181541, 43.7653121]]}}, {"type": "Feature", "properties": {"layer": "-1", "name": "Albion Creek", "tunnel": "culvert", "waterway": "stream", "_id": 1103955875}, "geometry": {"type": "LineString", "coordinates": [[-79.6000592, 43.7477041], [-79.5997508, 43.7476405]]}}, {"type": "Feature", "properties": {"attribution": "Natural Resources Canada", "canvec:CODE": "1470171", "canvec:UUID": "1b15fc2e1bef4ac9a5f2e819f0359437", "layer": "-1", "source": "CanVec_Import_2009", "tunnel": "culvert", "waterway": "stream", "_id": 1106153481}, "geometry": {"type": "LineString", "coordinates": [[-79.6494055, 43.8361225], [-79.6493459, 43.836122]]}}, {"type": "Feature", "properties": {"layer": "-1", "name": "Lavender Creek", "tunnel": "culvert", "waterway": "stream", "_id": 1120874114}, "geometry": {"type": "LineString", "coordinates": [[-79.4822364, 43.6752346], [-79.4822773, 43.6753831]]}}, {"type": "Feature", "properties": {"name": "Lavender Creek", "waterway": "stream", "_id": 1120874115}, "geometry": {"type": "LineString", "coordinates": [[-79.4818187, 43.6742734], [-79.481948, 43.6745891], [-79.4819775, 43.6746842], [-79.4820057, 43.6747977], [-79.4822364, 43.6752346]]}}, {"type": "Feature", "properties": {"attribution": "Natural Resources Canada", "canvec:CODE": "1470171", "canvec:UUID": "a254e9c6d5724cb5954d9c439be2ceaa", "layer": "-1", "source": "CanVec_Import_2009", "tunnel": "culvert", "waterway": "stream", "_id": 1132997509}, "geometry": {"type": "LineString", "coordinates": [[-79.5938805, 43.8504907], [-79.5939213, 43.8504729]]}}, {"type": "Feature", "properties": {"layer": "-1", "source": "CanVec 6.0 - NRCan", "tunnel": "culvert", "waterway": "stream", "_id": 1133477460}, "geometry": {"type": "LineString", "coordinates": [[-79.3088075, 43.8465095], [-79.3087995, 43.8465338], [-79.3088156, 43.8466049]]}}, {"type": "Feature", "properties": {"layer": "-1", "source": "CanVec 6.0 - NRCan", "tunnel": "culvert", "waterway": "stream", "_id": 1133477462}, "geometry": {"type": "LineString", "coordinates": [[-79.3113778, 43.850184], [-79.3114415, 43.8503592]]}}, {"type": "Feature", "properties": {"layer": "-1", "source": "CanVec 6.0 - NRCan", "tunnel": "culvert", "waterway": "stream", "_id": 1133507102}, "geometry": {"type": "LineString", "coordinates": [[-79.2058377, 43.8381013], [-79.205729, 43.8380849], [-79.205502, 43.8381358]]}}, {"type": "Feature", "properties": {"layer": "-1", "name": "Little Etobicoke Creek", "source": "Yahoo", "tunnel": "culvert", "waterway": "stream", "_id": 1133852023}, "geometry": {"type": "LineString", "coordinates": [[-79.6428876, 43.6399091], [-79.6427018, 43.6397888]]}}, {"type": "Feature", "properties": {"layer": "-1", "source": "NRCan-CanVec-10.0", "tunnel": "culvert", "waterway": "stream", "_id": 1178357072}, "geometry": {"type": "LineString", "coordinates": [[-79.3061956, 43.7267359], [-79.3063509, 43.7267631]]}}, {"type": "Feature", "properties": {"name": "Wilket Creek", "waterway": "stream", "_id": 1179807347}, "geometry": {"type": "LineString", "coordinates": [[-79.3785771, 43.745245], [-79.3788097, 43.745101], [-79.3786817, 43.7447637], [-79.3784863, 43.7445628], [-79.3784411, 43.7443734], [-79.3782576, 43.7442567], [-79.378188, 43.7440432], [-79.378207, 43.743723], [-79.3782524, 43.743596], [-79.3781237, 43.7434701], [-79.3779272, 43.7433281], [-79.3774499, 43.743274], [-79.3772159, 43.7431861], [-79.3768509, 43.7428886], [-79.3764158, 43.7426266], [-79.3763201, 43.7425753]]}}, {"type": "Feature", "properties": {"covered": "yes", "name": "Wilket Creek", "waterway": "stream", "_id": 1179807348}, "geometry": {"type": "LineString", "coordinates": [[-79.3785463, 43.7452641], [-79.3785771, 43.745245]]}}, {"type": "Feature", "properties": {"layer": "-1", "source": "CanVec 6.0 - NRCan", "tunnel": "culvert", "waterway": "stream", "_id": 1180545512}, "geometry": {"type": "LineString", "coordinates": [[-79.1520877, 43.7647482], [-79.1518763, 43.7648014]]}}, {"type": "Feature", "properties": {"layer": "-1", "name": "Morningside Creek", "source": "CanVec 6.0 - NRCan", "tunnel": "culvert", "waterway": "stream", "_id": 1180545514}, "geometry": {"type": "LineString", "coordinates": [[-79.2467862, 43.8519019], [-79.2467399, 43.8515532]]}}, {"type": "Feature", "properties": {"layer": "-1", "name": "Morningside Creek", "source": "CanVec 6.0 - NRCan", "tunnel": "culvert", "waterway": "stream", "_id": 1180545515}, "geometry": {"type": "LineString", "coordinates": [[-79.2463823, 43.8509937], [-79.2463415, 43.8508976], [-79.2462522, 43.8506969]]}}, {"type": "Feature", "properties": {"layer": "-1", "tunnel": "culvert", "waterway": "canal", "_id": 1183788059}, "geometry": {"type": "LineString", "coordinates": [[-79.2229942, 43.8283057], [-79.2225036, 43.8284616]]}}, {"type": "Feature", "properties": {"layer": "-1", "source": "NRCan-CanVec-10.0", "tunnel": "culvert", "waterway": "stream", "_id": 1223343545}, "geometry": {"type": "LineString", "coordinates": [[-79.4914213, 43.6424988], [-79.4913263, 43.6424934]]}}, {"type": "Feature", "properties": {"layer": "-1", "source": "CanVec 6.0 - NRCan", "tunnel": "culvert", "waterway": "stream", "_id": 1228448212}, "geometry": {"type": "LineString", "coordinates": [[-79.4802911, 43.7988753], [-79.4803185, 43.7988153]]}}, {"type": "Feature", "properties": {"layer": "-1", "source": "NRCan-CanVec-10.0", "tunnel": "culvert", "waterway": "stream", "_id": 1228448214}, "geometry": {"type": "LineString", "coordinates": [[-79.4792853, 43.7918945], [-79.4791999, 43.7919072]]}}, {"type": "Feature", "properties": {"layer": "-1", "source": "NRCan-CanVec-10.0", "tunnel": "culvert", "waterway": "stream", "_id": 1230232597}, "geometry": {"type": "LineString", "coordinates": [[-79.4952632, 43.8362191], [-79.4952191, 43.8362069]]}}, {"type": "Feature", "properties": {"layer": "-1", "source": "NRCan-CanVec-10.0", "tunnel": "culvert", "waterway": "stream", "_id": 1241931576}, "geometry": {"type": "LineString", "coordinates": [[-79.4946273, 43.8098528], [-79.4943236, 43.809891]]}}, {"type": "Feature", "properties": {"layer": "-1", "source": "NRCan-CanVec-10.0", "tunnel": "culvert", "waterway": "stream", "_id": 1244247951}, "geometry": {"type": "LineString", "coordinates": [[-79.417602, 43.7545204], [-79.4175159, 43.7545305]]}}, {"type": "Feature", "properties": {"layer": "-1", "source": "NRCan-CanVec-10.0", "tunnel": "culvert", "waterway": "stream", "_id": 1244247953}, "geometry": {"type": "LineString", "coordinates": [[-79.4181103, 43.7546141], [-79.4180496, 43.7545985]]}}, {"type": "Feature", "properties": {"attribution": "Natural Resources Canada", "canvec:CODE": "1470171", "canvec:UUID": "e0316b6520d74703ac3e482028d37faf", "layer": "-1", "source": "CanVec_Import_2009", "tunnel": "culvert", "waterway": "stream", "_id": 1245147888}, "geometry": {"type": "LineString", "coordinates": [[-79.5772528, 43.7897308], [-79.5769254, 43.7896547]]}}, {"type": "Feature", "properties": {"attribution": "Natural Resources Canada", "canvec:CODE": "1470171", "layer": "-1", "source": "CanVec_Import_2009", "tunnel": "culvert", "waterway": "stream", "_id": 1245147890}, "geometry": {"type": "LineString", "coordinates": [[-79.5748586, 43.7885764], [-79.5747951, 43.7884863]]}}, {"type": "Feature", "properties": {"attribution": "Natural Resources Canada", "canvec:CODE": "1470171", "canvec:UUID": "ef0a5bd4e1d54fe2997dd9be011467f0", "layer": "-1", "source": "CanVec_Import_2009", "tunnel": "culvert", "waterway": "stream", "_id": 1245423798}, "geometry": {"type": "LineString", "coordinates": [[-79.6159685, 43.8590032], [-79.6158809, 43.8590028]]}}, {"type": "Feature", "properties": {"attribution": "Natural Resources Canada", "canvec:CODE": "1470171", "canvec:UUID": "ef0a5bd4e1d54fe2997dd9be011467f0", "layer": "-1", "source": "CanVec_Import_2009", "tunnel": "culvert", "waterway": "stream", "_id": 1245423800}, "geometry": {"type": "LineString", "coordinates": [[-79.6240016, 43.8635763], [-79.6239998, 43.8634716]]}}, {"type": "Feature", "properties": {"attribution": "Natural Resources Canada", "canvec:CODE": "1470171", "canvec:UUID": "ef0a5bd4e1d54fe2997dd9be011467f0", "layer": "-1", "source": "CanVec_Import_2009", "tunnel": "culvert", "waterway": "stream", "_id": 1245423802}, "geometry": {"type": "LineString", "coordinates": [[-79.6283372, 43.8688616], [-79.6282993, 43.8687664]]}}, {"type": "Feature", "properties": {"attribution": "Natural Resources Canada", "canvec:CODE": "1470171", "canvec:UUID": "9445ffb3a3744294b568737ec3407486", "layer": "-1", "source": "CanVec_Import_2009", "tunnel": "culvert", "waterway": "stream", "_id": 1245423804}, "geometry": {"type": "LineString", "coordinates": [[-79.6174897, 43.8657439], [-79.6173687, 43.8656665]]}}, {"type": "Feature", "properties": {"layer": "-1", "source": "CanVec 6.0 - NRCan", "tunnel": "culvert", "waterway": "stream", "_id": 1248944851}, "geometry": {"type": "LineString", "coordinates": [[-79.1056443, 43.8287622], [-79.1059253, 43.8289456]]}}, {"type": "Feature", "properties": {"layer": "-1", "source": "CanVec 6.0 - NRCan", "tunnel": "culvert", "waterway": "stream", "_id": 1250099958}, "geometry": {"type": "LineString", "coordinates": [[-79.5444793, 43.7183859], [-79.5444083, 43.7183481]]}}, {"type": "Feature", "properties": {"layer": "-1", "tunnel": "culvert", "waterway": "stream", "_id": 1252555883}, "geometry": {"type": "LineString", "coordinates": [[-79.6287581, 43.6262272], [-79.6286829, 43.6262216]]}}, {"type": "Feature", "properties": {"building": "farm_auxiliary", "historic": "ruins", "name": "Donnybrook Ruins", "_id": 1258921103}, "geometry": {"type": "LineString", "coordinates": [[-79.3609505, 43.66638], [-79.3609288, 43.6664571], [-79.3609246, 43.6664695], [-79.3609101, 43.6664758], [-79.360893, 43.6664737], [-79.3608818, 43.6664646], [-79.3608315, 43.6664546], [-79.3608508, 43.6663867], [-79.3608428, 43.6663854], [-79.3608442, 43.6663807], [-79.3608476, 43.6663655], [-79.3609427, 43.6663791], [-79.3609505, 43.66638]]}}, {"type": "Feature", "properties": {"intermittent": "yes", "layer": "-1", "tunnel": "culvert", "waterway": "ditch", "_id": 1267014356}, "geometry": {"type": "LineString", "coordinates": [[-79.3897759, 43.8112776], [-79.3897569, 43.811227]]}}, {"type": "Feature", "properties": {"intermittent": "yes", "layer": "-1", "tunnel": "culvert", "waterway": "ditch", "_id": 1267014358}, "geometry": {"type": "LineString", "coordinates": [[-79.3898498, 43.8114514], [-79.3898289, 43.8113999]]}}, {"type": "Feature", "properties": {"intermittent": "yes", "layer": "-1", "tunnel": "culvert", "waterway": "ditch", "_id": 1267014360}, "geometry": {"type": "LineString", "coordinates": [[-79.3898997, 43.8115768], [-79.3898813, 43.8115316]]}}, {"type": "Feature", "properties": {"intermittent": "yes", "layer": "-1", "tunnel": "culvert", "waterway": "ditch", "_id": 1267014362}, "geometry": {"type": "LineString", "coordinates": [[-79.3899546, 43.8117038], [-79.3899322, 43.811652]]}}, {"type": "Feature", "properties": {"intermittent": "yes", "layer": "-1", "tunnel": "culvert", "waterway": "ditch", "_id": 1267014364}, "geometry": {"type": "LineString", "coordinates": [[-79.3900629, 43.8119615], [-79.3900417, 43.8119109]]}}, {"type": "Feature", "properties": {"intermittent": "yes", "layer": "-1", "tunnel": "culvert", "waterway": "ditch", "_id": 1267014366}, "geometry": {"type": "LineString", "coordinates": [[-79.3901234, 43.812095], [-79.3901022, 43.8120477]]}}, {"type": "Feature", "properties": {"intermittent": "yes", "layer": "-1", "tunnel": "culvert", "waterway": "ditch", "_id": 1267014369}, "geometry": {"type": "LineString", "coordinates": [[-79.388224, 43.8092381], [-79.3881755, 43.8091921]]}}, {"type": "Feature", "properties": {"intermittent": "yes", "layer": "-1", "tunnel": "culvert", "waterway": "ditch", "_id": 1267014371}, "geometry": {"type": "LineString", "coordinates": [[-79.3884298, 43.8094374], [-79.3883824, 43.8093929]]}}, {"type": "Feature", "properties": {"intermittent": "yes", "layer": "-1", "tunnel": "culvert", "waterway": "ditch", "_id": 1267014373}, "geometry": {"type": "LineString", "coordinates": [[-79.3886523, 43.8096518], [-79.3886063, 43.8096068]]}}, {"type": "Feature", "properties": {"intermittent": "yes", "layer": "-1", "tunnel": "culvert", "waterway": "ditch", "_id": 1267014375}, "geometry": {"type": "LineString", "coordinates": [[-79.3887606, 43.8097595], [-79.3887128, 43.8097088]]}}, {"type": "Feature", "properties": {"intermittent": "yes", "layer": "-1", "tunnel": "culvert", "waterway": "ditch", "_id": 1267014377}, "geometry": {"type": "LineString", "coordinates": [[-79.3888795, 43.8098717], [-79.3888462, 43.8098406]]}}, {"type": "Feature", "properties": {"intermittent": "yes", "layer": "-1", "tunnel": "culvert", "waterway": "ditch", "_id": 1267014379}, "geometry": {"type": "LineString", "coordinates": [[-79.3889965, 43.8099836], [-79.3889476, 43.8099381]]}}, {"type": "Feature", "properties": {"intermittent": "yes", "layer": "-1", "tunnel": "culvert", "waterway": "ditch", "_id": 1267014381}, "geometry": {"type": "LineString", "coordinates": [[-79.3890846, 43.8100665], [-79.3890737, 43.810056]]}}, {"type": "Feature", "properties": {"intermittent": "yes", "layer": "-1", "tunnel": "culvert", "waterway": "ditch", "_id": 1267014383}, "geometry": {"type": "LineString", "coordinates": [[-79.3891773, 43.8101575], [-79.3891368, 43.8101167]]}}, {"type": "Feature", "properties": {"intermittent": "yes", "layer": "-1", "tunnel": "culvert", "waterway": "ditch", "_id": 1267014385}, "geometry": {"type": "LineString", "coordinates": [[-79.3893368, 43.8103217], [-79.3892962, 43.810278]]}}, {"type": "Feature", "properties": {"intermittent": "yes", "layer": "-1", "tunnel": "culvert", "waterway": "ditch", "_id": 1267014387}, "geometry": {"type": "LineString", "coordinates": [[-79.3894911, 43.8106038], [-79.3894476, 43.8105113]]}}, {"type": "Feature", "properties": {"intermittent": "yes", "layer": "-1", "tunnel": "culvert", "waterway": "ditch", "_id": 1267055972}, "geometry": {"type": "LineString", "coordinates": [[-79.3864041, 43.8067667], [-79.3863348, 43.806781]]}}, {"type": "Feature", "properties": {"intermittent": "yes", "layer": "-1", "tunnel": "culvert", "waterway": "ditch", "_id": 1267055975}, "geometry": {"type": "LineString", "coordinates": [[-79.386567, 43.8067286], [-79.3865155, 43.8067415]]}}, {"type": "Feature", "properties": {"intermittent": "yes", "layer": "-1", "tunnel": "culvert", "waterway": "ditch", "_id": 1267055977}, "geometry": {"type": "LineString", "coordinates": [[-79.3867602, 43.8066858], [-79.386685, 43.8067029]]}}, {"type": "Feature", "properties": {"intermittent": "yes", "layer": "-1", "tunnel": "culvert", "waterway": "ditch", "_id": 1267055979}, "geometry": {"type": "LineString", "coordinates": [[-79.3873247, 43.8065735], [-79.3872463, 43.8065782]]}}, {"type": "Feature", "properties": {"intermittent": "yes", "layer": "-1", "tunnel": "culvert", "waterway": "ditch", "_id": 1267055981}, "geometry": {"type": "LineString", "coordinates": [[-79.3874758, 43.8065968], [-79.3873986, 43.8065721]]}}, {"type": "Feature", "properties": {"intermittent": "yes", "layer": "-1", "tunnel": "culvert", "waterway": "ditch", "_id": 1267055983}, "geometry": {"type": "LineString", "coordinates": [[-79.3875483, 43.8066725], [-79.3875206, 43.8066334]]}}, {"type": "Feature", "properties": {"intermittent": "yes", "layer": "-1", "tunnel": "culvert", "waterway": "ditch", "_id": 1267055985}, "geometry": {"type": "LineString", "coordinates": [[-79.3876611, 43.8071318], [-79.3876466, 43.8070751]]}}, {"type": "Feature", "properties": {"intermittent": "yes", "layer": "-1", "tunnel": "culvert", "waterway": "ditch", "_id": 1267055987}, "geometry": {"type": "LineString", "coordinates": [[-79.3877514, 43.8075077], [-79.3877356, 43.8074459]]}}, {"type": "Feature", "properties": {"intermittent": "yes", "layer": "-1", "tunnel": "culvert", "waterway": "ditch", "_id": 1267055989}, "geometry": {"type": "LineString", "coordinates": [[-79.3878477, 43.8078733], [-79.3878273, 43.8078195]]}}, {"type": "Feature", "properties": {"intermittent": "yes", "layer": "-1", "tunnel": "culvert", "waterway": "ditch", "_id": 1267055991}, "geometry": {"type": "LineString", "coordinates": [[-79.3878939, 43.8080408], [-79.38788, 43.8079861]]}}, {"type": "Feature", "properties": {"intermittent": "yes", "layer": "-1", "tunnel": "culvert", "waterway": "ditch", "_id": 1267055993}, "geometry": {"type": "LineString", "coordinates": [[-79.3879512, 43.8082978], [-79.3879328, 43.8082535]]}}, {"type": "Feature", "properties": {"intermittent": "yes", "layer": "-1", "tunnel": "culvert", "waterway": "ditch", "_id": 1267055995}, "geometry": {"type": "LineString", "coordinates": [[-79.3879862, 43.808431], [-79.387975, 43.8083578]]}}, {"type": "Feature", "properties": {"intermittent": "yes", "layer": "-1", "tunnel": "culvert", "waterway": "ditch", "_id": 1267055997}, "geometry": {"type": "LineString", "coordinates": [[-79.3877897, 43.808659], [-79.3878701, 43.8086143]]}}, {"type": "Feature", "properties": {"intermittent": "yes", "layer": "-1", "tunnel": "culvert", "waterway": "ditch", "_id": 1267055999}, "geometry": {"type": "LineString", "coordinates": [[-79.3877014, 43.8087413], [-79.3877099, 43.8087061]]}}, {"type": "Feature", "properties": {"intermittent": "yes", "layer": "-1", "tunnel": "culvert", "waterway": "ditch", "_id": 1267165221}, "geometry": {"type": "LineString", "coordinates": [[-79.3902856, 43.8107331], [-79.3903062, 43.8107287]]}}, {"type": "Feature", "properties": {"intermittent": "yes", "layer": "-1", "tunnel": "culvert", "waterway": "ditch", "_id": 1267165223}, "geometry": {"type": "LineString", "coordinates": [[-79.3899208, 43.8108117], [-79.3899942, 43.8107952]]}}, {"type": "Feature", "properties": {"intermittent": "yes", "layer": "-1", "tunnel": "culvert", "waterway": "ditch", "_id": 1267165225}, "geometry": {"type": "LineString", "coordinates": [[-79.3896254, 43.8109242], [-79.3896362, 43.8108941], [-79.3896713, 43.8108661]]}}, {"type": "Feature", "properties": {"intermittent": "yes", "layer": "-1", "tunnel": "culvert", "waterway": "ditch", "_id": 1267611256}, "geometry": {"type": "LineString", "coordinates": [[-79.3861087, 43.8071153], [-79.3861228, 43.8071704]]}}, {"type": "Feature", "properties": {"intermittent": "yes", "layer": "-1", "tunnel": "culvert", "waterway": "ditch", "_id": 1267611258}, "geometry": {"type": "LineString", "coordinates": [[-79.3861643, 43.8073548], [-79.3861754, 43.8074121]]}}, {"type": "Feature", "properties": {"intermittent": "yes", "layer": "-1", "tunnel": "culvert", "waterway": "ditch", "_id": 1267611260}, "geometry": {"type": "LineString", "coordinates": [[-79.3862495, 43.8077024], [-79.3862702, 43.8077634]]}}, {"type": "Feature", "properties": {"intermittent": "yes", "layer": "-1", "tunnel": "culvert", "waterway": "ditch", "_id": 1267611262}, "geometry": {"type": "LineString", "coordinates": [[-79.3863132, 43.807881], [-79.3863414, 43.8079388]]}}, {"type": "Feature", "properties": {"intermittent": "yes", "layer": "-1", "tunnel": "culvert", "waterway": "ditch", "_id": 1267611264}, "geometry": {"type": "LineString", "coordinates": [[-79.3864903, 43.8081302], [-79.3865503, 43.8081967]]}}, {"type": "Feature", "properties": {"intermittent": "yes", "layer": "-1", "tunnel": "culvert", "waterway": "ditch", "_id": 1267611266}, "geometry": {"type": "LineString", "coordinates": [[-79.3866296, 43.8086528], [-79.3865651, 43.8086801]]}}, {"type": "Feature", "properties": {"intermittent": "yes", "layer": "-1", "tunnel": "culvert", "waterway": "ditch", "_id": 1267611267}, "geometry": {"type": "LineString", "coordinates": [[-79.3861932, 43.8087694], [-79.3861206, 43.8087849]]}}, {"type": "Feature", "properties": {"intermittent": "yes", "layer": "-1", "tunnel": "culvert", "waterway": "ditch", "_id": 1267611271}, "geometry": {"type": "LineString", "coordinates": [[-79.3859339, 43.8098476], [-79.3858602, 43.809864]]}}, {"type": "Feature", "properties": {"intermittent": "yes", "layer": "-1", "tunnel": "culvert", "waterway": "ditch", "_id": 1267611272}, "geometry": {"type": "LineString", "coordinates": [[-79.3855185, 43.8098704], [-79.3854311, 43.8098786]]}}, {"type": "Feature", "properties": {"intermittent": "yes", "layer": "-1", "tunnel": "culvert", "waterway": "ditch", "_id": 1267611275}, "geometry": {"type": "LineString", "coordinates": [[-79.3860974, 43.8098073], [-79.3860141, 43.8098284]]}}, {"type": "Feature", "properties": {"intermittent": "yes", "layer": "-1", "tunnel": "culvert", "waterway": "ditch", "_id": 1267611277}, "geometry": {"type": "LineString", "coordinates": [[-79.3864464, 43.8097057], [-79.386363, 43.8097314]]}}, {"type": "Feature", "properties": {"intermittent": "yes", "layer": "-1", "tunnel": "culvert", "waterway": "ditch", "_id": 1267611279}, "geometry": {"type": "LineString", "coordinates": [[-79.3870059, 43.8095911], [-79.3869484, 43.8095444]]}}, {"type": "Feature", "properties": {"intermittent": "yes", "layer": "-1", "tunnel": "culvert", "waterway": "ditch", "_id": 1267611281}, "geometry": {"type": "LineString", "coordinates": [[-79.3871176, 43.8098453], [-79.387065, 43.8097939]]}}, {"type": "Feature", "properties": {"intermittent": "yes", "layer": "-1", "tunnel": "culvert", "waterway": "ditch", "_id": 1267611283}, "geometry": {"type": "LineString", "coordinates": [[-79.387231, 43.8099552], [-79.3871848, 43.8099078]]}}, {"type": "Feature", "properties": {"intermittent": "yes", "layer": "-1", "tunnel": "culvert", "waterway": "ditch", "_id": 1267611285}, "geometry": {"type": "LineString", "coordinates": [[-79.3874358, 43.8101515], [-79.3873727, 43.810093]]}}, {"type": "Feature", "properties": {"intermittent": "yes", "layer": "-1", "tunnel": "culvert", "waterway": "ditch", "_id": 1267611287}, "geometry": {"type": "LineString", "coordinates": [[-79.3877662, 43.8104723], [-79.3876925, 43.8103998]]}}, {"type": "Feature", "properties": {"intermittent": "yes", "layer": "-1", "tunnel": "culvert", "waterway": "ditch", "_id": 1267611289}, "geometry": {"type": "LineString", "coordinates": [[-79.3880059, 43.8107071], [-79.3879524, 43.8106528]]}}, {"type": "Feature", "properties": {"intermittent": "yes", "layer": "-1", "tunnel": "culvert", "waterway": "ditch", "_id": 1267611291}, "geometry": {"type": "LineString", "coordinates": [[-79.3881775, 43.8108666], [-79.3881249, 43.8108199]]}}, {"type": "Feature", "properties": {"intermittent": "yes", "layer": "-1", "tunnel": "culvert", "waterway": "ditch", "_id": 1267611293}, "geometry": {"type": "LineString", "coordinates": [[-79.3889605, 43.8109075], [-79.3888698, 43.8109251]]}}, {"type": "Feature", "properties": {"intermittent": "yes", "layer": "-1", "tunnel": "culvert", "waterway": "ditch", "_id": 1267611295}, "geometry": {"type": "LineString", "coordinates": [[-79.3890844, 43.8108818], [-79.3890301, 43.8108935]]}}, {"type": "Feature", "properties": {"intermittent": "yes", "layer": "-1", "tunnel": "culvert", "waterway": "ditch", "_id": 1267611297}, "geometry": {"type": "LineString", "coordinates": [[-79.3893167, 43.8108275], [-79.3892244, 43.8108491]]}}, {"type": "Feature", "properties": {"intermittent": "yes", "layer": "-1", "tunnel": "culvert", "waterway": "ditch", "_id": 1267611299}, "geometry": {"type": "LineString", "coordinates": [[-79.3888981, 43.8100831], [-79.3889516, 43.8101339]]}}, {"type": "Feature", "properties": {"intermittent": "yes", "layer": "-1", "tunnel": "culvert", "waterway": "ditch", "_id": 1267611301}, "geometry": {"type": "LineString", "coordinates": [[-79.3887896, 43.8099814], [-79.3888423, 43.8100305]]}}, {"type": "Feature", "properties": {"intermittent": "yes", "layer": "-1", "tunnel": "culvert", "waterway": "ditch", "_id": 1267611303}, "geometry": {"type": "LineString", "coordinates": [[-79.388537, 43.809736], [-79.3885872, 43.8097828]]}}, {"type": "Feature", "properties": {"intermittent": "yes", "layer": "-1", "tunnel": "culvert", "waterway": "ditch", "_id": 1267611305}, "geometry": {"type": "LineString", "coordinates": [[-79.3883354, 43.8095421], [-79.3883751, 43.8095789]]}}, {"type": "Feature", "properties": {"intermittent": "yes", "layer": "-1", "tunnel": "culvert", "waterway": "ditch", "_id": 1267611307}, "geometry": {"type": "LineString", "coordinates": [[-79.3882115, 43.8094199], [-79.3882585, 43.8094684]]}}, {"type": "Feature", "properties": {"intermittent": "yes", "layer": "-1", "tunnel": "culvert", "waterway": "ditch", "_id": 1267611309}, "geometry": {"type": "LineString", "coordinates": [[-79.3881265, 43.8093434], [-79.3881662, 43.8093808]]}}, {"type": "Feature", "properties": {"intermittent": "yes", "layer": "-1", "tunnel": "culvert", "waterway": "ditch", "_id": 1267611311}, "geometry": {"type": "LineString", "coordinates": [[-79.3879605, 43.8091786], [-79.388035, 43.8092511]]}}, {"type": "Feature", "properties": {"intermittent": "yes", "layer": "-1", "tunnel": "culvert", "waterway": "ditch", "_id": 1267611313}, "geometry": {"type": "LineString", "coordinates": [[-79.3878204, 43.8090623], [-79.3878796, 43.8091015]]}}, {"type": "Feature", "properties": {"intermittent": "yes", "layer": "-1", "tunnel": "culvert", "waterway": "ditch", "_id": 1267611315}, "geometry": {"type": "LineString", "coordinates": [[-79.3876034, 43.8088561], [-79.3876464, 43.8088929]]}}, {"type": "Feature", "properties": {"intermittent": "yes", "layer": "-1", "tunnel": "culvert", "waterway": "ditch", "_id": 1267611317}, "geometry": {"type": "LineString", "coordinates": [[-79.3874609, 43.8087246], [-79.3875095, 43.8087719]]}}, {"type": "Feature", "properties": {"intermittent": "yes", "layer": "-1", "tunnel": "culvert", "waterway": "ditch", "_id": 1267611319}, "geometry": {"type": "LineString", "coordinates": [[-79.3869654, 43.8085668], [-79.3870148, 43.8085201]]}}, {"type": "Feature", "properties": {"intermittent": "yes", "layer": "-1", "tunnel": "culvert", "waterway": "ditch", "_id": 1267611321}, "geometry": {"type": "LineString", "coordinates": [[-79.3864707, 43.8088269], [-79.3865501, 43.808807]]}}, {"type": "Feature", "properties": {"intermittent": "yes", "layer": "-1", "tunnel": "culvert", "waterway": "ditch", "_id": 1267611323}, "geometry": {"type": "LineString", "coordinates": [[-79.3862837, 43.808873], [-79.3863598, 43.8088549]]}}, {"type": "Feature", "properties": {"intermittent": "yes", "layer": "-1", "tunnel": "culvert", "waterway": "ditch", "_id": 1267611326}, "geometry": {"type": "LineString", "coordinates": [[-79.3877568, 43.8085321], [-79.3877232, 43.8085489]]}}, {"type": "Feature", "properties": {"intermittent": "yes", "layer": "-1", "tunnel": "culvert", "waterway": "ditch", "_id": 1267611328}, "geometry": {"type": "LineString", "coordinates": [[-79.3877583, 43.8081738], [-79.3877989, 43.8083285]]}}, {"type": "Feature", "properties": {"intermittent": "yes", "layer": "-1", "tunnel": "culvert", "waterway": "ditch", "_id": 1267611330}, "geometry": {"type": "LineString", "coordinates": [[-79.3876805, 43.8078415], [-79.3876983, 43.8079171]]}}, {"type": "Feature", "properties": {"intermittent": "yes", "layer": "-1", "tunnel": "culvert", "waterway": "ditch", "_id": 1267611332}, "geometry": {"type": "LineString", "coordinates": [[-79.3876206, 43.8075976], [-79.3876358, 43.8076651]]}}, {"type": "Feature", "properties": {"intermittent": "yes", "layer": "-1", "tunnel": "culvert", "waterway": "ditch", "_id": 1267611334}, "geometry": {"type": "LineString", "coordinates": [[-79.3875885, 43.8074509], [-79.3876079, 43.8075243]]}}, {"type": "Feature", "properties": {"intermittent": "yes", "layer": "-1", "tunnel": "culvert", "waterway": "ditch", "_id": 1267611336}, "geometry": {"type": "LineString", "coordinates": [[-79.3875474, 43.807272], [-79.3875596, 43.8073299]]}}, {"type": "Feature", "properties": {"intermittent": "yes", "layer": "-1", "tunnel": "culvert", "waterway": "ditch", "_id": 1267611338}, "geometry": {"type": "LineString", "coordinates": [[-79.3875286, 43.8071843], [-79.3875418, 43.8072445]]}}, {"type": "Feature", "properties": {"intermittent": "yes", "layer": "-1", "tunnel": "culvert", "waterway": "ditch", "_id": 1267611340}, "geometry": {"type": "LineString", "coordinates": [[-79.3874803, 43.8070068], [-79.3875052, 43.8070879]]}}, {"type": "Feature", "properties": {"intermittent": "yes", "layer": "-1", "tunnel": "culvert", "waterway": "ditch", "_id": 1267611342}, "geometry": {"type": "LineString", "coordinates": [[-79.387459, 43.8068865], [-79.3874671, 43.8069474]]}}, {"type": "Feature", "properties": {"intermittent": "yes", "layer": "-1", "tunnel": "culvert", "waterway": "ditch", "_id": 1267611344}, "geometry": {"type": "LineString", "coordinates": [[-79.3864472, 43.8068832], [-79.3865981, 43.8068469]]}}, {"type": "Feature", "properties": {"intermittent": "yes", "layer": "-1", "tunnel": "culvert", "waterway": "ditch", "_id": 1267611346}, "geometry": {"type": "LineString", "coordinates": [[-79.3874051, 43.8085277], [-79.3873426, 43.8084976]]}}, {"type": "Feature", "properties": {"intermittent": "yes", "layer": "-1", "tunnel": "culvert", "waterway": "ditch", "_id": 1267611348}, "geometry": {"type": "LineString", "coordinates": [[-79.3871124, 43.8083824], [-79.3870748, 43.8083634]]}}, {"type": "Feature", "properties": {"intermittent": "yes", "layer": "-1", "tunnel": "culvert", "waterway": "ditch", "_id": 1267611350}, "geometry": {"type": "LineString", "coordinates": [[-79.3869645, 43.8083098], [-79.3868862, 43.8082702]]}}, {"type": "Feature", "properties": {"intermittent": "yes", "layer": "-1", "tunnel": "culvert", "waterway": "ditch", "_id": 1267611352}, "geometry": {"type": "LineString", "coordinates": [[-79.386592, 43.8080296], [-79.3865478, 43.8079768]]}}, {"type": "Feature", "properties": {"intermittent": "yes", "layer": "-1", "tunnel": "culvert", "waterway": "ditch", "_id": 1267611354}, "geometry": {"type": "LineString", "coordinates": [[-79.3864619, 43.8078367], [-79.3864416, 43.8077865]]}}, {"type": "Feature", "properties": {"intermittent": "yes", "layer": "-1", "tunnel": "culvert", "waterway": "ditch", "_id": 1267611356}, "geometry": {"type": "LineString", "coordinates": [[-79.3864202, 43.8077164], [-79.3864045, 43.8076567]]}}, {"type": "Feature", "properties": {"intermittent": "yes", "layer": "-1", "tunnel": "culvert", "waterway": "ditch", "_id": 1267611358}, "geometry": {"type": "LineString", "coordinates": [[-79.3863821, 43.8075654], [-79.386372, 43.8075221]]}}, {"type": "Feature", "properties": {"intermittent": "yes", "layer": "-1", "tunnel": "culvert", "waterway": "ditch", "_id": 1267611360}, "geometry": {"type": "LineString", "coordinates": [[-79.3863562, 43.8074564], [-79.3863379, 43.8073845]]}}, {"type": "Feature", "properties": {"intermittent": "yes", "layer": "-1", "tunnel": "culvert", "waterway": "ditch", "_id": 1267611362}, "geometry": {"type": "LineString", "coordinates": [[-79.3863145, 43.8072929], [-79.3862993, 43.8072327]]}}, {"type": "Feature", "properties": {"intermittent": "yes", "layer": "-1", "tunnel": "culvert", "waterway": "ditch", "_id": 1267611364}, "geometry": {"type": "LineString", "coordinates": [[-79.3862388, 43.8069573], [-79.3862759, 43.8069239]]}}, {"type": "Feature", "properties": {"intermittent": "yes", "layer": "-1", "tunnel": "culvert", "waterway": "ditch", "_id": 1267611366}, "geometry": {"type": "LineString", "coordinates": [[-79.3900487, 43.8095239], [-79.3900952, 43.8095664]]}}, {"type": "Feature", "properties": {"intermittent": "yes", "layer": "-1", "tunnel": "culvert", "waterway": "ditch", "_id": 1267611368}, "geometry": {"type": "LineString", "coordinates": [[-79.3899357, 43.8094163], [-79.3899773, 43.8094553]]}}, {"type": "Feature", "properties": {"intermittent": "yes", "layer": "-1", "tunnel": "culvert", "waterway": "ditch", "_id": 1267611370}, "geometry": {"type": "LineString", "coordinates": [[-79.3897679, 43.8092512], [-79.3898373, 43.8093192]]}}, {"type": "Feature", "properties": {"intermittent": "yes", "layer": "-1", "tunnel": "culvert", "waterway": "ditch", "_id": 1267611372}, "geometry": {"type": "LineString", "coordinates": [[-79.3895184, 43.8090111], [-79.3895815, 43.8090676]]}}, {"type": "Feature", "properties": {"intermittent": "yes", "layer": "-1", "tunnel": "culvert", "waterway": "ditch", "_id": 1267611374}, "geometry": {"type": "LineString", "coordinates": [[-79.3893777, 43.8088685], [-79.3894373, 43.808935]]}}, {"type": "Feature", "properties": {"intermittent": "yes", "layer": "-1", "tunnel": "culvert", "waterway": "ditch", "_id": 1267611375}, "geometry": {"type": "LineString", "coordinates": [[-79.3892529, 43.8087474], [-79.3893229, 43.808811]]}}, {"type": "Feature", "properties": {"intermittent": "yes", "layer": "-1", "tunnel": "culvert", "waterway": "ditch", "_id": 1267611378}, "geometry": {"type": "LineString", "coordinates": [[-79.3891447, 43.8086099], [-79.3891926, 43.8086819]]}}, {"type": "Feature", "properties": {"intermittent": "yes", "layer": "-1", "tunnel": "culvert", "waterway": "ditch", "_id": 1267611380}, "geometry": {"type": "LineString", "coordinates": [[-79.3890712, 43.8084478], [-79.3890983, 43.8085228]]}}, {"type": "Feature", "properties": {"intermittent": "yes", "layer": "-1", "tunnel": "culvert", "waterway": "ditch", "_id": 1267611382}, "geometry": {"type": "LineString", "coordinates": [[-79.3890428, 43.8083207], [-79.3890629, 43.8084097]]}}, {"type": "Feature", "properties": {"intermittent": "yes", "layer": "-1", "tunnel": "culvert", "waterway": "ditch", "_id": 1267611384}, "geometry": {"type": "LineString", "coordinates": [[-79.388968, 43.8079985], [-79.3889881, 43.8080771]]}}, {"type": "Feature", "properties": {"intermittent": "yes", "layer": "-1", "tunnel": "culvert", "waterway": "ditch", "_id": 1267611386}, "geometry": {"type": "LineString", "coordinates": [[-79.3888782, 43.8076517], [-79.3889049, 43.8077394]]}}, {"type": "Feature", "properties": {"intermittent": "yes", "layer": "-1", "tunnel": "culvert", "waterway": "ditch", "_id": 1267611388}, "geometry": {"type": "LineString", "coordinates": [[-79.388839, 43.8074937], [-79.3888473, 43.8075523]]}}, {"type": "Feature", "properties": {"intermittent": "yes", "layer": "-1", "tunnel": "culvert", "waterway": "ditch", "_id": 1267611390}, "geometry": {"type": "LineString", "coordinates": [[-79.3888175, 43.8073987], [-79.3888328, 43.8074667]]}}, {"type": "Feature", "properties": {"intermittent": "yes", "layer": "-1", "tunnel": "culvert", "waterway": "ditch", "_id": 1267611392}, "geometry": {"type": "LineString", "coordinates": [[-79.3887697, 43.8071765], [-79.3887829, 43.8072601]]}}, {"type": "Feature", "properties": {"intermittent": "yes", "layer": "-1", "tunnel": "culvert", "waterway": "ditch", "_id": 1267611394}, "geometry": {"type": "LineString", "coordinates": [[-79.3887191, 43.8069984], [-79.3887524, 43.8070935]]}}, {"type": "Feature", "properties": {"intermittent": "yes", "layer": "-1", "tunnel": "culvert", "waterway": "ditch", "_id": 1267611396}, "geometry": {"type": "LineString", "coordinates": [[-79.3885513, 43.8066928], [-79.3885832, 43.8067438]]}}, {"type": "Feature", "properties": {"intermittent": "yes", "layer": "-1", "tunnel": "culvert", "waterway": "ditch", "_id": 1267611398}, "geometry": {"type": "LineString", "coordinates": [[-79.3884889, 43.8064441], [-79.3885014, 43.8065101]]}}, {"type": "Feature", "properties": {"intermittent": "yes", "layer": "-1", "tunnel": "culvert", "waterway": "ditch", "_id": 1267611400}, "geometry": {"type": "LineString", "coordinates": [[-79.3884584, 43.8062905], [-79.3884744, 43.8063726]]}}, {"type": "Feature", "properties": {"intermittent": "yes", "layer": "-1", "tunnel": "culvert", "waterway": "ditch", "_id": 1267611402}, "geometry": {"type": "LineString", "coordinates": [[-79.3883953, 43.8060319], [-79.3884113, 43.8060954]]}}, {"type": "Feature", "properties": {"intermittent": "yes", "layer": "-1", "tunnel": "culvert", "waterway": "ditch", "_id": 1267611403}, "geometry": {"type": "LineString", "coordinates": [[-79.3901728, 43.8096434], [-79.3902823, 43.809753]]}}, {"type": "Feature", "properties": {"intermittent": "yes", "layer": "-1", "tunnel": "culvert", "waterway": "ditch", "_id": 1267611406}, "geometry": {"type": "LineString", "coordinates": [[-79.3904432, 43.8098981], [-79.3905291, 43.8099796]]}}, {"type": "Feature", "properties": {"intermittent": "yes", "layer": "-1", "tunnel": "culvert", "waterway": "ditch", "_id": 1267611408}, "geometry": {"type": "LineString", "coordinates": [[-79.3907773, 43.8102268], [-79.3908757, 43.8103273]]}}, {"type": "Feature", "properties": {"intermittent": "yes", "layer": "-1", "tunnel": "culvert", "waterway": "ditch", "_id": 1267611410}, "geometry": {"type": "LineString", "coordinates": [[-79.3904293, 43.8105794], [-79.3903073, 43.8106054]]}}, {"type": "Feature", "properties": {"intermittent": "yes", "layer": "-1", "tunnel": "culvert", "waterway": "ditch", "_id": 1267611412}, "geometry": {"type": "LineString", "coordinates": [[-79.3901742, 43.8106369], [-79.3900938, 43.810655]]}}, {"type": "Feature", "properties": {"intermittent": "yes", "layer": "-1", "tunnel": "culvert", "waterway": "ditch", "_id": 1267611414}, "geometry": {"type": "LineString", "coordinates": [[-79.390003, 43.810675], [-79.3899205, 43.810694]]}}, {"type": "Feature", "properties": {"intermittent": "yes", "layer": "-1", "tunnel": "culvert", "waterway": "ditch", "_id": 1267611416}, "geometry": {"type": "LineString", "coordinates": [[-79.3897472, 43.8107315], [-79.3896633, 43.8107495]]}}, {"type": "Feature", "properties": {"intermittent": "yes", "layer": "-1", "tunnel": "culvert", "waterway": "ditch", "_id": 1267611418}, "geometry": {"type": "LineString", "coordinates": [[-79.389614, 43.8107585], [-79.3895903, 43.810752], [-79.3895634, 43.8107395]]}}, {"type": "Feature", "properties": {"intermittent": "yes", "layer": "-1", "tunnel": "culvert", "waterway": "ditch", "_id": 1268818169}, "geometry": {"type": "LineString", "coordinates": [[-79.3922297, 43.8090099], [-79.3921516, 43.8090198]]}}, {"type": "Feature", "properties": {"intermittent": "yes", "layer": "-1", "tunnel": "culvert", "waterway": "ditch", "_id": 1268818171}, "geometry": {"type": "LineString", "coordinates": [[-79.3916905, 43.8090718], [-79.3916223, 43.8090696]]}}, {"type": "Feature", "properties": {"intermittent": "yes", "layer": "-1", "tunnel": "culvert", "waterway": "ditch", "_id": 1268818173}, "geometry": {"type": "LineString", "coordinates": [[-79.3914009, 43.8090519], [-79.3913274, 43.8090314]]}}, {"type": "Feature", "properties": {"intermittent": "yes", "layer": "-1", "tunnel": "culvert", "waterway": "ditch", "_id": 1268818175}, "geometry": {"type": "LineString", "coordinates": [[-79.3910486, 43.8087014], [-79.3910256, 43.8086168]]}}, {"type": "Feature", "properties": {"intermittent": "yes", "layer": "-1", "tunnel": "culvert", "waterway": "ditch", "_id": 1268818177}, "geometry": {"type": "LineString", "coordinates": [[-79.3910126, 43.8085632], [-79.3910057, 43.808498]]}}, {"type": "Feature", "properties": {"intermittent": "yes", "layer": "-1", "tunnel": "culvert", "waterway": "ditch", "_id": 1268818179}, "geometry": {"type": "LineString", "coordinates": [[-79.3909858, 43.8083852], [-79.3909658, 43.8083167]]}}, {"type": "Feature", "properties": {"intermittent": "yes", "layer": "-1", "tunnel": "culvert", "waterway": "ditch", "_id": 1268818181}, "geometry": {"type": "LineString", "coordinates": [[-79.3909367, 43.8082188], [-79.390914, 43.8081412]]}}, {"type": "Feature", "properties": {"intermittent": "yes", "layer": "-1", "tunnel": "culvert", "waterway": "ditch", "_id": 1268818183}, "geometry": {"type": "LineString", "coordinates": [[-79.3909038, 43.8080248], [-79.3908846, 43.8079408]]}}, {"type": "Feature", "properties": {"intermittent": "yes", "layer": "-1", "tunnel": "culvert", "waterway": "ditch", "_id": 1268818185}, "geometry": {"type": "LineString", "coordinates": [[-79.3909053, 43.8077583], [-79.390916, 43.807697]]}}, {"type": "Feature", "properties": {"intermittent": "yes", "layer": "-1", "tunnel": "culvert", "waterway": "ditch", "_id": 1268818187}, "geometry": {"type": "LineString", "coordinates": [[-79.3908931, 43.8076317], [-79.390844, 43.8075892]]}}, {"type": "Feature", "properties": {"intermittent": "yes", "layer": "-1", "tunnel": "culvert", "waterway": "ditch", "_id": 1268818189}, "geometry": {"type": "LineString", "coordinates": [[-79.3907774, 43.8075709], [-79.3906977, 43.8075715]]}}, {"type": "Feature", "properties": {"intermittent": "yes", "layer": "-1", "tunnel": "culvert", "waterway": "ditch", "_id": 1268818191}, "geometry": {"type": "LineString", "coordinates": [[-79.3898281, 43.8078346], [-79.3897247, 43.8078512]]}}, {"type": "Feature", "properties": {"intermittent": "yes", "layer": "-1", "tunnel": "culvert", "waterway": "ditch", "_id": 1268818193}, "geometry": {"type": "LineString", "coordinates": [[-79.389596, 43.8078833], [-79.389501, 43.8079076]]}}, {"type": "Feature", "properties": {"intermittent": "yes", "layer": "-1", "tunnel": "culvert", "waterway": "ditch", "_id": 1268818195}, "geometry": {"type": "LineString", "coordinates": [[-79.3892774, 43.8079551], [-79.3891839, 43.807969]]}}, {"type": "Feature", "properties": {"intermittent": "yes", "layer": "-1", "tunnel": "culvert", "waterway": "ditch", "_id": 1268818197}, "geometry": {"type": "LineString", "coordinates": [[-79.3891004, 43.807854], [-79.3890705, 43.8077279]]}}, {"type": "Feature", "properties": {"intermittent": "yes", "layer": "-1", "tunnel": "culvert", "waterway": "ditch", "_id": 1268818199}, "geometry": {"type": "LineString", "coordinates": [[-79.388981, 43.8073678], [-79.3889487, 43.8072381]]}}, {"type": "Feature", "properties": {"intermittent": "yes", "layer": "-1", "tunnel": "culvert", "waterway": "ditch", "_id": 1268818201}, "geometry": {"type": "LineString", "coordinates": [[-79.3890292, 43.80708], [-79.3891104, 43.807064]]}}, {"type": "Feature", "properties": {"intermittent": "yes", "layer": "-1", "tunnel": "culvert", "waterway": "ditch", "_id": 1268818203}, "geometry": {"type": "LineString", "coordinates": [[-79.3892605, 43.8070325], [-79.389344, 43.8070148]]}}, {"type": "Feature", "properties": {"intermittent": "yes", "layer": "-1", "tunnel": "culvert", "waterway": "ditch", "_id": 1268818205}, "geometry": {"type": "LineString", "coordinates": [[-79.3894535, 43.8069916], [-79.3895478, 43.80697]]}}, {"type": "Feature", "properties": {"intermittent": "yes", "layer": "-1", "tunnel": "culvert", "waterway": "ditch", "_id": 1268818207}, "geometry": {"type": "LineString", "coordinates": [[-79.3897454, 43.8069231], [-79.3898373, 43.8069065]]}}, {"type": "Feature", "properties": {"intermittent": "yes", "layer": "-1", "tunnel": "culvert", "waterway": "ditch", "_id": 1268818209}, "geometry": {"type": "LineString", "coordinates": [[-79.3899062, 43.8068899], [-79.3899882, 43.8068705]]}}, {"type": "Feature", "properties": {"intermittent": "yes", "layer": "-1", "tunnel": "culvert", "waterway": "ditch", "_id": 1268818211}, "geometry": {"type": "LineString", "coordinates": [[-79.3901766, 43.8068258], [-79.3902532, 43.8068103]]}}, {"type": "Feature", "properties": {"intermittent": "yes", "layer": "-1", "tunnel": "culvert", "waterway": "ditch", "_id": 1268818213}, "geometry": {"type": "LineString", "coordinates": [[-79.3903245, 43.8068025], [-79.3904141, 43.8068119]]}}, {"type": "Feature", "properties": {"intermittent": "yes", "layer": "-1", "tunnel": "culvert", "waterway": "ditch", "_id": 1268818215}, "geometry": {"type": "LineString", "coordinates": [[-79.3906309, 43.8067815], [-79.3906684, 43.8067296]]}}, {"type": "Feature", "properties": {"intermittent": "yes", "layer": "-1", "tunnel": "culvert", "waterway": "ditch", "_id": 1268818217}, "geometry": {"type": "LineString", "coordinates": [[-79.3906745, 43.8066627], [-79.3906347, 43.8066118]]}}, {"type": "Feature", "properties": {"intermittent": "yes", "layer": "-1", "tunnel": "culvert", "waterway": "ditch", "_id": 1268818219}, "geometry": {"type": "LineString", "coordinates": [[-79.3905359, 43.8065759], [-79.3904493, 43.8065853]]}}, {"type": "Feature", "properties": {"intermittent": "yes", "layer": "-1", "tunnel": "culvert", "waterway": "ditch", "_id": 1268818221}, "geometry": {"type": "LineString", "coordinates": [[-79.3903697, 43.8066173], [-79.3903084, 43.8066605]]}}, {"type": "Feature", "properties": {"intermittent": "yes", "layer": "-1", "tunnel": "culvert", "waterway": "ditch", "_id": 1268818223}, "geometry": {"type": "LineString", "coordinates": [[-79.3902652, 43.8066884], [-79.3902324, 43.8066964], [-79.390182, 43.8067086]]}}, {"type": "Feature", "properties": {"intermittent": "yes", "layer": "-1", "tunnel": "culvert", "waterway": "ditch", "_id": 1268818225}, "geometry": {"type": "LineString", "coordinates": [[-79.389979, 43.80675], [-79.3898993, 43.8067697]]}}, {"type": "Feature", "properties": {"intermittent": "yes", "layer": "-1", "tunnel": "culvert", "waterway": "ditch", "_id": 1268818227}, "geometry": {"type": "LineString", "coordinates": [[-79.3897837, 43.8067948], [-79.3897186, 43.8068081]]}}, {"type": "Feature", "properties": {"intermittent": "yes", "layer": "-1", "tunnel": "culvert", "waterway": "ditch", "_id": 1268818228}, "geometry": {"type": "LineString", "coordinates": [[-79.3895608, 43.8068434], [-79.3894329, 43.8068744]]}}, {"type": "Feature", "properties": {"intermittent": "yes", "layer": "-1", "tunnel": "culvert", "waterway": "ditch", "_id": 1268818230}, "geometry": {"type": "LineString", "coordinates": [[-79.3893601, 43.8068915], [-79.3892904, 43.8069048]]}}, {"type": "Feature", "properties": {"intermittent": "yes", "layer": "-1", "tunnel": "culvert", "waterway": "ditch", "_id": 1268818232}, "geometry": {"type": "LineString", "coordinates": [[-79.3890843, 43.8069479], [-79.3890085, 43.8069623]]}}, {"type": "Feature", "properties": {"intermittent": "yes", "layer": "-1", "tunnel": "culvert", "waterway": "ditch", "_id": 1268818234}, "geometry": {"type": "LineString", "coordinates": [[-79.3886485, 43.8064029], [-79.3886194, 43.8062917]]}}, {"type": "Feature", "properties": {"intermittent": "yes", "layer": "-1", "tunnel": "culvert", "waterway": "ditch", "_id": 1268818236}, "geometry": {"type": "LineString", "coordinates": [[-79.3886668, 43.8061121], [-79.3887641, 43.8060883]]}}, {"type": "Feature", "properties": {"intermittent": "yes", "layer": "-1", "tunnel": "culvert", "waterway": "ditch", "_id": 1268818238}, "geometry": {"type": "LineString", "coordinates": [[-79.3889725, 43.806043], [-79.3890782, 43.8060225]]}}, {"type": "Feature", "properties": {"intermittent": "yes", "layer": "-1", "tunnel": "culvert", "waterway": "ditch", "_id": 1268818240}, "geometry": {"type": "LineString", "coordinates": [[-79.3890866, 43.8060209], [-79.3892164, 43.8059925]]}}, {"type": "Feature", "properties": {"intermittent": "yes", "layer": "-1", "tunnel": "culvert", "waterway": "ditch", "_id": 1268818242}, "geometry": {"type": "LineString", "coordinates": [[-79.3894966, 43.8059358], [-79.389572, 43.8059194]]}}, {"type": "Feature", "properties": {"intermittent": "yes", "layer": "-1", "tunnel": "culvert", "waterway": "ditch", "_id": 1268818244}, "geometry": {"type": "LineString", "coordinates": [[-79.3899872, 43.8058256], [-79.3900794, 43.8058047]]}}, {"type": "Feature", "properties": {"intermittent": "yes", "layer": "-1", "tunnel": "culvert", "waterway": "ditch", "_id": 1268818246}, "geometry": {"type": "LineString", "coordinates": [[-79.3903444, 43.805745], [-79.3904172, 43.8057301]]}}, {"type": "Feature", "properties": {"intermittent": "yes", "layer": "-1", "tunnel": "culvert", "waterway": "ditch", "_id": 1268818248}, "geometry": {"type": "LineString", "coordinates": [[-79.3906661, 43.8056731], [-79.3907297, 43.8056608], [-79.3907458, 43.8056577]]}}, {"type": "Feature", "properties": {"intermittent": "yes", "layer": "-1", "tunnel": "culvert", "waterway": "ditch", "_id": 1268818250}, "geometry": {"type": "LineString", "coordinates": [[-79.3911893, 43.8055548], [-79.3913134, 43.8055322]]}}, {"type": "Feature", "properties": {"intermittent": "yes", "layer": "-1", "tunnel": "culvert", "waterway": "ditch", "_id": 1268818252}, "geometry": {"type": "LineString", "coordinates": [[-79.3915374, 43.8056087], [-79.3915811, 43.8056836]]}}, {"type": "Feature", "properties": {"intermittent": "yes", "layer": "-1", "tunnel": "culvert", "waterway": "ditch", "_id": 1268818254}, "geometry": {"type": "LineString", "coordinates": [[-79.3916504, 43.8058898], [-79.3916737, 43.8059729]]}}, {"type": "Feature", "properties": {"intermittent": "yes", "layer": "-1", "tunnel": "culvert", "waterway": "ditch", "_id": 1268818256}, "geometry": {"type": "LineString", "coordinates": [[-79.3917219, 43.8061422], [-79.3917367, 43.8062036]]}}, {"type": "Feature", "properties": {"intermittent": "yes", "layer": "-1", "tunnel": "culvert", "waterway": "ditch", "_id": 1268818258}, "geometry": {"type": "LineString", "coordinates": [[-79.391756, 43.8062708], [-79.391773, 43.8063319]]}}, {"type": "Feature", "properties": {"intermittent": "yes", "layer": "-1", "tunnel": "culvert", "waterway": "ditch", "_id": 1268818260}, "geometry": {"type": "LineString", "coordinates": [[-79.3918179, 43.8065364], [-79.3918224, 43.8065884]]}}, {"type": "Feature", "properties": {"intermittent": "yes", "layer": "-1", "tunnel": "culvert", "waterway": "ditch", "_id": 1268818262}, "geometry": {"type": "LineString", "coordinates": [[-79.3918281, 43.8066126], [-79.3918417, 43.8066765]]}}, {"type": "Feature", "properties": {"intermittent": "yes", "layer": "-1", "tunnel": "culvert", "waterway": "ditch", "_id": 1268818264}, "geometry": {"type": "LineString", "coordinates": [[-79.3918718, 43.8068162], [-79.3918832, 43.8068691]]}}, {"type": "Feature", "properties": {"intermittent": "yes", "layer": "-1", "tunnel": "culvert", "waterway": "ditch", "_id": 1268818266}, "geometry": {"type": "LineString", "coordinates": [[-79.3919082, 43.8069764], [-79.3919218, 43.8070371]]}}, {"type": "Feature", "properties": {"intermittent": "yes", "layer": "-1", "tunnel": "culvert", "waterway": "ditch", "_id": 1268818268}, "geometry": {"type": "LineString", "coordinates": [[-79.3919547, 43.807176], [-79.3919666, 43.8072309]]}}, {"type": "Feature", "properties": {"intermittent": "yes", "layer": "-1", "tunnel": "culvert", "waterway": "ditch", "_id": 1268818270}, "geometry": {"type": "LineString", "coordinates": [[-79.3920047, 43.8073825], [-79.3920138, 43.8074481]]}}, {"type": "Feature", "properties": {"intermittent": "yes", "layer": "-1", "tunnel": "culvert", "waterway": "ditch", "_id": 1268818272}, "geometry": {"type": "LineString", "coordinates": [[-79.3920535, 43.8076177], [-79.3920694, 43.8076743]]}}, {"type": "Feature", "properties": {"intermittent": "yes", "layer": "-1", "tunnel": "culvert", "waterway": "ditch", "_id": 1268818274}, "geometry": {"type": "LineString", "coordinates": [[-79.3920972, 43.8077845], [-79.3921109, 43.8078451]]}}, {"type": "Feature", "properties": {"intermittent": "yes", "layer": "-1", "tunnel": "culvert", "waterway": "ditch", "_id": 1268818276}, "geometry": {"type": "LineString", "coordinates": [[-79.392125, 43.8079312], [-79.392137, 43.8079902]]}}, {"type": "Feature", "properties": {"intermittent": "yes", "layer": "-1", "tunnel": "culvert", "waterway": "ditch", "_id": 1268818278}, "geometry": {"type": "LineString", "coordinates": [[-79.3921682, 43.8081229], [-79.3921813, 43.8081852]]}}, {"type": "Feature", "properties": {"intermittent": "yes", "layer": "-1", "tunnel": "culvert", "waterway": "ditch", "_id": 1268818280}, "geometry": {"type": "LineString", "coordinates": [[-79.3922006, 43.808275], [-79.3922108, 43.8083274]]}}, {"type": "Feature", "properties": {"intermittent": "yes", "layer": "-1", "tunnel": "culvert", "waterway": "ditch", "_id": 1268818282}, "geometry": {"type": "LineString", "coordinates": [[-79.3922369, 43.8084393], [-79.3922528, 43.8085024]]}}, {"type": "Feature", "properties": {"intermittent": "yes", "layer": "-1", "tunnel": "culvert", "waterway": "ditch", "_id": 1270470512}, "geometry": {"type": "LineString", "coordinates": [[-79.3889927, 43.8080976], [-79.388999, 43.8081259]]}}, {"type": "Feature", "properties": {"intermittent": "yes", "layer": "-1", "tunnel": "culvert", "waterway": "ditch", "_id": 1270542311}, "geometry": {"type": "LineString", "coordinates": [[-79.3888003, 43.8067824], [-79.3887946, 43.8067709], [-79.388789, 43.8067599], [-79.3887836, 43.806749]]}}, {"type": "Feature", "properties": {"intermittent": "yes", "layer": "-1", "tunnel": "culvert", "waterway": "ditch", "_id": 1270542313}, "geometry": {"type": "LineString", "coordinates": [[-79.3905281, 43.8106799], [-79.390542, 43.8106769], [-79.3905545, 43.8106742], [-79.3905631, 43.8106723]]}}, {"type": "Feature", "properties": {"intermittent": "yes", "layer": "-1", "tunnel": "culvert", "waterway": "ditch", "_id": 1270542316}, "geometry": {"type": "LineString", "coordinates": [[-79.3904756, 43.8097449], [-79.3905721, 43.8098347]]}}, {"type": "Feature", "properties": {"intermittent": "yes", "layer": "-1", "tunnel": "culvert", "waterway": "ditch", "_id": 1270542318}, "geometry": {"type": "LineString", "coordinates": [[-79.3906309, 43.8098943], [-79.3907095, 43.8099676]]}}, {"type": "Feature", "properties": {"intermittent": "yes", "layer": "-1", "tunnel": "culvert", "waterway": "ditch", "_id": 1270542320}, "geometry": {"type": "LineString", "coordinates": [[-79.3908797, 43.8101242], [-79.3909524, 43.8102047]]}}, {"type": "Feature", "properties": {"intermittent": "yes", "layer": "-1", "tunnel": "culvert", "waterway": "ditch", "_id": 1270542322}, "geometry": {"type": "LineString", "coordinates": [[-79.391043, 43.810316], [-79.3911007, 43.8103893]]}}, {"type": "Feature", "properties": {"intermittent": "yes", "layer": "-1", "tunnel": "culvert", "waterway": "ditch", "_id": 1270542324}, "geometry": {"type": "LineString", "coordinates": [[-79.391484, 43.8103469], [-79.3915995, 43.8103203]]}}, {"type": "Feature", "properties": {"intermittent": "yes", "layer": "-1", "tunnel": "culvert", "waterway": "ditch", "_id": 1270542326}, "geometry": {"type": "LineString", "coordinates": [[-79.3917796, 43.8102758], [-79.3918642, 43.8102528]]}}, {"type": "Feature", "properties": {"intermittent": "yes", "layer": "-1", "tunnel": "culvert", "waterway": "ditch", "_id": 1270542328}, "geometry": {"type": "LineString", "coordinates": [[-79.3921141, 43.810117], [-79.3921878, 43.8100553]]}}, {"type": "Feature", "properties": {"intermittent": "yes", "layer": "-1", "tunnel": "culvert", "waterway": "ditch", "_id": 1270542330}, "geometry": {"type": "LineString", "coordinates": [[-79.3922535, 43.8100007], [-79.3923142, 43.8099303]]}}, {"type": "Feature", "properties": {"intermittent": "yes", "layer": "-1", "tunnel": "culvert", "waterway": "ditch", "_id": 1270542332}, "geometry": {"type": "LineString", "coordinates": [[-79.3924346, 43.809704], [-79.3924575, 43.8096465]]}}, {"type": "Feature", "properties": {"intermittent": "yes", "layer": "-1", "tunnel": "culvert", "waterway": "ditch", "_id": 1270542336}, "geometry": {"type": "LineString", "coordinates": [[-79.3922883, 43.8091164], [-79.3921898, 43.8091358]]}}, {"type": "Feature", "properties": {"intermittent": "yes", "layer": "-1", "tunnel": "culvert", "waterway": "ditch", "_id": 1270542338}, "geometry": {"type": "LineString", "coordinates": [[-79.3920066, 43.8091508], [-79.391907, 43.8091681]]}}, {"type": "Feature", "properties": {"intermittent": "yes", "layer": "-1", "tunnel": "culvert", "waterway": "ditch", "_id": 1270542340}, "geometry": {"type": "LineString", "coordinates": [[-79.3918304, 43.8091789], [-79.3917368, 43.8091868]]}}, {"type": "Feature", "properties": {"intermittent": "yes", "layer": "-1", "tunnel": "culvert", "waterway": "ditch", "_id": 1270542342}, "geometry": {"type": "LineString", "coordinates": [[-79.3915517, 43.8091918], [-79.391488, 43.8091868]]}}, {"type": "Feature", "properties": {"intermittent": "yes", "layer": "-1", "tunnel": "culvert", "waterway": "ditch", "_id": 1270542344}, "geometry": {"type": "LineString", "coordinates": [[-79.3914392, 43.809181], [-79.3913595, 43.8091645]]}}, {"type": "Feature", "properties": {"intermittent": "yes", "layer": "-1", "tunnel": "culvert", "waterway": "ditch", "_id": 1270542346}, "geometry": {"type": "LineString", "coordinates": [[-79.3912859, 43.8091415], [-79.3912381, 43.8091221]]}}, {"type": "Feature", "properties": {"intermittent": "yes", "layer": "-1", "tunnel": "culvert", "waterway": "ditch", "_id": 1270542347}, "geometry": {"type": "LineString", "coordinates": [[-79.3910639, 43.8090086], [-79.3910032, 43.808959]]}}, {"type": "Feature", "properties": {"intermittent": "yes", "layer": "-1", "tunnel": "culvert", "waterway": "ditch", "_id": 1270542349}, "geometry": {"type": "LineString", "coordinates": [[-79.3909554, 43.8089109], [-79.3909196, 43.8088304]]}}, {"type": "Feature", "properties": {"intermittent": "yes", "layer": "-1", "tunnel": "culvert", "waterway": "ditch", "_id": 1270542351}, "geometry": {"type": "LineString", "coordinates": [[-79.3908847, 43.8086552], [-79.3908618, 43.8085747]]}}, {"type": "Feature", "properties": {"intermittent": "yes", "layer": "-1", "tunnel": "culvert", "waterway": "ditch", "_id": 1270542353}, "geometry": {"type": "LineString", "coordinates": [[-79.3908419, 43.8084741], [-79.390827, 43.8084052]]}}, {"type": "Feature", "properties": {"intermittent": "yes", "layer": "-1", "tunnel": "culvert", "waterway": "ditch", "_id": 1270542355}, "geometry": {"type": "LineString", "coordinates": [[-79.3907971, 43.8082737], [-79.3907882, 43.808222]]}}, {"type": "Feature", "properties": {"intermittent": "yes", "layer": "-1", "tunnel": "culvert", "waterway": "ditch", "_id": 1270542357}, "geometry": {"type": "LineString", "coordinates": [[-79.3907464, 43.8080381], [-79.3907274, 43.807972]]}}, {"type": "Feature", "properties": {"intermittent": "yes", "layer": "-1", "tunnel": "culvert", "waterway": "ditch", "_id": 1270542359}, "geometry": {"type": "LineString", "coordinates": [[-79.3904965, 43.8078053], [-79.3904019, 43.8078247]]}}, {"type": "Feature", "properties": {"intermittent": "yes", "layer": "-1", "tunnel": "culvert", "waterway": "ditch", "_id": 1270542361}, "geometry": {"type": "LineString", "coordinates": [[-79.3902138, 43.8078671], [-79.3901342, 43.8078879]]}}, {"type": "Feature", "properties": {"intermittent": "yes", "layer": "-1", "tunnel": "culvert", "waterway": "ditch", "_id": 1270542363}, "geometry": {"type": "LineString", "coordinates": [[-79.3900227, 43.8079145], [-79.3899351, 43.8079332]]}}, {"type": "Feature", "properties": {"intermittent": "yes", "layer": "-1", "tunnel": "culvert", "waterway": "ditch", "_id": 1270542365}, "geometry": {"type": "LineString", "coordinates": [[-79.3895578, 43.8080151], [-79.3894592, 43.8080381]]}}, {"type": "Feature", "properties": {"intermittent": "yes", "layer": "-1", "tunnel": "culvert", "waterway": "ditch", "_id": 1270542367}, "geometry": {"type": "LineString", "coordinates": [[-79.3892631, 43.8085151], [-79.3893089, 43.8085934]]}}, {"type": "Feature", "properties": {"intermittent": "yes", "layer": "-1", "tunnel": "culvert", "waterway": "ditch", "_id": 1270542369}, "geometry": {"type": "LineString", "coordinates": [[-79.3894115, 43.8087148], [-79.389504, 43.808806]]}}, {"type": "Feature", "properties": {"intermittent": "yes", "layer": "-1", "tunnel": "culvert", "waterway": "ditch", "_id": 1270542371}, "geometry": {"type": "LineString", "coordinates": [[-79.3896673, 43.8089633], [-79.3897579, 43.8090495]]}}, {"type": "Feature", "properties": {"intermittent": "yes", "layer": "-1", "tunnel": "culvert", "waterway": "ditch", "_id": 1270542373}, "geometry": {"type": "LineString", "coordinates": [[-79.389959, 43.8092385], [-79.3900356, 43.8093125]]}}, {"type": "Feature", "properties": {"intermittent": "yes", "layer": "-1", "tunnel": "culvert", "waterway": "ditch", "_id": 1270542375}, "geometry": {"type": "LineString", "coordinates": [[-79.3900794, 43.8093599], [-79.390175, 43.8094504]]}}, {"type": "Feature", "properties": {"intermittent": "yes", "layer": "-1", "tunnel": "culvert", "waterway": "ditch", "_id": 1270542377}, "geometry": {"type": "LineString", "coordinates": [[-79.3902755, 43.809551], [-79.3903412, 43.8096171]]}}, {"type": "Feature", "properties": {"intermittent": "yes", "layer": "-1", "tunnel": "culvert", "waterway": "ditch", "_id": 1276730050}, "geometry": {"type": "LineString", "coordinates": [[-79.3925954, 43.809741], [-79.3926045, 43.8096847]]}}, {"type": "Feature", "properties": {"intermittent": "yes", "layer": "-1", "tunnel": "culvert", "waterway": "ditch", "_id": 1276730052}, "geometry": {"type": "LineString", "coordinates": [[-79.3926256, 43.8095544], [-79.3926238, 43.8094953]]}}, {"type": "Feature", "properties": {"intermittent": "yes", "layer": "-1", "tunnel": "culvert", "waterway": "ditch", "_id": 1276730054}, "geometry": {"type": "LineString", "coordinates": [[-79.3926188, 43.8094541], [-79.3926145, 43.8094009]]}}, {"type": "Feature", "properties": {"intermittent": "yes", "layer": "-1", "tunnel": "culvert", "waterway": "ditch", "_id": 1276730056}, "geometry": {"type": "LineString", "coordinates": [[-79.3925779, 43.8092168], [-79.3925661, 43.8091618]]}}, {"type": "Feature", "properties": {"intermittent": "yes", "layer": "-1", "tunnel": "culvert", "waterway": "ditch", "_id": 1276730058}, "geometry": {"type": "LineString", "coordinates": [[-79.3925431, 43.8090736], [-79.3925326, 43.8090189]]}}, {"type": "Feature", "properties": {"intermittent": "yes", "layer": "-1", "tunnel": "culvert", "waterway": "ditch", "_id": 1276730060}, "geometry": {"type": "LineString", "coordinates": [[-79.3924978, 43.80886], [-79.3924842, 43.8088147]]}}, {"type": "Feature", "properties": {"intermittent": "yes", "layer": "-1", "tunnel": "culvert", "waterway": "ditch", "_id": 1276730061}, "geometry": {"type": "LineString", "coordinates": [[-79.3924798, 43.8087982], [-79.392468, 43.8087413]]}}, {"type": "Feature", "properties": {"intermittent": "yes", "layer": "-1", "tunnel": "culvert", "waterway": "ditch", "_id": 1276730064}, "geometry": {"type": "LineString", "coordinates": [[-79.3924345, 43.8086038], [-79.3924103, 43.8085362]]}}, {"type": "Feature", "properties": {"intermittent": "yes", "layer": "-1", "tunnel": "culvert", "waterway": "ditch", "_id": 1276730066}, "geometry": {"type": "LineString", "coordinates": [[-79.392401, 43.8084919], [-79.3923923, 43.808435]]}}, {"type": "Feature", "properties": {"intermittent": "yes", "layer": "-1", "tunnel": "culvert", "waterway": "ditch", "_id": 1276730068}, "geometry": {"type": "LineString", "coordinates": [[-79.3923539, 43.808273], [-79.3923402, 43.8082098]]}}, {"type": "Feature", "properties": {"intermittent": "yes", "layer": "-1", "tunnel": "culvert", "waterway": "ditch", "_id": 1276730070}, "geometry": {"type": "LineString", "coordinates": [[-79.3922819, 43.807947], [-79.3922652, 43.8078834]]}}, {"type": "Feature", "properties": {"intermittent": "yes", "layer": "-1", "tunnel": "culvert", "waterway": "ditch", "_id": 1276730072}, "geometry": {"type": "LineString", "coordinates": [[-79.392254, 43.8078283], [-79.3922411, 43.8077734], [-79.3922102, 43.8076446], [-79.3921783, 43.8075117]]}}, {"type": "Feature", "properties": {"intermittent": "yes", "layer": "-1", "tunnel": "culvert", "waterway": "ditch", "_id": 1276730074}, "geometry": {"type": "LineString", "coordinates": [[-79.3921659, 43.80745], [-79.3921535, 43.8073756]]}}, {"type": "Feature", "properties": {"intermittent": "yes", "layer": "-1", "tunnel": "culvert", "waterway": "ditch", "_id": 1276730076}, "geometry": {"type": "LineString", "coordinates": [[-79.3921299, 43.8072597], [-79.3921144, 43.8071961]]}}, {"type": "Feature", "properties": {"intermittent": "yes", "layer": "-1", "tunnel": "culvert", "waterway": "ditch", "_id": 1276730078}, "geometry": {"type": "LineString", "coordinates": [[-79.3918209, 43.8058572], [-79.3918017, 43.805795]]}}, {"type": "Feature", "properties": {"intermittent": "yes", "layer": "-1", "tunnel": "culvert", "waterway": "ditch", "_id": 1276730080}, "geometry": {"type": "LineString", "coordinates": [[-79.3917489, 43.805662], [-79.391752, 43.8056123]]}}, {"type": "Feature", "properties": {"intermittent": "yes", "layer": "-1", "tunnel": "culvert", "waterway": "ditch", "_id": 1276730082}, "geometry": {"type": "LineString", "coordinates": [[-79.3917657, 43.8055559], [-79.3917731, 43.8054842]]}}, {"type": "Feature", "properties": {"intermittent": "yes", "layer": "-1", "tunnel": "culvert", "waterway": "ditch", "_id": 1276730084}, "geometry": {"type": "LineString", "coordinates": [[-79.3917235, 43.8053714], [-79.3916559, 43.8053418]]}}, {"type": "Feature", "properties": {"intermittent": "yes", "layer": "-1", "tunnel": "culvert", "waterway": "ditch", "_id": 1276730086}, "geometry": {"type": "LineString", "coordinates": [[-79.3907314, 43.8055366], [-79.3906464, 43.8055559]]}}, {"type": "Feature", "properties": {"intermittent": "yes", "layer": "-1", "tunnel": "culvert", "waterway": "ditch", "_id": 1276730088}, "geometry": {"type": "LineString", "coordinates": [[-79.3903547, 43.8056168], [-79.3902418, 43.8056396]]}}, {"type": "Feature", "properties": {"intermittent": "yes", "layer": "-1", "tunnel": "culvert", "waterway": "ditch", "_id": 1276730090}, "geometry": {"type": "LineString", "coordinates": [[-79.3900457, 43.8056888], [-79.3899775, 43.8057054]]}}, {"type": "Feature", "properties": {"intermittent": "yes", "layer": "-1", "tunnel": "culvert", "waterway": "ditch", "_id": 1276730092}, "geometry": {"type": "LineString", "coordinates": [[-79.3899161, 43.8057211], [-79.3898317, 43.805739]]}}, {"type": "Feature", "properties": {"intermittent": "yes", "layer": "-1", "tunnel": "culvert", "waterway": "ditch", "_id": 1276730094}, "geometry": {"type": "LineString", "coordinates": [[-79.3896921, 43.8057712], [-79.3896071, 43.8057891]]}}, {"type": "Feature", "properties": {"intermittent": "yes", "layer": "-1", "tunnel": "culvert", "waterway": "ditch", "_id": 1276730096}, "geometry": {"type": "LineString", "coordinates": [[-79.3894923, 43.8058147], [-79.3893856, 43.805838]]}}, {"type": "Feature", "properties": {"intermittent": "yes", "layer": "-1", "tunnel": "culvert", "waterway": "ditch", "_id": 1276730098}, "geometry": {"type": "LineString", "coordinates": [[-79.3892069, 43.8058747], [-79.389125, 43.8058944]]}}, {"type": "Feature", "properties": {"intermittent": "yes", "layer": "-1", "tunnel": "culvert", "waterway": "ditch", "_id": 1276730100}, "geometry": {"type": "LineString", "coordinates": [[-79.3889481, 43.8059324], [-79.3888588, 43.8059472]]}}, {"type": "Feature", "properties": {"intermittent": "yes", "layer": "-1", "tunnel": "culvert", "waterway": "ditch", "_id": 1276730101}, "geometry": {"type": "LineString", "coordinates": [[-79.3885163, 43.8058339], [-79.3885071, 43.8057758], [-79.388502, 43.8057439]]}}, {"type": "Feature", "properties": {"intermittent": "yes", "layer": "-1", "tunnel": "culvert", "waterway": "ditch", "_id": 1278405412}, "geometry": {"type": "LineString", "coordinates": [[-79.3897124, 43.8115082], [-79.389735, 43.8115601]]}}, {"type": "Feature", "properties": {"intermittent": "yes", "layer": "-1", "tunnel": "culvert", "waterway": "ditch", "_id": 1278405414}, "geometry": {"type": "LineString", "coordinates": [[-79.3896562, 43.8113793], [-79.3896834, 43.8114416]]}}, {"type": "Feature", "properties": {"intermittent": "yes", "layer": "-1", "tunnel": "culvert", "waterway": "ditch", "_id": 1278405416}, "geometry": {"type": "LineString", "coordinates": [[-79.3895801, 43.8112046], [-79.3896039, 43.8112592]]}}, {"type": "Feature", "properties": {"intermittent": "yes", "layer": "-1", "tunnel": "culvert", "waterway": "ditch", "_id": 1278405418}, "geometry": {"type": "LineString", "coordinates": [[-79.389482, 43.8109793], [-79.3895088, 43.8110409]]}}, {"type": "Feature", "properties": {"intermittent": "yes", "layer": "-1", "tunnel": "culvert", "waterway": "ditch", "_id": 1278405420}, "geometry": {"type": "LineString", "coordinates": [[-79.3887474, 43.8110706], [-79.3888271, 43.8110535]]}}, {"type": "Feature", "properties": {"intermittent": "yes", "layer": "-1", "tunnel": "culvert", "waterway": "ditch", "_id": 1278405422}, "geometry": {"type": "LineString", "coordinates": [[-79.388543, 43.8111233], [-79.38858, 43.811109], [-79.3886183, 43.8110983]]}}, {"type": "Feature", "properties": {"intermittent": "yes", "layer": "-1", "tunnel": "culvert", "waterway": "ditch", "_id": 1278405424}, "geometry": {"type": "LineString", "coordinates": [[-79.3883752, 43.8112315], [-79.3884141, 43.8112132], [-79.3884443, 43.8111927]]}}, {"type": "Feature", "properties": {"intermittent": "yes", "layer": "-1", "tunnel": "culvert", "waterway": "ditch", "_id": 1278405426}, "geometry": {"type": "LineString", "coordinates": [[-79.3881173, 43.8111179], [-79.3881278, 43.8111562], [-79.3881568, 43.8111905]]}}, {"type": "Feature", "properties": {"intermittent": "yes", "layer": "-1", "tunnel": "culvert", "waterway": "ditch", "_id": 1278405428}, "geometry": {"type": "LineString", "coordinates": [[-79.3880702, 43.8109675], [-79.3881129, 43.8110088]]}}, {"type": "Feature", "properties": {"intermittent": "yes", "layer": "-1", "tunnel": "culvert", "waterway": "ditch", "_id": 1278405430}, "geometry": {"type": "LineString", "coordinates": [[-79.3879669, 43.8108677], [-79.3880038, 43.8109033]]}}, {"type": "Feature", "properties": {"intermittent": "yes", "layer": "-1", "tunnel": "culvert", "waterway": "ditch", "_id": 1278405432}, "geometry": {"type": "LineString", "coordinates": [[-79.3878535, 43.810758], [-79.3879056, 43.8108083]]}}, {"type": "Feature", "properties": {"intermittent": "yes", "layer": "-1", "tunnel": "culvert", "waterway": "ditch", "_id": 1278405434}, "geometry": {"type": "LineString", "coordinates": [[-79.3876955, 43.8106052], [-79.3877577, 43.8106654]]}}, {"type": "Feature", "properties": {"intermittent": "yes", "layer": "-1", "tunnel": "culvert", "waterway": "ditch", "_id": 1278405436}, "geometry": {"type": "LineString", "coordinates": [[-79.3875039, 43.81042], [-79.3875638, 43.8104779]]}}, {"type": "Feature", "properties": {"intermittent": "yes", "layer": "-1", "tunnel": "culvert", "waterway": "ditch", "_id": 1278405438}, "geometry": {"type": "LineString", "coordinates": [[-79.3872696, 43.8101934], [-79.387332, 43.8102538]]}}, {"type": "Feature", "properties": {"intermittent": "yes", "layer": "-1", "tunnel": "culvert", "waterway": "ditch", "_id": 1278405439}, "geometry": {"type": "LineString", "coordinates": [[-79.3871699, 43.8100971], [-79.3872379, 43.8101628]]}}, {"type": "Feature", "properties": {"intermittent": "yes", "layer": "-1", "tunnel": "culvert", "waterway": "ditch", "_id": 1278405442}, "geometry": {"type": "LineString", "coordinates": [[-79.38684, 43.8097781], [-79.387005, 43.8099376]]}}, {"type": "Feature", "properties": {"intermittent": "yes", "layer": "-1", "tunnel": "culvert", "waterway": "ditch", "_id": 1278405444}, "geometry": {"type": "LineString", "coordinates": [[-79.3865161, 43.8098058], [-79.3866183, 43.8097724]]}}, {"type": "Feature", "properties": {"layer": "-1", "name": "Burke Brook", "tunnel": "culvert", "waterway": "stream", "_id": 1288559845}, "geometry": {"type": "LineString", "coordinates": [[-79.4111921, 43.7196857], [-79.4105972, 43.7203511], [-79.4092494, 43.7205391], [-79.407936, 43.7205682]]}}, {"type": "Feature", "properties": {"boat": "no", "name": "Highland Creek", "tidal": "no", "waterway": "river", "wikipedia": "en:Highland Creek (Toronto)", "_id": 1326342706}, "geometry": {"type": "LineString", "coordinates": [[-79.2082862, 43.7780882], [-79.2082328, 43.7777898], [-79.2079129, 43.7776383], [-79.2076571, 43.7775756], [-79.2074151, 43.7775128], [-79.2072493, 43.7774854], [-79.2068815, 43.7773769], [-79.2067392, 43.7772799], [-79.2061144, 43.7769344], [-79.2056754, 43.7767745], [-79.2053472, 43.7766946], [-79.2049004, 43.7768173], [-79.2041804, 43.7770678], [-79.2036053, 43.7771421], [-79.2032276, 43.7771731], [-79.2029101, 43.777136], [-79.2027212, 43.7770492], [-79.2026011, 43.7768881], [-79.2024723, 43.7766092], [-79.2025238, 43.7763055], [-79.2024208, 43.7760266], [-79.2021204, 43.7752148], [-79.2020861, 43.7745764], [-79.2020346, 43.7744215], [-79.2019402, 43.7743533], [-79.2016999, 43.7743533], [-79.2013909, 43.7743843], [-79.2010647, 43.7743471], [-79.2006613, 43.7742665], [-79.2005154, 43.7741984], [-79.2003666, 43.7740814], [-79.2001142, 43.773995], [-79.1999213, 43.7739913], [-79.1996572, 43.7740787], [-79.1994962, 43.7742524], [-79.1993481, 43.7743223], [-79.1992451, 43.7743285], [-79.1991385, 43.7743312], [-79.1990222, 43.7743139], [-79.1989173, 43.7743002]]}}, {"type": "Feature", "properties": {"alt_name": "East Don River", "layer": "-1", "name": "East Patterson Creek", "source": "NRCan-CanVec-10.0", "tunnel": "culvert", "waterway": "stream", "_id": 1329200235}, "geometry": {"type": "LineString", "coordinates": [[-79.4538332, 43.8690927], [-79.4534892, 43.8690055]]}}, {"type": "Feature", "properties": {"layer": "-1", "source": "NRCan-CanVec-10.0", "tunnel": "culvert", "waterway": "stream", "_id": 1329509298}, "geometry": {"type": "LineString", "coordinates": [[-79.466259, 43.7800592], [-79.4662106, 43.7799861], [-79.4661883, 43.779913]]}}, {"type": "Feature", "properties": {"layer": "-1", "name": "DeGrassi Creek", "tunnel": "culvert", "waterway": "stream", "_id": 1349906296}, "geometry": {"type": "LineString", "coordinates": [[-79.3320658, 43.7063469], [-79.3318495, 43.7061632]]}}, {"type": "Feature", "properties": {"layer": "-1", "name": "Pomona Creek", "source": "NRCan-CanVec-10.0", "tunnel": "culvert", "waterway": "stream", "_id": 1349995245}, "geometry": {"type": "LineString", "coordinates": [[-79.4057944, 43.818102], [-79.4058786, 43.8180127]]}}, {"type": "Feature", "properties": {"layer": "-1", "name": "Pomona Creek", "source": "NRCan-CanVec-10.0", "tunnel": "culvert", "waterway": "stream", "_id": 1349995247}, "geometry": {"type": "LineString", "coordinates": [[-79.4059187, 43.818818], [-79.4058775, 43.8187577]]}}, {"type": "Feature", "properties": {"layer": "-1", "name": "Pomona Creek", "source": "NRCan-CanVec-10.0", "tunnel": "culvert", "waterway": "stream", "_id": 1349995249}, "geometry": {"type": "LineString", "coordinates": [[-79.4149912, 43.8246065], [-79.4148388, 43.8244521]]}}, {"type": "Feature", "properties": {"name": "Burke Brook", "waterway": "stream", "_id": 1358489063}, "geometry": {"type": "LineString", "coordinates": [[-79.3937712, 43.7195061], [-79.3932235, 43.7192049], [-79.3926206, 43.7188878], [-79.3922656, 43.718742], [-79.3918709, 43.7187019], [-79.3914419, 43.7187905], [-79.3906769, 43.7189384], [-79.3905618, 43.7189331]]}}, {"type": "Feature", "properties": {"layer": "-1", "name": "Burke Brook", "tunnel": "culvert", "waterway": "stream", "_id": 1358489064}, "geometry": {"type": "LineString", "coordinates": [[-79.3905618, 43.7189331], [-79.3903962, 43.7188921], [-79.3902168, 43.718818], [-79.3901027, 43.7186277], [-79.3898837, 43.7183194]]}}, {"type": "Feature", "properties": {"name": "Mimico Creek", "waterway": "river", "_id": 1359858736}, "geometry": {"type": "LineString", "coordinates": [[-79.5224118, 43.6482415], [-79.5220183, 43.6480931], [-79.521469, 43.6478819], [-79.520407, 43.647605], [-79.5199379, 43.6474306], [-79.5194454, 43.6473865], [-79.5187769, 43.6473189], [-79.5182435, 43.6471148], [-79.5179805, 43.6469165], [-79.5177815, 43.6467166], [-79.5176495, 43.6466957], [-79.5173425, 43.6465122], [-79.5172566, 43.6463918], [-79.5171946, 43.6462734], [-79.5170435, 43.6461068]]}}, {"type": "Feature", "properties": {"intermittent": "no", "name": "Mimico Creek", "waterway": "river", "_id": 1360861680}, "geometry": {"type": "LineString", "coordinates": [[-79.5404671, 43.6535394], [-79.5402831, 43.6535893], [-79.5400513, 43.6535644], [-79.5398968, 43.6535582], [-79.539708, 43.6536017], [-79.5396737, 43.6536886], [-79.5396737, 43.6538004], [-79.5398882, 43.6541296], [-79.5400641, 43.6543295], [-79.5401727, 43.6544945], [-79.540212, 43.6545667], [-79.5402374, 43.6546478], [-79.5402371, 43.6547263], [-79.5402196, 43.6548111], [-79.5401971, 43.6548673], [-79.5401629, 43.6549019], [-79.5401098, 43.6549366], [-79.5397852, 43.6550424], [-79.5395539, 43.6551275], [-79.5393073, 43.6551854], [-79.539007, 43.6552181], [-79.5386694, 43.6552411], [-79.5384034, 43.6552287], [-79.538084, 43.6550991], [-79.5377825, 43.6549147], [-79.5376155, 43.6546639], [-79.5374398, 43.6544611], [-79.5372229, 43.6542326], [-79.5371552, 43.6541198], [-79.5371644, 43.6540442], [-79.5371932, 43.6539743], [-79.5372222, 43.6538646], [-79.5373359, 43.6537483], [-79.5373959, 43.6536045], [-79.5373917, 43.6534538], [-79.5374335, 43.6532974], [-79.5374936, 43.6531049], [-79.5375175, 43.65296], [-79.5374902, 43.6528635], [-79.5374422, 43.6527505], [-79.5372749, 43.6526616], [-79.5371578, 43.6525933], [-79.5371047, 43.6525775], [-79.5368584, 43.652546], [-79.5365718, 43.6525941], [-79.5362815, 43.6526644], [-79.5361421, 43.6526547], [-79.5360468, 43.6526132], [-79.535844, 43.6525795], [-79.5355484, 43.6525679], [-79.5351556, 43.6524667], [-79.5349262, 43.6523956], [-79.5347254, 43.6523437], [-79.5342896, 43.652203], [-79.5337527, 43.6521583], [-79.5334408, 43.652154], [-79.5332104, 43.6521254], [-79.5330512, 43.6520914], [-79.532881, 43.6520326], [-79.5327306, 43.6519552], [-79.5326314, 43.6518928], [-79.5325381, 43.651816], [-79.5324215, 43.6516726], [-79.5323643, 43.651499], [-79.5323052, 43.6506886], [-79.5323177, 43.6505801], [-79.5322835, 43.6503743], [-79.53203, 43.6500621], [-79.5319365, 43.6500109], [-79.5318327, 43.6499972], [-79.531453, 43.6500063], [-79.5311542, 43.6500257], [-79.5310393, 43.6500476], [-79.53094, 43.6501033], [-79.5309197, 43.6502307], [-79.5309281, 43.6503628], [-79.5310053, 43.6504739], [-79.5310143, 43.6505429], [-79.5309819, 43.6506041], [-79.5309047, 43.650683], [-79.5308656, 43.6507646], [-79.5307806, 43.65085], [-79.5306808, 43.6508931], [-79.530557, 43.6509302], [-79.5303407, 43.6509597], [-79.5299328, 43.6510377], [-79.5296902, 43.6511099], [-79.529557, 43.6511517], [-79.5294221, 43.6511762], [-79.529133, 43.6511738], [-79.5287405, 43.6511114], [-79.5283493, 43.6510148], [-79.5281231, 43.6509665], [-79.527647, 43.6509593], [-79.5274128, 43.6509964], [-79.5271478, 43.6510091], [-79.5269496, 43.6509639]]}}, {"type": "Feature", "properties": {"layer": "-1", "name": "Mimico Creek", "tunnel": "culvert", "waterway": "river", "_id": 1360866941}, "geometry": {"type": "LineString", "coordinates": [[-79.5267961, 43.6509233], [-79.5259552, 43.6507008]]}}, {"type": "Feature", "properties": {"name": "Mimico Creek", "waterway": "river", "_id": 1363274996}, "geometry": {"type": "LineString", "coordinates": [[-79.5259552, 43.6507008], [-79.5252884, 43.6503475], [-79.5246104, 43.6498942], [-79.5243551, 43.6496453], [-79.5241881, 43.6494423], [-79.5238889, 43.6491829], [-79.5233572, 43.6489315], [-79.522765, 43.6484657], [-79.5224118, 43.6482415]]}}, {"type": "Feature", "properties": {"layer": "-1", "tunnel": "culvert", "waterway": "stream", "_id": 1363444073}, "geometry": {"type": "LineString", "coordinates": [[-79.4193422, 43.6771762], [-79.4192582, 43.6769715]]}}, {"type": "Feature", "properties": {"layer": "-1", "tunnel": "culvert", "waterway": "stream", "_id": 1373213074}, "geometry": {"type": "LineString", "coordinates": [[-79.332086, 43.7332953], [-79.331999, 43.7332964]]}}, {"type": "Feature", "properties": {"layer": "-1", "name": "Wilson Brook", "source": "CanVec 6.0 - NRCan", "tunnel": "culvert", "waterway": "stream", "_id": 1380039032}, "geometry": {"type": "LineString", "coordinates": [[-79.3200639, 43.7217224], [-79.3206864, 43.7217577]]}}, {"type": "Feature", "properties": {"layer": "-1", "name": "Westminster Creek", "tunnel": "culvert", "waterway": "stream", "_id": 1380152559}, "geometry": {"type": "LineString", "coordinates": [[-79.4834447, 43.828993], [-79.4832958, 43.828636]]}}, {"type": "Feature", "properties": {"layer": "-1", "name": "Westminster Creek", "tunnel": "culvert", "waterway": "stream", "_id": 1380152873}, "geometry": {"type": "LineString", "coordinates": [[-79.4771991, 43.816062], [-79.4762503, 43.816085]]}}, {"type": "Feature", "properties": {"layer": "-1", "tunnel": "culvert", "waterway": "stream", "_id": 1380322738}, "geometry": {"type": "LineString", "coordinates": [[-79.439603, 43.8262062], [-79.4391098, 43.8260558]]}}, {"type": "Feature", "properties": {"layer": "-1", "name": "Don River East Branch", "tunnel": "culvert", "waterway": "river", "_id": 1380322745}, "geometry": {"type": "LineString", "coordinates": [[-79.4425321, 43.8316348], [-79.4422402, 43.8309542]]}}, {"type": "Feature", "properties": {"layer": "-1", "name": "Don River East Branch", "tunnel": "culvert", "waterway": "river", "_id": 1380938122}, "geometry": {"type": "LineString", "coordinates": [[-79.4255096, 43.8194054], [-79.4249209, 43.8194678]]}}, {"type": "Feature", "properties": {"layer": "-1", "tunnel": "culvert", "waterway": "stream", "_id": 1380938131}, "geometry": {"type": "LineString", "coordinates": [[-79.4355546, 43.8224262], [-79.4354711, 43.822525]]}}, {"type": "Feature", "properties": {"layer": "-1", "name": "Don River East Branch", "tunnel": "culvert", "waterway": "river", "_id": 1381007162}, "geometry": {"type": "LineString", "coordinates": [[-79.4118879, 43.8169051], [-79.4112528, 43.8170637]]}}, {"type": "Feature", "properties": {"layer": "-1", "name": "German Mills Creek", "tunnel": "culvert", "waterway": "river", "_id": 1381296592}, "geometry": {"type": "LineString", "coordinates": [[-79.3774184, 43.8227478], [-79.3770837, 43.821974]]}}, {"type": "Feature", "properties": {"layer": "-1", "name": "German Mills Creek", "tunnel": "culvert", "waterway": "river", "_id": 1381296595}, "geometry": {"type": "LineString", "coordinates": [[-79.3773297, 43.8227754], [-79.3769737, 43.8220028]]}}, {"type": "Feature", "properties": {"layer": "-1", "name": "German Mills Creek", "tunnel": "culvert", "waterway": "river", "_id": 1381296596}, "geometry": {"type": "LineString", "coordinates": [[-79.3749237, 43.8216673], [-79.3739552, 43.8211221]]}}, {"type": "Feature", "properties": {"layer": "-1", "name": "German Mills Creek", "tunnel": "culvert", "waterway": "river", "_id": 1382202659}, "geometry": {"type": "LineString", "coordinates": [[-79.4025955, 43.8403757], [-79.4024424, 43.8397706]]}}, {"type": "Feature", "properties": {"intermittent": "yes", "layer": "-1", "tunnel": "culvert", "waterway": "stream", "_id": 1383781437}, "geometry": {"type": "LineString", "coordinates": [[-79.4654095, 43.6419752], [-79.4655139, 43.6419164]]}}, {"type": "Feature", "properties": {"intermittent": "yes", "layer": "-1", "tunnel": "culvert", "waterway": "stream", "_id": 1384482933}, "geometry": {"type": "LineString", "coordinates": [[-79.4650151, 43.643172], [-79.4650524, 43.6431616]]}}, {"type": "Feature", "properties": {"name": "Cudmore Creek", "source": "NRCan-CanVec-10.0", "waterway": "stream", "_id": 1385340320}, "geometry": {"type": "LineString", "coordinates": [[-79.3623911, 43.6889182], [-79.3623784, 43.6889158], [-79.3623668, 43.6889107], [-79.362312, 43.6888694], [-79.3622626, 43.6888521], [-79.3621501, 43.6888302], [-79.3621168, 43.6888184], [-79.3621077, 43.6888123], [-79.3620868, 43.6887774], [-79.3620297, 43.6887383], [-79.3620097, 43.6887148], [-79.362008, 43.6887055], [-79.3620016, 43.6886978], [-79.3619912, 43.6886928], [-79.3619714, 43.688676]]}}, {"type": "Feature", "properties": {"layer": "-1", "name": "Cudmore Creek", "source": "NRCan-CanVec-10.0", "tunnel": "culvert", "waterway": "stream", "_id": 1385340321}, "geometry": {"type": "LineString", "coordinates": [[-79.3625229, 43.6890091], [-79.3623911, 43.6889182]]}}, {"type": "Feature", "properties": {"layer": "-1", "source": "NRCan-CanVec-10.0", "tunnel": "yes", "waterway": "stream", "_id": 1389942785}, "geometry": {"type": "LineString", "coordinates": [[-79.498513, 43.8386265], [-79.4984981, 43.8385463]]}}, {"type": "Feature", "properties": {"layer": "-1", "source": "NRCan-CanVec-10.0", "tunnel": "yes", "waterway": "stream", "_id": 1389942788}, "geometry": {"type": "LineString", "coordinates": [[-79.4983603, 43.8378239], [-79.4983444, 43.8377447]]}}, {"type": "Feature", "properties": {"layer": "-1", "source": "NRCan-CanVec-10.0", "tunnel": "yes", "waterway": "stream", "_id": 1389942789}, "geometry": {"type": "LineString", "coordinates": [[-79.4982807, 43.8374286], [-79.497638, 43.8372913]]}}, {"type": "Feature", "properties": {"name": "Mud Creek", "tunnel": "culvert", "waterway": "stream", "_id": 1392716123}, "geometry": {"type": "LineString", "coordinates": [[-79.3674232, 43.6875032], [-79.3671808, 43.6874696]]}}, {"type": "Feature", "properties": {"name": "Mud Creek", "waterway": "stream", "_id": 1392716124}, "geometry": {"type": "LineString", "coordinates": [[-79.3671808, 43.6874696], [-79.3671074, 43.6874548]]}}, {"type": "Feature", "properties": {"name": "Mud Creek", "tunnel": "culvert", "waterway": "stream", "_id": 1392716125}, "geometry": {"type": "LineString", "coordinates": [[-79.3671074, 43.6874548], [-79.3670594, 43.6874508]]}}, {"type": "Feature", "properties": {"layer": "-1", "tunnel": "culvert", "waterway": "stream", "_id": 1392716128}, "geometry": {"type": "LineString", "coordinates": [[-79.3664599, 43.687089], [-79.3665192, 43.6870671]]}}, {"type": "Feature", "properties": {"name": "Mud Creek", "waterway": "stream", "_id": 1392716132}, "geometry": {"type": "LineString", "coordinates": [[-79.3674567, 43.6875084], [-79.3674576, 43.687446]]}}, {"type": "Feature", "properties": {"attribution": "Natural Resources Canada", "canvec:CODE": "1470171", "canvec:UUID": "b1747630ef9a49ec8f17f9688ea94ee3", "layer": "-1", "source": "CanVec_Import_2009", "tunnel": "culvert", "waterway": "stream", "_id": 1412455112}, "geometry": {"type": "LineString", "coordinates": [[-79.6379295, 43.8334468], [-79.6379505, 43.8333851]]}}, {"type": "Feature", "properties": {"attribution": "Natural Resources Canada", "canvec:CODE": "1470171", "canvec:UUID": "b1747630ef9a49ec8f17f9688ea94ee3", "layer": "-1", "source": "CanVec_Import_2009", "tunnel": "culvert", "waterway": "stream", "_id": 1412455114}, "geometry": {"type": "LineString", "coordinates": [[-79.6379968, 43.8339197], [-79.6379951, 43.8338792]]}}, {"type": "Feature", "properties": {"intermittent": "yes", "layer": "-1", "tunnel": "culvert", "waterway": "stream", "_id": 1419045030}, "geometry": {"type": "LineString", "coordinates": [[-79.5553315, 43.6390269], [-79.5553654, 43.6390681]]}}, {"type": "Feature", "properties": {"intermittent": "yes", "layer": "-1", "tunnel": "culvert", "waterway": "ditch", "_id": 1435522320}, "geometry": {"type": "LineString", "coordinates": [[-79.4678954, 43.8276717], [-79.4678265, 43.8277037]]}}, {"type": "Feature", "properties": {"name": "Black Creek", "source": "CanVec 6.0 - NRCan", "waterway": "river", "_id": 1441522061}, "geometry": {"type": "LineString", "coordinates": [[-79.5067967, 43.7498962], [-79.5066486, 43.7497786], [-79.5065102, 43.7497084], [-79.5060542, 43.7496896], [-79.5057425, 43.7497241], [-79.5056189, 43.7496837], [-79.505389, 43.7494792], [-79.5052507, 43.7494452], [-79.504974, 43.749341], [-79.504803, 43.7492521]]}}, {"type": "Feature", "properties": {"layer": "-1", "name": "Black Creek", "source": "CanVec 6.0 - NRCan", "tunnel": "culvert", "waterway": "river", "_id": 1441522062}, "geometry": {"type": "LineString", "coordinates": [[-79.504803, 43.7492521], [-79.5040484, 43.7487235]]}}, {"type": "Feature", "properties": {"layer": "-1", "tunnel": "culvert", "waterway": "stream", "_id": 1445459084}, "geometry": {"type": "LineString", "coordinates": [[-79.2798947, 43.704593], [-79.2799955, 43.7046006], [-79.2804291, 43.7045866], [-79.2805276, 43.7045736], [-79.2808768, 43.7045277]]}}, {"type": "Feature", "properties": {"fixme": "Approximate path of stream", "layer": "-1", "tunnel": "culvert", "waterway": "stream", "_id": 1447539256}, "geometry": {"type": "LineString", "coordinates": [[-79.2753017, 43.705587], [-79.2753389, 43.705612], [-79.2754673, 43.7056575], [-79.2757844, 43.7056722], [-79.2761097, 43.7056193], [-79.2764918, 43.7055076], [-79.2769471, 43.7054665], [-79.2774391, 43.7054342], [-79.2781221, 43.7052725], [-79.278548, 43.7050752]]}}, {"type": "Feature", "properties": {"layer": "-1", "source": "NRCan-CanVec-10.0", "tunnel": "culvert", "waterway": "stream", "_id": 1448279311}, "geometry": {"type": "LineString", "coordinates": [[-79.2218306, 43.7232638], [-79.2217418, 43.7232747]]}}, {"type": "Feature", "properties": {"layer": "-1", "source": "CanVec 6.0 - NRCan", "tunnel": "culvert", "waterway": "stream", "_id": 1451543536}, "geometry": {"type": "LineString", "coordinates": [[-79.1432114, 43.8375508], [-79.1431882, 43.8374791]]}}, {"type": "Feature", "properties": {"layer": "-1", "name": "Malvern Creek", "tunnel": "culvert", "waterway": "stream", "_id": 1451543538}, "geometry": {"type": "LineString", "coordinates": [[-79.2381088, 43.8042462], [-79.2377114, 43.8036555]]}}, {"type": "Feature", "properties": {"attribution": "Natural Resources Canada", "canvec:CODE": "1470171", "canvec:UUID": "922656a4198c4362955bb7a74e5f2b73", "layer": "-1", "source": "CanVec_Import_2009", "tunnel": "culvert", "waterway": "stream", "_id": 1455341272}, "geometry": {"type": "LineString", "coordinates": [[-79.545401, 43.8471846], [-79.5453461, 43.846989], [-79.5451844, 43.8468842], [-79.5451585, 43.8467526]]}}, {"type": "Feature", "properties": {"layer": "-1", "name": "West Highland Creek", "tunnel": "culvert", "waterway": "stream", "_id": 1458135224}, "geometry": {"type": "LineString", "coordinates": [[-79.3014493, 43.7880339], [-79.3010169, 43.7879355]]}}, {"type": "Feature", "properties": {"intermittent": "yes", "layer": "-1", "tunnel": "flooded", "waterway": "drain", "_id": 1458795737}, "geometry": {"type": "LineString", "coordinates": [[-79.4639907, 43.8286374], [-79.4639938, 43.8286294], [-79.4641552, 43.8282164], [-79.464225, 43.8278853], [-79.4642518, 43.8277234], [-79.4642405, 43.8276752]]}}, {"type": "Feature", "properties": {"intermittent": "yes", "layer": "-1", "tunnel": "culvert", "waterway": "drain", "_id": 1458795739}, "geometry": {"type": "LineString", "coordinates": [[-79.4645067, 43.8277839], [-79.4644788, 43.8277238]]}}, {"type": "Feature", "properties": {"intermittent": "yes", "layer": "-1", "tunnel": "culvert", "waterway": "drain", "_id": 1458795742}, "geometry": {"type": "LineString", "coordinates": [[-79.4647704, 43.8284087], [-79.4647527, 43.8283468]]}}, {"type": "Feature", "properties": {"intermittent": "yes", "layer": "-1", "tunnel": "covered", "waterway": "drain", "_id": 1458795746}, "geometry": {"type": "LineString", "coordinates": [[-79.463982, 43.8287139], [-79.4639853, 43.8286944], [-79.4639907, 43.8286374]]}}, {"type": "Feature", "properties": {"intermittent": "yes", "layer": "-1", "tunnel": "culvert", "waterway": "stream", "_id": 1459912409}, "geometry": {"type": "LineString", "coordinates": [[-79.3836756, 43.7304117], [-79.3836899, 43.7304743]]}}, {"type": "Feature", "properties": {"layer": "-1", "name": "Centennial Creek", "tunnel": "culvert", "waterway": "stream", "_id": 1460789410}, "geometry": {"type": "LineString", "coordinates": [[-79.1647396, 43.7924604], [-79.164471, 43.7918107], [-79.1645005, 43.7915842], [-79.1638889, 43.7903876], [-79.1629126, 43.7906296], [-79.1628509, 43.7904902], [-79.1626011, 43.7904179]]}}, {"type": "Feature", "properties": {"layer": "-1", "name": "Centennial Creek", "tunnel": "culvert", "waterway": "stream", "_id": 1460789411}, "geometry": {"type": "LineString", "coordinates": [[-79.1679563, 43.7942581], [-79.1677983, 43.794177], [-79.1676357, 43.7941051]]}}, {"type": "Feature", "properties": {"layer": "-1", "name": "Centennial Creek", "tunnel": "culvert", "waterway": "stream", "_id": 1460789413}, "geometry": {"type": "LineString", "coordinates": [[-79.1685216, 43.7952956], [-79.1684138, 43.7950565]]}}, {"type": "Feature", "properties": {"layer": "-1", "name": "Centennial Creek", "tunnel": "culvert", "waterway": "stream", "_id": 1460789415}, "geometry": {"type": "LineString", "coordinates": [[-79.1704388, 43.796746], [-79.1700754, 43.7966943]]}}, {"type": "Feature", "properties": {"layer": "-1", "name": "Petticoat Creek", "tunnel": "culvert", "waterway": "stream", "_id": 1462847663}, "geometry": {"type": "LineString", "coordinates": [[-79.1259331, 43.8112555], [-79.125581, 43.8109708]]}}, {"type": "Feature", "properties": {"intermittent": "yes", "layer": "-1", "tunnel": "culvert", "waterway": "stream", "_id": 1464888078}, "geometry": {"type": "LineString", "coordinates": [[-79.455201, 43.8317338], [-79.4551119, 43.83173], [-79.4543127, 43.8317868]]}}, {"type": "Feature", "properties": {"layer": "-1", "name": "Black Creek", "tunnel": "culvert", "waterway": "river", "_id": 1465708258}, "geometry": {"type": "LineString", "coordinates": [[-79.4799435, 43.6834794], [-79.4799708, 43.6833107], [-79.4800452, 43.6831454]]}}, {"type": "Feature", "properties": {"canvec:CODE": "1470171", "canvec:UUID": "f758c798b9434004b331f73384a4f433", "layer": "-1", "tunnel": "culvert", "waterway": "stream", "_id": 1465708259}, "geometry": {"type": "LineString", "coordinates": [[-79.5067713, 43.7568257], [-79.5067007, 43.7567541]]}}, {"type": "Feature", "properties": {"attribution": "Natural Resources Canada", "canvec:CODE": "1470171", "canvec:UUID": "aaa684cce00f439a982d982e8e462ad5", "layer": "-1", "source": "CanVec_Import_2009", "tunnel": "culvert", "waterway": "stream", "_id": 1465708263}, "geometry": {"type": "LineString", "coordinates": [[-79.5554309, 43.8238539], [-79.5554012, 43.8236826]]}}, {"type": "Feature", "properties": {"attribution": "Natural Resources Canada", "canvec:CODE": "1470171", "canvec:UUID": "aaa684cce00f439a982d982e8e462ad5", "layer": "-1", "source": "CanVec_Import_2009", "tunnel": "culvert", "waterway": "stream", "_id": 1465708264}, "geometry": {"type": "LineString", "coordinates": [[-79.5555149, 43.8242484], [-79.5554605, 43.8240252]]}}, {"type": "Feature", "properties": {"layer": "-1", "tunnel": "culvert", "waterway": "stream", "_id": 1465708266}, "geometry": {"type": "LineString", "coordinates": [[-79.5590693, 43.8262236], [-79.5557671, 43.8252093]]}}, {"type": "Feature", "properties": {"attribution": "Natural Resources Canada", "canvec:CODE": "1470171", "layer": "-1", "source": "CanVec_Import_2009", "tunnel": "culvert", "waterway": "stream", "_id": 1466390684}, "geometry": {"type": "LineString", "coordinates": [[-79.5110715, 43.8519764], [-79.5110924, 43.8519629], [-79.5111956, 43.8518963]]}}, {"type": "Feature", "properties": {"intermittent": "yes", "layer": "-1", "tunnel": "culvert", "waterway": "stream", "_id": 1466548517}, "geometry": {"type": "LineString", "coordinates": [[-79.455201, 43.8317338], [-79.4544187, 43.8323422], [-79.4538608, 43.8324571], [-79.4528807, 43.8324449], [-79.451809, 43.8323236], [-79.4516208, 43.8323184], [-79.4509705, 43.8323002], [-79.4506603, 43.8323299]]}}, {"type": "Feature", "properties": {"intermittent": "yes", "layer": "-1", "tunnel": "culvert", "waterway": "stream", "_id": 1466548518}, "geometry": {"type": "LineString", "coordinates": [[-79.4522682, 43.8329777], [-79.4519293, 43.8326479], [-79.4516208, 43.8323184]]}}, {"type": "Feature", "properties": {"layer": "-1", "tunnel": "culvert", "waterway": "stream", "_id": 1467720531}, "geometry": {"type": "LineString", "coordinates": [[-79.3523117, 43.7002881], [-79.351969, 43.6996216]]}}, {"type": "Feature", "properties": {"name": "Walmsley Brook", "source": "CanVec 6.0 - NRCan", "waterway": "stream", "_id": 1468045727}, "geometry": {"type": "LineString", "coordinates": [[-79.3445539, 43.7107023], [-79.3442961, 43.7107374], [-79.3440402, 43.710755], [-79.343862, 43.7107731], [-79.3437944, 43.7107735], [-79.3436975, 43.7107286], [-79.343104, 43.7106023], [-79.3428662, 43.7104593], [-79.3422757, 43.7102882], [-79.3416027, 43.7102471], [-79.3412764, 43.7102873], [-79.3410218, 43.7102152], [-79.3408034, 43.7102434], [-79.3406221, 43.71018], [-79.3404122, 43.7101408], [-79.3402801, 43.710146], [-79.340179, 43.7101686], [-79.3400176, 43.7101298], [-79.3399244, 43.7101026], [-79.3397936, 43.7100669], [-79.3396875, 43.7100664], [-79.3396408, 43.7100994], [-79.3396176, 43.7101535], [-79.3396691, 43.7101861], [-79.3396806, 43.7102118], [-79.3396209, 43.7102279], [-79.3394825, 43.7102129]]}}, {"type": "Feature", "properties": {"layer": "-1", "name": "Walmsley Brook", "source": "CanVec 6.0 - NRCan", "tunnel": "culvert", "waterway": "stream", "_id": 1468045728}, "geometry": {"type": "LineString", "coordinates": [[-79.3460352, 43.7102891], [-79.3445539, 43.7107023]]}}, {"type": "Feature", "properties": {"layer": "-1", "tunnel": "culvert", "waterway": "stream", "_id": 1468047209}, "geometry": {"type": "LineString", "coordinates": [[-79.3203519, 43.7179727], [-79.3204524, 43.717986]]}}, {"type": "Feature", "properties": {"layer": "-1", "tunnel": "culvert", "waterway": "stream", "_id": 1468047212}, "geometry": {"type": "LineString", "coordinates": [[-79.3221666, 43.7198074], [-79.3226223, 43.7197952]]}}, {"type": "Feature", "properties": {"layer": "-1", "tunnel": "culvert", "waterway": "stream", "_id": 1468047213}, "geometry": {"type": "LineString", "coordinates": [[-79.3217115, 43.719906], [-79.3219846, 43.7198387], [-79.3220437, 43.7198241]]}}, {"type": "Feature", "properties": {"layer": "-1", "source": "CanVec 6.0 - NRCan", "tunnel": "culvert", "waterway": "stream", "_id": 1472544285}, "geometry": {"type": "LineString", "coordinates": [[-79.1668029, 43.8474188], [-79.1663748, 43.847393]]}}, {"type": "Feature", "properties": {"attribution": "Natural Resources Canada", "canvec:CODE": "1470171", "layer": "-1", "source": "CanVec_Import_2009", "tunnel": "culvert", "waterway": "stream", "_id": 1472793108}, "geometry": {"type": "LineString", "coordinates": [[-79.5123488, 43.8002683], [-79.512406, 43.8001979]]}}, {"type": "Feature", "properties": {"intermittent": "yes", "layer": "-1", "tunnel": "culvert", "waterway": "ditch", "_id": 1474772980}, "geometry": {"type": "LineString", "coordinates": [[-79.5038661, 43.7840481], [-79.5040972, 43.7837534]]}}, {"type": "Feature", "properties": {"intermittent": "yes", "layer": "-1", "tunnel": "culvert", "waterway": "ditch", "_id": 1474772981}, "geometry": {"type": "LineString", "coordinates": [[-79.5042462, 43.7834874], [-79.5043279, 43.7832868]]}}, {"type": "Feature", "properties": {"layer": "-1", "tunnel": "culvert", "waterway": "stream", "_id": 1475434318}, "geometry": {"type": "LineString", "coordinates": [[-79.1209367, 43.8132341], [-79.1200218, 43.81245]]}}, {"type": "Feature", "properties": {"layer": "-1", "tunnel": "culvert", "waterway": "stream", "_id": 1475434320}, "geometry": {"type": "LineString", "coordinates": [[-79.1213332, 43.8151194], [-79.1213507, 43.814412]]}}, {"type": "Feature", "properties": {"layer": "-1", "source": "CanVec 6.0 - NRCan", "tunnel": "culvert", "waterway": "stream", "_id": 1477005486}, "geometry": {"type": "LineString", "coordinates": [[-79.1499627, 43.8149045], [-79.1499578, 43.8147845]]}}, {"type": "Feature", "properties": {"layer": "-1", "source": "CanVec 6.0 - NRCan", "tunnel": "culvert", "waterway": "stream", "_id": 1477005488}, "geometry": {"type": "LineString", "coordinates": [[-79.1504432, 43.8165221], [-79.1502629, 43.8162]]}}, {"type": "Feature", "properties": {"layer": "-1", "name": "Morningside Creek", "source": "CanVec 6.0 - NRCan", "tunnel": "culvert", "waterway": "stream", "_id": 1485836846}, "geometry": {"type": "LineString", "coordinates": [[-79.2089333, 43.8176389], [-79.2087419, 43.817345]]}}, {"type": "Feature", "properties": {"layer": "-1", "name": "Morningside Creek", "source": "CanVec 6.0 - NRCan", "tunnel": "culvert", "waterway": "stream", "_id": 1485876893}, "geometry": {"type": "LineString", "coordinates": [[-79.2466933, 43.8521389], [-79.2467245, 43.8520691]]}}, {"type": "Feature", "properties": {"layer": "-1", "tunnel": "culvert", "waterway": "stream", "_id": 1490390688}, "geometry": {"type": "LineString", "coordinates": [[-79.304465, 43.7038158], [-79.3059794, 43.7033112]]}}, {"type": "Feature", "properties": {"layer": "-1", "source": "CanVec 6.0 - NRCan", "tunnel": "culvert", "waterway": "stream", "_id": 1492214617}, "geometry": {"type": "LineString", "coordinates": [[-79.1343818, 43.8643774], [-79.1343271, 43.8643186]]}}, {"type": "Feature", "properties": {"layer": "-1", "source": "CanVec 6.0 - NRCan", "tunnel": "culvert", "waterway": "stream", "_id": 1492214619}, "geometry": {"type": "LineString", "coordinates": [[-79.1351557, 43.8648162], [-79.1349375, 43.8647964]]}}, {"type": "Feature", "properties": {"layer": "-1", "name": "Malvern Creek", "tunnel": "culvert", "waterway": "stream", "_id": 1493519304}, "geometry": {"type": "LineString", "coordinates": [[-79.2267403, 43.7945419], [-79.2265302, 43.7943445]]}}, {"type": "Feature", "properties": {"layer": "-1", "name": "Malvern Creek", "tunnel": "culvert", "waterway": "stream", "_id": 1493519306}, "geometry": {"type": "LineString", "coordinates": [[-79.2254969, 43.7933483], [-79.2252339, 43.7930764]]}}, {"type": "Feature", "properties": {"layer": "-1", "name": "Malvern Creek", "tunnel": "culvert", "waterway": "stream", "_id": 1494033671}, "geometry": {"type": "LineString", "coordinates": [[-79.2356671, 43.8015779], [-79.2354289, 43.8013905]]}}, {"type": "Feature", "properties": {"layer": "-1", "name": "Malvern Creek", "tunnel": "culvert", "waterway": "stream", "_id": 1494048107}, "geometry": {"type": "LineString", "coordinates": [[-79.2313759, 43.7982342], [-79.2311863, 43.7980871]]}}, {"type": "Feature", "properties": {"attribution": "Natural Resources Canada", "canvec:CODE": "1470171", "canvec:UUID": "0fa1c020f4654dea8bc701bcd7ae434f", "layer": "-1", "source": "CanVec_Import_2009", "tunnel": "culvert", "waterway": "stream", "_id": 1494300371}, "geometry": {"type": "LineString", "coordinates": [[-79.5952698, 43.8663378], [-79.5952681, 43.8662777]]}}, {"type": "Feature", "properties": {"layer": "-1", "name": "Cedar Brook", "source": "NRCan-CanVec-10.0", "tunnel": "culvert", "waterway": "stream", "_id": 1494357200}, "geometry": {"type": "LineString", "coordinates": [[-79.2306256, 43.7517653], [-79.2306504, 43.7519892]]}}, {"type": "Feature", "properties": {"intermittent": "yes", "layer": "-1", "tunnel": "culvert", "waterway": "stream", "_id": 1496668453}, "geometry": {"type": "LineString", "coordinates": [[-79.3641713, 43.6953885], [-79.3642301, 43.6953849]]}}, {"type": "Feature", "properties": {"layer": "-1", "note": "Unknown if this is intermittent, survey in dry season required. Unknown if it ends in culvert, not visible from path.", "tunnel": "culvert", "waterway": "stream", "_id": 1496668455}, "geometry": {"type": "LineString", "coordinates": [[-79.3636093, 43.6963267], [-79.3638976, 43.6959954]]}}, {"type": "Feature", "properties": {"layer": "-1", "note": "unknown if intermittent, survey in dry season required", "tunnel": "culvert", "waterway": "stream", "_id": 1496668457}, "geometry": {"type": "LineString", "coordinates": [[-79.3634431, 43.696855], [-79.363427, 43.6968211]]}}, {"type": "Feature", "properties": {"layer": "-1", "note": "unknown if intermittent, survey in dry season required", "tunnel": "culvert", "waterway": "stream", "_id": 1496668462}, "geometry": {"type": "LineString", "coordinates": [[-79.3605876, 43.6969831], [-79.3604159, 43.696969]]}}, {"type": "Feature", "properties": {"layer": "-1", "note": "unknown if intermittent, survey in dry season required", "tunnel": "culvert", "waterway": "stream", "_id": 1496668464}, "geometry": {"type": "LineString", "coordinates": [[-79.3592895, 43.6965109], [-79.3592417, 43.6964434]]}}, {"type": "Feature", "properties": {"layer": "-1", "note": "destination unknown. There's a ditch on northwest side of railway here", "tunnel": "culvert", "waterway": "stream", "_id": 1496668468}, "geometry": {"type": "LineString", "coordinates": [[-79.357381, 43.6969572], [-79.357347, 43.6969296]]}}, {"type": "Feature", "properties": {"layer": "-1", "tunnel": "yes", "waterway": "drain", "_id": 1498697531}, "geometry": {"type": "LineString", "coordinates": [[-79.3759994, 43.8462553], [-79.3753061, 43.8457563]]}}, {"type": "Feature", "properties": {"attribution": "Natural Resources Canada", "canvec:CODE": "1470171", "canvec:UUID": "0a86a712a1c641edad976f6564cbdbf1", "layer": "-1", "source": "CanVec_Import_2009", "tunnel": "culvert", "waterway": "stream", "_id": 1499892765}, "geometry": {"type": "LineString", "coordinates": [[-79.6428578, 43.8684585], [-79.6427697, 43.8683802]]}}, {"type": "Feature", "properties": {"name": "Burke Brook", "waterway": "stream", "_id": 1501214630}, "geometry": {"type": "LineString", "coordinates": [[-79.3871418, 43.7163299], [-79.3868686, 43.7158607], [-79.3867746, 43.7157559], [-79.3866876, 43.715692], [-79.3865987, 43.7156358], [-79.3864774, 43.7155981]]}}, {"type": "Feature", "properties": {"attribution": "Natural Resources Canada", "canvec:CODE": "1470171", "canvec:UUID": "d4b91c79959e4736a040286725203960", "layer": "-1", "source": "CanVec_Import_2009", "tunnel": "culvert", "waterway": "stream", "_id": 1507456485}, "geometry": {"type": "LineString", "coordinates": [[-79.6437172, 43.8523599], [-79.6438024, 43.8522476]]}}, {"type": "Feature", "properties": {"attribution": "Natural Resources Canada", "canvec:CODE": "1470171", "canvec:UUID": "d4b91c79959e4736a040286725203960", "layer": "-1", "source": "CanVec_Import_2009", "tunnel": "culvert", "waterway": "stream", "_id": 1507456487}, "geometry": {"type": "LineString", "coordinates": [[-79.6441155, 43.8520529], [-79.6442463, 43.8520223]]}}, {"type": "Feature", "properties": {"attribution": "Natural Resources Canada", "canvec:CODE": "1470171", "canvec:UUID": "d4b91c79959e4736a040286725203960", "layer": "-1", "source": "CanVec_Import_2009", "tunnel": "culvert", "waterway": "stream", "_id": 1507456488}, "geometry": {"type": "LineString", "coordinates": [[-79.6442641, 43.8520181], [-79.6443809, 43.8519618]]}}, {"type": "Feature", "properties": {"layer": "-1", "name": "Applewood Creek", "tunnel": "culvert", "waterway": "stream", "_id": 1513580959}, "geometry": {"type": "LineString", "coordinates": [[-79.5821893, 43.6043897], [-79.5821261, 43.6043467]]}}, {"type": "Feature", "properties": {"layer": "-1", "source": "CanVec 6.0 - NRCan", "tunnel": "culvert", "waterway": "stream", "_id": 1513729120}, "geometry": {"type": "LineString", "coordinates": [[-79.4975296, 43.7474216], [-79.4976292, 43.747302]]}}, {"type": "Feature", "properties": {"layer": "-1", "source": "CanVec 6.0 - NRCan", "tunnel": "culvert", "waterway": "stream", "_id": 1513729122}, "geometry": {"type": "LineString", "coordinates": [[-79.4975337, 43.7478292], [-79.497489, 43.7477622]]}}, {"type": "Feature", "properties": {"attribution": "Natural Resources Canada", "canvec:CODE": "1470171", "canvec:UUID": "aaa684cce00f439a982d982e8e462ad5", "layer": "-1", "source": "CanVec_Import_2009", "tunnel": "culvert", "waterway": "stream", "_id": 1515750563}, "geometry": {"type": "LineString", "coordinates": [[-79.5535399, 43.8198629], [-79.5534653, 43.8197798]]}}, {"type": "Feature", "properties": {"layer": "-1", "source": "NRCan-CanVec-10.0", "tunnel": "yes", "waterway": "stream", "_id": 1525710082}, "geometry": {"type": "LineString", "coordinates": [[-79.4918468, 43.8101981], [-79.4916995, 43.8100695]]}}, {"type": "Feature", "properties": {"layer": "-1", "source": "NRCan-CanVec-10.0", "tunnel": "yes", "waterway": "stream", "_id": 1525710083}, "geometry": {"type": "LineString", "coordinates": [[-79.4915933, 43.8098967], [-79.4915208, 43.8097176]]}}, {"type": "Feature", "properties": {"layer": "-1", "tunnel": "culvert", "waterway": "stream", "_id": 1528337855}, "geometry": {"type": "LineString", "coordinates": [[-79.2962393, 43.6979606], [-79.296251, 43.6978915]]}}, {"type": "Feature", "properties": {"attribution": "Natural Resources Canada", "canvec:CODE": "1470171", "canvec:UUID": "370d06c578c8418a8341cf63af9edd5f", "layer": "-1", "name": "Rainbow Creek", "source": "CanVec_Import_2009", "tunnel": "culvert", "waterway": "stream", "_id": 1530768990}, "geometry": {"type": "LineString", "coordinates": [[-79.6450426, 43.7897308], [-79.6450184, 43.789619]]}}, {"type": "Feature", "properties": {"layer": "-1", "name": "Adam's Creek", "tunnel": "culvert", "waterway": "stream", "_id": 1531298855}, "geometry": {"type": "LineString", "coordinates": [[-79.1484403, 43.7903644], [-79.1473487, 43.790594], [-79.1470573, 43.7900066], [-79.1468855, 43.7900422], [-79.1465699, 43.7900938]]}}, {"type": "Feature", "properties": {"intermittent": "no", "layer": "-1", "name": "Adam's Creek", "source": "CanVec 6.0 - NRCan", "tunnel": "culvert", "waterway": "stream", "_id": 1531417656}, "geometry": {"type": "LineString", "coordinates": [[-79.1457021, 43.7895633], [-79.1456687, 43.7895323]]}}, {"type": "Feature", "properties": {"intermittent": "no", "layer": "-1", "name": "Adam's Creek", "source": "CanVec 6.0 - NRCan", "tunnel": "culvert", "waterway": "stream", "_id": 1531417658}, "geometry": {"type": "LineString", "coordinates": [[-79.146387, 43.7900509], [-79.146361, 43.7900486], [-79.146336, 43.790048]]}}, {"type": "Feature", "properties": {"layer": "-1", "source": "CanVec 6.0 - NRCan", "tunnel": "culvert", "waterway": "stream", "_id": 1541277582}, "geometry": {"type": "LineString", "coordinates": [[-79.1825345, 43.8666712], [-79.1824939, 43.8666202]]}}, {"type": "Feature", "properties": {"layer": "-1", "tunnel": "culvert", "waterway": "drain", "_id": 1542783360}, "geometry": {"type": "LineString", "coordinates": [[-79.4276913, 43.6441826], [-79.4276766, 43.6441554]]}}, {"type": "Feature", "properties": {"layer": "-1", "tunnel": "culvert", "waterway": "stream", "_id": 1552574853}, "geometry": {"type": "LineString", "coordinates": [[-79.4872045, 43.69874], [-79.4874253, 43.6986407]]}}, {"type": "Feature", "properties": {"layer": "-1", "source": "NRCan-CanVec-10.0", "tunnel": "culvert", "waterway": "stream", "_id": 1553734193}, "geometry": {"type": "LineString", "coordinates": [[-79.30844, 43.7254866], [-79.3085464, 43.7254892]]}}, {"type": "Feature", "properties": {"attribution": "Natural Resources Canada", "canvec:CODE": "1470171", "canvec:UUID": "6e5bee8eb79a4aafab65742583e14cab", "layer": "-1", "source": "CanVec_Import_2009", "tunnel": "culvert", "waterway": "stream", "_id": 1557997047}, "geometry": {"type": "LineString", "coordinates": [[-79.5668428, 43.8650703], [-79.5667876, 43.865004]]}}, {"type": "Feature", "properties": {"layer": "-1", "tunnel": "culvert", "waterway": "stream", "_id": 1563148153}, "geometry": {"type": "LineString", "coordinates": [[-79.1388636, 43.7909329], [-79.1385851, 43.7902761]]}}]}