{"asof":"2026-10-10","week":"2026-10-12","feeds":{"go":{"asof":"2026-10-10","week":"2026-10-12","routes":37,"in":21}},"type":"FeatureCollection","features":[{"type":"Feature","properties":{"r":"7","n":"Bathurst","m":"bus","f":["freq"],"day":true,"h":9},"geometry":{"type":"MultiLineString","coordinates":[[[-79.44618,43.79016],[-79.4471,43.79018],[-79.44758,43.79201],[-79.44104,43.79345],[-79.44062,43.79246],[-79.44156,43.7921],[-79.44261,43.79131],[-79.4437,43.79091]],[[-79.44409,43.79082],[-79.44537,43.79082],[-79.44566,43.79019],[-79.44659,43.78895],[-79.44662,43.78811],[-79.44144,43.76769],[-79.43603,43.74528],[-79.43319,43.73408],[-79.4298,43.71925],[-79.4259,43.70333],[-79.4256,43.70111],[-79.41842,43.68349],[-79.41184,43.66678],[-79.41145,43.66687],[-79.41122,43.66671],[-79.41092,43.66584],[-79.41131,43.66573]]]}},{"type":"Feature","properties":{"r":"8","n":"Broadview","m":"bus","f":["reg"],"day":true,"h":20},"geometry":{"type":"MultiLineString","coordinates":[[[-79.35782,43.67715],[-79.35852,43.67662],[-79.35883,43.67677],[-79.35656,43.6852],[-79.35487,43.68954],[-79.35585,43.69194],[-79.35573,43.69215],[-79.34334,43.6946],[-79.34284,43.6949],[-79.3196,43.69984],[-79.3189,43.70023],[-79.31563,43.70277],[-79.31352,43.7046],[-79.31284,43.7054],[-79.29739,43.70885],[-79.29599,43.70878],[-79.29288,43.70938],[-79.27838,43.71266]]]}},{"type":"Feature","properties":{"r":"9","n":"Bellamy","m":"bus","f":["reg"],"day":true,"h":21},"geometry":{"type":"MultiLineString","coordinates":[[[-79.25754,43.77437],[-79.25871,43.77411],[-79.25898,43.77428],[-79.25658,43.77488],[-79.25518,43.77495],[-79.25257,43.77543],[-79.25223,43.77457],[-79.25042,43.77501],[-79.25024,43.77527],[-79.25052,43.77666],[-79.24878,43.77707],[-79.2478,43.77748],[-79.24692,43.7781],[-79.24537,43.77964],[-79.24481,43.77993],[-79.24383,43.78015],[-79.2421,43.77575],[-79.24135,43.77292],[-79.23525,43.75771],[-79.23522,43.75641],[-79.22931,43.74238],[-79.2326,43.7416],[-79.23204,43.74025],[-79.23835,43.73885],[-79.23726,43.73665],[-79.2324,43.72515],[-79.23601,43.72203],[-79.25129,43.71876],[-79.2647,43.71578],[-79.27111,43.71415],[-79.28155,43.71192]]]}},{"type":"Feature","properties":{"r":"10","n":"Van Horne","m":"bus","f":["reg"],"day":true,"h":null},"geometry":{"type":"MultiLineString","coordinates":[[[-79.35303,43.78676],[-79.35303,43.78648],[-79.35347,43.78551],[-79.3535,43.78511],[-79.35244,43.78309],[-79.3519,43.78119],[-79.35113,43.78052],[-79.34967,43.77999],[-79.3492,43.77966]],[[-79.34684,43.77563],[-79.34699,43.77603],[-79.3468,43.77622],[-79.34687,43.77647],[-79.34715,43.77659],[-79.34763,43.77651],[-79.34873,43.77908],[-79.34882,43.77987],[-79.34827,43.78131],[-79.34843,43.78199],[-79.35,43.78376],[-79.35094,43.78575],[-79.35243,43.7867],[-79.35302,43.78734],[-79.35016,43.78796],[-79.34882,43.78798],[-79.34752,43.78764],[-79.34507,43.78651],[-79.34365,43.78632],[-79.34077,43.7867],[-79.32957,43.78924],[-79.32792,43.78572],[-79.33337,43.78451],[-79.33501,43.78802]],[[-79.34643,43.77606],[-79.34518,43.77606],[-79.34504,43.77592],[-79.34645,43.77555]]]}},{"type":"Feature","properties":{"r":"11","n":"Bayview","m":"bus","f":["reg"],"day":true,"h":10},"geometry":{"type":"MultiLineString","coordinates":[[[-79.39737,43.80333],[-79.39759,43.80411],[-79.39714,43.8042],[-79.39635,43.80345],[-79.39598,43.80257],[-79.39359,43.79229],[-79.39191,43.78386],[-79.38804,43.76658],[-79.38691,43.76236],[-79.38582,43.75622],[-79.38257,43.74005],[-79.3811,43.73199],[-79.38134,43.73064],[-79.38218,43.72757],[-79.38164,43.72663],[-79.381,43.72607],[-79.38023,43.72564],[-79.37982,43.72509],[-79.37893,43.72097],[-79.3781,43.7212],[-79.37769,43.7217],[-79.37526,43.72218],[-79.37512,43.72231],[-79.37537,43.72268],[-79.37805,43.72213],[-79.37787,43.72158],[-79.37796,43.72134],[-79.37817,43.72116],[-79.37893,43.72097],[-79.37808,43.71671],[-79.37715,43.71103],[-79.37412,43.70299],[-79.39707,43.69819],[-79.39678,43.69746]],[[-79.38149,43.72709],[-79.38163,43.72761],[-79.38156,43.72854]],[[-79.37821,43.7225],[-79.37876,43.72379],[-79.37912,43.72374]]]}},{"type":"Feature","properties":{"r":"12","n":"Kingston Rd","m":"bus","f":["reg"],"day":true,"h":11},"geometry":{"type":"MultiLineString","coordinates":[[[-79.28806,43.69308],[-79.28853,43.69444],[-79.28956,43.69423],[-79.28405,43.6808],[-79.28306,43.68093],[-79.28141,43.68142],[-79.27855,43.68254],[-79.26829,43.6895],[-79.26394,43.69193],[-79.26233,43.69305],[-79.264,43.69699],[-79.25829,43.69914],[-79.25507,43.70096],[-79.25445,43.70145],[-79.25306,43.70328],[-79.25277,43.70395],[-79.25129,43.70634],[-79.24819,43.71112],[-79.24697,43.7124],[-79.24036,43.71823],[-79.24807,43.73669],[-79.25594,43.73499],[-79.2567,43.73504],[-79.25759,43.73488],[-79.25833,43.73462],[-79.2585,43.73445],[-79.26605,43.73267],[-79.26609,43.73294],[-79.26593,43.73308],[-79.2634,43.73348],[-79.26301,43.73254],[-79.26392,43.73224]],[[-79.28447,43.68078],[-79.28505,43.68071],[-79.28535,43.6814],[-79.28477,43.68151]],[[-79.26201,43.69332],[-79.2576,43.69669],[-79.25627,43.6981],[-79.25467,43.70077]],[[-79.25392,43.70273],[-79.25497,43.70198],[-79.25646,43.70063]],[[-79.24004,43.71849],[-79.22617,43.73054],[-79.21029,43.74501],[-79.18686,43.77061],[-79.18913,43.77579],[-79.18987,43.7771],[-79.19334,43.78534],[-79.18831,43.78658],[-79.19103,43.78807],[-79.19436,43.78928]],[[-79.19415,43.78878],[-79.19369,43.7877],[-79.19353,43.78569]]]}},{"type":"Feature","properties":{"r":"13","n":"Avenue Rd","m":"bus","f":["reg"],"day":true,"h":23},"geometry":{"type":"MultiLineString","coordinates":[[[-79.40376,43.69798],[-79.40616,43.69878],[-79.40852,43.7046],[-79.40651,43.70502]],[[-79.39851,43.70472],[-79.39864,43.70526],[-79.39879,43.70539],[-79.40007,43.70568],[-79.40027,43.70634],[-79.40612,43.7051],[-79.40302,43.69734],[-79.40239,43.69549],[-79.40231,43.69488],[-79.40112,43.69175],[-79.40124,43.69141],[-79.40157,43.69107],[-79.403,43.69078],[-79.40307,43.69063],[-79.39314,43.66636],[-79.39323,43.66594],[-79.39383,43.66531],[-79.39384,43.6648],[-79.39309,43.66276],[-79.39204,43.66112],[-79.39154,43.66076],[-79.39096,43.66058],[-79.39061,43.66065],[-79.39019,43.66101]],[[-79.38999,43.66136],[-79.38989,43.6617],[-79.39139,43.66548],[-79.39192,43.66594],[-79.39279,43.66609]],[[-79.39065,43.66023],[-79.38895,43.65634],[-79.38587,43.65698]],[[-79.38604,43.65735],[-79.3864,43.65817],[-79.38907,43.65761]]]}},{"type":"Feature","properties":{"r":"14","n":"Glencairn","m":"bus","f":["reg"],"day":true,"h":27},"geometry":{"type":"MultiLineString","coordinates":[[[-79.46479,43.70464],[-79.45446,43.70695],[-79.45317,43.70697],[-79.42813,43.71232],[-79.42636,43.70519],[-79.42397,43.70567],[-79.42374,43.70517],[-79.42325,43.70472],[-79.42022,43.70376],[-79.41917,43.70358],[-79.41737,43.70271],[-79.41503,43.70182],[-79.40366,43.69794],[-79.40221,43.69788],[-79.3998,43.69815],[-79.39858,43.69793],[-79.39707,43.69819],[-79.39678,43.69746]],[[-79.46068,43.70515],[-79.46022,43.70412],[-79.4645,43.70322],[-79.46471,43.70425]]]}},{"type":"Feature","properties":{"r":"15","n":"Evans","m":"bus","f":["reg"],"day":true,"h":25},"geometry":{"type":"MultiLineString","coordinates":[[[-79.51103,43.6483],[-79.51107,43.64812],[-79.51163,43.64799],[-79.50871,43.64072],[-79.50868,43.63973],[-79.5085,43.63895],[-79.50824,43.63844],[-79.50741,43.63757],[-79.50704,43.63694],[-79.50262,43.62633],[-79.50112,43.62304],[-79.50039,43.62101],[-79.50939,43.61903],[-79.51189,43.61825],[-79.51414,43.61801],[-79.52295,43.6161],[-79.52747,43.61551],[-79.55625,43.60902],[-79.55865,43.60834],[-79.55934,43.60898],[-79.56026,43.60941],[-79.55973,43.60993],[-79.5589,43.60983],[-79.55762,43.60998]]]}},{"type":"Feature","properties":{"r":"16","n":"McCowan","m":"bus","f":["reg"],"day":true,"h":10},"geometry":{"type":"MultiLineString","coordinates":[[[-79.28049,43.71076],[-79.28099,43.71204],[-79.2715,43.71408]],[[-79.25754,43.77437],[-79.25871,43.77411],[-79.25898,43.77428],[-79.25658,43.77488],[-79.25518,43.77495],[-79.25257,43.77543],[-79.25167,43.77313],[-79.25149,43.77213],[-79.25075,43.77004],[-79.24562,43.75686],[-79.24539,43.75526],[-79.24437,43.75271],[-79.24459,43.74577],[-79.24475,43.74435],[-79.24536,43.74195],[-79.24558,43.73838],[-79.24615,43.73709],[-79.24737,43.73517],[-79.24864,43.73334],[-79.25159,43.7296],[-79.25395,43.72482],[-79.25875,43.71878],[-79.25991,43.71684],[-79.2647,43.71578],[-79.27111,43.71415],[-79.26813,43.707],[-79.26997,43.70394],[-79.27273,43.70018],[-79.27579,43.69953],[-79.28034,43.71039]]]}},{"type":"Feature","properties":{"r":"17","n":"Birchmount","m":"bus","f":["reg"],"day":true,"h":17},"geometry":{"type":"MultiLineString","coordinates":[[[-79.32519,43.82123],[-79.32516,43.82109],[-79.32477,43.82083],[-79.32442,43.81962],[-79.31691,43.82138],[-79.30799,43.80172],[-79.30671,43.80033],[-79.30625,43.79966],[-79.29897,43.7827],[-79.2975,43.78002],[-79.29142,43.76575],[-79.29127,43.76513],[-79.29151,43.76407],[-79.29135,43.76342],[-79.27843,43.73177],[-79.27744,43.72859],[-79.27181,43.7156],[-79.27085,43.71367],[-79.26813,43.707],[-79.26997,43.70394],[-79.27273,43.70018],[-79.2758,43.69954],[-79.28034,43.71039]],[[-79.32399,43.85631],[-79.32535,43.85623],[-79.3259,43.85756],[-79.32453,43.85787],[-79.32399,43.85631]],[[-79.32399,43.85631],[-79.32389,43.85479],[-79.32419,43.85404],[-79.32513,43.8525],[-79.32531,43.85153],[-79.32523,43.85064],[-79.32476,43.84938],[-79.32071,43.84067],[-79.31959,43.83756],[-79.31929,43.83415],[-79.3173,43.82849],[-79.31732,43.82793],[-79.31812,43.82462],[-79.31804,43.824],[-79.31707,43.82175]],[[-79.31493,43.8161],[-79.31651,43.81571],[-79.31724,43.81575],[-79.31776,43.81596],[-79.31801,43.81625],[-79.31807,43.81657],[-79.31764,43.81788],[-79.31759,43.81847],[-79.31804,43.81964],[-79.31834,43.81994],[-79.31887,43.82012],[-79.32015,43.81994],[-79.32026,43.82018]],[[-79.28049,43.71076],[-79.28099,43.71204],[-79.2715,43.71408]]]}},{"type":"Feature","properties":{"r":"18","n":"Caledonia","m":"bus","f":["reg"],"day":true,"h":18},"geometry":{"type":"MultiLineString","coordinates":[[[-79.45678,43.7237],[-79.45739,43.72356],[-79.45748,43.72337],[-79.45734,43.72319],[-79.45677,43.72324],[-79.45617,43.72046],[-79.46778,43.71785]],[[-79.44863,43.72574],[-79.44827,43.72488],[-79.45529,43.72337],[-79.45554,43.72399],[-79.45638,43.72393],[-79.45681,43.72418],[-79.45708,43.72467],[-79.45769,43.7272],[-79.45964,43.72681],[-79.46085,43.72613],[-79.46987,43.72411],[-79.46763,43.71573],[-79.46581,43.70824],[-79.46464,43.70411],[-79.46436,43.70192],[-79.46312,43.69675],[-79.46324,43.69606],[-79.46215,43.69314],[-79.46221,43.69303],[-79.46326,43.69278],[-79.46486,43.69208],[-79.46515,43.69216]],[[-79.4632,43.6932],[-79.46384,43.69471],[-79.46319,43.69486]],[[-79.4573,43.72728],[-79.45613,43.72776],[-79.45218,43.72862],[-79.45152,43.72854],[-79.44945,43.72757],[-79.44877,43.72611]]]}},{"type":"Feature","properties":{"r":"19","n":"Bay","m":"bus","f":["reg"],"day":true,"h":25},"geometry":{"type":"MultiLineString","coordinates":[[[-79.40206,43.67547],[-79.40258,43.6758],[-79.40054,43.67637],[-79.39989,43.67494],[-79.39983,43.67437],[-79.39833,43.67437],[-79.39392,43.67518],[-79.39153,43.67391],[-79.39082,43.67319],[-79.3908,43.6728],[-79.38637,43.66246],[-79.38607,43.66138],[-79.38232,43.65214],[-79.3817,43.65189],[-79.38154,43.6517],[-79.38027,43.64864],[-79.37792,43.64915],[-79.37697,43.64688],[-79.37754,43.64647],[-79.37847,43.6461]],[[-79.40024,43.67444],[-79.40073,43.67461],[-79.40173,43.67525]],[[-79.37886,43.64603],[-79.37912,43.64598],[-79.38009,43.64827]]]}},{"type":"Feature","properties":{"r":"20","n":"Cliffside","m":"bus","f":["reg"],"day":true,"h":19},"geometry":{"type":"MultiLineString","coordinates":[[[-79.30195,43.68915],[-79.30129,43.68932],[-79.30101,43.68916],[-79.30113,43.68898],[-79.302,43.6887],[-79.30182,43.68814],[-79.27895,43.6933],[-79.26374,43.69644],[-79.26447,43.69817],[-79.26342,43.6984],[-79.26417,43.70016],[-79.25794,43.7016],[-79.25574,43.70251],[-79.25869,43.70966],[-79.25423,43.71065],[-79.25377,43.71088],[-79.25319,43.71088],[-79.2485,43.71193],[-79.25121,43.71858],[-79.25809,43.73452],[-79.26605,43.73267],[-79.26609,43.73294],[-79.26593,43.73308],[-79.2634,43.73348],[-79.26295,43.73239],[-79.26419,43.73199],[-79.26413,43.73181],[-79.2643,43.73148],[-79.26277,43.7313],[-79.26261,43.73139],[-79.26298,43.73208],[-79.26373,43.73188]]]}},{"type":"Feature","properties":{"r":"21","n":"Brimley","m":"bus","f":["reg"],"day":true,"h":17},"geometry":{"type":"MultiLineString","coordinates":[[[-79.28686,43.82947],[-79.2872,43.82942],[-79.28719,43.82769],[-79.28701,43.82707],[-79.27724,43.80537],[-79.27688,43.80488],[-79.27606,43.80431],[-79.27574,43.80386],[-79.2693,43.78906],[-79.26754,43.78635],[-79.26241,43.77333],[-79.26112,43.77361],[-79.25835,43.7745],[-79.25613,43.77492],[-79.2562,43.77469],[-79.25712,43.77444],[-79.25871,43.77411],[-79.25898,43.77428],[-79.26241,43.77333],[-79.26155,43.7711],[-79.26098,43.76887],[-79.25593,43.75591],[-79.25535,43.75352],[-79.24883,43.73788],[-79.24807,43.73669],[-79.25588,43.735],[-79.25685,43.73516],[-79.25763,43.73505],[-79.25821,43.73487],[-79.25862,43.73443],[-79.26605,43.73267],[-79.2661,43.73289],[-79.26593,43.73308],[-79.26529,43.7331],[-79.26345,43.73349],[-79.26328,43.73337],[-79.26295,43.73239],[-79.26419,43.73199],[-79.26413,43.73181],[-79.2643,43.73148],[-79.26265,43.73132],[-79.26292,43.73205],[-79.2631,43.73208]]]}},{"type":"Feature","properties":{"r":"22","n":"Coxwell","m":"bus","f":["freq"],"day":true,"h":10},"geometry":{"type":"MultiLineString","coordinates":[[[-79.32321,43.68412],[-79.32311,43.68434],[-79.32396,43.68416],[-79.31659,43.66635],[-79.31258,43.66724],[-79.31262,43.66671]],[[-79.31287,43.6664],[-79.31308,43.66622],[-79.3162,43.66549],[-79.3164,43.66598]]]}},{"type":"Feature","properties":{"r":"23","n":"Dawes","m":"bus","f":["reg"],"day":true,"h":10},"geometry":{"type":"MultiLineString","coordinates":[[[-79.30561,43.7046],[-79.30655,43.70532],[-79.30713,43.70666],[-79.29709,43.70888],[-79.29599,43.70878],[-79.29509,43.70675],[-79.29536,43.70662],[-79.29548,43.70605],[-79.29671,43.70391],[-79.2969,43.70302],[-79.29707,43.6978],[-79.29746,43.69567],[-79.29677,43.6893],[-79.30183,43.68814],[-79.30226,43.68908],[-79.30161,43.68924]],[[-79.29583,43.70631],[-79.2968,43.7061],[-79.29981,43.70418],[-79.30102,43.70398],[-79.30189,43.70333],[-79.30471,43.70265],[-79.3054,43.70426]]]}},{"type":"Feature","properties":{"r":"24","n":"Victoria Park","m":"bus","f":["freq"],"day":true,"h":7},"geometry":{"type":"MultiLineString","coordinates":[[[-79.3451,43.77583],[-79.34658,43.77552],[-79.34684,43.77563],[-79.34699,43.77603],[-79.34673,43.77623],[-79.34591,43.77605],[-79.34397,43.77637],[-79.34372,43.77583],[-79.3414,43.77621],[-79.33122,43.77509],[-79.33149,43.77421],[-79.33205,43.77367],[-79.33249,43.77371],[-79.33622,43.77289],[-79.33569,43.77163],[-79.33459,43.77054],[-79.33146,43.77119],[-79.33113,43.7706],[-79.33058,43.7704],[-79.32505,43.77084],[-79.32397,43.77149],[-79.32192,43.77186]],[[-79.34149,43.81668],[-79.34154,43.81679],[-79.34182,43.81679],[-79.33511,43.80137],[-79.3314,43.7931],[-79.32005,43.76897],[-79.31561,43.75876],[-79.30934,43.74091],[-79.29597,43.70877],[-79.29221,43.7001],[-79.29076,43.69722],[-79.289,43.69287],[-79.28806,43.69308],[-79.28853,43.69444],[-79.28956,43.69423]]]}},{"type":"Feature","properties":{"r":"25","n":"Don Mills","m":"bus","f":["freq"],"day":true,"h":3},"geometry":{"type":"MultiLineString","coordinates":[[[-79.3593,43.80921],[-79.35999,43.80983],[-79.36077,43.81118],[-79.35754,43.81191],[-79.35669,43.80989],[-79.35783,43.80962]],[[-79.34748,43.77612],[-79.34645,43.77349],[-79.3463,43.77227],[-79.34722,43.76227],[-79.34698,43.75368],[-79.3473,43.75182],[-79.34724,43.75102],[-79.34669,43.74959],[-79.34444,43.74084],[-79.33862,43.71947],[-79.33438,43.70999],[-79.33508,43.70982],[-79.3363,43.70929],[-79.34814,43.70635],[-79.34912,43.70571],[-79.35165,43.70327],[-79.35276,43.70202],[-79.35283,43.70191],[-79.35205,43.7015],[-79.35147,43.70096],[-79.34925,43.6972],[-79.34926,43.69705],[-79.34944,43.69676],[-79.35104,43.69537],[-79.35028,43.69324],[-79.35585,43.69208],[-79.35488,43.68955],[-79.35658,43.68521],[-79.35752,43.68194],[-79.35865,43.67752],[-79.35796,43.67743],[-79.35782,43.67731],[-79.35787,43.67706],[-79.35828,43.67681]],[[-79.35818,43.80942],[-79.359,43.80894],[-79.35492,43.8052],[-79.35362,43.80339],[-79.35333,43.80242],[-79.35343,43.80155],[-79.35517,43.79658],[-79.35528,43.79559],[-79.35512,43.79422],[-79.35412,43.79015],[-79.35302,43.78734],[-79.35303,43.78648],[-79.3535,43.78539],[-79.35343,43.78484],[-79.35244,43.78309],[-79.35204,43.78148],[-79.35181,43.78106],[-79.35113,43.78052],[-79.34929,43.77977],[-79.34873,43.77908],[-79.34763,43.77651],[-79.34701,43.77658],[-79.3468,43.77622],[-79.34605,43.77597]],[[-79.34881,43.77982],[-79.34827,43.78131],[-79.34843,43.78199],[-79.35,43.78376],[-79.35094,43.78575],[-79.35262,43.78691]],[[-79.34565,43.77601],[-79.34518,43.77606],[-79.34504,43.77592],[-79.34578,43.77567]]]}},{"type":"Feature","properties":{"r":"26","n":"Dupont","m":"bus","f":["reg"],"day":true,"h":27},"geometry":{"type":"MultiLineString","coordinates":[[[-79.48444,43.64989],[-79.48317,43.65018],[-79.48296,43.64968],[-79.48447,43.64932],[-79.48811,43.65826],[-79.47521,43.66111],[-79.47319,43.66204],[-79.46505,43.6638],[-79.46259,43.66346],[-79.45944,43.66413],[-79.45877,43.66448],[-79.45777,43.66426],[-79.45548,43.66484],[-79.44417,43.66721],[-79.44331,43.66787],[-79.43994,43.66848],[-79.43842,43.66853],[-79.42978,43.67028],[-79.42901,43.67003],[-79.40973,43.67412],[-79.40879,43.6745],[-79.40258,43.6758],[-79.40054,43.67637],[-79.39989,43.67494],[-79.39983,43.67437],[-79.39827,43.67056],[-79.39829,43.6702],[-79.3979,43.66922],[-79.39854,43.66909],[-79.3983,43.66865],[-79.39772,43.6688]]]}},{"type":"Feature","properties":{"r":"27","n":"Jane South","m":"bus","f":["reg"],"day":true,"h":10},"geometry":{"type":"MultiLineString","coordinates":[[[-79.48661,43.68863],[-79.48807,43.68834],[-79.48907,43.68891],[-79.48885,43.689],[-79.48794,43.68863],[-79.48645,43.68886],[-79.48626,43.68872],[-79.48644,43.68807],[-79.48597,43.68732],[-79.48558,43.6871],[-79.48514,43.68704],[-79.4847,43.68714],[-79.48443,43.68739],[-79.48459,43.68798],[-79.48828,43.68726],[-79.49375,43.68596],[-79.49882,43.68448],[-79.49756,43.68058],[-79.49177,43.66718],[-79.48468,43.64982],[-79.48318,43.65019]],[[-79.48303,43.64982],[-79.48297,43.64969],[-79.48448,43.64933],[-79.48453,43.64945]]]}},{"type":"Feature","properties":{"r":"28","n":"Bayview South","m":"bus","f":["reg"],"day":true,"h":27},"geometry":{"type":"MultiLineString","coordinates":[[[-79.39707,43.69819],[-79.39678,43.69746],[-79.39646,43.69737],[-79.39663,43.6983],[-79.3964,43.69836],[-79.37412,43.70299],[-79.37143,43.69611],[-79.37113,43.69597],[-79.37007,43.69614],[-79.3697,43.69608],[-79.36653,43.69419],[-79.36322,43.69338],[-79.36256,43.69299],[-79.3621,43.69243],[-79.36193,43.69174],[-79.36205,43.69108],[-79.36239,43.69056],[-79.36352,43.68944],[-79.36376,43.6888],[-79.36357,43.68791],[-79.36259,43.68608],[-79.3625,43.68574],[-79.36257,43.68516],[-79.36304,43.68445],[-79.36354,43.68444],[-79.36506,43.68371]],[[-79.36544,43.68383],[-79.36629,43.68372],[-79.36595,43.68291],[-79.36513,43.68332]]]}},{"type":"Feature","properties":{"r":"29","n":"Dufferin","m":"bus","f":["freq"],"day":true,"h":8},"geometry":{"type":"MultiLineString","coordinates":[[[-79.45089,43.73415],[-79.45117,43.73499],[-79.45096,43.73504],[-79.45062,43.73423],[-79.45173,43.73397],[-79.45176,43.73361],[-79.45891,43.73208],[-79.45707,43.72474],[-79.45077,43.69632],[-79.45066,43.69602],[-79.45027,43.69568],[-79.44275,43.67713],[-79.43535,43.65988],[-79.42579,43.63488],[-79.42691,43.63463],[-79.42682,43.63439],[-79.42664,43.63428],[-79.42576,43.63445]],[[-79.42552,43.63413],[-79.42487,43.63266],[-79.42311,43.63298],[-79.42216,43.63267],[-79.42213,43.63297],[-79.42162,43.63387],[-79.42054,43.63483],[-79.41277,43.63692],[-79.41237,43.63691],[-79.41178,43.63657],[-79.4105,43.63613],[-79.4103,43.63598],[-79.41007,43.63533],[-79.40992,43.63535],[-79.40989,43.63548],[-79.41005,43.63555]]]}},{"type":"Feature","properties":{"r":"30","n":"High Park North","m":"bus","f":["reg"],"day":true,"h":25},"geometry":{"type":"MultiLineString","coordinates":[[[-79.48239,43.66583],[-79.48268,43.66586],[-79.48271,43.66562],[-79.47039,43.66548],[-79.46558,43.65422],[-79.46627,43.65406],[-79.46688,43.65411],[-79.46695,43.65396],[-79.46558,43.65422]]]}},{"type":"Feature","properties":{"r":"31","n":"Greenwood","m":"bus","f":["reg"],"day":true,"h":15},"geometry":{"type":"MultiLineString","coordinates":[[[-79.33042,43.68249],[-79.33051,43.68276],[-79.3301,43.68284],[-79.32977,43.68205],[-79.33237,43.68148],[-79.32529,43.66439],[-79.33021,43.66323],[-79.32946,43.66154],[-79.31984,43.66373],[-79.31792,43.6651],[-79.31309,43.66622],[-79.3127,43.66656],[-79.31259,43.66724],[-79.31214,43.66817],[-79.31146,43.66795]]]}},{"type":"Feature","properties":{"r":"32","n":"Eglinton West","m":"bus","f":["freq"],"day":true,"h":9},"geometry":{"type":"MultiLineString","coordinates":[[[-79.58999,43.66403],[-79.59298,43.66127],[-79.59328,43.66133],[-79.59318,43.66155],[-79.59268,43.66152],[-79.58999,43.66403],[-79.58879,43.66496],[-79.58783,43.66685],[-79.58764,43.66693],[-79.58696,43.66677],[-79.58666,43.66688],[-79.58594,43.66844],[-79.58467,43.66947],[-79.58476,43.66945],[-79.5814,43.67026],[-79.57762,43.67057],[-79.57209,43.67156],[-79.57075,43.67207],[-79.56789,43.67357],[-79.56735,43.67399],[-79.56439,43.67423],[-79.56131,43.67478],[-79.53901,43.67983],[-79.52961,43.68174],[-79.52806,43.68193],[-79.52287,43.68313],[-79.5207,43.68337],[-79.51405,43.68353],[-79.50696,43.68466],[-79.50529,43.68457],[-79.50272,43.68404],[-79.50089,43.68403],[-79.49792,43.68467],[-79.49374,43.68595],[-79.48827,43.68725],[-79.48459,43.68798],[-79.48443,43.68739],[-79.48476,43.68712],[-79.48521,43.68704],[-79.48582,43.68721],[-79.48621,43.68764],[-79.48707,43.68746],[-79.48621,43.68764],[-79.48645,43.68812],[-79.48642,43.68859],[-79.48807,43.68834],[-79.48907,43.68891],[-79.48885,43.689],[-79.48794,43.68863],[-79.48676,43.68887]],[[-79.58599,43.66898],[-79.58667,43.6686],[-79.58752,43.66782],[-79.58773,43.66732]]]}},{"type":"Feature","properties":{"r":"33","n":"Forest Hill","m":"bus","f":["reg"],"day":true,"h":23},"geometry":{"type":"MultiLineString","coordinates":[[[-79.42314,43.70151],[-79.42556,43.70099],[-79.42572,43.70248],[-79.42636,43.70519],[-79.42397,43.70567],[-79.42374,43.70517],[-79.42325,43.70472],[-79.42022,43.70376],[-79.41917,43.70358],[-79.41737,43.70271],[-79.4191,43.70235],[-79.41791,43.70113],[-79.41266,43.68866],[-79.41256,43.6881],[-79.41116,43.68462],[-79.41559,43.68369],[-79.41593,43.68464],[-79.41521,43.68479],[-79.41503,43.68442]],[[-79.41949,43.70227],[-79.42275,43.70158]]]}},{"type":"Feature","properties":{"r":"34","n":"Eglinton","m":"bus","f":["reg"],"day":true,"h":18},"geometry":{"type":"MultiLineString","coordinates":[[[-79.489,43.68881],[-79.48906,43.68894],[-79.48887,43.68901],[-79.48791,43.68863],[-79.48645,43.68886],[-79.48626,43.68872],[-79.48645,43.68812],[-79.48611,43.68745],[-79.48558,43.6871],[-79.48498,43.68706],[-79.48465,43.68718],[-79.48441,43.68744],[-79.48459,43.68798],[-79.46944,43.69143],[-79.46786,43.69171],[-79.46538,43.69194],[-79.46422,43.6923],[-79.46305,43.69284],[-79.43631,43.69871],[-79.43659,43.69952],[-79.43653,43.69968],[-79.43629,43.69978],[-79.43587,43.69964],[-79.43558,43.69887],[-79.40027,43.70634],[-79.40007,43.70568],[-79.39937,43.70539],[-79.39924,43.70484],[-79.39906,43.70466],[-79.3986,43.7046],[-79.39851,43.70472],[-79.39864,43.70526],[-79.39888,43.70542],[-79.40007,43.70568],[-79.40027,43.70634],[-79.35416,43.7158],[-79.33034,43.72309],[-79.3195,43.7259],[-79.31779,43.72621],[-79.31554,43.72625],[-79.30541,43.7248],[-79.30383,43.72468],[-79.30197,43.72473],[-79.2994,43.7252],[-79.27595,43.73036],[-79.26683,43.73247],[-79.26618,43.73223],[-79.2659,43.73225],[-79.26519,43.73263],[-79.26319,43.73308],[-79.26301,43.73264],[-79.26308,43.73249]],[[-79.26338,43.73345],[-79.26593,43.73308],[-79.26649,43.73296],[-79.26659,43.73281]]]}},{"type":"Feature","properties":{"r":"35","n":"Jane","m":"bus","f":["freq"],"day":true,"h":8},"geometry":{"type":"MultiLineString","coordinates":[[[-79.52651,43.77347],[-79.52683,43.7743],[-79.52213,43.77533]],[[-79.52183,43.77315],[-79.52285,43.77299],[-79.52503,43.77338],[-79.52784,43.77277],[-79.52885,43.77238],[-79.52942,43.77195],[-79.52988,43.77131],[-79.53004,43.76952],[-79.52979,43.76911],[-79.52884,43.76829],[-79.52818,43.76569],[-79.52672,43.76424],[-79.52616,43.76206],[-79.5256,43.76141],[-79.52509,43.76122],[-79.52441,43.76116],[-79.52338,43.76139],[-79.52272,43.76175],[-79.52194,43.76187],[-79.52142,43.76183],[-79.5206,43.76143],[-79.51919,43.76187]],[[-79.51092,43.77734],[-79.51067,43.77676],[-79.51,43.77692]],[[-79.50964,43.7771],[-79.50836,43.77683],[-79.50896,43.7782],[-79.51701,43.77636],[-79.52174,43.77547],[-79.52164,43.77408],[-79.51773,43.75723],[-79.51322,43.73939],[-79.51224,43.73593],[-79.50775,43.71738],[-79.50238,43.69759],[-79.50038,43.68928],[-79.49882,43.68448],[-79.49375,43.68596],[-79.48828,43.68726],[-79.48459,43.68798],[-79.48443,43.68739],[-79.4849,43.68707],[-79.48558,43.6871],[-79.48614,43.68749],[-79.48644,43.68807],[-79.48643,43.6886],[-79.48807,43.68834],[-79.48907,43.68891],[-79.48885,43.689],[-79.48794,43.68863],[-79.48676,43.68887]]]}},{"type":"Feature","properties":{"r":"36","n":"Finch West","m":"bus","f":["freq"],"day":true,"h":5},"geometry":{"type":"MultiLineString","coordinates":[[[-79.49098,43.7659],[-79.49072,43.76476],[-79.49093,43.76452],[-79.49073,43.76441],[-79.49057,43.76456],[-79.49072,43.76476],[-79.49098,43.7659],[-79.48937,43.76634],[-79.48884,43.765],[-79.48848,43.76469],[-79.48828,43.76409],[-79.46072,43.77025],[-79.44531,43.77351],[-79.44104,43.7741],[-79.41454,43.77999],[-79.41497,43.78062],[-79.41531,43.78173],[-79.41501,43.78167],[-79.41446,43.78021]]]}},{"type":"Feature","properties":{"r":"37","n":"Islington","m":"bus","f":["freq"],"day":true,"h":9},"geometry":{"type":"MultiLineString","coordinates":[[[-79.60573,43.72893],[-79.60435,43.72842],[-79.60413,43.72873],[-79.6055,43.72926],[-79.60492,43.73011],[-79.60794,43.73121],[-79.60915,43.73219],[-79.6102,43.73168],[-79.611,43.73153],[-79.61354,43.73221],[-79.6142,43.7322],[-79.61582,43.73185],[-79.61637,43.73187],[-79.61703,43.73208],[-79.61792,43.73278],[-79.61815,43.73313],[-79.61822,43.73355],[-79.61868,43.73351],[-79.61946,43.73322],[-79.61995,43.73261],[-79.61964,43.73017],[-79.61986,43.7292],[-79.62061,43.72837],[-79.62181,43.72745],[-79.62216,43.7268],[-79.62222,43.72617],[-79.62189,43.72554],[-79.62135,43.72497],[-79.62153,43.72481],[-79.62149,43.72465],[-79.62131,43.72455],[-79.62107,43.72462],[-79.62051,43.72399],[-79.61993,43.72365],[-79.6191,43.72349],[-79.61535,43.72391],[-79.61446,43.72364],[-79.61348,43.72308],[-79.61302,43.72255],[-79.6128,43.72102],[-79.61259,43.7204],[-79.61123,43.72061],[-79.60986,43.72056],[-79.60346,43.71916],[-79.60346,43.71688],[-79.60357,43.71604],[-79.60334,43.7159],[-79.6032,43.71602],[-79.60346,43.71688],[-79.60352,43.71886],[-79.60304,43.72024],[-79.60335,43.7217],[-79.6033,43.722],[-79.60307,43.72237],[-79.60271,43.7226],[-79.60045,43.72305],[-79.59874,43.72273],[-79.59637,43.72275],[-79.59537,43.72226],[-79.59496,43.72169],[-79.59358,43.71852],[-79.59269,43.71747],[-79.59261,43.71652],[-79.57055,43.71139],[-79.56912,43.7113],[-79.56791,43.7114],[-79.55968,43.71331],[-79.55975,43.71392],[-79.55873,43.71619],[-79.55838,43.71637],[-79.55597,43.71694],[-79.55337,43.71139],[-79.55247,43.70973],[-79.54286,43.68861],[-79.53983,43.68158],[-79.53126,43.66262],[-79.52381,43.6455],[-79.52096,43.64616],[-79.5196,43.64618],[-79.51923,43.64599],[-79.51898,43.64567],[-79.52453,43.6444],[-79.52463,43.64447],[-79.52371,43.64467],[-79.52373,43.64489],[-79.52475,43.64474]],[[-79.57638,43.76435],[-79.57656,43.76424],[-79.57634,43.76399],[-79.57486,43.76434],[-79.56935,43.75657],[-79.56903,43.75571],[-79.56802,43.75059],[-79.56799,43.7499],[-79.56839,43.74837],[-79.56861,43.74624],[-79.56856,43.74516],[-79.56802,43.74309],[-79.56074,43.72702],[-79.55616,43.71731]]]}},{"type":"Feature","properties":{"r":"38","n":"Highland Creek","m":"bus","f":["reg"],"day":true,"h":8},"geometry":{"type":"MultiLineString","coordinates":[[[-79.26343,43.7314],[-79.26277,43.7313],[-79.26261,43.73139],[-79.26282,43.73179]],[[-79.2631,43.73208],[-79.26373,43.73188],[-79.26383,43.73144],[-79.2643,43.73148],[-79.26413,43.73185],[-79.26455,43.73277],[-79.26325,43.73307],[-79.26319,43.73317],[-79.26339,43.73347],[-79.26326,43.73368],[-79.27001,43.74958],[-79.27045,43.75164],[-79.27616,43.76645],[-79.27642,43.76653],[-79.27667,43.76696],[-79.27708,43.76689],[-79.27693,43.76655],[-79.27706,43.76636],[-79.27912,43.76589],[-79.27937,43.76616],[-79.26133,43.77007],[-79.26156,43.77111],[-79.26243,43.77334],[-79.26113,43.77361],[-79.25728,43.77475],[-79.25518,43.77495],[-79.25257,43.77543],[-79.25167,43.77313],[-79.25149,43.77213],[-79.22334,43.77828],[-79.1883,43.78657],[-79.18146,43.78341],[-79.17294,43.78187],[-79.16873,43.78453],[-79.16636,43.78269],[-79.1633,43.78457],[-79.16237,43.78493],[-79.1409,43.78965],[-79.13666,43.77959],[-79.13088,43.78086],[-79.13,43.78076]],[[-79.18526,43.78468],[-79.18557,43.78435],[-79.18552,43.78418],[-79.18527,43.78419],[-79.18497,43.78454]]]}},{"type":"Feature","properties":{"r":"39","n":"Finch East","m":"bus","f":["freq"],"day":true,"h":7},"geometry":{"type":"MultiLineString","coordinates":[[[-79.41516,43.78107],[-79.41533,43.78161],[-79.41521,43.78175],[-79.41501,43.78167],[-79.41445,43.78035],[-79.41459,43.78016],[-79.41454,43.77998],[-79.36951,43.78998],[-79.36625,43.79013],[-79.35283,43.79302],[-79.34365,43.79514],[-79.34153,43.79517],[-79.33968,43.79478],[-79.33802,43.79409],[-79.33596,43.79303],[-79.335,43.79275],[-79.33359,43.79271],[-79.33196,43.79295],[-79.30803,43.79848],[-79.28548,43.80392],[-79.22128,43.81765],[-79.22088,43.81873],[-79.22106,43.81969],[-79.21801,43.81996],[-79.21506,43.81876],[-79.2147,43.81907],[-79.20193,43.82205],[-79.20156,43.82146],[-79.20155,43.82085],[-79.20069,43.8196],[-79.20256,43.81927],[-79.20371,43.81923],[-79.20524,43.81889],[-79.20573,43.81999]],[[-79.22613,43.81212],[-79.22674,43.81197],[-79.22745,43.81212],[-79.22786,43.81249],[-79.22837,43.81347],[-79.22912,43.81379],[-79.23156,43.81335],[-79.23218,43.81486]],[[-79.22743,43.8159],[-79.22573,43.81221]]]}},{"type":"Feature","properties":{"r":"40","n":"Junction-Dundas West","m":"bus","f":["reg"],"day":true,"h":11},"geometry":{"type":"MultiLineString","coordinates":[[[-79.53626,43.63716],[-79.53464,43.63851],[-79.53444,43.63874],[-79.53455,43.63891],[-79.53391,43.63942],[-79.53407,43.63993],[-79.53461,43.63993],[-79.53482,43.64044],[-79.53289,43.641],[-79.5323,43.64149],[-79.53218,43.64205],[-79.53241,43.64264],[-79.53349,43.64356],[-79.53055,43.64677],[-79.52841,43.64531],[-79.52806,43.64525],[-79.52764,43.64541],[-79.52551,43.6472],[-79.52875,43.64877],[-79.52209,43.65612],[-79.5215,43.65645],[-79.5163,43.6583],[-79.50756,43.66177],[-79.50181,43.66476],[-79.49956,43.66545],[-79.49699,43.66577],[-79.48256,43.66562]],[[-79.49177,43.66718],[-79.48356,43.66899],[-79.48211,43.66558],[-79.46229,43.6654],[-79.46133,43.66525],[-79.45898,43.66458],[-79.45643,43.66305],[-79.45383,43.66026],[-79.45307,43.65852],[-79.45261,43.65688],[-79.45358,43.65671],[-79.45384,43.6568],[-79.45298,43.65705]]]}},{"type":"Feature","properties":{"r":"41","n":"Keele","m":"bus","f":["reg"],"day":true,"h":10},"geometry":{"type":"MultiLineString","coordinates":[[[-79.50964,43.7771],[-79.50838,43.77683],[-79.50826,43.77648],[-79.51034,43.77602],[-79.51011,43.7755],[-79.51043,43.77533],[-79.51033,43.77508],[-79.50981,43.7751],[-79.50936,43.7755],[-79.50899,43.77563],[-79.50642,43.77619],[-79.50536,43.7771],[-79.50459,43.77739],[-79.50361,43.77736],[-79.50289,43.77768],[-79.50233,43.77775],[-79.50151,43.7774],[-79.50094,43.77684],[-79.49894,43.77255],[-79.49831,43.77089],[-79.50249,43.77001],[-79.50103,43.76658],[-79.50141,43.76545],[-79.50133,43.76481],[-79.49464,43.76623],[-79.49396,43.76652],[-79.49312,43.76712],[-79.49205,43.76731],[-79.48876,43.75451],[-79.48217,43.72727],[-79.48171,43.72521],[-79.48143,43.72324],[-79.48072,43.72051],[-79.47444,43.69275],[-79.47425,43.69179],[-79.47542,43.69085],[-79.4716,43.68214],[-79.47675,43.68161],[-79.47407,43.6789],[-79.47071,43.67627],[-79.47016,43.67564],[-79.46928,43.67404],[-79.46788,43.67307],[-79.46149,43.65831],[-79.4604,43.65555],[-79.45939,43.65576],[-79.45932,43.65543]],[[-79.46724,43.67261],[-79.46305,43.67354],[-79.46406,43.67708],[-79.46546,43.67958],[-79.46767,43.68189],[-79.46915,43.68232],[-79.4712,43.68217]]]}},{"type":"Feature","properties":{"r":"42","n":"Cummer","m":"bus","f":["reg"],"day":true,"h":14},"geometry":{"type":"MultiLineString","coordinates":[[[-79.41563,43.78173],[-79.41525,43.78184],[-79.41501,43.78167],[-79.41481,43.78119]],[[-79.41485,43.78038],[-79.41509,43.78091],[-79.41581,43.7808],[-79.41734,43.78706],[-79.3952,43.79189],[-79.392,43.79277],[-79.38155,43.79503],[-79.38092,43.79533],[-79.38029,43.79583],[-79.37843,43.79802],[-79.37781,43.79829],[-79.37551,43.79884],[-79.3729,43.79986],[-79.37145,43.80104],[-79.36979,43.8016],[-79.36898,43.80261],[-79.3685,43.80284],[-79.36618,43.80337],[-79.36562,43.80336],[-79.36401,43.80264],[-79.36004,43.79958],[-79.35946,43.79925],[-79.35872,43.7992],[-79.35599,43.79977],[-79.35295,43.79959],[-79.34953,43.80047],[-79.34901,43.80085],[-79.34808,43.80191],[-79.3465,43.80276],[-79.34286,43.80316],[-79.3398,43.80382],[-79.33713,43.80389],[-79.33493,43.80435],[-79.33244,43.80388],[-79.33167,43.8039],[-79.3084,43.8093],[-79.30542,43.81041],[-79.30473,43.81078],[-79.30398,43.8114],[-79.30304,43.81184],[-79.29174,43.81469],[-79.2907,43.8148],[-79.28905,43.81418],[-79.28833,43.81409],[-79.28477,43.81472],[-79.28242,43.81555],[-79.27601,43.81705],[-79.26391,43.81964],[-79.26148,43.82028],[-79.2604,43.82071],[-79.25917,43.82152],[-79.26005,43.82249],[-79.26143,43.82561],[-79.26155,43.82613],[-79.26138,43.8269],[-79.26187,43.82809],[-79.25345,43.82993],[-79.25309,43.82913],[-79.25265,43.82854],[-79.25155,43.82594],[-79.25165,43.8239],[-79.25143,43.82328]],[[-79.25183,43.8232],[-79.25821,43.82193],[-79.2588,43.82168]]]}},{"type":"Feature","properties":{"r":"43","n":"Kennedy","m":"bus","f":["freq"],"day":true,"h":6},"geometry":{"type":"MultiLineString","coordinates":[[[-79.3049,43.8188],[-79.30705,43.82368],[-79.29771,43.82585]],[[-79.29732,43.82594],[-79.29492,43.8207],[-79.30474,43.81844],[-79.29744,43.80228],[-79.29707,43.8017],[-79.29598,43.80062],[-79.29548,43.7999],[-79.2892,43.78518],[-79.2886,43.78386],[-79.28772,43.78238],[-79.28684,43.78042],[-79.28151,43.76758],[-79.28086,43.76495],[-79.27568,43.75172],[-79.27441,43.74788],[-79.26792,43.73219],[-79.26605,43.73267],[-79.26571,43.73238],[-79.26519,43.73263],[-79.26319,43.73308],[-79.26295,43.73239],[-79.26419,43.73199],[-79.26413,43.73181],[-79.2643,43.73148],[-79.26265,43.73132],[-79.26292,43.73205]],[[-79.25754,43.77437],[-79.25871,43.77411],[-79.25898,43.77428],[-79.26241,43.77333],[-79.26317,43.77527],[-79.26584,43.77471],[-79.26763,43.7741],[-79.27438,43.77264],[-79.27545,43.77219],[-79.27703,43.77096],[-79.2779,43.77047],[-79.28187,43.76949]],[[-79.26338,43.73345],[-79.26597,43.73306]],[[-79.25734,43.77472],[-79.25613,43.77492],[-79.2562,43.77469],[-79.25715,43.77446]]]}},{"type":"Feature","properties":{"r":"44","n":"Kipling South","m":"bus","f":["freq"],"day":true,"h":7},"geometry":{"type":"MultiLineString","coordinates":[[[-79.53632,43.63712],[-79.53446,43.63868],[-79.5349,43.63944],[-79.5352,43.63969],[-79.53499,43.63988],[-79.5347,43.63976],[-79.53426,43.63908],[-79.5334,43.63678],[-79.53273,43.63552],[-79.52884,43.6263],[-79.52827,43.62445],[-79.52611,43.61955],[-79.52555,43.61727],[-79.52395,43.61489],[-79.51552,43.59488],[-79.51556,43.59451],[-79.5169,43.5942],[-79.51692,43.59398]]]}},{"type":"Feature","properties":{"r":"45","n":"Kipling","m":"bus","f":["reg"],"day":true,"h":10},"geometry":{"type":"MultiLineString","coordinates":[[[-79.58995,43.76075],[-79.59009,43.76083],[-79.59041,43.76074],[-79.58834,43.75623],[-79.58039,43.73972],[-79.56852,43.71556],[-79.56143,43.70063],[-79.5606,43.69851],[-79.5567,43.69011],[-79.54665,43.66765],[-79.53535,43.64179],[-79.53462,43.63996],[-79.5352,43.6397],[-79.53454,43.63891],[-79.53637,43.63735],[-79.53661,43.6373],[-79.53663,43.63713],[-79.53626,43.63716],[-79.53464,43.63851]]]}},{"type":"Feature","properties":{"r":"46","n":"Martin Grove","m":"bus","f":["reg"],"day":true,"h":18},"geometry":{"type":"MultiLineString","coordinates":[[[-79.60834,43.75666],[-79.60827,43.75647],[-79.60798,43.75652],[-79.60774,43.75688],[-79.60337,43.75785],[-79.60076,43.75506],[-79.60004,43.75402],[-79.58941,43.73201],[-79.585,43.72217],[-79.57152,43.6929],[-79.57057,43.69105],[-79.55948,43.66631],[-79.55859,43.66645],[-79.55591,43.66611],[-79.55445,43.66627],[-79.55335,43.66675],[-79.55237,43.66753],[-79.55189,43.66721],[-79.55139,43.66665],[-79.55085,43.66542],[-79.55105,43.66489],[-79.54813,43.66273],[-79.54654,43.65908],[-79.54322,43.65985],[-79.53461,43.63993],[-79.5352,43.6397],[-79.53455,43.63891],[-79.53661,43.63731],[-79.53663,43.63713],[-79.53626,43.63716],[-79.53449,43.63866]]]}},{"type":"Feature","properties":{"r":"47","n":"Lansdowne","m":"bus","f":["freq"],"day":true,"h":3},"geometry":{"type":"MultiLineString","coordinates":[[[-79.46568,43.69209],[-79.46575,43.69188],[-79.46507,43.69202],[-79.46326,43.69278],[-79.4622,43.69302],[-79.45476,43.67535],[-79.45059,43.6763],[-79.44908,43.67266],[-79.44855,43.6724],[-79.44827,43.67134],[-79.44498,43.66294],[-79.44421,43.66215],[-79.44303,43.65922]],[[-79.44289,43.65885],[-79.44272,43.65796],[-79.43999,43.651],[-79.43912,43.64796],[-79.43914,43.64696],[-79.43682,43.64099]],[[-79.43667,43.64062],[-79.43791,43.64032],[-79.43874,43.64245],[-79.43789,43.64263]]]}},{"type":"Feature","properties":{"r":"48","n":"Rathburn","m":"bus","f":["reg"],"day":true,"h":23},"geometry":{"type":"MultiLineString","coordinates":[[[-79.59051,43.64527],[-79.59052,43.64512],[-79.59034,43.64511],[-79.59002,43.64552],[-79.58097,43.65104],[-79.54322,43.65985],[-79.53118,43.6624],[-79.53202,43.66428],[-79.5302,43.6647],[-79.52944,43.66476],[-79.52863,43.66464],[-79.52416,43.66315],[-79.52287,43.6632],[-79.52231,43.6635],[-79.52156,43.66418],[-79.52045,43.66559],[-79.51964,43.66595],[-79.51174,43.64825],[-79.51116,43.64836],[-79.51101,43.64827]]]}},{"type":"Feature","properties":{"r":"49","n":"Bloor West","m":"bus","f":["reg"],"day":true,"h":30},"geometry":{"type":"MultiLineString","coordinates":[[[-79.57982,43.62928],[-79.5802,43.62956],[-79.5815,43.63012],[-79.58198,43.6305],[-79.58249,43.63135],[-79.58278,43.63279],[-79.58275,43.63326],[-79.58258,43.63361],[-79.58146,43.63482],[-79.58073,43.63594],[-79.58027,43.63635],[-79.5769,43.63397],[-79.57628,43.63343],[-79.57515,43.63203],[-79.57303,43.63293],[-79.5696,43.6339],[-79.54062,43.64064],[-79.54025,43.64004],[-79.53914,43.63895],[-79.53759,43.63831],[-79.53655,43.63709],[-79.53626,43.63716],[-79.53464,43.63851]],[[-79.57552,43.63185],[-79.57776,43.63076],[-79.5795,43.62951]]]}},{"type":"Feature","properties":{"r":"50","n":"Burnhamthorpe","m":"bus","f":["reg"],"day":true,"h":21},"geometry":{"type":"MultiLineString","coordinates":[[[-79.58291,43.64056],[-79.58308,43.64024],[-79.57705,43.64236],[-79.5741,43.64294],[-79.564,43.64537],[-79.53939,43.65097],[-79.53319,43.65028],[-79.53207,43.64965],[-79.53151,43.64948],[-79.53092,43.64948],[-79.53009,43.64911],[-79.52901,43.64889],[-79.52688,43.64788],[-79.52508,43.64838],[-79.52381,43.6455],[-79.52096,43.64616],[-79.5196,43.64618],[-79.51923,43.64599],[-79.51898,43.64567],[-79.52453,43.6444],[-79.52463,43.64447],[-79.5238,43.64466],[-79.52381,43.64487],[-79.52475,43.64474]],[[-79.52487,43.64692],[-79.52639,43.64765]],[[-79.52411,43.64716],[-79.52406,43.64726],[-79.52466,43.64842]]]}},{"type":"Feature","properties":{"r":"51","n":"Leslie","m":"bus","f":["reg"],"day":true,"h":12},"geometry":{"type":"MultiLineString","coordinates":[[[-79.36772,43.77032],[-79.36796,43.77076],[-79.36787,43.77089],[-79.36736,43.77085],[-79.36621,43.76932],[-79.36487,43.76944],[-79.36475,43.77001],[-79.36357,43.76997],[-79.36358,43.76944],[-79.36428,43.76942],[-79.36429,43.76863],[-79.36376,43.76737],[-79.36234,43.76557],[-79.36199,43.76477],[-79.36188,43.76136],[-79.35997,43.75295],[-79.35688,43.73831],[-79.35535,43.73196],[-79.35501,43.73121],[-79.3543,43.73031],[-79.35195,43.72786],[-79.34959,43.72581],[-79.34897,43.72474],[-79.34882,43.72383],[-79.349,43.72271],[-79.35041,43.71865],[-79.35038,43.71794],[-79.34998,43.7171],[-79.35417,43.71581],[-79.36479,43.71356],[-79.36081,43.70363],[-79.36026,43.70285],[-79.35948,43.70231],[-79.35839,43.70191],[-79.35702,43.70183],[-79.35397,43.70205],[-79.35283,43.70191],[-79.35205,43.7015],[-79.35147,43.70096],[-79.34925,43.6972],[-79.34581,43.69627],[-79.34347,43.69546],[-79.34325,43.69514],[-79.33746,43.68081],[-79.33782,43.68082]],[[-79.36423,43.77039],[-79.36416,43.77166],[-79.36607,43.77146],[-79.36621,43.77177],[-79.36648,43.77185],[-79.36746,43.77161],[-79.36752,43.77126]],[[-79.34113,43.73833],[-79.34004,43.73433],[-79.33998,43.73355],[-79.34022,43.7331],[-79.34062,43.73273],[-79.34386,43.73173],[-79.34479,43.73168],[-79.34543,43.73191],[-79.34814,43.73437],[-79.34818,43.73461],[-79.34803,43.73492],[-79.34642,43.73583],[-79.34637,43.73611],[-79.34655,43.73651],[-79.35558,43.73462]],[[-79.3467,43.73689],[-79.34714,43.73802],[-79.34714,43.73836],[-79.3462,43.74039],[-79.34592,43.7406],[-79.34367,43.74096],[-79.34322,43.74092],[-79.34147,43.73934],[-79.34128,43.7387]]]}},{"type":"Feature","properties":{"r":"52","n":"Lawrence West","m":"bus","f":["freq"],"day":true,"h":4},"geometry":{"type":"MultiLineString","coordinates":[[[-79.645,43.70871],[-79.64562,43.70888],[-79.64621,43.70875],[-79.64725,43.70787]],[[-79.6405,43.72189],[-79.64098,43.72142],[-79.64121,43.72157],[-79.6419,43.72109],[-79.6447,43.71847],[-79.64804,43.71162],[-79.65042,43.70961],[-79.64952,43.70908],[-79.64615,43.70654],[-79.64438,43.70546],[-79.64321,43.70414],[-79.6241,43.69014],[-79.61227,43.68645],[-79.60911,43.68583],[-79.60731,43.68588]],[[-79.61007,43.68543],[-79.61041,43.68555],[-79.61165,43.68541],[-79.61353,43.68577],[-79.61822,43.68727],[-79.62068,43.68785],[-79.62099,43.68775],[-79.6211,43.68739]],[[-79.62095,43.68702],[-79.62056,43.68652],[-79.61941,43.68593],[-79.61852,43.6857],[-79.61673,43.6858],[-79.61394,43.6849],[-79.60912,43.6851],[-79.60594,43.68481],[-79.60564,43.68466],[-79.6055,43.68442],[-79.6055,43.68395],[-79.60582,43.68377],[-79.60775,43.68376],[-79.60692,43.68566],[-79.60691,43.68591],[-79.59944,43.68655],[-79.59356,43.68678],[-79.59115,43.68701],[-79.58597,43.68812],[-79.57514,43.6907],[-79.56399,43.69302],[-79.54515,43.69742],[-79.52765,43.70119],[-79.52709,43.7012],[-79.52648,43.70097],[-79.52328,43.69817],[-79.51988,43.69928],[-79.51619,43.70015],[-79.50498,43.70276],[-79.50199,43.70318],[-79.48243,43.70753],[-79.47892,43.70834],[-79.47635,43.70933],[-79.45681,43.71366],[-79.45474,43.71408],[-79.45242,43.71432],[-79.40356,43.72483],[-79.40321,43.7249],[-79.40317,43.72463],[-79.40297,43.72453],[-79.40245,43.72461],[-79.40225,43.7248],[-79.40253,43.72597]],[[-79.61526,43.68491],[-79.61535,43.68464],[-79.61512,43.684],[-79.61272,43.6822]],[[-79.61237,43.68201],[-79.61162,43.68187],[-79.61092,43.68196],[-79.61047,43.68216],[-79.60966,43.68284],[-79.60957,43.68467]],[[-79.60521,43.68565],[-79.60658,43.68544]],[[-79.60522,43.68364],[-79.60487,43.68348],[-79.60238,43.6848],[-79.60204,43.68516],[-79.60217,43.68556],[-79.60283,43.68586]],[[-79.56755,43.68325],[-79.56975,43.68275],[-79.57017,43.68361],[-79.57108,43.68461],[-79.57141,43.68535],[-79.57139,43.686],[-79.57055,43.68734],[-79.56916,43.68778],[-79.56879,43.68696]],[[-79.56863,43.6866],[-79.56715,43.68333],[-79.55892,43.68521],[-79.5579,43.68535],[-79.55584,43.68539],[-79.55496,43.68555],[-79.55362,43.68594],[-79.55018,43.68728],[-79.54915,43.68754],[-79.54703,43.688],[-79.54471,43.68816],[-79.54155,43.68892],[-79.53677,43.69078],[-79.5361,43.69124],[-79.53488,43.69353],[-79.53476,43.69413],[-79.53483,43.69496],[-79.5343,43.69555],[-79.53344,43.69598],[-79.52377,43.69806]],[[-79.44339,43.71585],[-79.44344,43.71566],[-79.44468,43.71544],[-79.44475,43.71555]]]}},{"type":"Feature","properties":{"r":"53","n":"Steeles East","m":"bus","f":["freq"],"day":true,"h":6},"geometry":{"type":"MultiLineString","coordinates":[[[-79.41501,43.78167],[-79.41445,43.78035],[-79.41459,43.78016],[-79.41475,43.78018],[-79.41509,43.78091],[-79.41564,43.78082],[-79.41604,43.78251],[-79.41624,43.78261],[-79.41724,43.78664],[-79.41714,43.78677],[-79.41725,43.78743],[-79.41744,43.78748],[-79.4188,43.79296],[-79.41889,43.79416],[-79.41912,43.79429],[-79.42007,43.79799],[-79.35755,43.81188],[-79.24848,43.83723],[-79.24573,43.83163],[-79.24102,43.83266],[-79.24197,43.83505]],[[-79.24808,43.83732],[-79.23193,43.84114],[-79.23229,43.83892],[-79.23145,43.83639],[-79.23094,43.83537],[-79.2305,43.835],[-79.22801,43.83454],[-79.22704,43.83402],[-79.22563,43.83412],[-79.22479,43.83299],[-79.22211,43.82704],[-79.22078,43.82625],[-79.21979,43.82424],[-79.21864,43.82326],[-79.22102,43.8206],[-79.22107,43.8197],[-79.22168,43.81964]],[[-79.24214,43.83541],[-79.24338,43.83802]],[[-79.22208,43.81963],[-79.22277,43.81961],[-79.22432,43.82001],[-79.22679,43.82108],[-79.23007,43.82299],[-79.23147,43.82415],[-79.2325,43.82618],[-79.23326,43.82669],[-79.23465,43.82731],[-79.23356,43.8286],[-79.23383,43.82923],[-79.23053,43.82996],[-79.22994,43.82983],[-79.22927,43.82935],[-79.22857,43.82928],[-79.22776,43.82939],[-79.22405,43.83038]]]}},{"type":"Feature","properties":{"r":"54","n":"Lawrence East","m":"bus","f":["freq"],"day":true,"h":7},"geometry":{"type":"MultiLineString","coordinates":[[[-79.3378,43.72151],[-79.33786,43.7214],[-79.33765,43.72124],[-79.33649,43.72168],[-79.3366,43.72203],[-79.33636,43.72266],[-79.33649,43.72348],[-79.33961,43.72302],[-79.34345,43.73717],[-79.33228,43.73946],[-79.32567,43.74066],[-79.31144,43.7418],[-79.28484,43.74752],[-79.27252,43.75],[-79.27233,43.74968],[-79.27093,43.75004],[-79.2705,43.74986],[-79.27039,43.74996],[-79.27045,43.75042],[-79.27051,43.7506],[-79.2707,43.75068],[-79.27112,43.75057],[-79.2709,43.75016],[-79.27104,43.74997],[-79.27233,43.74968],[-79.27252,43.75],[-79.24676,43.75526],[-79.21105,43.76287],[-79.13667,43.7796],[-79.13086,43.78085],[-79.13005,43.78074],[-79.12993,43.7809],[-79.13012,43.78104],[-79.12972,43.78125],[-79.12272,43.78887],[-79.12307,43.78889],[-79.12301,43.78849],[-79.1231,43.78838]],[[-79.18627,43.76881],[-79.18686,43.77061],[-79.18503,43.77261],[-79.18409,43.77208],[-79.183,43.76954]]]}},{"type":"Feature","properties":{"r":"55","n":"Warren Park","m":"bus","f":["reg"],"day":true,"h":30},"geometry":{"type":"MultiLineString","coordinates":[[[-79.50289,43.66267],[-79.50228,43.66272],[-79.50196,43.66244],[-79.50016,43.66158],[-79.49954,43.66215],[-79.49765,43.66097],[-79.49498,43.66302],[-79.49462,43.66255],[-79.49452,43.66178],[-79.49422,43.66123],[-79.49422,43.66093],[-79.49461,43.66026],[-79.49551,43.65969],[-79.49954,43.66215],[-79.50016,43.66158],[-79.50211,43.66252],[-79.50228,43.66272],[-79.50289,43.66267],[-79.50349,43.66293],[-79.50209,43.66438],[-79.50137,43.66461],[-79.50149,43.66488],[-79.49955,43.66544],[-79.49698,43.66576],[-79.49118,43.66573],[-79.48467,43.64982],[-79.48444,43.64989]],[[-79.48405,43.64998],[-79.48317,43.65018],[-79.48296,43.64968],[-79.48447,43.64932],[-79.48452,43.64945]]]}},{"type":"Feature","properties":{"r":"57","n":"Midland","m":"bus","f":["reg"],"day":true,"h":11},"geometry":{"type":"MultiLineString","coordinates":[[[-79.30371,43.82199],[-79.30344,43.82203],[-79.3036,43.82217],[-79.30438,43.82232],[-79.30492,43.82279],[-79.30509,43.82415],[-79.29732,43.82594],[-79.28879,43.80704],[-79.28836,43.80639],[-79.28681,43.80475],[-79.28628,43.80374],[-79.28083,43.79093],[-79.27836,43.78481],[-79.27696,43.78265],[-79.27297,43.77296],[-79.27137,43.76893],[-79.27084,43.76666],[-79.2657,43.75349],[-79.26445,43.74969],[-79.25809,43.73452],[-79.26605,43.73267],[-79.2661,43.73289],[-79.26593,43.73308],[-79.26529,43.7331],[-79.26345,43.73349],[-79.26328,43.73337],[-79.26295,43.73239],[-79.26419,43.73199],[-79.26413,43.73181],[-79.2643,43.73148],[-79.26265,43.73132],[-79.26292,43.73205],[-79.2631,43.73208]]]}},{"type":"Feature","properties":{"r":"59","n":"Maple Leaf","m":"bus","f":["reg"],"day":true,"h":23},"geometry":{"type":"MultiLineString","coordinates":[[[-79.53293,43.7079],[-79.53362,43.70778],[-79.53304,43.7067],[-79.53276,43.7065],[-79.53238,43.70628],[-79.53122,43.70602],[-79.52995,43.70543],[-79.52544,43.703],[-79.52509,43.70329],[-79.52053,43.70544],[-79.51717,43.70621],[-79.5165,43.70676],[-79.50556,43.70924],[-79.50151,43.70998],[-79.49565,43.71128],[-79.49431,43.7114],[-79.49014,43.71235],[-79.48986,43.71167],[-79.48951,43.70989],[-79.4881,43.70746],[-79.48723,43.70526],[-79.48717,43.70447],[-79.48636,43.70254],[-79.48606,43.70206],[-79.48512,43.7013],[-79.48401,43.69883],[-79.48385,43.69776],[-79.48329,43.69789],[-79.48244,43.69844],[-79.48191,43.69861],[-79.48152,43.69868],[-79.48078,43.69858],[-79.4797,43.69882],[-79.47841,43.69875],[-79.46885,43.70106],[-79.4694,43.70264],[-79.47001,43.70342],[-79.47063,43.70508],[-79.47138,43.7075],[-79.47083,43.70777],[-79.4719,43.7103],[-79.45553,43.71394],[-79.45242,43.71432],[-79.44376,43.71619],[-79.44337,43.71601],[-79.44344,43.71566],[-79.44439,43.71548]],[[-79.53254,43.70799],[-79.51343,43.71229],[-79.51242,43.71182],[-79.511,43.71093],[-79.50931,43.71044],[-79.50867,43.70894]]]}},{"type":"Feature","properties":{"r":"60","n":"Steeles West","m":"bus","f":["freq"],"day":true,"h":9},"geometry":{"type":"MultiLineString","coordinates":[[[-79.60833,43.75655],[-79.60797,43.75659],[-79.60774,43.75689],[-79.59607,43.7595],[-79.59495,43.75959],[-79.59147,43.75933],[-79.58819,43.75995],[-79.58486,43.76013],[-79.58335,43.76041],[-79.5814,43.76127],[-79.57857,43.76328],[-79.577,43.76386],[-79.56478,43.76655],[-79.52345,43.77499],[-79.52057,43.77575],[-79.51701,43.77636],[-79.50935,43.77811]],[[-79.50883,43.77658],[-79.51001,43.77698],[-79.50996,43.77714],[-79.50979,43.77717],[-79.50836,43.77683],[-79.50896,43.7782],[-79.47009,43.78728],[-79.45303,43.79081],[-79.42008,43.798],[-79.416,43.78164],[-79.41525,43.78184],[-79.41501,43.78167],[-79.41446,43.78021],[-79.41475,43.78018],[-79.41508,43.78087]]]}},{"type":"Feature","properties":{"r":"61","n":"Avenue Rd North","m":"bus","f":["reg"],"day":true,"h":17},"geometry":{"type":"MultiLineString","coordinates":[[[-79.42426,43.74347],[-79.42428,43.74366],[-79.4248,43.74357],[-79.42313,43.74257],[-79.42254,43.74194],[-79.4203,43.73701],[-79.41949,43.73324],[-79.41923,43.73119],[-79.41552,43.72203],[-79.41451,43.71793],[-79.41228,43.71594],[-79.41211,43.71565],[-79.41167,43.71176],[-79.41026,43.70817],[-79.40968,43.70582],[-79.4088,43.70519],[-79.4085,43.70459],[-79.40027,43.70634],[-79.40007,43.70568],[-79.39937,43.70539],[-79.39924,43.70484],[-79.39906,43.70466],[-79.3986,43.7046],[-79.39851,43.70472],[-79.39864,43.70526],[-79.39879,43.70539],[-79.40007,43.70568]]]}},{"type":"Feature","properties":{"r":"62","n":"Mortimer","m":"bus","f":["reg"],"day":true,"h":23},"geometry":{"type":"MultiLineString","coordinates":[[[-79.35782,43.67715],[-79.35852,43.67662],[-79.35885,43.67677],[-79.35695,43.68393],[-79.34691,43.68587],[-79.34577,43.68631],[-79.34155,43.68717],[-79.34026,43.68763],[-79.32351,43.69125],[-79.32201,43.69114],[-79.31623,43.6924],[-79.31585,43.6928],[-79.31428,43.69314],[-79.31366,43.69313],[-79.30603,43.69493],[-79.30451,43.69145],[-79.3034,43.6917],[-79.30226,43.68908],[-79.30129,43.68932],[-79.30104,43.68921]]]}},{"type":"Feature","properties":{"r":"63","n":"Ossington","m":"bus","f":["freq"],"day":true,"h":3},"geometry":{"type":"MultiLineString","coordinates":[[[-79.43659,43.69952],[-79.43644,43.69974],[-79.43596,43.69972],[-79.43564,43.69906],[-79.43572,43.69883],[-79.44278,43.69729],[-79.43965,43.6899],[-79.43911,43.68816],[-79.43568,43.67959],[-79.4359,43.67954],[-79.43377,43.6744],[-79.43097,43.67471],[-79.42609,43.66301],[-79.42723,43.66277],[-79.42712,43.66247]],[[-79.42674,43.66233],[-79.42585,43.66246],[-79.42017,43.64783],[-79.41888,43.64419],[-79.41629,43.64472],[-79.41501,43.64143],[-79.41196,43.64203],[-79.41086,43.63928],[-79.41532,43.63839],[-79.41806,43.63879],[-79.42056,43.6383],[-79.42128,43.64017]],[[-79.42088,43.64025],[-79.41541,43.64135]]]}},{"type":"Feature","properties":{"r":"64","n":"Main","m":"bus","f":["freq"],"day":true,"h":10},"geometry":{"type":"MultiLineString","coordinates":[[[-79.30101,43.68916],[-79.30113,43.68898],[-79.30211,43.68873],[-79.30039,43.68482],[-79.30015,43.68383],[-79.29885,43.68074],[-79.29837,43.68043],[-79.29807,43.68004],[-79.2981,43.67897],[-79.29793,43.6788],[-79.29684,43.67619],[-79.29684,43.6758],[-79.29622,43.6742],[-79.29704,43.67402],[-79.29575,43.67094]],[[-79.29615,43.67086],[-79.29687,43.67071],[-79.29817,43.67378],[-79.29743,43.67394]]]}},{"type":"Feature","properties":{"r":"65","n":"Parliament","m":"bus","f":["reg"],"day":true,"h":12},"geometry":{"type":"MultiLineString","coordinates":[[[-79.36947,43.67327],[-79.36881,43.67368],[-79.36879,43.67385],[-79.36902,43.6739],[-79.36963,43.67353],[-79.3694,43.67294],[-79.3707,43.67201],[-79.3709,43.67168],[-79.37087,43.6714],[-79.36431,43.65522],[-79.36104,43.64774],[-79.36125,43.64762],[-79.36169,43.64671],[-79.36198,43.64641],[-79.36782,43.64434],[-79.36744,43.64377],[-79.36534,43.64453],[-79.36553,43.64498]]]}},{"type":"Feature","properties":{"r":"66","n":"Prince Edward","m":"bus","f":["reg"],"day":true,"h":12},"geometry":{"type":"MultiLineString","coordinates":[[[-79.4952,43.65009],[-79.4951,43.65021],[-79.49516,43.65041],[-79.49552,43.65052],[-79.49532,43.64978],[-79.49544,43.64961],[-79.49756,43.65002],[-79.49921,43.65006],[-79.50545,43.64869],[-79.49962,43.63496],[-79.49888,43.63496],[-79.49343,43.63616],[-79.49036,43.62905],[-79.48369,43.62401],[-79.481,43.62288],[-79.48075,43.62252],[-79.48051,43.6227],[-79.48121,43.62297],[-79.47938,43.6265],[-79.47846,43.62874],[-79.47691,43.63027],[-79.47612,43.62994],[-79.47588,43.62971],[-79.4757,43.62906],[-79.47635,43.62791],[-79.4775,43.62466]],[[-79.49303,43.63625],[-79.48723,43.63752],[-79.48426,43.63038],[-79.48087,43.6311],[-79.47877,43.63123]],[[-79.47771,43.62432],[-79.47854,43.62298],[-79.4788,43.62275],[-79.47962,43.62251],[-79.48013,43.62258]],[[-79.47849,43.63152],[-79.47851,43.63171],[-79.47871,43.63175],[-79.47948,43.63159]]]}},{"type":"Feature","properties":{"r":"67","n":"Pharmacy","m":"bus","f":["reg"],"day":true,"h":14},"geometry":{"type":"MultiLineString","coordinates":[[[-79.31192,43.76414],[-79.31035,43.7645],[-79.31045,43.76473]],[[-79.31062,43.76509],[-79.31069,43.76532],[-79.31267,43.76488],[-79.31019,43.75903],[-79.31,43.75834],[-79.31019,43.75735],[-79.31014,43.75693],[-79.3031,43.73935],[-79.29753,43.72592],[-79.29739,43.72509],[-79.28408,43.69394],[-79.28805,43.69307],[-79.28872,43.69432]],[[-79.28911,43.69441],[-79.2896,43.6943],[-79.28902,43.69287],[-79.28847,43.69299]]]}},{"type":"Feature","properties":{"r":"68","n":"Warden","m":"bus","f":["reg"],"day":true,"h":10},"geometry":{"type":"MultiLineString","coordinates":[[[-79.33737,43.89437],[-79.33762,43.89514],[-79.33634,43.89544],[-79.33549,43.89581],[-79.33432,43.89501],[-79.33392,43.89423],[-79.33799,43.89331],[-79.34331,43.89231],[-79.34037,43.88039],[-79.33586,43.86336],[-79.33284,43.85126],[-79.33199,43.84863],[-79.3309,43.84624],[-79.33052,43.8444],[-79.33033,43.8424],[-79.32921,43.83768],[-79.32498,43.82168]],[[-79.32508,43.82129],[-79.32516,43.82109],[-79.32476,43.82082],[-79.32429,43.81861],[-79.3243,43.81779],[-79.32471,43.81512],[-79.32437,43.81372],[-79.3184,43.80078],[-79.31791,43.80009],[-79.31686,43.79901],[-79.31618,43.7977],[-79.3091,43.78115],[-79.30726,43.7775],[-79.30501,43.77226],[-79.30404,43.77031],[-79.30342,43.76848],[-79.30105,43.76293],[-79.30044,43.75957],[-79.29919,43.75632],[-79.28728,43.72694],[-79.28036,43.71045],[-79.2801,43.71056],[-79.28018,43.71077],[-79.28048,43.71077],[-79.28073,43.7114],[-79.28051,43.71084]]]}},{"type":"Feature","properties":{"r":"69","n":"Warden South","m":"bus","f":["reg"],"day":true,"h":20},"geometry":{"type":"MultiLineString","coordinates":[[[-79.28034,43.71039],[-79.28008,43.7106],[-79.28018,43.71077],[-79.28048,43.71077],[-79.2709,43.68775],[-79.26794,43.68971],[-79.26369,43.69206],[-79.26232,43.69304],[-79.264,43.69699],[-79.25829,43.69914],[-79.25507,43.70096],[-79.25387,43.7021],[-79.24819,43.71112],[-79.24697,43.7124],[-79.24036,43.71823],[-79.24145,43.72087],[-79.23655,43.72191],[-79.23586,43.72169],[-79.23564,43.72148],[-79.23367,43.71678]],[[-79.25392,43.70273],[-79.25497,43.70198],[-79.25646,43.70063]],[[-79.23399,43.71654],[-79.23458,43.71623],[-79.23911,43.71523],[-79.2402,43.71784]]]}},{"type":"Feature","properties":{"r":"70","n":"O'Connor","m":"bus","f":["reg"],"day":true,"h":11},"geometry":{"type":"MultiLineString","coordinates":[[[-79.29848,43.72714],[-79.29809,43.72722],[-79.2975,43.72564],[-79.30053,43.72496],[-79.30054,43.72469],[-79.30094,43.72411],[-79.30296,43.72285],[-79.30366,43.72217],[-79.30406,43.72125],[-79.30493,43.71598],[-79.30519,43.7153],[-79.31351,43.70459],[-79.31562,43.70276],[-79.3194,43.6999],[-79.32948,43.69776],[-79.32396,43.68416],[-79.32311,43.68434],[-79.32291,43.68427],[-79.32281,43.68406]],[[-79.30225,43.72376],[-79.30346,43.72668],[-79.30264,43.7269],[-79.30047,43.72794],[-79.2998,43.72762],[-79.29932,43.7272],[-79.29888,43.72711]]]}},{"type":"Feature","properties":{"r":"71","n":"Runnymede","m":"bus","f":["reg"],"day":true,"h":14},"geometry":{"type":"MultiLineString","coordinates":[[[-79.49489,43.6943],[-79.49616,43.6928],[-79.49619,43.69261],[-79.49472,43.69176],[-79.49441,43.69171],[-79.4942,43.69184],[-79.4929,43.69333],[-79.48998,43.69191],[-79.48916,43.69168],[-79.48856,43.69168],[-79.48798,43.69178],[-79.48722,43.69214],[-79.48621,43.6933],[-79.48737,43.69415],[-79.48774,43.69463],[-79.48782,43.6949],[-79.48762,43.69521],[-79.48732,43.69513],[-79.4861,43.69461],[-79.48386,43.69106],[-79.48287,43.68836],[-79.48459,43.68798],[-79.4844,43.68757],[-79.48446,43.68734],[-79.48483,43.68709],[-79.48534,43.68705],[-79.48573,43.68716],[-79.48614,43.68749],[-79.48644,43.68807],[-79.48643,43.6886],[-79.48807,43.68834],[-79.48902,43.68881],[-79.48896,43.68901],[-79.48794,43.68863],[-79.48667,43.68888],[-79.48632,43.68879],[-79.48644,43.68807],[-79.48611,43.68745],[-79.48558,43.6871],[-79.48483,43.68709],[-79.48441,43.68744],[-79.48459,43.68798],[-79.48952,43.68699],[-79.48399,43.68422],[-79.49172,43.68245],[-79.48744,43.67233],[-79.48694,43.67151],[-79.48639,43.67023],[-79.48426,43.67071],[-79.48071,43.66222],[-79.4797,43.65921],[-79.47652,43.65167],[-79.47541,43.65194]],[[-79.49327,43.69351],[-79.49452,43.69414]],[[-79.48989,43.68714],[-79.4942,43.68865],[-79.49348,43.68986],[-79.49139,43.69215]],[[-79.47526,43.65157],[-79.47517,43.65136],[-79.47629,43.65113],[-79.47636,43.6513]]]}},{"type":"Feature","properties":{"r":"72","n":"Pape","m":"bus","f":["freq"],"day":true,"h":9},"geometry":{"type":"MultiLineString","coordinates":[[[-79.3378,43.72151],[-79.33786,43.7214],[-79.33765,43.72124],[-79.33649,43.72168],[-79.3366,43.72203],[-79.33636,43.72266],[-79.33649,43.72348],[-79.33961,43.72302],[-79.33857,43.71928],[-79.33635,43.7144],[-79.33374,43.715],[-79.33291,43.7148],[-79.33029,43.71208],[-79.33024,43.71164],[-79.33052,43.71116],[-79.33136,43.7107],[-79.33472,43.70994],[-79.33631,43.70929],[-79.34363,43.70747],[-79.34283,43.70562],[-79.34135,43.70429],[-79.34122,43.70395],[-79.34329,43.70185],[-79.34371,43.70176],[-79.34411,43.70185],[-79.34988,43.70501],[-79.35196,43.70297],[-79.35284,43.70192],[-79.35195,43.70144],[-79.35151,43.70103],[-79.34927,43.6972],[-79.34938,43.69684],[-79.35101,43.69545],[-79.35103,43.69512],[-79.3453,43.68006],[-79.34488,43.68015],[-79.34448,43.68007],[-79.34448,43.67982],[-79.34514,43.67967],[-79.34168,43.67126],[-79.34401,43.67075],[-79.33772,43.65538],[-79.33553,43.65261],[-79.34502,43.64853],[-79.34696,43.65089],[-79.34428,43.65205],[-79.34238,43.64967],[-79.34005,43.65065]]]}},{"type":"Feature","properties":{"r":"73","n":"Royal York","m":"bus","f":["reg"],"day":true,"h":11},"geometry":{"type":"MultiLineString","coordinates":[[[-79.63471,43.74643],[-79.63493,43.74743],[-79.6336,43.74749],[-79.63013,43.74819],[-79.62801,43.74794],[-79.5942,43.74192],[-79.5653,43.73723],[-79.56089,43.73512],[-79.55756,43.73378],[-79.55625,43.7331],[-79.55502,43.73195],[-79.55466,43.73138],[-79.55344,43.72837],[-79.55166,43.72621],[-79.55056,43.72509],[-79.54753,43.72254],[-79.54522,43.72092],[-79.54425,43.71952],[-79.5434,43.71912],[-79.53908,43.71765],[-79.53885,43.71801],[-79.53786,43.71801],[-79.53774,43.71699],[-79.53666,43.71479],[-79.53602,43.71296],[-79.53545,43.71186],[-79.53459,43.70968],[-79.53304,43.7067],[-79.53238,43.70628],[-79.53168,43.70423],[-79.53164,43.70391],[-79.53186,43.7032],[-79.53239,43.70244],[-79.53438,43.70032],[-79.53426,43.69982],[-79.52601,43.68097],[-79.52312,43.67394],[-79.52194,43.67154],[-79.51618,43.65804],[-79.51403,43.65351],[-79.51174,43.64825],[-79.51112,43.64835]],[[-79.63231,43.74737],[-79.63198,43.74611],[-79.63235,43.74583],[-79.63302,43.74567],[-79.63449,43.74609]],[[-79.48621,43.68763],[-79.48828,43.68726],[-79.49375,43.68596],[-79.49882,43.68448],[-79.5006,43.69014],[-79.5034,43.68951],[-79.5039,43.68915],[-79.5042,43.68831],[-79.50465,43.68785],[-79.50573,43.68741],[-79.50716,43.68729],[-79.50804,43.68708],[-79.50876,43.68645],[-79.50883,43.68615],[-79.50868,43.68568],[-79.508,43.6853],[-79.50442,43.68539],[-79.50405,43.68506],[-79.50403,43.68476],[-79.50422,43.68438],[-79.50552,43.68461],[-79.50697,43.68466],[-79.51145,43.68396],[-79.51219,43.68501],[-79.51314,43.68684],[-79.51727,43.68643],[-79.52702,43.68424]],[[-79.48814,43.68835],[-79.48902,43.68881],[-79.48906,43.68894],[-79.48885,43.689],[-79.48794,43.68863],[-79.48667,43.68888],[-79.48632,43.68879],[-79.48644,43.68807],[-79.48621,43.68763]],[[-79.48621,43.68763],[-79.48558,43.6871],[-79.48521,43.68704],[-79.48483,43.68709],[-79.48439,43.68748],[-79.48459,43.68798],[-79.48621,43.68763]]]}},{"type":"Feature","properties":{"r":"74","n":"Mount Pleasant","m":"bus","f":["reg"],"day":true,"h":23},"geometry":{"type":"MultiLineString","coordinates":[[[-79.39929,43.70507],[-79.39906,43.70466],[-79.3986,43.7046],[-79.39851,43.70472],[-79.39864,43.70526],[-79.39888,43.70542]],[[-79.39928,43.70547],[-79.40009,43.70569],[-79.40028,43.70635],[-79.39018,43.7084],[-79.38702,43.7005],[-79.38622,43.6975],[-79.38331,43.69036],[-79.38987,43.68899],[-79.38908,43.68846],[-79.38991,43.688],[-79.39106,43.68772],[-79.39136,43.68791],[-79.39276,43.68764]]]}},{"type":"Feature","properties":{"r":"75","n":"Sherbourne","m":"bus","f":["freq"],"day":true,"h":8},"geometry":{"type":"MultiLineString","coordinates":[[[-79.37676,43.67211],[-79.37786,43.67503],[-79.37561,43.6749],[-79.37476,43.67506],[-79.37517,43.67601],[-79.37405,43.67629],[-79.37376,43.67723],[-79.37383,43.67735],[-79.37517,43.67763],[-79.37531,43.67722],[-79.3751,43.67656],[-79.37517,43.67601],[-79.37625,43.67572],[-79.37786,43.67503],[-79.37645,43.67127],[-79.36951,43.65472],[-79.36913,43.65337],[-79.36862,43.65214],[-79.36609,43.64636],[-79.36541,43.64518],[-79.36899,43.64393],[-79.36938,43.64451]],[[-79.36955,43.64487],[-79.37092,43.64822],[-79.36766,43.64896]]]}},{"type":"Feature","properties":{"r":"76","n":"Royal York South","m":"bus","f":["freq"],"day":true,"h":8},"geometry":{"type":"MultiLineString","coordinates":[[[-79.51107,43.64812],[-79.51163,43.64799],[-79.50871,43.64072],[-79.50868,43.63973],[-79.5085,43.63895],[-79.50824,43.63844],[-79.50741,43.63757],[-79.50704,43.63694],[-79.50262,43.62633],[-79.50112,43.62304],[-79.50028,43.62073],[-79.49316,43.60365],[-79.49233,43.60411],[-79.49162,43.60471],[-79.49114,43.60539],[-79.49062,43.6065],[-79.49026,43.60966],[-79.48962,43.61321]],[[-79.50222,43.62642],[-79.49458,43.62809],[-79.49154,43.62099],[-79.49172,43.6208],[-79.49917,43.61915]],[[-79.48942,43.61356],[-79.4893,43.61377],[-79.49635,43.61231]]]}},{"type":"Feature","properties":{"r":"77","n":"Swansea","m":"bus","f":["reg"],"day":true,"h":27},"geometry":{"type":"MultiLineString","coordinates":[[[-79.47548,43.65192],[-79.47517,43.65136],[-79.47629,43.65113],[-79.4742,43.64586],[-79.47838,43.64493],[-79.47801,43.64408],[-79.47772,43.64361],[-79.47505,43.64184],[-79.47488,43.64169],[-79.47488,43.64144],[-79.47463,43.64141],[-79.47453,43.64154],[-79.47428,43.64146],[-79.47019,43.63981],[-79.469,43.6387],[-79.46839,43.6374],[-79.47071,43.63705],[-79.47264,43.63621],[-79.47328,43.63639],[-79.47447,43.6361],[-79.47629,43.6377],[-79.47674,43.63882],[-79.4749,43.63992],[-79.47448,43.63997],[-79.47355,43.63936],[-79.47186,43.63785],[-79.47104,43.63825]],[[-79.47134,43.63855],[-79.47296,43.64012],[-79.47416,43.64099]]]}},{"type":"Feature","properties":{"r":"78","n":"St Andrews","m":"bus","f":["reg"],"day":true,"h":25},"geometry":{"type":"MultiLineString","coordinates":[[[-79.40648,43.74523],[-79.40646,43.74546],[-79.40596,43.74554],[-79.40535,43.74523],[-79.40522,43.74432],[-79.40267,43.74412],[-79.39643,43.74545],[-79.39829,43.7501],[-79.39828,43.75093],[-79.40186,43.75064],[-79.40206,43.75166],[-79.40145,43.75251],[-79.40374,43.75335],[-79.40468,43.75326],[-79.40481,43.75386],[-79.40417,43.7548],[-79.40301,43.75559],[-79.40025,43.75717],[-79.39848,43.7585],[-79.39682,43.75943],[-79.39536,43.76004],[-79.39497,43.75958],[-79.39373,43.75895],[-79.39263,43.75896],[-79.39212,43.75878],[-79.39159,43.75808],[-79.39169,43.75759],[-79.3898,43.75614],[-79.38911,43.75658],[-79.38894,43.7569],[-79.38891,43.75786],[-79.38949,43.75947],[-79.38948,43.75971],[-79.38823,43.76049],[-79.38891,43.76077],[-79.38951,43.76072],[-79.3901,43.76086],[-79.39158,43.76047],[-79.39141,43.76014],[-79.39083,43.75982],[-79.38935,43.75995]]]}},{"type":"Feature","properties":{"r":"79","n":"Scarlett Rd","m":"bus","f":["reg"],"day":true,"h":14},"geometry":{"type":"MultiLineString","coordinates":[[[-79.50793,43.70207],[-79.50487,43.70278],[-79.50383,43.70287],[-79.50324,43.70084],[-79.50713,43.69996]],[[-79.5075,43.70011],[-79.50832,43.70197],[-79.51988,43.69928],[-79.52328,43.69817],[-79.51986,43.69519],[-79.51438,43.68915],[-79.51179,43.68442],[-79.50942,43.68152],[-79.50622,43.67719],[-79.50592,43.67648],[-79.50592,43.67554],[-79.50476,43.67406],[-79.50419,43.67297],[-79.50384,43.67193],[-79.50164,43.66936],[-79.49866,43.67004],[-79.49375,43.67166],[-79.49283,43.66954],[-79.48669,43.67091],[-79.48639,43.67023],[-79.48426,43.67071],[-79.48071,43.66222],[-79.4797,43.65921],[-79.47652,43.65167],[-79.47548,43.65192]],[[-79.50133,43.66902],[-79.49963,43.66706],[-79.49926,43.66607],[-79.49471,43.66688],[-79.49097,43.66731],[-79.48394,43.6689]],[[-79.47526,43.65158],[-79.47517,43.65136],[-79.47629,43.65113],[-79.47636,43.6513]]]}},{"type":"Feature","properties":{"r":"80","n":"Queensway","m":"bus","f":["reg"],"day":true,"h":25},"geometry":{"type":"MultiLineString","coordinates":[[[-79.55989,43.60923],[-79.55934,43.60898],[-79.55865,43.60834],[-79.55641,43.60898],[-79.55676,43.60981]],[[-79.55704,43.61009],[-79.5587,43.60984],[-79.55973,43.60993],[-79.56026,43.60941],[-79.56102,43.60994],[-79.56197,43.6115],[-79.56267,43.6123],[-79.56015,43.6137],[-79.55896,43.61408],[-79.55532,43.61432],[-79.53701,43.61868],[-79.53139,43.61984],[-79.49035,43.62904],[-79.48151,43.63096],[-79.4772,43.63175],[-79.47662,43.63211],[-79.47553,43.63348],[-79.47318,43.63576],[-79.47191,43.6366],[-79.47052,43.6371],[-79.46644,43.63776],[-79.46507,43.6361],[-79.46204,43.63735],[-79.46008,43.63748],[-79.45689,43.63802],[-79.45365,43.63813],[-79.45349,43.63829],[-79.45367,43.63895],[-79.45462,43.64093],[-79.45779,43.64862],[-79.45839,43.65087],[-79.46042,43.65563],[-79.4595,43.65579]],[[-79.50246,43.62594],[-79.50113,43.62304],[-79.49892,43.6175],[-79.49586,43.6182]],[[-79.48121,43.62297],[-79.48248,43.6212],[-79.48318,43.62056],[-79.48387,43.62025],[-79.48555,43.61982],[-79.48596,43.61957],[-79.48647,43.61893],[-79.48931,43.61378],[-79.49675,43.61223],[-79.49875,43.61713]],[[-79.49547,43.6183],[-79.49432,43.61856],[-79.49425,43.61879],[-79.49482,43.62014],[-79.49159,43.62088],[-79.49254,43.62336],[-79.48885,43.62419],[-79.4892,43.62498],[-79.48955,43.6251],[-79.48668,43.62549],[-79.48596,43.6257],[-79.48341,43.62383],[-79.48121,43.62297]],[[-79.48121,43.62297],[-79.47938,43.6265],[-79.47846,43.62874],[-79.47691,43.63027],[-79.47593,43.62981],[-79.4757,43.62906],[-79.47635,43.62791],[-79.4775,43.62466],[-79.47854,43.62298],[-79.4788,43.62275],[-79.47962,43.62251],[-79.47999,43.62253],[-79.48121,43.62297]],[[-79.48121,43.62297],[-79.481,43.62288],[-79.48089,43.62259],[-79.48066,43.62253],[-79.48051,43.6227],[-79.48121,43.62297]],[[-79.47684,43.63247],[-79.47863,43.6319]]]}},{"type":"Feature","properties":{"r":"82","n":"Rosedale","m":"bus","f":["reg"],"day":true,"h":25},"geometry":{"type":"MultiLineString","coordinates":[[[-79.37642,43.68594],[-79.37809,43.68559],[-79.37714,43.68338],[-79.37752,43.68326],[-79.37766,43.68308],[-79.37729,43.68216],[-79.37702,43.68194],[-79.37606,43.68179],[-79.37385,43.68098],[-79.37516,43.67762],[-79.376,43.67766],[-79.37763,43.67735],[-79.37788,43.67773],[-79.37831,43.67794],[-79.38025,43.67821],[-79.38152,43.67859],[-79.38276,43.67843],[-79.38401,43.67786],[-79.38594,43.67747],[-79.38673,43.67754],[-79.38898,43.67707],[-79.38905,43.6763],[-79.38884,43.67618],[-79.38873,43.67634],[-79.38896,43.67691]],[[-79.3737,43.68135],[-79.37253,43.68435],[-79.37247,43.68483],[-79.37266,43.68541],[-79.37117,43.68581],[-79.37102,43.68708],[-79.37603,43.68602]]]}},{"type":"Feature","properties":{"r":"83","n":"Jones","m":"bus","f":["reg"],"day":true,"h":20},"geometry":{"type":"MultiLineString","coordinates":[[[-79.33799,43.68096],[-79.33794,43.68116],[-79.33764,43.68124],[-79.3373,43.68042],[-79.3401,43.67988],[-79.3328,43.66266],[-79.33021,43.66323],[-79.32833,43.65903],[-79.32632,43.65651],[-79.3294,43.65521],[-79.33001,43.65601],[-79.33025,43.65609],[-79.33126,43.65719],[-79.33163,43.65709],[-79.3307,43.65582],[-79.33085,43.65565],[-79.33022,43.65487],[-79.3294,43.65521]]]}},{"type":"Feature","properties":{"r":"84","n":"Sheppard West","m":"bus","f":["freq"],"day":true,"h":7},"geometry":{"type":"MultiLineString","coordinates":[[[-79.53944,43.73898],[-79.53532,43.73993],[-79.53493,43.73729],[-79.53395,43.73466],[-79.51296,43.73945],[-79.51037,43.73952],[-79.48459,43.74515],[-79.4839,43.74548],[-79.48328,43.74598],[-79.48296,43.74637],[-79.4828,43.74682],[-79.48271,43.7477],[-79.4829,43.7522],[-79.48279,43.75272],[-79.48244,43.75322],[-79.48192,43.75368],[-79.48109,43.75411],[-79.47517,43.75547],[-79.47428,43.75553],[-79.47308,43.7554],[-79.46989,43.75417],[-79.46853,43.75319],[-79.46563,43.75045],[-79.46497,43.7502],[-79.46429,43.75011],[-79.46239,43.75045],[-79.4618,43.74865],[-79.46119,43.74838],[-79.46081,43.74841],[-79.46024,43.74853],[-79.45992,43.74876],[-79.46073,43.75081],[-79.43907,43.75541],[-79.43698,43.75568],[-79.41229,43.7612],[-79.41269,43.76172],[-79.41236,43.76194],[-79.41187,43.76186],[-79.41182,43.76158],[-79.41192,43.7615]],[[-79.53435,43.73459],[-79.53822,43.73374],[-79.53935,43.73859]],[[-79.46219,43.74855],[-79.46268,43.74971],[-79.4626,43.74981]]]}},{"type":"Feature","properties":{"r":"85","n":"Sheppard East","m":"bus","f":["freq"],"day":true,"h":8},"geometry":{"type":"MultiLineString","coordinates":[[[-79.3451,43.77583],[-79.34658,43.77552],[-79.34684,43.77563],[-79.34699,43.77603],[-79.34673,43.77623],[-79.34591,43.77605],[-79.34397,43.77637],[-79.34371,43.77583],[-79.34188,43.77618],[-79.34102,43.7762],[-79.32771,43.7747],[-79.3253,43.77475],[-79.28534,43.78392],[-79.24847,43.79184],[-79.21821,43.79799],[-79.16724,43.80914],[-79.16652,43.80911],[-79.16558,43.80884],[-79.15522,43.80284],[-79.14659,43.79922],[-79.14464,43.79763],[-79.14397,43.79682],[-79.14348,43.79592],[-79.14214,43.79634],[-79.14072,43.7976],[-79.13888,43.79809],[-79.13161,43.7807],[-79.13088,43.78086],[-79.13035,43.78075]],[[-79.17164,43.80966],[-79.17274,43.81084],[-79.17316,43.81166],[-79.17316,43.81249],[-79.17245,43.81601],[-79.17254,43.81681],[-79.17296,43.81774],[-79.17336,43.81824],[-79.17585,43.81824],[-79.17778,43.81887],[-79.17918,43.8189],[-79.17943,43.81908],[-79.17982,43.81975]],[[-79.17438,43.81784],[-79.17323,43.81659],[-79.17288,43.81585]],[[-79.17097,43.80875],[-79.17107,43.80896],[-79.17084,43.80916],[-79.17083,43.80933],[-79.17136,43.80938]]]}},{"type":"Feature","properties":{"r":"86","n":"Scarborough","m":"bus","f":["freq"],"day":true,"h":8},"geometry":{"type":"MultiLineString","coordinates":[[[-79.26308,43.73249],[-79.26423,43.73219],[-79.26454,43.73276],[-79.26571,43.73238],[-79.26605,43.73267],[-79.25851,43.73443],[-79.25802,43.73476],[-79.25686,43.73499],[-79.2556,43.73507],[-79.24615,43.73709],[-79.21376,43.74433],[-79.21165,43.74371],[-79.21028,43.74501],[-79.20594,43.74965],[-79.20198,43.75417],[-79.18437,43.77329],[-79.18361,43.77382],[-79.18291,43.77409],[-79.17652,43.77507],[-79.17462,43.77576],[-79.17315,43.77684],[-79.17064,43.78005],[-79.16889,43.78194],[-79.16737,43.78213],[-79.16636,43.78269],[-79.16873,43.78453],[-79.16213,43.78875],[-79.16356,43.79219],[-79.16356,43.79273],[-79.16514,43.79624],[-79.16574,43.79832],[-79.16675,43.80064],[-79.16835,43.80328],[-79.17119,43.80918],[-79.17274,43.81084],[-79.17316,43.81166],[-79.17316,43.81249],[-79.17245,43.81601],[-79.17254,43.81681],[-79.17296,43.81774],[-79.17336,43.81824],[-79.17585,43.81824],[-79.17778,43.81887],[-79.17918,43.8189],[-79.17943,43.81908],[-79.17982,43.81975],[-79.17974,43.82017],[-79.17997,43.8202],[-79.18004,43.82001],[-79.17987,43.81991]],[[-79.18887,43.76781],[-79.16177,43.77388],[-79.16084,43.77267],[-79.15824,43.76677],[-79.16744,43.76448]],[[-79.16783,43.76441],[-79.16902,43.76447],[-79.16989,43.76493],[-79.17042,43.76503],[-79.17367,43.76432],[-79.17614,43.77025]],[[-79.16903,43.78426],[-79.16925,43.78387],[-79.16942,43.78236],[-79.16931,43.78208]]]}},{"type":"Feature","properties":{"r":"87","n":"Cosburn","m":"bus","f":["freq"],"day":true,"h":10},"geometry":{"type":"MultiLineString","coordinates":[[[-79.35835,43.67672],[-79.35852,43.67662],[-79.35885,43.67677],[-79.35769,43.68128],[-79.35658,43.68521],[-79.35527,43.68855],[-79.35408,43.6884],[-79.34267,43.69062],[-79.34221,43.69075],[-79.34169,43.69117],[-79.31472,43.69703],[-79.31232,43.69693],[-79.30987,43.69746],[-79.30946,43.69723],[-79.30824,43.69442],[-79.30603,43.69493],[-79.30588,43.6946],[-79.30117,43.6956],[-79.30008,43.69315],[-79.30237,43.69261],[-79.30212,43.692],[-79.3034,43.6917],[-79.30226,43.68908],[-79.30129,43.68932]],[[-79.31127,43.69757],[-79.31131,43.69766],[-79.31092,43.69783],[-79.31107,43.69797],[-79.31142,43.6978],[-79.31129,43.69756]]]}},{"type":"Feature","properties":{"r":"88","n":"South Leaside","m":"bus","f":["reg"],"day":true,"h":18},"geometry":{"type":"MultiLineString","coordinates":[[[-79.39136,43.68791],[-79.39276,43.68764],[-79.39277,43.68734],[-79.38991,43.688],[-79.38908,43.68846],[-79.38987,43.68899],[-79.37959,43.69117],[-79.38044,43.69311],[-79.38144,43.69423],[-79.38059,43.69483],[-79.37994,43.69506],[-79.37172,43.69674],[-79.37249,43.69873],[-79.36899,43.69959],[-79.367,43.70045],[-79.36589,43.70126],[-79.36519,43.702],[-79.36466,43.70284],[-79.36438,43.70357],[-79.36156,43.70245],[-79.36057,43.70316],[-79.35982,43.70249],[-79.35839,43.70191],[-79.35702,43.70183],[-79.35397,43.70205],[-79.35283,43.70191],[-79.35195,43.70297],[-79.34986,43.705],[-79.34401,43.7018],[-79.34328,43.70184],[-79.34121,43.70394],[-79.34134,43.70429],[-79.34282,43.70561],[-79.34361,43.70747]],[[-79.36475,43.70372],[-79.36633,43.70437],[-79.36812,43.70478],[-79.36819,43.70563],[-79.36794,43.70653],[-79.36746,43.70715],[-79.36458,43.70921],[-79.36351,43.71035],[-79.3648,43.71357],[-79.35982,43.7146],[-79.35852,43.71146],[-79.3565,43.71188],[-79.35589,43.71174],[-79.35064,43.71285]],[[-79.35081,43.71322],[-79.3511,43.71385],[-79.35159,43.71411],[-79.35233,43.71426],[-79.3587,43.71295]],[[-79.344,43.70738],[-79.34815,43.70635],[-79.34869,43.70607],[-79.34957,43.7053]]]}},{"type":"Feature","properties":{"r":"89","n":"Weston","m":"bus","f":["freq"],"day":true,"h":10},"geometry":{"type":"MultiLineString","coordinates":[[[-79.5382,43.71734],[-79.53908,43.71765],[-79.53895,43.71793],[-79.53785,43.71798]],[[-79.53785,43.71758],[-79.53767,43.71683],[-79.53667,43.7148],[-79.53602,43.71296],[-79.53545,43.71186],[-79.53459,43.70968],[-79.53304,43.7067],[-79.53254,43.70636],[-79.53122,43.70602],[-79.52598,43.70325],[-79.52378,43.70237],[-79.52182,43.70166],[-79.51619,43.70015],[-79.51068,43.69812],[-79.50983,43.69763],[-79.50376,43.69255],[-79.50251,43.69193],[-79.49601,43.68928],[-79.48952,43.68699],[-79.48459,43.68798],[-79.4844,43.68757],[-79.48449,43.6873],[-79.4849,43.68707],[-79.48552,43.68708],[-79.48614,43.68749],[-79.48644,43.68807],[-79.48643,43.6886],[-79.48807,43.68834],[-79.48902,43.68881],[-79.48896,43.68901],[-79.48794,43.68863],[-79.48667,43.68888],[-79.48632,43.68879],[-79.48644,43.68807],[-79.48611,43.68745],[-79.48558,43.6871],[-79.48483,43.68709],[-79.48441,43.68744],[-79.48459,43.68798],[-79.48952,43.68699],[-79.48315,43.68386],[-79.47996,43.68331],[-79.47823,43.68268],[-79.47674,43.6816],[-79.47406,43.67889],[-79.4705,43.67606],[-79.47016,43.67564],[-79.46941,43.67419],[-79.46888,43.67369],[-79.46808,43.67325],[-79.46776,43.67288],[-79.46042,43.65563],[-79.45945,43.65576],[-79.45929,43.65563],[-79.45932,43.65543],[-79.46002,43.65528]]]}},{"type":"Feature","properties":{"r":"90","n":"Vaughan","m":"bus","f":["reg"],"day":true,"h":10},"geometry":{"type":"MultiLineString","coordinates":[[[-79.43645,43.69973],[-79.43616,43.69978],[-79.43587,43.69964],[-79.43558,43.69887],[-79.44278,43.69729],[-79.44083,43.69265],[-79.43464,43.68935],[-79.43217,43.68881],[-79.42659,43.68875],[-79.42307,43.68734],[-79.42235,43.68663],[-79.42098,43.68344],[-79.42021,43.68277],[-79.41522,43.68377],[-79.41562,43.684],[-79.41583,43.68454],[-79.41577,43.68465],[-79.4153,43.68473],[-79.41515,43.68464],[-79.41507,43.68442],[-79.41523,43.68394]]]}},{"type":"Feature","properties":{"r":"91","n":"Woodbine","m":"bus","f":["reg"],"day":true,"h":19},"geometry":{"type":"MultiLineString","coordinates":[[[-79.32459,43.74053],[-79.3247,43.74079],[-79.31372,43.74154],[-79.31144,43.7418],[-79.30979,43.74214],[-79.30765,43.73682],[-79.3124,43.73573],[-79.31192,43.73463],[-79.31076,43.73337],[-79.30991,43.73119],[-79.30965,43.72977],[-79.30968,43.72924],[-79.30999,43.72858],[-79.31069,43.7279],[-79.31133,43.72749],[-79.31292,43.72683],[-79.31326,43.72653],[-79.31392,43.72482],[-79.31581,43.72212],[-79.31598,43.72169],[-79.31576,43.721],[-79.31438,43.71948],[-79.31245,43.71489],[-79.31285,43.71469],[-79.31645,43.71017],[-79.31102,43.7079],[-79.31352,43.7046],[-79.31563,43.70277],[-79.31903,43.70016],[-79.31309,43.6864],[-79.31231,43.68651]],[[-79.31932,43.74076],[-79.31965,43.74019],[-79.32468,43.73584],[-79.32582,43.73546],[-79.32674,43.73558],[-79.32722,43.73604],[-79.32738,43.73649],[-79.32733,43.73683],[-79.32598,43.73885],[-79.32484,43.73968],[-79.32456,43.74013]],[[-79.31279,43.73564],[-79.31501,43.73523],[-79.31652,43.73553],[-79.31738,43.7354],[-79.31825,43.736],[-79.31721,43.7371],[-79.31784,43.73744],[-79.31431,43.74086],[-79.31422,43.74111]]]}},{"type":"Feature","properties":{"r":"92","n":"Woodbine South","m":"bus","f":["reg"],"day":true,"h":14},"geometry":{"type":"MultiLineString","coordinates":[[[-79.31288,43.68642],[-79.31226,43.68652],[-79.31224,43.68672],[-79.31314,43.68652],[-79.30473,43.66621],[-79.30488,43.66565],[-79.30524,43.66513],[-79.3063,43.66429],[-79.30723,43.66396],[-79.30974,43.66339],[-79.30944,43.66312],[-79.30903,43.66342]]]}},{"type":"Feature","properties":{"r":"93","n":"Parkview Hills","m":"bus","f":["reg"],"day":true,"h":30},"geometry":{"type":"MultiLineString","coordinates":[[[-79.3212,43.7045],[-79.32305,43.70464],[-79.32405,43.70438],[-79.32509,43.70375],[-79.32713,43.70371],[-79.3279,43.70345],[-79.32888,43.70378],[-79.32885,43.70401]],[[-79.3288,43.70441],[-79.32587,43.70466],[-79.32551,43.70582],[-79.32165,43.70662],[-79.32075,43.70445],[-79.31935,43.70428],[-79.31529,43.70514],[-79.31462,43.70505],[-79.31366,43.70445],[-79.31562,43.70276],[-79.31902,43.70015],[-79.31308,43.68639],[-79.31243,43.68649]]]}},{"type":"Feature","properties":{"r":"94","n":"Wellesley","m":"bus","f":["freq"],"day":true,"h":10},"geometry":{"type":"MultiLineString","coordinates":[[[-79.42605,43.66289],[-79.4261,43.66302],[-79.42726,43.66277],[-79.42715,43.66251]],[[-79.4268,43.66231],[-79.42586,43.66246],[-79.42432,43.65855],[-79.39904,43.66368],[-79.39844,43.66411],[-79.39422,43.665],[-79.39394,43.6649],[-79.39359,43.66408],[-79.3927,43.66316],[-79.38388,43.66508],[-79.38393,43.66521]],[[-79.39082,43.66398],[-79.39152,43.66564],[-79.39209,43.666],[-79.39285,43.666],[-79.39355,43.66569],[-79.39386,43.6653]],[[-79.38366,43.66555],[-79.38347,43.66518],[-79.37835,43.66629],[-79.37672,43.66242],[-79.36798,43.66428],[-79.37091,43.67163],[-79.3707,43.67201],[-79.3694,43.67294],[-79.36957,43.67324],[-79.36881,43.67368],[-79.36879,43.67385]],[[-79.36993,43.66809],[-79.37468,43.66709],[-79.37585,43.66649],[-79.37741,43.66649],[-79.37795,43.66637]]]}},{"type":"Feature","properties":{"r":"95","n":"York Mills","m":"bus","f":["freq"],"day":true,"h":10},"geometry":{"type":"MultiLineString","coordinates":[[[-79.40649,43.74544],[-79.40596,43.74554],[-79.40535,43.74523],[-79.40522,43.74432],[-79.40322,43.74412],[-79.40191,43.74424],[-79.38414,43.74805],[-79.38348,43.74829],[-79.38235,43.74895],[-79.38065,43.74934],[-79.36414,43.75278],[-79.36303,43.75295],[-79.35996,43.75295],[-79.33943,43.75744],[-79.33517,43.75842],[-79.33269,43.75951],[-79.32498,43.76129],[-79.32422,43.76125],[-79.32198,43.76011],[-79.31941,43.75818],[-79.31854,43.75776],[-79.31737,43.75759],[-79.31523,43.75786],[-79.30004,43.76132],[-79.28175,43.76567],[-79.22334,43.77828],[-79.1556,43.79434],[-79.1546,43.79358],[-79.14622,43.79892],[-79.14702,43.79944],[-79.1506,43.80091],[-79.15085,43.80048],[-79.15,43.79854],[-79.15027,43.79801],[-79.14915,43.79707]],[[-79.18775,43.78631],[-79.1849,43.78495],[-79.18557,43.78435]]]}},{"type":"Feature","properties":{"r":"96","n":"Wilson","m":"bus","f":["freq"],"day":true,"h":8},"geometry":{"type":"MultiLineString","coordinates":[[[-79.62239,43.74694],[-79.62235,43.74719],[-79.6225,43.74734],[-79.62294,43.74703],[-79.62202,43.74687],[-79.62197,43.7459],[-79.62135,43.74486],[-79.62067,43.74335],[-79.62606,43.74208],[-79.62473,43.73932],[-79.62291,43.73745],[-79.62181,43.73728],[-79.61833,43.73812],[-79.61771,43.7367],[-79.61765,43.73611],[-79.6182,43.73363],[-79.61818,43.73325],[-79.61791,43.73278],[-79.61678,43.73197],[-79.61591,43.73183],[-79.61419,43.73219],[-79.61341,43.73219],[-79.61099,43.73152],[-79.61019,43.73167],[-79.60914,43.73218],[-79.60793,43.7312],[-79.60492,43.73011],[-79.60573,43.72893],[-79.60435,43.72842],[-79.60413,43.72873],[-79.6055,43.72926],[-79.60492,43.73011],[-79.60361,43.72997],[-79.59676,43.7315],[-79.59618,43.73179],[-79.59431,43.7333],[-79.59353,43.73376],[-79.59208,43.73217],[-79.59169,43.73192],[-79.59059,43.73175],[-79.58941,43.73201],[-79.58671,43.72602],[-79.5823,43.72703],[-79.5795,43.727],[-79.57638,43.72741],[-79.57535,43.72792],[-79.57285,43.72858],[-79.57246,43.72889],[-79.56932,43.72784],[-79.56946,43.72664],[-79.56798,43.72693],[-79.56629,43.7275],[-79.56571,43.72695],[-79.56444,43.72435],[-79.56303,43.72349],[-79.561,43.72287],[-79.55993,43.72284],[-79.55056,43.72509],[-79.54688,43.72203],[-79.54512,43.72079],[-79.54445,43.71977],[-79.54405,43.71942],[-79.53438,43.71602],[-79.53333,43.71577],[-79.53238,43.71572],[-79.53157,43.71578],[-79.50954,43.72077],[-79.50652,43.72118],[-79.48206,43.72664],[-79.47933,43.72778],[-79.46128,43.73189],[-79.45928,43.732],[-79.45285,43.73338],[-79.45296,43.73384],[-79.45259,43.73426],[-79.45173,43.73397],[-79.45089,43.73415],[-79.45115,43.73501],[-79.45089,43.73503],[-79.45064,43.7342],[-79.4515,43.73403],[-79.45118,43.7343],[-79.45142,43.73492],[-79.44972,43.73536],[-79.4497,43.73558],[-79.45021,43.73662],[-79.44995,43.73684],[-79.4479,43.73568],[-79.44727,43.73458],[-79.43399,43.73735],[-79.42975,43.73777],[-79.42782,43.73849],[-79.41443,43.74147],[-79.4124,43.74205],[-79.40672,43.74415],[-79.40522,43.74432],[-79.40526,43.74522],[-79.40594,43.74531],[-79.40607,43.74512],[-79.40645,43.74505]],[[-79.61355,43.75114],[-79.61372,43.75113],[-79.61393,43.7509],[-79.61591,43.75043],[-79.61613,43.75033],[-79.61627,43.75006],[-79.61471,43.74648],[-79.61428,43.74585],[-79.61427,43.74549],[-79.6147,43.74405],[-79.61468,43.74357],[-79.61222,43.73806],[-79.61157,43.73774],[-79.61076,43.73783],[-79.60977,43.73558],[-79.61001,43.73331],[-79.60945,43.73248]],[[-79.61037,43.73793],[-79.60319,43.73963],[-79.60099,43.73463],[-79.60471,43.73378],[-79.60579,43.73365],[-79.60953,43.73404]],[[-79.58902,43.73212],[-79.58664,43.73252],[-79.58504,43.73221],[-79.58394,43.73234],[-79.58348,43.73261],[-79.5826,43.73396],[-79.58196,43.73443],[-79.58133,43.7347],[-79.5783,43.7355],[-79.57482,43.72847]],[[-79.44766,43.73447],[-79.45037,43.7339]]]}},{"type":"Feature","properties":{"r":"97","n":"Yonge","m":"bus","f":["reg"],"day":true,"h":14},"geometry":{"type":"MultiLineString","coordinates":[[[-79.41962,43.79368],[-79.42686,43.79211],[-79.42734,43.79325],[-79.42866,43.79463],[-79.42926,43.796],[-79.42007,43.79799],[-79.41011,43.75822],[-79.40958,43.75632],[-79.4086,43.75436],[-79.40821,43.75299],[-79.40808,43.75197],[-79.4081,43.74979],[-79.40711,43.74605],[-79.40452,43.73416],[-79.40218,43.7251],[-79.40113,43.71954],[-79.39821,43.70605]],[[-79.41518,43.77984],[-79.41454,43.77998],[-79.41459,43.78016],[-79.41475,43.78018],[-79.41516,43.78107],[-79.41533,43.78161],[-79.41525,43.78183],[-79.41564,43.78173]],[[-79.40707,43.74401],[-79.4124,43.74205],[-79.41522,43.74128],[-79.41127,43.73765],[-79.41015,43.73685],[-79.40857,43.73546],[-79.40765,43.73499],[-79.40628,43.73453],[-79.40496,43.73429]],[[-79.39829,43.70405],[-79.3986,43.7046],[-79.39851,43.70472],[-79.39864,43.70526],[-79.39888,43.70542],[-79.40009,43.70569],[-79.39814,43.70565],[-79.39481,43.68973],[-79.38278,43.66058],[-79.37696,43.64688],[-79.37802,43.64622],[-79.37912,43.64598]],[[-79.39332,43.68721],[-79.39106,43.68772],[-79.39136,43.68791],[-79.39276,43.68764]],[[-79.37928,43.64635],[-79.38028,43.64865],[-79.3783,43.64906]]]}},{"type":"Feature","properties":{"r":"98","n":"Willowdale-Senlac","m":"bus","f":["reg"],"day":true,"h":23},"geometry":{"type":"MultiLineString","coordinates":[[[-79.43575,43.79316],[-79.43666,43.79283],[-79.43714,43.79215],[-79.43714,43.79171],[-79.43658,43.78996],[-79.4359,43.78916],[-79.4357,43.78825],[-79.4331,43.78881],[-79.43278,43.78743],[-79.43133,43.78402],[-79.43375,43.78349],[-79.43298,43.78174],[-79.43254,43.77943],[-79.43171,43.77618],[-79.43024,43.77649],[-79.42735,43.76974],[-79.42682,43.76898],[-79.42255,43.75894],[-79.41231,43.7612],[-79.41239,43.76145],[-79.41258,43.76147],[-79.41269,43.76172],[-79.41236,43.76194],[-79.41193,43.76192],[-79.41182,43.76171],[-79.41185,43.76152],[-79.41239,43.76145],[-79.41231,43.7612],[-79.39968,43.76399],[-79.40827,43.78446],[-79.40931,43.78612],[-79.40993,43.78756],[-79.40991,43.78866],[-79.41079,43.7902],[-79.41446,43.79924],[-79.41768,43.79854],[-79.41758,43.79827],[-79.41773,43.79816],[-79.41788,43.79819],[-79.41801,43.79847]],[[-79.43318,43.7892],[-79.43359,43.79103],[-79.43405,43.79212],[-79.43458,43.79271],[-79.43535,43.79311]]]}},{"type":"Feature","properties":{"r":"99","n":"Arrow Rd","m":"bus","f":["reg"],"day":true,"h":15},"geometry":{"type":"MultiLineString","coordinates":[[[-79.51321,43.73938],[-79.52932,43.73569],[-79.53086,43.74194],[-79.53062,43.74259],[-79.52944,43.74317],[-79.52913,43.74363],[-79.52976,43.74675],[-79.53213,43.74641],[-79.53461,43.74586],[-79.53432,43.74501],[-79.53421,43.74496],[-79.53216,43.74526]],[[-79.5318,43.74544],[-79.53149,43.74559],[-79.53118,43.74595],[-79.53002,43.74611]],[[-79.52991,43.74713],[-79.53299,43.74965],[-79.53581,43.75253],[-79.53625,43.75328],[-79.51896,43.75712],[-79.51772,43.75723],[-79.51331,43.73977]]]}},{"type":"Feature","properties":{"r":"100","n":"Flemingdon Park","m":"bus","f":["freq"],"day":true,"h":8},"geometry":{"type":"MultiLineString","coordinates":[[[-79.33697,43.72167],[-79.3378,43.72151],[-79.33786,43.7214],[-79.33765,43.72124],[-79.33649,43.72168],[-79.3366,43.72203],[-79.33636,43.72266],[-79.33648,43.72348],[-79.33536,43.72374],[-79.33471,43.72411],[-79.33342,43.72563],[-79.33292,43.72601],[-79.33202,43.72641],[-79.32778,43.72734],[-79.32832,43.72822],[-79.32843,43.7299],[-79.32826,43.73017],[-79.32846,43.73028],[-79.32858,43.73013],[-79.32843,43.7299],[-79.3283,43.72815],[-79.32762,43.72704],[-79.32743,43.7263],[-79.32696,43.72581],[-79.32597,43.72521],[-79.32456,43.72345],[-79.3247,43.72313],[-79.3252,43.72291],[-79.32703,43.72256],[-79.32759,43.72201],[-79.32812,43.72066],[-79.3281,43.72014],[-79.3278,43.71933],[-79.32827,43.71909],[-79.33139,43.71835],[-79.32964,43.71531],[-79.32812,43.71561],[-79.32689,43.71348],[-79.32686,43.71314],[-79.32702,43.71292],[-79.32758,43.71266],[-79.33026,43.71202],[-79.33022,43.71164],[-79.3305,43.71115],[-79.33135,43.7107],[-79.33471,43.70994],[-79.33597,43.70938],[-79.33772,43.70892],[-79.34814,43.70635],[-79.34912,43.70571],[-79.35165,43.70327],[-79.35283,43.70191],[-79.35205,43.7015],[-79.35147,43.70096],[-79.34925,43.6972],[-79.34937,43.69683],[-79.351,43.69544],[-79.35102,43.69511],[-79.3453,43.68006],[-79.34488,43.68015],[-79.34448,43.68007],[-79.34448,43.67982],[-79.34516,43.67968]],[[-79.32742,43.71922],[-79.32704,43.71887],[-79.32687,43.71809],[-79.32484,43.71597],[-79.32442,43.71429],[-79.32431,43.71272],[-79.32448,43.71236],[-79.32654,43.71291]]]}},{"type":"Feature","properties":{"r":"101","n":"Downsview Park","m":"bus","f":["reg"],"day":true,"h":27},"geometry":{"type":"MultiLineString","coordinates":[[[-79.49073,43.76441],[-79.49093,43.76452],[-79.49072,43.76476],[-79.49098,43.7659],[-79.49166,43.76572],[-79.48966,43.75806],[-79.4849,43.7591],[-79.48454,43.75736],[-79.48417,43.75642],[-79.48086,43.75715],[-79.48047,43.75532],[-79.48406,43.75452],[-79.48358,43.75333],[-79.48327,43.75303],[-79.48272,43.75284],[-79.48198,43.75364],[-79.48096,43.75415],[-79.47517,43.75547],[-79.47428,43.75553],[-79.47431,43.75347],[-79.47723,43.7518],[-79.4774,43.75201],[-79.47752,43.75268],[-79.47726,43.75309],[-79.47725,43.75333],[-79.47755,43.754],[-79.47792,43.75425],[-79.47814,43.75415],[-79.47755,43.754],[-79.47723,43.75326],[-79.47752,43.75272],[-79.47739,43.75197],[-79.47722,43.75179],[-79.47752,43.7513],[-79.47741,43.75072],[-79.47702,43.75033],[-79.47605,43.74981],[-79.47458,43.74852],[-79.47448,43.74833],[-79.47461,43.74809],[-79.48203,43.74638],[-79.48223,43.74689],[-79.48203,43.74806],[-79.48227,43.74825],[-79.48278,43.74828],[-79.48277,43.74698],[-79.48297,43.74638],[-79.48329,43.74598],[-79.48391,43.74549],[-79.4846,43.74516],[-79.48645,43.74478],[-79.48456,43.73694],[-79.48316,43.73687],[-79.48166,43.7363],[-79.48025,43.73611],[-79.4789,43.73631],[-79.47764,43.73691],[-79.47682,43.736],[-79.47636,43.73394],[-79.47797,43.7336]],[[-79.48446,43.73653],[-79.48207,43.72664],[-79.47934,43.72778],[-79.47775,43.72816],[-79.46129,43.73189],[-79.45929,43.732],[-79.45286,43.73338],[-79.45296,43.73384],[-79.45259,43.73426],[-79.4518,43.73402],[-79.45088,43.73415],[-79.45117,43.73501],[-79.45089,43.73506],[-79.45062,43.73429]],[[-79.47814,43.73396],[-79.47906,43.73588]]]}},{"type":"Feature","properties":{"r":"102","n":"Markham Rd","m":"bus","f":["freq"],"day":true,"h":6},"geometry":{"type":"MultiLineString","coordinates":[[[-79.24197,43.83505],[-79.24356,43.83839],[-79.25118,43.83659],[-79.25092,43.83178],[-79.2507,43.83054],[-79.24295,43.81267],[-79.24281,43.81181],[-79.24292,43.81072],[-79.24383,43.80819],[-79.24397,43.80694],[-79.24351,43.80553],[-79.2419,43.80191],[-79.24107,43.79864],[-79.23967,43.79517],[-79.23875,43.79387],[-79.23633,43.78779],[-79.23514,43.78525],[-79.23389,43.78175],[-79.22547,43.76031],[-79.22339,43.75377],[-79.21702,43.73877],[-79.22616,43.73054],[-79.23601,43.72203],[-79.25129,43.71876],[-79.2647,43.71578],[-79.27111,43.71415],[-79.281,43.71205],[-79.28036,43.71045],[-79.28012,43.71054],[-79.28009,43.7107],[-79.28048,43.71077],[-79.281,43.71205],[-79.27828,43.71268]],[[-79.26739,43.90425],[-79.26986,43.90376],[-79.27636,43.90175],[-79.27716,43.90489],[-79.27808,43.90729],[-79.27029,43.90915]],[[-79.26991,43.90926],[-79.26808,43.90968],[-79.26723,43.90527],[-79.25787,43.86567],[-79.25793,43.86547],[-79.25665,43.86074],[-79.25641,43.85927],[-79.25474,43.85233],[-79.25483,43.85221],[-79.2546,43.85117],[-79.25451,43.8508],[-79.25437,43.85073],[-79.25312,43.84573],[-79.25285,43.84405],[-79.25273,43.84398],[-79.252,43.84093],[-79.25212,43.84081],[-79.25199,43.84021],[-79.25181,43.8401],[-79.25129,43.83797],[-79.25123,43.83699]],[[-79.2483,43.83686],[-79.24574,43.83164],[-79.24102,43.83266],[-79.24182,43.83468]],[[-79.22981,43.78648],[-79.23155,43.78566],[-79.2316,43.78538],[-79.23115,43.78475],[-79.23092,43.78409],[-79.23185,43.7839],[-79.23178,43.78352],[-79.23204,43.78296],[-79.23353,43.78192]],[[-79.23078,43.78489],[-79.22912,43.78551],[-79.22958,43.78615]]]}},{"type":"Feature","properties":{"r":"103","n":"Mount Pleasant North","m":"bus","f":["reg"],"day":true,"h":25},"geometry":{"type":"MultiLineString","coordinates":[[[-79.40021,43.73485],[-79.40015,43.73465],[-79.39991,43.73461],[-79.39725,43.72754],[-79.39654,43.72682],[-79.39639,43.72634],[-79.39723,43.72614],[-79.39444,43.71915],[-79.39401,43.71748],[-79.39328,43.7166],[-79.39018,43.7084],[-79.40027,43.70634],[-79.40007,43.70568],[-79.39937,43.70539],[-79.39924,43.70484],[-79.39906,43.70466],[-79.3986,43.7046],[-79.39851,43.70472],[-79.39864,43.70526],[-79.39929,43.70547]]]}},{"type":"Feature","properties":{"r":"104","n":"Faywood","m":"bus","f":["reg"],"day":true,"h":25},"geometry":{"type":"MultiLineString","coordinates":[[[-79.46208,43.74856],[-79.46222,43.74854],[-79.46268,43.74971],[-79.4622,43.74989],[-79.46239,43.75045],[-79.45674,43.75166],[-79.46367,43.75959],[-79.46494,43.75947],[-79.46511,43.76078],[-79.46692,43.76884],[-79.46071,43.77025],[-79.45907,43.76624],[-79.45766,43.76469],[-79.45315,43.75381],[-79.45191,43.75268],[-79.45011,43.74949],[-79.44981,43.74838],[-79.44934,43.74727],[-79.44915,43.74629],[-79.44902,43.74435],[-79.44818,43.74219],[-79.44671,43.73582],[-79.44781,43.73558],[-79.44848,43.73607],[-79.44996,43.73684],[-79.45012,43.73678],[-79.45021,43.73662],[-79.44968,43.73547],[-79.4499,43.73525],[-79.45089,43.73506],[-79.45061,43.73424]],[[-79.46058,43.75043],[-79.45992,43.74876],[-79.45998,43.74865],[-79.46119,43.74838],[-79.46168,43.7486]]]}},{"type":"Feature","properties":{"r":"105","n":"Dufferin North","m":"bus","f":["reg"],"day":true,"h":18},"geometry":{"type":"MultiLineString","coordinates":[[[-79.47055,43.78385],[-79.4716,43.7839],[-79.47386,43.78501],[-79.47435,43.78531],[-79.47475,43.78618],[-79.47048,43.78719]],[[-79.47008,43.78728],[-79.47017,43.78272],[-79.47003,43.78178],[-79.46511,43.76078],[-79.46494,43.75941],[-79.46501,43.75775],[-79.46316,43.74917],[-79.46283,43.74847],[-79.46222,43.74781],[-79.46187,43.74816],[-79.46208,43.74825],[-79.46268,43.74971]],[[-79.46231,43.74987],[-79.4622,43.74989],[-79.46182,43.74866]]]}},{"type":"Feature","properties":{"r":"106","n":"Sentinel","m":"bus","f":["reg"],"day":true,"h":19},"geometry":{"type":"MultiLineString","coordinates":[[[-79.50883,43.77658],[-79.50999,43.77692],[-79.50996,43.77714],[-79.50836,43.77683],[-79.50822,43.77643],[-79.5103,43.77592],[-79.51011,43.77549],[-79.5107,43.77524],[-79.51104,43.77486],[-79.51109,43.7746],[-79.5109,43.77395],[-79.51143,43.77292],[-79.51135,43.77223],[-79.51095,43.77177],[-79.51059,43.77156],[-79.50855,43.77092],[-79.50725,43.76977],[-79.5064,43.76942],[-79.50532,43.76938],[-79.50249,43.77001],[-79.50108,43.76678],[-79.50102,43.76637],[-79.50141,43.76545],[-79.50133,43.76481],[-79.50052,43.76224],[-79.49976,43.76041],[-79.49957,43.7589],[-79.49907,43.75764],[-79.49909,43.75714],[-79.50011,43.7552],[-79.50008,43.75465],[-79.49893,43.753],[-79.49852,43.75262],[-79.49723,43.75202],[-79.49578,43.75175],[-79.49475,43.75117],[-79.49439,43.7508],[-79.4936,43.74936],[-79.49266,43.74722],[-79.4923,43.7448],[-79.49185,43.74365],[-79.48501,43.74504],[-79.48363,43.74567],[-79.48297,43.74638],[-79.48274,43.74719],[-79.48292,43.75221],[-79.48264,43.75302],[-79.482,43.75365],[-79.4811,43.75412],[-79.47518,43.75547],[-79.4743,43.75553],[-79.47309,43.75541],[-79.4699,43.75418],[-79.46854,43.7532],[-79.46572,43.75051],[-79.46525,43.75029],[-79.4643,43.75011],[-79.46235,43.75047],[-79.4618,43.74865]],[[-79.46143,43.74849],[-79.46119,43.74838],[-79.46024,43.74853],[-79.45992,43.74876],[-79.46076,43.75081],[-79.46196,43.75056]]]}},{"type":"Feature","properties":{"r":"107","n":"Alness-Chesswood","m":"bus","f":["reg"],"day":true,"h":30},"geometry":{"type":"MultiLineString","coordinates":[[[-79.49079,43.76468],[-79.4909,43.76446],[-79.49065,43.76443],[-79.49057,43.76456],[-79.49072,43.76476],[-79.49098,43.7659],[-79.49166,43.76572],[-79.49405,43.77521],[-79.48892,43.77629],[-79.48898,43.77684],[-79.4884,43.77763],[-79.48841,43.77828],[-79.48865,43.77929],[-79.49013,43.78257],[-79.48106,43.7847],[-79.48017,43.78301],[-79.47705,43.78142],[-79.47621,43.78077],[-79.47445,43.77681],[-79.48118,43.77541],[-79.48051,43.77269],[-79.47338,43.77428],[-79.47221,43.77149],[-79.47148,43.76816],[-79.4715,43.7677],[-79.4709,43.76618],[-79.47089,43.76579],[-79.4713,43.7655],[-79.47659,43.76432],[-79.4763,43.76346],[-79.47642,43.76282],[-79.47848,43.76049],[-79.47783,43.75875],[-79.47739,43.75836],[-79.47571,43.75779],[-79.47508,43.75722],[-79.47235,43.75847],[-79.47174,43.75698],[-79.47083,43.75562],[-79.46947,43.75505],[-79.46895,43.75469],[-79.46688,43.75522],[-79.4665,43.75518],[-79.46589,43.75273],[-79.46722,43.75192],[-79.46572,43.75051],[-79.46498,43.75021],[-79.46396,43.75014],[-79.46235,43.75047],[-79.4618,43.74865]],[[-79.46143,43.74849],[-79.46119,43.74838],[-79.46024,43.74853],[-79.45992,43.74876],[-79.46076,43.75081],[-79.46196,43.75056]]]}},{"type":"Feature","properties":{"r":"108","n":"Driftwood","m":"bus","f":["reg"],"day":true,"h":10},"geometry":{"type":"MultiLineString","coordinates":[[[-79.50907,43.77666],[-79.51001,43.77698],[-79.50996,43.77714],[-79.50979,43.77717],[-79.50836,43.77683],[-79.50896,43.7782],[-79.51701,43.77636],[-79.51641,43.77498],[-79.51466,43.77329],[-79.51386,43.7719],[-79.51647,43.76996],[-79.51789,43.76939],[-79.52039,43.76882],[-79.51968,43.7659],[-79.51708,43.76647],[-79.51423,43.76732],[-79.51346,43.7673],[-79.51279,43.76713],[-79.51187,43.76646],[-79.51169,43.76615],[-79.51153,43.76521],[-79.51211,43.76429],[-79.51309,43.76381],[-79.51586,43.76308],[-79.51665,43.76259],[-79.51699,43.76163],[-79.5166,43.7604],[-79.5164,43.76003],[-79.51595,43.75963],[-79.51405,43.7589],[-79.51367,43.75859],[-79.51347,43.75823],[-79.51314,43.75736],[-79.51311,43.75696],[-79.51333,43.75656],[-79.51397,43.75594],[-79.51418,43.75547],[-79.5137,43.75418],[-79.51302,43.75292],[-79.5128,43.75147],[-79.51044,43.74922],[-79.50804,43.74807],[-79.50756,43.74759],[-79.50695,43.7475],[-79.5058,43.74772],[-79.50501,43.74769],[-79.50264,43.74643],[-79.50199,43.74586],[-79.50153,43.74429],[-79.50164,43.74204],[-79.50149,43.74149],[-79.49184,43.74364],[-79.4923,43.7448],[-79.49263,43.74713],[-79.4936,43.74936],[-79.49447,43.75091],[-79.49565,43.75167],[-79.4942,43.75248],[-79.49172,43.75301],[-79.49062,43.75273],[-79.48946,43.75182],[-79.48816,43.75202],[-79.48875,43.75451],[-79.4857,43.75518],[-79.4854,43.75454],[-79.4852,43.75437],[-79.48405,43.75451],[-79.48353,43.75328],[-79.48326,43.75303],[-79.48272,43.75284],[-79.48198,43.75364],[-79.48096,43.75415],[-79.47493,43.75551],[-79.47308,43.7554],[-79.46989,43.75417],[-79.46918,43.75372],[-79.46563,43.75045],[-79.46497,43.7502],[-79.46429,43.75011],[-79.46239,43.75045],[-79.4618,43.74865],[-79.46222,43.74854],[-79.46268,43.74971]],[[-79.49145,43.74372],[-79.485,43.74503],[-79.48417,43.74533],[-79.48328,43.74598],[-79.48296,43.74637],[-79.48276,43.74697],[-79.48271,43.7477],[-79.48284,43.75246]],[[-79.46143,43.74849],[-79.46119,43.74838],[-79.46024,43.74853],[-79.45992,43.74876],[-79.46076,43.75081],[-79.462,43.75055]]]}},{"type":"Feature","properties":{"r":"109","n":"Ranee","m":"bus","f":["reg"],"day":true,"h":20},"geometry":{"type":"MultiLineString","coordinates":[[[-79.44552,43.72354],[-79.44501,43.7223],[-79.44144,43.72219],[-79.44091,43.72083],[-79.44095,43.72052]],[[-79.43859,43.73151],[-79.43823,43.73027],[-79.43513,43.73093],[-79.43459,43.73122],[-79.43422,43.73123]],[[-79.43382,43.73126],[-79.43259,43.7315],[-79.433,43.73317],[-79.43492,43.73277],[-79.43571,43.73236],[-79.43642,43.73243],[-79.4384,43.73203],[-79.44001,43.7313],[-79.44041,43.73095],[-79.44055,43.73021],[-79.44124,43.72948],[-79.44119,43.72912],[-79.4396,43.72522],[-79.44868,43.72327],[-79.44842,43.72266],[-79.44841,43.72207],[-79.44918,43.72122],[-79.44936,43.72085],[-79.44913,43.72009],[-79.44877,43.71958],[-79.44822,43.7191],[-79.44769,43.71889],[-79.44661,43.71891],[-79.44373,43.7195],[-79.44203,43.71945],[-79.4415,43.71965],[-79.44101,43.72012],[-79.43973,43.71962],[-79.43803,43.71835],[-79.43767,43.71749],[-79.44356,43.71625],[-79.44337,43.71601],[-79.44344,43.71566],[-79.44468,43.71544],[-79.44497,43.71593],[-79.44651,43.71561],[-79.43938,43.69803],[-79.43645,43.69868],[-79.43637,43.69888],[-79.43659,43.69952],[-79.43644,43.69974],[-79.43596,43.69972],[-79.43574,43.69932]]]}},{"type":"Feature","properties":{"r":"110","n":"Islington South","m":"bus","f":["reg"],"day":true,"h":12},"geometry":{"type":"MultiLineString","coordinates":[[[-79.50882,43.61361],[-79.51581,43.61208],[-79.515,43.61028],[-79.51475,43.60939],[-79.51492,43.60883],[-79.51565,43.60825],[-79.52179,43.60697],[-79.54524,43.60168],[-79.54162,43.59385],[-79.5415,43.59327],[-79.54165,43.59293],[-79.5427,43.59258],[-79.54282,43.59229],[-79.54389,43.592],[-79.54391,43.59184],[-79.54374,43.59179]],[[-79.54135,43.59267],[-79.53939,43.59309],[-79.5395,43.59335],[-79.54085,43.59311],[-79.54111,43.5932]],[[-79.52403,43.6449],[-79.5249,43.64465],[-79.52484,43.6445],[-79.52453,43.6444],[-79.52343,43.64464],[-79.51647,43.62765],[-79.5139,43.62172],[-79.51267,43.61981],[-79.51108,43.61808],[-79.50988,43.61579],[-79.50881,43.61445],[-79.50842,43.6137],[-79.50797,43.61252],[-79.50656,43.60676],[-79.50663,43.60445],[-79.50653,43.60381],[-79.50526,43.60075],[-79.51695,43.5982],[-79.51732,43.59905],[-79.51771,43.59887],[-79.51765,43.59872],[-79.51741,43.59878]],[[-79.52359,43.64501],[-79.52381,43.64551],[-79.52096,43.64616],[-79.5196,43.64618],[-79.51923,43.64599],[-79.51898,43.64567],[-79.52304,43.64474]],[[-79.51748,43.59942],[-79.51802,43.60068],[-79.5117,43.60208],[-79.5113,43.60095],[-79.5082,43.60168],[-79.50866,43.60274],[-79.5067,43.60317]]]}},{"type":"Feature","properties":{"r":"111","n":"East Mall","m":"bus","f":["reg"],"day":true,"h":15},"geometry":{"type":"MultiLineString","coordinates":[[[-79.5644,43.6772],[-79.56606,43.68089],[-79.56861,43.68019],[-79.572,43.67779],[-79.57074,43.67687],[-79.5703,43.67627],[-79.56932,43.67611]],[[-79.56893,43.67602],[-79.56842,43.67571],[-79.56804,43.67593],[-79.56421,43.67683],[-79.56317,43.67447],[-79.56776,43.67407],[-79.56797,43.67392],[-79.56819,43.67341],[-79.57128,43.67182],[-79.57083,43.67097],[-79.57089,43.67052],[-79.57126,43.67015],[-79.57262,43.66936],[-79.57285,43.66902],[-79.57287,43.6685],[-79.57258,43.66726],[-79.56833,43.65755],[-79.56565,43.6565],[-79.56493,43.65593],[-79.56435,43.65513],[-79.56262,43.6513],[-79.56169,43.64983],[-79.56053,43.64924],[-79.5602,43.64876],[-79.55997,43.64797],[-79.56028,43.64704],[-79.56023,43.64679],[-79.55969,43.64561],[-79.55888,43.64464],[-79.55846,43.64326],[-79.55701,43.63993],[-79.55695,43.63936],[-79.55718,43.63806],[-79.55641,43.6364],[-79.55686,43.635],[-79.55682,43.63455],[-79.55662,43.63415],[-79.55582,43.63336],[-79.55299,43.63195],[-79.5524,43.63131],[-79.5516,43.63138],[-79.55107,43.63125],[-79.55019,43.63085],[-79.54981,43.63037],[-79.54928,43.63047],[-79.54691,43.63101],[-79.54328,43.63295],[-79.54073,43.63535],[-79.538,43.63852],[-79.53738,43.63813],[-79.53651,43.63708],[-79.53626,43.63716],[-79.53464,43.63851]]]}},{"type":"Feature","properties":{"r":"112","n":"West Mall","m":"bus","f":["reg"],"day":true,"h":10},"geometry":{"type":"MultiLineString","coordinates":[[[-79.59105,43.67689],[-79.58496,43.67833],[-79.5846,43.67759],[-79.58422,43.67729],[-79.58357,43.67718],[-79.58273,43.67733],[-79.58192,43.67767],[-79.58132,43.67811],[-79.58081,43.67885],[-79.58067,43.67953],[-79.58109,43.68085],[-79.58192,43.68257],[-79.58322,43.68387],[-79.58422,43.6854],[-79.58604,43.68673],[-79.58662,43.68737],[-79.58736,43.68917],[-79.58715,43.69003],[-79.58722,43.69057],[-79.58968,43.69575],[-79.59024,43.69615],[-79.59184,43.6964],[-79.59235,43.69664],[-79.59269,43.69695],[-79.59318,43.69783],[-79.58814,43.69899],[-79.58823,43.69934],[-79.58809,43.70045],[-79.58911,43.70263],[-79.59475,43.7013],[-79.59517,43.70107],[-79.596,43.70111],[-79.60146,43.69974],[-79.59105,43.67689],[-79.59323,43.67642],[-79.59411,43.67602],[-79.59459,43.6755],[-79.59474,43.67474],[-79.59454,43.6742],[-79.59031,43.66721],[-79.58995,43.66681],[-79.58907,43.66636],[-79.58883,43.66602],[-79.58878,43.66562],[-79.58938,43.66492],[-79.58928,43.66456],[-79.59145,43.66273],[-79.59268,43.66152],[-79.59295,43.66156],[-79.59165,43.66283],[-79.59112,43.66251],[-79.58833,43.66499],[-79.58767,43.66609],[-79.58626,43.66558],[-79.5859,43.66531],[-79.58561,43.66488],[-79.58281,43.66553],[-79.58227,43.66551],[-79.58153,43.66521],[-79.58057,43.66581],[-79.57893,43.66633],[-79.57652,43.66222],[-79.57966,43.66135],[-79.58086,43.66075],[-79.5802,43.66015],[-79.57951,43.65879],[-79.57816,43.65805],[-79.57775,43.65767],[-79.57659,43.65526],[-79.57567,43.65501],[-79.57327,43.65533],[-79.57267,43.65518],[-79.57243,43.65504],[-79.57306,43.65431],[-79.57232,43.6525],[-79.57178,43.65221],[-79.57005,43.65186],[-79.56959,43.6514],[-79.5679,43.64751],[-79.56776,43.64609],[-79.56754,43.64522],[-79.56663,43.64308],[-79.56574,43.64177],[-79.56418,43.63788],[-79.56378,43.63737],[-79.56276,43.63651],[-79.56216,43.63537],[-79.56138,43.63453],[-79.55917,43.62935],[-79.55888,43.62801],[-79.55889,43.62715],[-79.56062,43.6272],[-79.56205,43.627],[-79.56236,43.62734],[-79.55742,43.62836],[-79.55167,43.62994],[-79.54691,43.63101],[-79.54328,43.63295],[-79.54073,43.63535],[-79.538,43.63852],[-79.53738,43.63813],[-79.53651,43.63708],[-79.53626,43.63716],[-79.53464,43.63851]],[[-79.58881,43.66666],[-79.58788,43.66797],[-79.58881,43.66666]],[[-79.58755,43.66774],[-79.58817,43.66621]]]}},{"type":"Feature","properties":{"r":"113","n":"Danforth","m":"bus","f":["reg"],"day":true,"h":19},"geometry":{"type":"MultiLineString","coordinates":[[[-79.30195,43.68915],[-79.30129,43.68932],[-79.30101,43.68916],[-79.30113,43.68898],[-79.30211,43.68873],[-79.30183,43.68814],[-79.27729,43.69365],[-79.27712,43.69381],[-79.27504,43.69671],[-79.27442,43.69788],[-79.26997,43.70394],[-79.26707,43.70872],[-79.26598,43.7096],[-79.26402,43.71059],[-79.26312,43.71131],[-79.26256,43.71195],[-79.26087,43.71485],[-79.26166,43.7175],[-79.26793,43.7322],[-79.26606,43.73267],[-79.26596,43.73248],[-79.26567,43.73239],[-79.2652,43.73264],[-79.26321,43.73312],[-79.26295,43.73239],[-79.26419,43.73199],[-79.26413,43.73181],[-79.2643,43.73148],[-79.26277,43.7313],[-79.26261,43.73139],[-79.26298,43.73208],[-79.26373,43.73188]],[[-79.26345,43.73347],[-79.26599,43.73306]]]}},{"type":"Feature","properties":{"r":"114","n":"Queens Quay East","m":"bus","f":["freq"],"day":true,"h":10},"geometry":{"type":"MultiLineString","coordinates":[[[-79.37792,43.64628],[-79.37697,43.64688],[-79.37737,43.64785],[-79.37973,43.64733],[-79.37746,43.64208],[-79.37684,43.64115],[-79.36198,43.64641],[-79.36169,43.64671],[-79.36125,43.64762],[-79.36104,43.64774],[-79.35723,43.64892],[-79.35649,43.64899],[-79.35631,43.64817],[-79.35364,43.6448],[-79.3294,43.65522],[-79.33001,43.65601],[-79.33026,43.6561]],[[-79.33053,43.65639],[-79.33127,43.6572],[-79.33155,43.6572],[-79.33173,43.65703],[-79.33169,43.65668],[-79.33048,43.65519]]]}},{"type":"Feature","properties":{"r":"115","n":"Silver Hills","m":"bus","f":["reg"],"day":true,"h":23},"geometry":{"type":"MultiLineString","coordinates":[[[-79.40645,43.74519],[-79.40649,43.74544],[-79.40599,43.74554],[-79.40535,43.74523],[-79.40522,43.74432],[-79.40332,43.74413],[-79.40237,43.74416],[-79.38414,43.74805],[-79.3821,43.74903],[-79.36414,43.75278],[-79.36303,43.75295],[-79.35996,43.75295],[-79.36126,43.75871],[-79.36492,43.75796],[-79.36552,43.75801],[-79.36576,43.75823],[-79.36617,43.75946],[-79.36675,43.75994],[-79.36749,43.76021],[-79.36855,43.76029],[-79.37094,43.76103],[-79.37344,43.76236],[-79.37363,43.7626],[-79.37385,43.7639],[-79.3744,43.76467],[-79.36925,43.76507],[-79.36573,43.76502],[-79.36521,43.76467],[-79.36419,43.76295],[-79.36416,43.76267],[-79.36486,43.76257]],[[-79.36525,43.7625],[-79.3679,43.76185],[-79.36836,43.76121],[-79.36841,43.76068]]]}},{"type":"Feature","properties":{"r":"116","n":"Morningside","m":"bus","f":["freq"],"day":true,"h":8},"geometry":{"type":"MultiLineString","coordinates":[[[-79.26314,43.73247],[-79.26423,43.73219],[-79.26454,43.73276],[-79.26571,43.73238],[-79.26605,43.73267],[-79.2585,43.73446],[-79.25777,43.73487],[-79.25687,43.73506],[-79.25595,43.735],[-79.25318,43.73557],[-79.21376,43.74433],[-79.21165,43.74371],[-79.21028,43.74501],[-79.20594,43.74965],[-79.20513,43.74923],[-79.2048,43.74891],[-79.20452,43.74766],[-79.20449,43.74672],[-79.20436,43.74646],[-79.20397,43.7462],[-79.20321,43.74606],[-79.20266,43.74623],[-79.20131,43.74705],[-79.18343,43.75104],[-79.18253,43.75144],[-79.17977,43.7532],[-79.18591,43.76724],[-79.18632,43.76923],[-79.18685,43.7706],[-79.18911,43.77578],[-79.18985,43.77709],[-79.1935,43.78564],[-79.19375,43.78798],[-79.19586,43.7928],[-79.19698,43.79648],[-79.19863,43.79925],[-79.20003,43.80262],[-79.20031,43.80398],[-79.20388,43.81149],[-79.20473,43.81238],[-79.21647,43.81965],[-79.21795,43.82005],[-79.22106,43.81969],[-79.22118,43.82031],[-79.22036,43.82136],[-79.22219,43.82291],[-79.22266,43.82354],[-79.22312,43.82465],[-79.22381,43.82572],[-79.22569,43.82497],[-79.22855,43.82431],[-79.23013,43.82303],[-79.22678,43.82107],[-79.2243,43.82],[-79.22293,43.81964],[-79.22106,43.81969]]]}},{"type":"Feature","properties":{"r":"117","n":"Birchmount South","m":"bus","f":["reg"],"day":true,"h":20},"geometry":{"type":"MultiLineString","coordinates":[[[-79.28911,43.69441],[-79.2896,43.6943],[-79.28917,43.69324]],[[-79.27876,43.71258],[-79.27112,43.71416],[-79.26233,43.69305],[-79.2637,43.69207],[-79.2683,43.6895],[-79.27857,43.68254],[-79.28142,43.68143],[-79.28292,43.68098],[-79.28507,43.68072],[-79.28536,43.6814],[-79.28438,43.6816],[-79.28902,43.69287],[-79.28805,43.69307],[-79.28872,43.69432]],[[-79.27914,43.71247],[-79.281,43.71205]],[[-79.281,43.71205],[-79.27915,43.71248]],[[-79.281,43.71205],[-79.28036,43.71045],[-79.28012,43.71054],[-79.28009,43.7107],[-79.28048,43.71077],[-79.281,43.71205]]]}},{"type":"Feature","properties":{"r":"118","n":"Thistle Down","m":"bus","f":["reg"],"day":true,"h":27},"geometry":{"type":"MultiLineString","coordinates":[[[-79.55893,43.73725],[-79.56005,43.73664],[-79.56138,43.73535],[-79.55693,43.73349],[-79.55625,43.7331],[-79.55531,43.73226],[-79.55466,43.73138],[-79.55344,43.72837],[-79.55166,43.72621],[-79.55056,43.72509],[-79.54753,43.72254],[-79.54512,43.72079],[-79.54424,43.71955],[-79.5434,43.71912],[-79.5348,43.71615],[-79.53333,43.71577],[-79.53266,43.71572],[-79.53157,43.71578],[-79.50954,43.72077],[-79.50652,43.72118],[-79.48206,43.72664],[-79.47933,43.72778],[-79.46128,43.73189],[-79.45928,43.732],[-79.45285,43.73338],[-79.45296,43.73384],[-79.45259,43.73426],[-79.45173,43.73397],[-79.45089,43.73415],[-79.45115,43.73501],[-79.45089,43.73503],[-79.45063,43.73429]],[[-79.55684,43.73773],[-79.55854,43.73734]],[[-79.55854,43.73734],[-79.55684,43.73773]],[[-79.55684,43.73773],[-79.55616,43.7379],[-79.5568,43.73955],[-79.5558,43.74079],[-79.55132,43.74191],[-79.55091,43.74178],[-79.55056,43.74133],[-79.55044,43.74083],[-79.55146,43.74007],[-79.55204,43.73911],[-79.55243,43.7388],[-79.55684,43.73773]],[[-79.54953,43.72764],[-79.54969,43.72816],[-79.54966,43.72853],[-79.54945,43.72884],[-79.54909,43.72909],[-79.5467,43.72967],[-79.54646,43.72964],[-79.54561,43.72852],[-79.54558,43.72837],[-79.54572,43.72823],[-79.54935,43.72728],[-79.54953,43.72764]],[[-79.54953,43.72764],[-79.55083,43.72732],[-79.54953,43.72764]]]}},{"type":"Feature","properties":{"r":"119","n":"Torbarrie","m":"bus","f":["reg"],"day":true,"h":27},"geometry":{"type":"MultiLineString","coordinates":[[[-79.54247,43.75243],[-79.54381,43.7575],[-79.5561,43.76256],[-79.55806,43.76],[-79.56442,43.76262],[-79.56615,43.7605],[-79.56625,43.76026],[-79.56567,43.75864],[-79.56544,43.75831],[-79.56003,43.75625],[-79.55379,43.75315],[-79.55357,43.75292],[-79.55313,43.75181]],[[-79.55298,43.75144],[-79.55232,43.74994],[-79.54456,43.75165],[-79.53626,43.75329],[-79.53582,43.75254],[-79.53301,43.74966],[-79.53019,43.74745],[-79.52987,43.74705],[-79.52912,43.74393],[-79.52914,43.74364],[-79.52945,43.74318],[-79.53063,43.74259],[-79.53087,43.74195],[-79.52933,43.7357],[-79.5238,43.73696],[-79.52388,43.73712],[-79.52521,43.73784],[-79.52592,43.73768],[-79.52612,43.73745],[-79.52429,43.73036],[-79.52277,43.72332],[-79.52229,43.72207],[-79.52152,43.72104],[-79.51977,43.71942],[-79.51878,43.7196],[-79.51843,43.71876],[-79.50955,43.72077],[-79.5052,43.72147],[-79.48207,43.72664],[-79.47934,43.72778],[-79.46129,43.73189],[-79.45929,43.732],[-79.45286,43.73338],[-79.45296,43.73384],[-79.45259,43.73426],[-79.4518,43.73402],[-79.45088,43.73415],[-79.45117,43.73501],[-79.45089,43.73506],[-79.45062,43.73429]],[[-79.53019,43.74669],[-79.53213,43.74641],[-79.5346,43.74586],[-79.53432,43.74501],[-79.53311,43.74511]],[[-79.53271,43.74513],[-79.53149,43.74559],[-79.53118,43.74595],[-79.53005,43.7461]],[[-79.52934,43.73742],[-79.52804,43.73768],[-79.52776,43.73762],[-79.52761,43.73747],[-79.52736,43.73655]],[[-79.52715,43.73578],[-79.52627,43.73294],[-79.52529,43.72876],[-79.52872,43.72797],[-79.52811,43.72556],[-79.52761,43.72525],[-79.52687,43.72525],[-79.5263,43.72504],[-79.52305,43.7177],[-79.51882,43.71866]]]}},{"type":"Feature","properties":{"r":"120","n":"Calvington","m":"bus","f":["reg"],"day":true,"h":25},"geometry":{"type":"MultiLineString","coordinates":[[[-79.512,43.73495],[-79.51321,43.73938],[-79.51236,43.73954],[-79.51037,43.73952],[-79.50188,43.7414]],[[-79.50149,43.74149],[-79.50028,43.73862],[-79.50095,43.73846],[-79.50213,43.73784],[-79.50471,43.73714],[-79.50679,43.7356],[-79.51191,43.73456],[-79.5096,43.72489],[-79.50872,43.72513],[-79.50755,43.72617],[-79.50477,43.72683],[-79.50502,43.72763],[-79.50361,43.72798],[-79.50372,43.72843],[-79.50301,43.72917],[-79.49067,43.73197],[-79.48957,43.73208],[-79.48532,43.73302],[-79.48372,43.73357],[-79.48206,43.72664],[-79.47933,43.72778],[-79.47774,43.72816],[-79.46128,43.73189],[-79.45928,43.732],[-79.45285,43.73338],[-79.45296,43.73384],[-79.45259,43.73426],[-79.45173,43.73397],[-79.45089,43.73415],[-79.45115,43.73501],[-79.45089,43.73503],[-79.45063,43.73429]]]}},{"type":"Feature","properties":{"r":"121","n":"Esplanade-River","m":"bus","f":["reg"],"day":true,"h":20},"geometry":{"type":"MultiLineString","coordinates":[[[-79.37711,43.64725],[-79.37737,43.64785],[-79.37973,43.64733],[-79.37912,43.64598],[-79.3784,43.64611]],[[-79.37802,43.64622],[-79.37696,43.64688],[-79.3738,43.64844],[-79.3733,43.64725],[-79.37173,43.64803],[-79.3661,43.64932],[-79.36669,43.65068],[-79.35371,43.65364],[-79.35382,43.65408],[-79.35373,43.65465],[-79.35465,43.65491],[-79.35451,43.65527],[-79.35616,43.65687],[-79.35653,43.65738],[-79.35924,43.66371],[-79.35262,43.66549],[-79.35291,43.66616],[-79.35545,43.66548]],[[-79.37368,43.64711],[-79.37649,43.64578],[-79.3768,43.6465]],[[-79.36387,43.65091],[-79.36353,43.6501],[-79.36387,43.64983],[-79.36571,43.64941]],[[-79.35349,43.65331],[-79.35307,43.65286],[-79.35478,43.65194],[-79.36213,43.65019],[-79.36258,43.65121]]]}},{"type":"Feature","properties":{"r":"122","n":"Graydon Hall","m":"bus","f":["reg"],"day":true,"h":19},"geometry":{"type":"MultiLineString","coordinates":[[[-79.40652,43.74538],[-79.40596,43.74554],[-79.40535,43.74523],[-79.40522,43.74432],[-79.40332,43.74413],[-79.40237,43.74416],[-79.38414,43.74805],[-79.38348,43.74829],[-79.38235,43.74895],[-79.38065,43.74934],[-79.36414,43.75278],[-79.36303,43.75295],[-79.35996,43.75295],[-79.35202,43.75469],[-79.35328,43.7575],[-79.35362,43.75775],[-79.35426,43.75795],[-79.35582,43.75765],[-79.35616,43.75774],[-79.35848,43.76064],[-79.35666,43.76138],[-79.35421,43.76201],[-79.34984,43.76141],[-79.34682,43.76185],[-79.346,43.76224],[-79.34499,43.76321],[-79.34487,43.76359],[-79.34494,43.7642],[-79.34472,43.76456],[-79.34347,43.76491],[-79.34294,43.7649],[-79.34243,43.76467],[-79.3417,43.76339],[-79.34095,43.76328],[-79.3391,43.76361],[-79.33841,43.76238],[-79.33837,43.76205],[-79.33781,43.76196],[-79.33529,43.76258],[-79.33503,43.76337],[-79.33262,43.76498],[-79.33002,43.76555],[-79.32934,43.76381],[-79.32875,43.76306],[-79.32855,43.76191],[-79.32598,43.76204],[-79.32459,43.76247],[-79.32366,43.76299],[-79.32325,43.76262],[-79.3229,43.76179],[-79.32769,43.76067]],[[-79.32335,43.76325],[-79.32259,43.76405],[-79.32326,43.76428],[-79.32507,43.76545],[-79.3267,43.76613],[-79.32873,43.76599],[-79.32964,43.76568]]]}},{"type":"Feature","properties":{"r":"123","n":"Sherway","m":"bus","f":["reg"],"day":true,"h":10},"geometry":{"type":"MultiLineString","coordinates":[[[-79.5568,43.60887],[-79.55865,43.60834],[-79.55934,43.60898],[-79.55989,43.60924]],[[-79.54923,43.62007],[-79.54885,43.61942],[-79.54681,43.61748],[-79.546,43.6158],[-79.54449,43.61358],[-79.5438,43.61182],[-79.54874,43.61071]],[[-79.54853,43.61117],[-79.54832,43.61179],[-79.54783,43.61199],[-79.54737,43.61185],[-79.54727,43.61145]],[[-79.53626,43.63716],[-79.53464,43.63851],[-79.53444,43.6388],[-79.53464,43.63886],[-79.53652,43.6373],[-79.53678,43.63737],[-79.53738,43.63813],[-79.538,43.63852],[-79.54135,43.63473],[-79.54328,43.63295],[-79.54469,43.63211],[-79.54382,43.63103],[-79.54353,43.63041],[-79.54318,43.62845],[-79.54066,43.62246],[-79.55719,43.61865],[-79.55764,43.61826],[-79.55764,43.61785],[-79.55614,43.61421],[-79.55896,43.61408],[-79.5596,43.61391],[-79.56097,43.6133],[-79.56267,43.6123],[-79.56197,43.6115],[-79.56102,43.60994],[-79.56026,43.60941],[-79.55973,43.60993],[-79.5587,43.60984],[-79.55689,43.61012],[-79.55641,43.60898],[-79.54913,43.61061],[-79.54865,43.60947],[-79.54865,43.60911],[-79.54854,43.60898],[-79.5483,43.609],[-79.54524,43.60168],[-79.54162,43.59385],[-79.54149,43.59322],[-79.54165,43.59293],[-79.5427,43.59258],[-79.54282,43.59229],[-79.54377,43.59206]],[[-79.54135,43.59267],[-79.53939,43.59309],[-79.53956,43.59336],[-79.54058,43.59312],[-79.54109,43.5932]]]}},{"type":"Feature","properties":{"r":"124","n":"Sunnybrook","m":"bus","f":["reg"],"day":true,"h":18},"geometry":{"type":"MultiLineString","coordinates":[[[-79.40259,43.72606],[-79.40226,43.72471],[-79.40284,43.72453],[-79.40311,43.72457],[-79.40321,43.7249],[-79.3867,43.72837],[-79.38589,43.72841],[-79.38218,43.72757],[-79.38159,43.72659],[-79.38019,43.72558],[-79.37978,43.72501],[-79.37893,43.72097],[-79.3781,43.7212],[-79.37769,43.7217],[-79.37512,43.72227],[-79.37529,43.72268],[-79.37598,43.72256]],[[-79.37637,43.72248],[-79.37805,43.72213],[-79.37876,43.72379],[-79.37911,43.72375]]]}},{"type":"Feature","properties":{"r":"125","n":"Drewry","m":"bus","f":["reg"],"day":true,"h":15},"geometry":{"type":"MultiLineString","coordinates":[[[-79.45241,43.77959],[-79.45103,43.77931],[-79.44871,43.77975],[-79.44729,43.7796],[-79.44668,43.77967],[-79.44641,43.77978],[-79.44625,43.78002],[-79.44633,43.78074],[-79.41747,43.78706],[-79.41734,43.78706],[-79.41599,43.78163],[-79.41525,43.78183],[-79.41501,43.78167],[-79.41446,43.78021],[-79.41475,43.78018],[-79.41516,43.78107]],[[-79.44574,43.78125],[-79.44636,43.78121],[-79.44673,43.78213],[-79.44737,43.78243],[-79.44993,43.7819],[-79.45042,43.78194],[-79.45173,43.78072],[-79.45219,43.77995]]]}},{"type":"Feature","properties":{"r":"126","n":"Christie","m":"bus","f":["reg"],"day":true,"h":25},"geometry":{"type":"MultiLineString","coordinates":[[[-79.41521,43.68479],[-79.41503,43.68442],[-79.41528,43.68377],[-79.42571,43.6817],[-79.42427,43.67821],[-79.42368,43.67733],[-79.42339,43.67627],[-79.4227,43.67478],[-79.41878,43.66444],[-79.41885,43.66394],[-79.41863,43.66381],[-79.41856,43.66394],[-79.41878,43.66444]]]}},{"type":"Feature","properties":{"r":"127","n":"Davenport","m":"bus","f":["reg"],"day":true,"h":21},"geometry":{"type":"MultiLineString","coordinates":[[[-79.46353,43.67418],[-79.46345,43.67402],[-79.46316,43.674],[-79.46232,43.67101],[-79.45833,43.67009],[-79.45501,43.67042],[-79.44509,43.67209],[-79.43951,43.67332],[-79.43732,43.67396],[-79.43148,43.67467],[-79.42715,43.67479],[-79.42511,43.6751],[-79.41894,43.67665],[-79.41747,43.67677],[-79.41035,43.67683],[-79.40975,43.67542],[-79.40748,43.67586],[-79.40411,43.6673],[-79.40357,43.6675],[-79.40337,43.66741]],[[-79.40765,43.67623],[-79.40812,43.67741],[-79.40996,43.67693]]]}},{"type":"Feature","properties":{"r":"129","n":"McCowan North","m":"bus","f":["freq"],"day":true,"h":9},"geometry":{"type":"MultiLineString","coordinates":[[[-79.30445,43.90043],[-79.30408,43.89948],[-79.30324,43.89831],[-79.30283,43.89733],[-79.30828,43.89614],[-79.30954,43.89969],[-79.30738,43.90018]],[[-79.30699,43.90025],[-79.29638,43.90271],[-79.29324,43.90358],[-79.28691,43.87705],[-79.28599,43.87276],[-79.28266,43.85959],[-79.28063,43.85423],[-79.28024,43.85289],[-79.27946,43.84738],[-79.27566,43.83293]],[[-79.2752,43.8323],[-79.27521,43.83252],[-79.27555,43.83255],[-79.27504,43.83054],[-79.275,43.8297],[-79.27514,43.82905],[-79.2759,43.82734],[-79.27575,43.82638],[-79.26909,43.81141],[-79.26858,43.81066],[-79.26753,43.80981],[-79.26681,43.80884],[-79.25883,43.78961],[-79.25839,43.78877],[-79.25727,43.78738],[-79.25562,43.78321],[-79.25487,43.78097],[-79.25421,43.7796],[-79.25257,43.77543],[-79.25518,43.77495],[-79.25614,43.77491],[-79.2562,43.77469],[-79.25712,43.77444],[-79.25871,43.77411],[-79.25898,43.77428],[-79.26113,43.77361],[-79.26243,43.77334],[-79.26156,43.77111],[-79.26133,43.77007],[-79.27901,43.76624],[-79.27907,43.76653],[-79.27879,43.76676],[-79.27809,43.76675],[-79.2773,43.76696],[-79.27702,43.76683],[-79.27694,43.76651],[-79.27616,43.76645],[-79.27045,43.75164],[-79.27001,43.74958],[-79.26326,43.73368],[-79.26341,43.73348],[-79.26322,43.73324],[-79.26295,43.73239],[-79.26419,43.73199],[-79.26413,43.73181],[-79.2643,43.73148],[-79.26265,43.73132],[-79.26298,43.73208]],[[-79.26436,43.73235],[-79.26455,43.73277],[-79.26359,43.73299]]]}},{"type":"Feature","properties":{"r":"130","n":"Middlefield","m":"bus","f":["reg"],"day":true,"h":25},"geometry":{"type":"MultiLineString","coordinates":[[[-79.26813,43.83485],[-79.26817,43.83503],[-79.26852,43.83508],[-79.26795,43.8327],[-79.2657,43.82801],[-79.26456,43.82643],[-79.2626,43.82189],[-79.26187,43.81956],[-79.2574,43.80926],[-79.25692,43.80856],[-79.2555,43.80711],[-79.25465,43.80517],[-79.25472,43.80463],[-79.25852,43.79968],[-79.25904,43.79944],[-79.26256,43.79867],[-79.25883,43.78961],[-79.25839,43.78877],[-79.25727,43.78738],[-79.25562,43.78321],[-79.25487,43.78097],[-79.25421,43.7796],[-79.25257,43.77543],[-79.25518,43.77495],[-79.25614,43.77492],[-79.25619,43.77468],[-79.2587,43.7741]],[[-79.26481,43.82746],[-79.26187,43.82809],[-79.2616,43.82749],[-79.26138,43.8269],[-79.26155,43.82613],[-79.26143,43.82561],[-79.26005,43.82249],[-79.25917,43.82152],[-79.2604,43.82071],[-79.26166,43.82023]]]}},{"type":"Feature","properties":{"r":"131","n":"Nugget","m":"bus","f":["reg"],"day":true,"h":17},"geometry":{"type":"MultiLineString","coordinates":[[[-79.26436,43.73235],[-79.26455,43.73277],[-79.26359,43.73299]],[[-79.20126,43.82041],[-79.19995,43.81854],[-79.19939,43.81649],[-79.19925,43.81505],[-79.20087,43.81466],[-79.20307,43.8145],[-79.20545,43.81395],[-79.20638,43.81333],[-79.20473,43.81238],[-79.20412,43.81182],[-79.20271,43.80893],[-79.20523,43.8083],[-79.20669,43.80837],[-79.21152,43.81015],[-79.21249,43.8104],[-79.21392,43.81054],[-79.21403,43.80911],[-79.21434,43.80859],[-79.21481,43.80818],[-79.22272,43.80481],[-79.22358,43.80456],[-79.2245,43.80448],[-79.22563,43.80469],[-79.22668,43.80517],[-79.22769,43.80437],[-79.22843,43.80398],[-79.23397,43.8026],[-79.23889,43.79904],[-79.24103,43.79855],[-79.24494,43.79792],[-79.2476,43.79682],[-79.24941,43.7967],[-79.2514,43.79627],[-79.25473,43.79392],[-79.25765,43.79252],[-79.2598,43.79205],[-79.25856,43.78904],[-79.25727,43.78738],[-79.25562,43.78321],[-79.25487,43.78097],[-79.25421,43.7796],[-79.25257,43.77543],[-79.25518,43.77495],[-79.25614,43.77491],[-79.2562,43.77469],[-79.25712,43.77444],[-79.25871,43.77411],[-79.25898,43.77428],[-79.26113,43.77361],[-79.26243,43.77334],[-79.26156,43.77111],[-79.26133,43.77007],[-79.27901,43.76624],[-79.27903,43.76661],[-79.27873,43.76677],[-79.27815,43.76674],[-79.2773,43.76696],[-79.27702,43.76683],[-79.27694,43.76648],[-79.27616,43.76645],[-79.27045,43.75164],[-79.27001,43.74958],[-79.26326,43.73368],[-79.2634,43.73348],[-79.26295,43.73239],[-79.26419,43.73199],[-79.26413,43.73181],[-79.2643,43.73148],[-79.26277,43.7313],[-79.26261,43.73139],[-79.26298,43.73208],[-79.26373,43.73188]],[[-79.20168,43.8217],[-79.20193,43.82205],[-79.20619,43.82104],[-79.2046,43.81745],[-79.20358,43.81667],[-79.20264,43.81528],[-79.20258,43.81494]]]}},{"type":"Feature","properties":{"r":"132","n":"Milner","m":"bus","f":["reg"],"day":true,"h":25},"geometry":{"type":"MultiLineString","coordinates":[[[-79.21318,43.81458],[-79.21371,43.81409],[-79.21393,43.81357],[-79.21398,43.80925],[-79.21452,43.80839],[-79.21558,43.80779],[-79.21531,43.80738],[-79.21423,43.80654],[-79.21006,43.80497],[-79.2088,43.80416],[-79.20789,43.80298],[-79.20672,43.80003],[-79.20639,43.79961],[-79.20441,43.80012],[-79.20386,43.8001],[-79.20332,43.79987],[-79.20229,43.79899],[-79.20556,43.79707],[-79.21072,43.79598],[-79.21348,43.79616],[-79.22341,43.79398],[-79.2245,43.79362],[-79.22934,43.79123],[-79.23999,43.78891],[-79.2407,43.78842],[-79.24192,43.78691],[-79.24235,43.78658],[-79.24442,43.78601],[-79.24718,43.78498],[-79.2516,43.78403],[-79.25237,43.78397],[-79.25319,43.78429],[-79.25382,43.78528],[-79.25437,43.78559],[-79.25499,43.78567],[-79.25646,43.78537],[-79.25493,43.78112],[-79.25421,43.7796],[-79.25257,43.77543],[-79.25519,43.77495],[-79.25613,43.77492],[-79.25625,43.77467],[-79.2587,43.7741]],[[-79.21437,43.81054],[-79.21917,43.81049],[-79.22002,43.81033],[-79.22088,43.81179],[-79.22082,43.81222],[-79.21846,43.81552],[-79.21803,43.81578],[-79.21639,43.81627],[-79.21562,43.81622],[-79.2135,43.81483]]]}},{"type":"Feature","properties":{"r":"133","n":"Neilson","m":"bus","f":["reg"],"day":true,"h":8},"geometry":{"type":"MultiLineString","coordinates":[[[-79.26436,43.73235],[-79.26455,43.73277],[-79.26359,43.73299]],[[-79.22106,43.81969],[-79.22088,43.81873],[-79.22128,43.81765],[-79.22759,43.81626],[-79.22562,43.81198],[-79.2251,43.81114],[-79.2239,43.8102],[-79.22124,43.80899],[-79.22013,43.8083],[-79.21952,43.8077],[-79.21745,43.80493],[-79.2172,43.80428],[-79.2172,43.80343],[-79.21824,43.80113],[-79.21833,43.80002],[-79.2178,43.79845],[-79.21597,43.79416],[-79.2154,43.79312],[-79.21466,43.79222],[-79.21337,43.79102],[-79.20945,43.78885],[-79.20712,43.78694],[-79.20652,43.78612],[-79.20422,43.78092],[-79.20387,43.78095],[-79.20393,43.7811],[-79.20436,43.78125],[-79.20496,43.78259],[-79.22334,43.77828],[-79.25149,43.77213],[-79.25167,43.77313],[-79.25257,43.77543],[-79.25519,43.77495],[-79.25613,43.77492],[-79.25625,43.77467],[-79.2587,43.7741],[-79.25896,43.77431],[-79.26113,43.77361],[-79.26243,43.77334],[-79.26156,43.77111],[-79.26133,43.77007],[-79.27901,43.76624],[-79.27907,43.7665],[-79.27897,43.76667],[-79.27726,43.76696],[-79.27702,43.76683],[-79.27693,43.76652],[-79.27616,43.76645],[-79.27045,43.75164],[-79.27001,43.74958],[-79.26326,43.73368],[-79.2634,43.73348],[-79.26295,43.73239],[-79.26419,43.73199],[-79.26413,43.73181],[-79.2643,43.73148],[-79.26277,43.7313],[-79.26261,43.73139],[-79.26298,43.73208],[-79.26373,43.73188]],[[-79.22097,43.82068],[-79.22036,43.82136],[-79.22219,43.82291],[-79.22266,43.82354],[-79.22312,43.82465],[-79.22381,43.82572],[-79.22569,43.82497],[-79.22855,43.82431],[-79.23013,43.82303],[-79.23095,43.82355],[-79.23139,43.82397],[-79.23233,43.82581],[-79.23263,43.82616],[-79.23329,43.82664],[-79.23469,43.82724],[-79.23354,43.82858],[-79.23382,43.82921],[-79.23052,43.82994],[-79.23012,43.82984],[-79.22925,43.82934],[-79.22855,43.82926],[-79.22774,43.82938],[-79.22367,43.83049],[-79.22214,43.82705],[-79.22077,43.82624],[-79.21978,43.82423],[-79.21864,43.82326],[-79.22097,43.82068]]]}},{"type":"Feature","properties":{"r":"134","n":"Progress","m":"bus","f":["reg"],"day":true,"h":14},"geometry":{"type":"MultiLineString","coordinates":[[[-79.23225,43.81726],[-79.23381,43.82106],[-79.23411,43.82119],[-79.23796,43.82039],[-79.23737,43.81897],[-79.23984,43.81841],[-79.23886,43.81621],[-79.23776,43.81526],[-79.23737,43.81475],[-79.23462,43.80848],[-79.23438,43.80817],[-79.23364,43.80778],[-79.23122,43.80741],[-79.22583,43.80476],[-79.22513,43.80455],[-79.22422,43.80448],[-79.22415,43.80338],[-79.22447,43.8025],[-79.22737,43.79989],[-79.22797,43.79902],[-79.22814,43.79836],[-79.22811,43.79782],[-79.22753,43.79614],[-79.23492,43.79465],[-79.23408,43.79237],[-79.23424,43.7908],[-79.23417,43.79018],[-79.23347,43.78862],[-79.232,43.78443],[-79.2291,43.78549],[-79.22968,43.78639],[-79.2315,43.78571],[-79.2316,43.78538],[-79.23115,43.78475],[-79.23092,43.78409],[-79.23183,43.78388],[-79.23177,43.78351],[-79.23203,43.78296],[-79.23318,43.78207],[-79.23388,43.78174],[-79.23901,43.78069],[-79.24149,43.78062],[-79.24383,43.78015],[-79.24426,43.78075],[-79.24513,43.78093],[-79.25123,43.77968],[-79.25105,43.77924],[-79.25108,43.77851],[-79.2506,43.77728],[-79.25024,43.77527],[-79.25035,43.77505],[-79.25223,43.77457],[-79.25257,43.77543],[-79.25519,43.77495],[-79.25613,43.77492],[-79.25625,43.77467],[-79.2587,43.7741],[-79.25896,43.77431],[-79.25834,43.77451]],[[-79.25272,43.77581],[-79.25421,43.77958],[-79.25355,43.77985],[-79.25261,43.78055],[-79.25209,43.7806],[-79.25166,43.78045],[-79.25138,43.78005]],[[-79.2478,43.82399],[-79.24604,43.82438],[-79.24779,43.8283],[-79.24776,43.82846],[-79.24454,43.82921],[-79.24308,43.82587],[-79.24427,43.82555],[-79.24558,43.82451],[-79.2478,43.82399]],[[-79.2478,43.82399],[-79.24704,43.82218],[-79.2478,43.82399]],[[-79.2458,43.8194],[-79.24664,43.82125],[-79.2458,43.8194]],[[-79.2458,43.8194],[-79.24486,43.81722]],[[-79.24486,43.81722],[-79.2458,43.8194]],[[-79.24306,43.81296],[-79.24486,43.81722]],[[-79.24486,43.81722],[-79.24306,43.81296]],[[-79.24306,43.81296],[-79.23989,43.81363],[-79.24306,43.81296]],[[-79.23752,43.81413],[-79.23902,43.81381],[-79.23752,43.81412]],[[-79.23273,43.81515],[-79.23564,43.81452],[-79.23273,43.81515]],[[-79.23234,43.81524],[-79.23156,43.81335],[-79.23266,43.81306],[-79.23311,43.81267],[-79.23322,43.81237],[-79.23321,43.81208],[-79.23226,43.80987],[-79.23255,43.80806]],[[-79.23209,43.81689],[-79.23149,43.81542],[-79.23194,43.81532]]]}},{"type":"Feature","properties":{"r":"135","n":"Gerrard","m":"bus","f":["reg"],"day":true,"h":21},"geometry":{"type":"MultiLineString","coordinates":[[[-79.30129,43.68932],[-79.30107,43.68925],[-79.30106,43.68902],[-79.30211,43.68873],[-79.30039,43.68482],[-79.30016,43.68395],[-79.27815,43.68874],[-79.27725,43.69017],[-79.27381,43.6927],[-79.27304,43.69287],[-79.28034,43.71039]]]}},{"type":"Feature","properties":{"r":"145","n":"Belfield","m":"bus","f":["reg"],"day":true,"h":20},"geometry":{"type":"MultiLineString","coordinates":[[[-79.61657,43.69061],[-79.61381,43.68992],[-79.6147,43.68926],[-79.61527,43.68917]],[[-79.61566,43.68924],[-79.61682,43.68959],[-79.61715,43.69039],[-79.61696,43.69071],[-79.61814,43.69103],[-79.61912,43.6916],[-79.61145,43.69842],[-79.61373,43.70012],[-79.61415,43.70076],[-79.61428,43.70126],[-79.61418,43.70181],[-79.61387,43.70233],[-79.61324,43.7028],[-79.61166,43.70163],[-79.61105,43.70146],[-79.60895,43.70134],[-79.60672,43.70021],[-79.60489,43.6995],[-79.60385,43.69929],[-79.60276,43.69944],[-79.59601,43.70112],[-79.59538,43.70114],[-79.59503,43.70094],[-79.5946,43.70004],[-79.59368,43.69902],[-79.59319,43.69784],[-79.56773,43.7038],[-79.56597,43.70407],[-79.56349,43.70483],[-79.56144,43.70064],[-79.5606,43.69852],[-79.55089,43.67718],[-79.54223,43.65765],[-79.53461,43.63993],[-79.5352,43.6397],[-79.53455,43.63891],[-79.53661,43.6373],[-79.53663,43.63713],[-79.53626,43.63716],[-79.53449,43.63866]]]}},{"type":"Feature","properties":{"r":"149","n":"Etobicoke-Bloor","m":"bus","f":["reg"],"day":true,"h":25},"geometry":{"type":"MultiLineString","coordinates":[[[-79.53626,43.63716],[-79.53464,43.63851],[-79.53444,43.63874],[-79.53455,43.63891],[-79.53391,43.63942],[-79.53407,43.63993],[-79.53461,43.63993],[-79.53481,43.64044],[-79.53262,43.64115],[-79.5323,43.64151],[-79.53215,43.64196],[-79.53236,43.64264],[-79.53146,43.64288],[-79.49941,43.65004],[-79.49756,43.65002],[-79.49668,43.64988],[-79.49491,43.64944],[-79.49034,43.64793],[-79.48961,43.64777],[-79.48807,43.64773],[-79.48701,43.64783],[-79.48597,43.64815],[-79.48448,43.64933],[-79.48468,43.64982],[-79.48318,43.65019]],[[-79.48303,43.64982],[-79.48297,43.64969],[-79.48409,43.64941]]]}},{"type":"Feature","properties":{"r":"151","n":"Leslie North","m":"bus","f":["reg"],"day":true,"h":21},"geometry":{"type":"MultiLineString","coordinates":[[[-79.35818,43.80942],[-79.359,43.80894],[-79.35999,43.80983],[-79.36077,43.81118],[-79.3725,43.8085],[-79.36951,43.79648],[-79.36612,43.78196],[-79.36416,43.77259],[-79.36413,43.77164],[-79.36605,43.77146],[-79.3662,43.77177],[-79.36647,43.77185],[-79.36744,43.77161],[-79.36755,43.77137],[-79.36711,43.77052],[-79.36724,43.7704],[-79.36784,43.77038]],[[-79.36687,43.7702],[-79.3662,43.76931],[-79.36486,43.76943],[-79.36471,43.77016],[-79.3642,43.77014]],[[-79.3642,43.77014],[-79.36358,43.77008],[-79.36349,43.7696],[-79.36427,43.76941],[-79.3642,43.77014]],[[-79.36038,43.81128],[-79.35754,43.81191],[-79.35669,43.80989],[-79.35783,43.80962]]]}},{"type":"Feature","properties":{"r":"154","n":"Curran Hall","m":"bus","f":["reg"],"day":true,"h":21},"geometry":{"type":"MultiLineString","coordinates":[[[-79.26314,43.73247],[-79.26427,43.7322],[-79.26455,43.73277],[-79.26325,43.73307],[-79.26319,43.73317],[-79.26341,43.73348],[-79.26326,43.73368],[-79.27013,43.75],[-79.27039,43.74996],[-79.27049,43.75056],[-79.2707,43.75068],[-79.27112,43.75057],[-79.2709,43.75016],[-79.27104,43.74997],[-79.2722,43.74968],[-79.27239,43.74972],[-79.27252,43.75],[-79.24676,43.75526],[-79.21584,43.76185],[-79.2159,43.76287],[-79.21606,43.7634],[-79.21868,43.76981],[-79.21278,43.77114],[-79.21013,43.77117],[-79.20875,43.77145],[-79.21116,43.77717],[-79.21147,43.77766],[-79.21203,43.77804],[-79.21256,43.77822],[-79.21423,43.77823],[-79.21534,43.77847],[-79.21659,43.77913],[-79.21714,43.77975],[-79.19543,43.78483],[-79.18326,43.78785],[-79.18339,43.78856],[-79.18525,43.79297],[-79.18426,43.79317],[-79.18144,43.79334],[-79.17892,43.79386],[-79.17664,43.79392],[-79.17507,43.79426],[-79.17342,43.79034]],[[-79.17369,43.79004],[-79.18287,43.78794]]]}},{"type":"Feature","properties":{"r":"156","n":"Millwood","m":"bus","f":["reg"],"day":true,"h":30},"geometry":{"type":"MultiLineString","coordinates":[[[-79.35082,43.71322],[-79.35111,43.71386],[-79.3516,43.71412],[-79.35234,43.71427],[-79.35871,43.71296]],[[-79.34309,43.70621],[-79.34363,43.70747],[-79.34815,43.70635],[-79.34921,43.70565],[-79.35167,43.70328],[-79.35284,43.70192],[-79.35398,43.70206],[-79.35703,43.70183],[-79.35841,43.70191],[-79.35984,43.7025],[-79.36056,43.70314],[-79.361,43.70295],[-79.36158,43.70246],[-79.36577,43.70418],[-79.36813,43.70478],[-79.36819,43.70571],[-79.36795,43.70654],[-79.36765,43.70694],[-79.36716,43.70742],[-79.36459,43.70921],[-79.36353,43.71036],[-79.3648,43.71357],[-79.35982,43.7146],[-79.35852,43.71146],[-79.3565,43.71188],[-79.35589,43.71174],[-79.35065,43.71285]],[[-79.34951,43.70481],[-79.34411,43.70185],[-79.3436,43.70177],[-79.34306,43.702],[-79.34122,43.70395],[-79.34135,43.70429],[-79.34252,43.70526],[-79.34293,43.70584]]]}},{"type":"Feature","properties":{"r":"158","n":"Trethewey","m":"bus","f":["reg"],"day":true,"h":15},"geometry":{"type":"MultiLineString","coordinates":[[[-79.53382,43.70814],[-79.5346,43.70968],[-79.53518,43.7112],[-79.53372,43.71148],[-79.53333,43.7114],[-79.53316,43.71124],[-79.53257,43.70987],[-79.5321,43.70848]],[[-79.53197,43.7081],[-79.53363,43.70779],[-79.53305,43.70671],[-79.53255,43.70636],[-79.53057,43.70576],[-79.52545,43.70301],[-79.52379,43.70237],[-79.52183,43.70166],[-79.5162,43.70016],[-79.50499,43.70277],[-79.50384,43.70288],[-79.50238,43.69759],[-79.49054,43.69661],[-79.48973,43.69612],[-79.4865,43.69479],[-79.48371,43.69344],[-79.48327,43.69341],[-79.48203,43.69379],[-79.48059,43.69387],[-79.47963,43.69376],[-79.47898,43.69352],[-79.4759,43.6914],[-79.47542,43.69085],[-79.47493,43.69122],[-79.47461,43.69079],[-79.47527,43.69059]]]}},{"type":"Feature","properties":{"r":"160","n":"Bathurst North","m":"bus","f":["reg"],"day":true,"h":27},"geometry":{"type":"MultiLineString","coordinates":[[[-79.44842,43.80383],[-79.44923,43.80714],[-79.45017,43.80707],[-79.45047,43.80841],[-79.45094,43.80904],[-79.45166,43.80934],[-79.45239,43.80938],[-79.45397,43.80901]],[[-79.45397,43.80901],[-79.45409,43.80919],[-79.45379,43.80935],[-79.45364,43.80961],[-79.45375,43.80982],[-79.45435,43.80974],[-79.45397,43.80901]],[[-79.45397,43.80901],[-79.45432,43.8086],[-79.45448,43.80624],[-79.45614,43.80608],[-79.45622,43.80682],[-79.45712,43.80894],[-79.45704,43.80904],[-79.45716,43.80937],[-79.45752,43.80989],[-79.45772,43.81084],[-79.45732,43.81162],[-79.45725,43.81221],[-79.4563,43.81498],[-79.45601,43.8154],[-79.45498,43.81623],[-79.45416,43.81667],[-79.44734,43.81815],[-79.44644,43.81817],[-79.4459,43.81804],[-79.44424,43.81697],[-79.44385,43.81651],[-79.44361,43.81548],[-79.44353,43.81353],[-79.44335,43.81284],[-79.44343,43.81272],[-79.44325,43.8119],[-79.44314,43.81184],[-79.4427,43.8096],[-79.44147,43.80635],[-79.44074,43.80496],[-79.44299,43.80441],[-79.44811,43.80365]],[[-79.44845,43.80343],[-79.44757,43.79995],[-79.44767,43.79984],[-79.44721,43.79848],[-79.44537,43.79092],[-79.44552,43.79041],[-79.44659,43.78895],[-79.44662,43.78811],[-79.44144,43.76769],[-79.43603,43.74528],[-79.43399,43.73735],[-79.44727,43.73458],[-79.4479,43.73568],[-79.44996,43.73684],[-79.45021,43.73662],[-79.44968,43.73547],[-79.4499,43.73525],[-79.45089,43.73506],[-79.45061,43.73424]]]}},{"type":"Feature","properties":{"r":"161","n":"Rogers Rd","m":"bus","f":["reg"],"day":true,"h":17},"geometry":{"type":"MultiLineString","coordinates":[[[-79.48889,43.68901],[-79.48794,43.68863],[-79.48645,43.68886],[-79.48626,43.68872],[-79.48644,43.68807],[-79.48611,43.68745],[-79.48582,43.68721],[-79.48282,43.68577],[-79.48229,43.68572],[-79.48168,43.68586],[-79.48073,43.68431],[-79.4803,43.68335],[-79.47908,43.68305],[-79.47803,43.68255],[-79.4764,43.68126],[-79.4767,43.68117],[-79.47691,43.68128],[-79.47674,43.6816],[-79.47617,43.68171],[-79.46913,43.68232],[-79.46744,43.68188],[-79.46025,43.68343],[-79.45957,43.68341],[-79.45768,43.68304],[-79.45668,43.68309],[-79.44928,43.68471],[-79.44713,43.68534],[-79.43868,43.68713],[-79.43568,43.67959],[-79.4359,43.67954],[-79.43377,43.6744],[-79.43464,43.67428],[-79.42966,43.66224],[-79.42963,43.66159],[-79.42943,43.66114],[-79.42565,43.66198],[-79.42585,43.66246],[-79.42684,43.66225]]]}},{"type":"Feature","properties":{"r":"162","n":"Lawrence-Donway","m":"bus","f":["reg"],"day":true,"h":27},"geometry":{"type":"MultiLineString","coordinates":[[[-79.40253,43.72597],[-79.40226,43.72471],[-79.40284,43.72453],[-79.40311,43.72457],[-79.40321,43.7249],[-79.3867,43.72837],[-79.38589,43.72841],[-79.38397,43.7279],[-79.38162,43.72748],[-79.38144,43.73023],[-79.3811,43.73199],[-79.3819,43.7364],[-79.37992,43.73663],[-79.37848,43.73708],[-79.37188,43.73182],[-79.37073,43.73041],[-79.36984,43.72969],[-79.36873,43.72932],[-79.36795,43.72928],[-79.36694,43.72942],[-79.36517,43.72991],[-79.36488,43.72821],[-79.36487,43.72738],[-79.36429,43.72681],[-79.36423,43.72633],[-79.36378,43.72557],[-79.36026,43.72636],[-79.36047,43.72956],[-79.36225,43.73181],[-79.36494,43.73348],[-79.35902,43.73478],[-79.35702,43.73451],[-79.35597,43.73453],[-79.34653,43.7365],[-79.34636,43.73611],[-79.34641,43.73583],[-79.34793,43.73499],[-79.34817,43.7346],[-79.34808,43.73429],[-79.34671,43.73301],[-79.34778,43.73246],[-79.34993,43.73241],[-79.35042,43.73227],[-79.35076,43.73195],[-79.35101,43.7311],[-79.35022,43.73021],[-79.34988,43.72999],[-79.34337,43.72764],[-79.34243,43.72742],[-79.34085,43.72765],[-79.33961,43.72302],[-79.33649,43.72348],[-79.33636,43.72266],[-79.3366,43.72203],[-79.33655,43.72181],[-79.3378,43.72151],[-79.33775,43.72125]]]}},{"type":"Feature","properties":{"r":"164","n":"Castlefield","m":"bus","f":["reg"],"day":true,"h":27},"geometry":{"type":"MultiLineString","coordinates":[[[-79.489,43.68881],[-79.48906,43.68894],[-79.48887,43.68901],[-79.48791,43.68863],[-79.48645,43.68886],[-79.48626,43.68872],[-79.48645,43.68812],[-79.48611,43.68745],[-79.48558,43.6871],[-79.48506,43.68704],[-79.4847,43.68714],[-79.48443,43.68739],[-79.48459,43.68798],[-79.47506,43.69017],[-79.47527,43.69059],[-79.47463,43.69076],[-79.47493,43.69122],[-79.47425,43.69179],[-79.47597,43.69943],[-79.46945,43.70086],[-79.46887,43.6995],[-79.46822,43.69724],[-79.46797,43.69701],[-79.46678,43.69772],[-79.46352,43.69844],[-79.46176,43.69836],[-79.45993,43.69877],[-79.45878,43.69917],[-79.45154,43.70081],[-79.45075,43.70085],[-79.44937,43.70049],[-79.4437,43.70172],[-79.44401,43.70251],[-79.44144,43.70305],[-79.43939,43.69804],[-79.43631,43.69871],[-79.43659,43.69952],[-79.43653,43.69968],[-79.43629,43.69978],[-79.43587,43.69964],[-79.43558,43.69887]],[[-79.44151,43.70216],[-79.44331,43.70178]]]}},{"type":"Feature","properties":{"r":"165","n":"Weston Rd North","m":"bus","f":["freq"],"day":true,"h":8},"geometry":{"type":"MultiLineString","coordinates":[[[-79.54652,43.77031],[-79.55498,43.76856],[-79.55324,43.7642],[-79.54857,43.76512],[-79.54817,43.76508],[-79.54707,43.76462],[-79.54668,43.76462]],[[-79.54652,43.77031],[-79.54641,43.77123],[-79.54592,43.77193],[-79.54446,43.7732],[-79.54382,43.77295],[-79.54339,43.77094],[-79.54652,43.77031]],[[-79.54543,43.76526],[-79.54652,43.77031]],[[-79.54628,43.76465],[-79.54535,43.76487],[-79.54375,43.75746],[-79.54237,43.75208],[-79.54156,43.74803],[-79.538,43.73266],[-79.53776,43.73197],[-79.53604,43.72918],[-79.53557,43.72678],[-79.53567,43.72597],[-79.53687,43.72388],[-79.53785,43.718],[-79.53884,43.718],[-79.53908,43.71765],[-79.5348,43.71615],[-79.53333,43.71577],[-79.53157,43.71578],[-79.50954,43.72077],[-79.50519,43.72147],[-79.48206,43.72664],[-79.47933,43.72778],[-79.47146,43.7296],[-79.46128,43.73189],[-79.45928,43.732],[-79.45285,43.73338],[-79.45296,43.73384],[-79.45259,43.73426],[-79.45173,43.73397],[-79.45127,43.73413],[-79.45118,43.7343],[-79.45141,43.73482],[-79.45136,43.73497],[-79.45089,43.73503],[-79.45064,43.7342],[-79.45089,43.73415],[-79.45117,43.73499],[-79.44972,43.73536],[-79.4497,43.73558],[-79.45021,43.73662],[-79.44995,43.73684],[-79.4479,43.73568],[-79.44727,43.73458],[-79.43399,43.73735],[-79.42965,43.73779],[-79.42782,43.73849],[-79.41443,43.74147],[-79.4124,43.74205],[-79.40672,43.74415],[-79.40522,43.74432],[-79.40579,43.74516],[-79.40645,43.74505]],[[-79.45036,43.73391],[-79.44767,43.73449]]]}},{"type":"Feature","properties":{"r":"166","n":"Toryork","m":"bus","f":["reg"],"day":true,"h":null},"geometry":{"type":"MultiLineString","coordinates":[[[-79.57652,43.76412],[-79.57641,43.76398],[-79.57526,43.76425]],[[-79.56581,43.7609],[-79.56442,43.76262],[-79.55806,43.76],[-79.55433,43.7578],[-79.54464,43.75378],[-79.54317,43.75333],[-79.54271,43.75334],[-79.54238,43.75209],[-79.55232,43.74994],[-79.55282,43.75107]],[[-79.55298,43.75144],[-79.55357,43.75292],[-79.55379,43.75315],[-79.56003,43.75625],[-79.56544,43.75831],[-79.56621,43.76],[-79.56625,43.76026],[-79.56606,43.76059],[-79.56731,43.76096],[-79.57182,43.76003],[-79.57487,43.76434],[-79.56479,43.76655],[-79.52345,43.77501],[-79.52039,43.77575],[-79.51701,43.77636],[-79.50896,43.77819],[-79.50828,43.77645],[-79.50856,43.77638],[-79.50883,43.77658],[-79.51001,43.77698],[-79.50996,43.77714],[-79.50979,43.77717],[-79.50863,43.77682]]]}},{"type":"Feature","properties":{"r":"167","n":"Pharmacy North","m":"bus","f":["reg"],"day":true,"h":30},"geometry":{"type":"MultiLineString","coordinates":[[[-79.33691,43.81824],[-79.33675,43.81813],[-79.33664,43.81728],[-79.33385,43.81094],[-79.32697,43.79587],[-79.32497,43.79278],[-79.3185,43.77784],[-79.31775,43.77651],[-79.323,43.77524],[-79.32147,43.77194],[-79.32397,43.77149],[-79.32505,43.77084],[-79.33058,43.7704],[-79.33113,43.7706],[-79.33146,43.77119],[-79.33469,43.77056],[-79.33569,43.77163],[-79.33622,43.77289],[-79.33249,43.77371],[-79.33205,43.77367],[-79.33149,43.77421],[-79.33122,43.77509],[-79.34123,43.77621],[-79.3426,43.77607],[-79.34535,43.77546],[-79.34575,43.7756],[-79.34658,43.77552],[-79.34684,43.77563],[-79.34696,43.77612],[-79.34675,43.77622],[-79.34615,43.77596],[-79.3453,43.77606],[-79.34505,43.77596],[-79.3451,43.77583],[-79.34605,43.77561]],[[-79.32339,43.77516],[-79.3253,43.77475],[-79.32669,43.77466],[-79.33082,43.77505]]]}},{"type":"Feature","properties":{"r":"168","n":"Symington","m":"bus","f":["reg"],"day":true,"h":14},"geometry":{"type":"MultiLineString","coordinates":[[[-79.48814,43.68835],[-79.48902,43.68881],[-79.48906,43.68894],[-79.48885,43.689],[-79.48794,43.68863],[-79.48645,43.68886],[-79.48626,43.68872],[-79.48644,43.68807],[-79.48611,43.68745],[-79.48582,43.68721],[-79.48282,43.68577],[-79.48229,43.68572],[-79.48168,43.68586],[-79.48073,43.68431],[-79.48031,43.68336],[-79.47909,43.68306],[-79.47804,43.68256],[-79.4764,43.68126],[-79.47682,43.68119],[-79.47691,43.68131],[-79.47675,43.68161],[-79.47618,43.68171],[-79.46913,43.68232],[-79.46766,43.68189],[-79.46545,43.67957],[-79.46405,43.67707],[-79.46232,43.67101],[-79.45833,43.67009],[-79.45324,43.67071],[-79.44776,43.65729],[-79.45244,43.65631],[-79.45261,43.65688],[-79.45358,43.65671],[-79.45384,43.6568],[-79.45298,43.65705]]]}},{"type":"Feature","properties":{"r":"169","n":"Huntingwood","m":"bus","f":["reg"],"day":true,"h":30},"geometry":{"type":"MultiLineString","coordinates":[[[-79.35303,43.78676],[-79.35303,43.78648],[-79.35347,43.78551],[-79.3535,43.78511],[-79.35244,43.78309],[-79.3519,43.78119],[-79.35113,43.78052],[-79.34967,43.77999],[-79.3492,43.77966]],[[-79.34697,43.77592],[-79.34696,43.77612],[-79.3468,43.77622],[-79.34687,43.77647],[-79.34715,43.77659],[-79.34763,43.77651],[-79.34873,43.77908],[-79.34882,43.77987],[-79.34827,43.78131],[-79.34843,43.78199],[-79.35,43.78376],[-79.35094,43.78575],[-79.35243,43.7867],[-79.35302,43.78734],[-79.35016,43.78796],[-79.34882,43.78798],[-79.34752,43.78764],[-79.34507,43.78651],[-79.34365,43.78632],[-79.34077,43.7867],[-79.32957,43.78924],[-79.32538,43.78034],[-79.31934,43.7819],[-79.31703,43.78368],[-79.31592,43.78427],[-79.30888,43.78601],[-79.30842,43.78626],[-79.30812,43.78664],[-79.30768,43.78843],[-79.30724,43.78903],[-79.30688,43.78926],[-79.30597,43.78958],[-79.29882,43.79123],[-79.2981,43.79151],[-79.29768,43.79189],[-79.29622,43.79409],[-79.29525,43.79468],[-79.29344,43.79514],[-79.29134,43.79531],[-79.28737,43.79633],[-79.2785,43.79807],[-79.27431,43.79817],[-79.27205,43.79863],[-79.26961,43.7981],[-79.26975,43.79746],[-79.26838,43.79418],[-79.26809,43.79361],[-79.26764,43.79341],[-79.26633,43.79365],[-79.26567,43.79392],[-79.26515,43.79433],[-79.26456,43.7952],[-79.26416,43.7955],[-79.2615,43.79612],[-79.25856,43.78904],[-79.25727,43.78738],[-79.25562,43.78321],[-79.25487,43.78097],[-79.25421,43.7796],[-79.25257,43.77543],[-79.25519,43.77495],[-79.25613,43.77492],[-79.25625,43.77467],[-79.2587,43.7741]],[[-79.3441,43.77574],[-79.34535,43.77546],[-79.34575,43.7756],[-79.34677,43.77558]],[[-79.34641,43.77616],[-79.34591,43.77605],[-79.34407,43.77637],[-79.34389,43.77631],[-79.34371,43.77583],[-79.34188,43.77618],[-79.34102,43.7762],[-79.32771,43.7747],[-79.3253,43.77475],[-79.323,43.77524],[-79.32521,43.77997]],[[-79.32831,43.78563],[-79.33337,43.78451],[-79.33483,43.78764]]]}},{"type":"Feature","properties":{"r":"171","n":"Mount Dennis","m":"bus","f":["reg"],"day":true,"h":25},"geometry":{"type":"MultiLineString","coordinates":[[[-79.49586,43.67657],[-79.49773,43.68109],[-79.49641,43.68116],[-79.49578,43.68131],[-79.49507,43.6817],[-79.49173,43.68246],[-79.48952,43.67727]],[[-79.49488,43.69432],[-79.49621,43.69262],[-79.49609,43.69245],[-79.49472,43.69176],[-79.49441,43.69171],[-79.4942,43.69184],[-79.4929,43.69333],[-79.48998,43.69191],[-79.4888,43.69167],[-79.48798,43.69178],[-79.48743,43.692],[-79.48704,43.69229],[-79.48621,43.6933],[-79.48763,43.69445],[-79.48782,43.6949],[-79.48762,43.69521],[-79.4861,43.69461],[-79.48397,43.69129],[-79.48287,43.68836],[-79.48459,43.68798],[-79.4844,43.68757],[-79.48446,43.68734],[-79.48483,43.68709],[-79.48528,43.68704],[-79.48573,43.68716],[-79.48611,43.68745],[-79.48644,43.68807],[-79.48643,43.6886],[-79.48805,43.68833],[-79.48906,43.68886],[-79.48885,43.689],[-79.48794,43.68863],[-79.48645,43.68886],[-79.48626,43.68872],[-79.48644,43.68807],[-79.48614,43.68749],[-79.48573,43.68716],[-79.48528,43.68704],[-79.48483,43.68709],[-79.48446,43.68734],[-79.4844,43.68757],[-79.48459,43.68798],[-79.48287,43.68836],[-79.48222,43.68672],[-79.48073,43.68431],[-79.48028,43.68328],[-79.4839,43.67812],[-79.49289,43.67611],[-79.49518,43.67627],[-79.49571,43.6762]],[[-79.49327,43.69351],[-79.49452,43.69414]],[[-79.48662,43.68754],[-79.48952,43.68699],[-79.4942,43.68865],[-79.49349,43.68987],[-79.49139,43.69215]],[[-79.48392,43.6787],[-79.48435,43.67971],[-79.4839,43.67985],[-79.48309,43.68099],[-79.48252,43.68078]]]}},{"type":"Feature","properties":{"r":"184","n":"Ancaster Park","m":"bus","f":["reg"],"day":true,"h":27},"geometry":{"type":"MultiLineString","coordinates":[[[-79.46804,43.73689],[-79.46734,43.73526],[-79.46993,43.73467],[-79.46811,43.73034],[-79.46129,43.73189],[-79.45929,43.732],[-79.45286,43.73338],[-79.45296,43.73384],[-79.45259,43.73426],[-79.4518,43.73402],[-79.45088,43.73415],[-79.45117,43.73501]],[[-79.46304,43.7319],[-79.46547,43.7376],[-79.4677,43.7371]]]}},{"type":"Feature","properties":{"r":"185","n":"Sheppard Central","m":"bus","f":["reg"],"day":true,"h":25},"geometry":{"type":"MultiLineString","coordinates":[[[-79.41204,43.76194],[-79.41187,43.76186],[-79.41182,43.76154],[-79.41239,43.76145],[-79.41227,43.76121],[-79.3889,43.76637],[-79.38656,43.76707],[-79.36825,43.77103],[-79.36627,43.77143],[-79.36107,43.77202],[-79.34703,43.7751],[-79.34763,43.77651],[-79.34738,43.77657],[-79.34692,43.77653],[-79.3468,43.77622],[-79.34626,43.77598],[-79.34518,43.77606],[-79.34504,43.77592],[-79.34658,43.77552],[-79.3468,43.77558],[-79.34697,43.77592]]]}},{"type":"Feature","properties":{"r":"189","n":"Stockyards","m":"bus","f":["reg"],"day":true,"h":25},"geometry":{"type":"MultiLineString","coordinates":[[[-79.49511,43.66683],[-79.49926,43.66607],[-79.49964,43.66707],[-79.50165,43.66937],[-79.49867,43.67004],[-79.49375,43.67167],[-79.49177,43.66718],[-79.47112,43.67178],[-79.46999,43.66925],[-79.46651,43.67003],[-79.46005,43.65471],[-79.4653,43.65354],[-79.46558,43.65422],[-79.46627,43.65406],[-79.46688,43.65411],[-79.46696,43.65398],[-79.46627,43.65406]],[[-79.49218,43.66712],[-79.49471,43.66687]]]}},{"type":"Feature","properties":{"r":"191","n":"Underhill","m":"bus","f":["reg"],"day":true,"h":25},"geometry":{"type":"MultiLineString","coordinates":[[[-79.33944,43.75745],[-79.34136,43.75705],[-79.34026,43.75545],[-79.34088,43.75482],[-79.34033,43.75317],[-79.33766,43.75306],[-79.33731,43.75279],[-79.33641,43.75134],[-79.33289,43.75217],[-79.33138,43.75226],[-79.33016,43.75253],[-79.32842,43.753],[-79.32784,43.7534],[-79.32652,43.75295],[-79.32591,43.75143],[-79.32659,43.74935],[-79.32584,43.74583],[-79.32616,43.74421],[-79.3247,43.74079],[-79.33209,43.7395],[-79.34345,43.73717],[-79.33961,43.72302],[-79.33649,43.72348],[-79.33636,43.72266],[-79.3366,43.72203],[-79.33655,43.72181],[-79.33783,43.72149],[-79.33775,43.72125],[-79.3376,43.72125]],[[-79.33307,43.75936],[-79.33518,43.75843],[-79.33905,43.75754]],[[-79.3327,43.75952],[-79.33258,43.75911],[-79.33338,43.75868],[-79.33414,43.75596],[-79.33392,43.75537],[-79.33285,43.75494],[-79.33266,43.75435],[-79.3334,43.75364],[-79.33347,43.75344],[-79.33336,43.75311],[-79.33311,43.75292],[-79.332,43.75262]]]}},{"type":"Feature","properties":{"r":"200","n":"Toronto Zoo","m":"bus","f":["reg"],"day":true,"h":null},"geometry":{"type":"MultiLineString","coordinates":[[[-79.17983,43.81976],[-79.17944,43.81908],[-79.17919,43.81891],[-79.1778,43.81887],[-79.17605,43.81827],[-79.17476,43.81825],[-79.17324,43.8166],[-79.17291,43.81594],[-79.17272,43.81507],[-79.17318,43.8125],[-79.17317,43.81167],[-79.17275,43.81085],[-79.1712,43.80917],[-79.17081,43.80838],[-79.16743,43.80913],[-79.16653,43.80912],[-79.16559,43.80885],[-79.15523,43.80285],[-79.1466,43.79923],[-79.14478,43.79777],[-79.14409,43.79699],[-79.14353,43.79603],[-79.13667,43.7796],[-79.13088,43.78086],[-79.12996,43.78079]],[[-79.17248,43.81585],[-79.17255,43.81682],[-79.17297,43.81775],[-79.17338,43.81824],[-79.17421,43.81825]]]}},{"type":"Feature","properties":{"r":"201","n":"Bluffer's Park","m":"bus","f":["reg"],"day":true,"h":null},"geometry":{"type":"MultiLineString","coordinates":[[[-79.26308,43.73249],[-79.26423,43.73219],[-79.26455,43.73277],[-79.26572,43.73239],[-79.26596,43.73248],[-79.26606,43.73267],[-79.25847,43.73446],[-79.25825,43.73468],[-79.25731,43.73496],[-79.25613,43.73497],[-79.24808,43.7367],[-79.23798,43.71264],[-79.23797,43.7119],[-79.23852,43.70967],[-79.23846,43.70923],[-79.23815,43.70873],[-79.23641,43.70767],[-79.23547,43.70775],[-79.23474,43.70841],[-79.23413,43.70871],[-79.23239,43.71037],[-79.23157,43.71082],[-79.23076,43.71148],[-79.22987,43.71251],[-79.22837,43.71296]]]}},{"type":"Feature","properties":{"r":"202","n":"Cherry Beach","m":"bus","f":["reg"],"day":true,"h":27},"geometry":{"type":"MultiLineString","coordinates":[[[-79.37792,43.64628],[-79.37697,43.64688],[-79.37737,43.64785],[-79.37973,43.64733],[-79.37746,43.64208],[-79.37684,43.64115],[-79.36198,43.64641],[-79.36169,43.64671],[-79.36125,43.64762],[-79.36104,43.64774],[-79.36274,43.65157],[-79.35799,43.65266],[-79.35654,43.64942],[-79.35631,43.64817],[-79.35338,43.64451],[-79.35091,43.64341],[-79.34951,43.64173],[-79.34467,43.63722],[-79.3447,43.63701],[-79.34438,43.63701],[-79.34434,43.63713],[-79.34448,43.63724]],[[-79.35779,43.65123],[-79.36174,43.6503]]]}},{"type":"Feature","properties":{"r":"203","n":"High Park","m":"bus","f":["reg"],"day":true,"h":null},"geometry":{"type":"MultiLineString","coordinates":[[[-79.46627,43.65406],[-79.46558,43.65422],[-79.46517,43.65341],[-79.46539,43.65245],[-79.46678,43.65088],[-79.46787,43.65019],[-79.46807,43.64988],[-79.46806,43.64944],[-79.46774,43.6484],[-79.46753,43.64693],[-79.46694,43.64558],[-79.46671,43.6454],[-79.4659,43.6452],[-79.46517,43.64523],[-79.46482,43.64554]],[[-79.46462,43.64589],[-79.46457,43.64601],[-79.46495,43.64709],[-79.46486,43.64775],[-79.46503,43.6487],[-79.46481,43.64979],[-79.46476,43.65224],[-79.46492,43.6527]]]}},{"type":"Feature","properties":{"r":"300","n":"Bloor-Danforth","m":"bus","f":["night"],"day":false,"h":null},"geometry":{"type":"MultiLineString","coordinates":[[[-79.61009,43.68547],[-79.6103,43.68554],[-79.61159,43.6854],[-79.61281,43.68558],[-79.61901,43.68751],[-79.62068,43.68785],[-79.62099,43.68775],[-79.6211,43.68739]],[[-79.62095,43.68702],[-79.62056,43.68652],[-79.61941,43.68593],[-79.61852,43.6857],[-79.61674,43.68581],[-79.61383,43.68489],[-79.60902,43.68512],[-79.60664,43.68489],[-79.6032,43.68552],[-79.60124,43.68524],[-79.5993,43.68417],[-79.59576,43.6826],[-79.59475,43.68193],[-79.59388,43.68106],[-79.59342,43.68034],[-79.59307,43.67934],[-79.5923,43.67481],[-79.59208,43.6742],[-79.59093,43.67247],[-79.59003,43.67161],[-79.58884,43.67079],[-79.58729,43.67014],[-79.58544,43.66994],[-79.58452,43.67003],[-79.58041,43.67096],[-79.57863,43.67104],[-79.57771,43.67093],[-79.57679,43.67064],[-79.57542,43.66978],[-79.57417,43.66853],[-79.57352,43.66746],[-79.5714,43.66244],[-79.56963,43.6577],[-79.5667,43.65194],[-79.56529,43.64874],[-79.56488,43.64718],[-79.56498,43.64684],[-79.56556,43.64608],[-79.56541,43.64557],[-79.56494,43.64513],[-79.55998,43.6463],[-79.55969,43.64561],[-79.55888,43.64464],[-79.55846,43.64326],[-79.55703,43.63988]],[[-79.61525,43.68492],[-79.61535,43.68464],[-79.61519,43.6841],[-79.61253,43.68207],[-79.61205,43.68191]],[[-79.61131,43.68583],[-79.61362,43.68645],[-79.61407,43.68639]],[[-79.61166,43.68184],[-79.61064,43.68203],[-79.61025,43.68227],[-79.60981,43.68281],[-79.60954,43.68405],[-79.60957,43.68469]],[[-79.60749,43.68457],[-79.60777,43.68373],[-79.60527,43.68376],[-79.60511,43.68352],[-79.60488,43.68348],[-79.6025,43.68471],[-79.6022,43.68502]],[[-79.60354,43.68586],[-79.60704,43.68542],[-79.60691,43.686],[-79.59941,43.68653],[-79.59869,43.68488],[-79.5956,43.68297]],[[-79.57322,43.66774],[-79.57442,43.6703],[-79.575,43.67101],[-79.57564,43.67151],[-79.57727,43.6722],[-79.57823,43.67237],[-79.57975,43.67237],[-79.58662,43.67154],[-79.58849,43.67179],[-79.58989,43.67245],[-79.59099,43.67342],[-79.59173,43.6747],[-79.59203,43.67567],[-79.59264,43.67941],[-79.59302,43.68041]],[[-79.56306,43.64599],[-79.56501,43.65057],[-79.56868,43.65737],[-79.57054,43.66128]],[[-79.55709,43.63681],[-79.56231,43.63562],[-79.56276,43.63651],[-79.56378,43.63737],[-79.56418,43.63788],[-79.56574,43.64177],[-79.56663,43.64308],[-79.56724,43.64455],[-79.56545,43.64498]],[[-79.56158,43.64551],[-79.56128,43.64526],[-79.56127,43.64503],[-79.5617,43.64473],[-79.56206,43.64474],[-79.56264,43.64526]],[[-79.55694,43.63949],[-79.5572,43.63819],[-79.5567,43.63692],[-79.54062,43.64064],[-79.54026,43.64005],[-79.53915,43.63895],[-79.53801,43.63852],[-79.53764,43.63898],[-79.53647,43.63994],[-79.53257,43.64117],[-79.5323,43.64149],[-79.53218,43.64188],[-79.53241,43.64264],[-79.4992,43.65006],[-79.49755,43.65001],[-79.49573,43.64967],[-79.4896,43.64776],[-79.487,43.64783],[-79.48582,43.64822],[-79.48457,43.64928],[-79.48356,43.64955],[-79.4588,43.65498],[-79.43382,43.66018],[-79.41242,43.66488],[-79.38055,43.6716],[-79.37615,43.67247],[-79.37145,43.67188],[-79.37092,43.67193],[-79.36726,43.67442],[-79.3663,43.67476],[-79.33781,43.68031],[-79.31277,43.68568],[-79.27728,43.69364],[-79.27539,43.69615],[-79.27441,43.69788],[-79.26996,43.70394],[-79.26705,43.70871],[-79.26597,43.70959],[-79.26374,43.71077],[-79.26255,43.71195],[-79.26054,43.71533],[-79.25931,43.71797],[-79.25395,43.72482],[-79.25125,43.73014],[-79.24864,43.73334],[-79.24737,43.73517],[-79.24807,43.73669],[-79.25604,43.73498],[-79.2567,43.73505],[-79.25795,43.73479],[-79.2585,43.73445],[-79.26605,43.73267],[-79.26609,43.73294],[-79.26593,43.73308],[-79.2634,43.73348],[-79.26319,43.73308],[-79.26454,43.73276],[-79.26413,43.73185],[-79.2643,43.73148],[-79.26277,43.7313],[-79.26261,43.73139],[-79.26298,43.73208],[-79.26373,43.73188]],[[-79.53765,43.63833],[-79.53715,43.63787],[-79.53672,43.63722],[-79.53647,43.63708],[-79.53626,43.63716],[-79.53464,43.63851],[-79.53444,43.63874],[-79.53455,43.63893],[-79.53398,43.63931],[-79.53393,43.63958],[-79.53408,43.63992],[-79.53462,43.63996],[-79.53466,43.64007]],[[-79.27462,43.6967],[-79.27364,43.69436],[-79.27669,43.69376]],[[-79.26469,43.73141],[-79.26637,43.73146],[-79.26756,43.73122],[-79.26793,43.7322],[-79.26643,43.73256]]]}},{"type":"Feature","properties":{"r":"301","n":"Queen","m":"tram","f":["night"],"day":false,"h":null},"geometry":{"type":"MultiLineString","coordinates":[[[-79.54377,43.59206],[-79.54393,43.59188],[-79.5437,43.59179],[-79.54242,43.59245],[-79.525,43.59642],[-79.4985,43.60226],[-79.49573,43.60259],[-79.49279,43.60383],[-79.49163,43.60471],[-79.49073,43.60624],[-79.49056,43.60674],[-79.49027,43.60967],[-79.48971,43.61301],[-79.48647,43.61893],[-79.48604,43.6195],[-79.48567,43.61977],[-79.48392,43.62023],[-79.48308,43.62064],[-79.48248,43.6212],[-79.48121,43.62297],[-79.48369,43.62401],[-79.49036,43.62905],[-79.47884,43.63147]],[[-79.4787,43.63097],[-79.47868,43.63083],[-79.47848,43.63075],[-79.4783,43.63091],[-79.47848,43.63129],[-79.47822,43.632],[-79.47662,43.6326],[-79.47527,43.63372],[-79.4731,43.63586],[-79.47192,43.6366],[-79.47053,43.63711],[-79.46616,43.63784],[-79.46117,43.63927],[-79.45805,43.63966],[-79.45283,43.63971],[-79.44757,43.63862],[-79.44671,43.63861],[-79.40141,43.64771],[-79.38496,43.65122],[-79.38411,43.64919],[-79.37495,43.65118],[-79.37577,43.65317],[-79.35892,43.65683],[-79.30223,43.66956],[-79.28239,43.67372],[-79.28183,43.67383],[-79.28133,43.67369]],[[-79.47793,43.63163],[-79.47721,43.63176],[-79.47661,43.63215]],[[-79.42849,43.64182],[-79.4258,43.63489],[-79.42692,43.63464],[-79.42683,43.63439],[-79.42664,43.63428],[-79.42564,43.63448]],[[-79.37588,43.65238],[-79.38424,43.65053]]]}},{"type":"Feature","properties":{"r":"304","n":"King","m":"tram","f":["night"],"day":false,"h":null},"geometry":{"type":"MultiLineString","coordinates":[[[-79.45358,43.65671],[-79.45384,43.6568],[-79.45392,43.65703],[-79.45271,43.65729],[-79.45139,43.65235],[-79.44622,43.63904],[-79.44622,43.63871],[-79.44256,43.63719],[-79.44134,43.63654],[-79.44078,43.63646],[-79.43975,43.63643],[-79.4374,43.63689],[-79.39505,43.64547],[-79.37673,43.64941],[-79.36424,43.65216],[-79.35616,43.65687],[-79.35496,43.65774],[-79.34985,43.65888],[-79.35343,43.66742],[-79.35303,43.6688],[-79.35307,43.66952],[-79.35438,43.671],[-79.35493,43.67201],[-79.35892,43.67631],[-79.35884,43.67677],[-79.358,43.67723],[-79.35796,43.67743]]]}},{"type":"Feature","properties":{"r":"305","n":"Dundas","m":"tram","f":["night"],"day":false,"h":null},"geometry":{"type":"MultiLineString","coordinates":[[[-79.45367,43.65675],[-79.45379,43.65678],[-79.45385,43.65704],[-79.4527,43.65728],[-79.45183,43.65388],[-79.45157,43.65371],[-79.4468,43.65158],[-79.44205,43.65044],[-79.43972,43.65016],[-79.43247,43.64969],[-79.42077,43.64933],[-79.40601,43.6523],[-79.40535,43.65236],[-79.40373,43.65173],[-79.39145,43.65433],[-79.3883,43.65478],[-79.38035,43.65645],[-79.37887,43.65614],[-79.37713,43.65649],[-79.37345,43.6573],[-79.37274,43.65797],[-79.37213,43.65825],[-79.37102,43.65829],[-79.35638,43.66162],[-79.35388,43.66191],[-79.35135,43.66246],[-79.35341,43.66741],[-79.35302,43.6688],[-79.35302,43.66944],[-79.35437,43.67099],[-79.35492,43.672],[-79.35886,43.67619],[-79.35883,43.67677],[-79.35796,43.67719]]]}},{"type":"Feature","properties":{"r":"306","n":"Carlton","m":"tram","f":["night"],"day":false,"h":null},"geometry":{"type":"MultiLineString","coordinates":[[[-79.45797,43.64777],[-79.45777,43.64787],[-79.45788,43.64844],[-79.4578,43.64863],[-79.457,43.64971],[-79.45503,43.6507],[-79.44809,43.65212],[-79.44681,43.65159],[-79.44532,43.6512],[-79.44102,43.65028],[-79.44,43.65101],[-79.43879,43.65133],[-79.43081,43.6529],[-79.42988,43.65287],[-79.41971,43.65504],[-79.41809,43.65526],[-79.41518,43.65495],[-79.40028,43.65797],[-79.39963,43.65798],[-79.3959,43.6587],[-79.38585,43.66081],[-79.38377,43.65572],[-79.38037,43.65646],[-79.37888,43.65615],[-79.37346,43.6573],[-79.37275,43.65797],[-79.37214,43.65825],[-79.37103,43.65829],[-79.36602,43.65944],[-79.36704,43.66195],[-79.35963,43.66358],[-79.35278,43.66548],[-79.31931,43.67291],[-79.3203,43.67534],[-79.31955,43.6757],[-79.31735,43.67604],[-79.31678,43.67627],[-79.31563,43.67728],[-79.31513,43.67799],[-79.31191,43.68038],[-79.31075,43.68079],[-79.30812,43.68209],[-79.30547,43.68281],[-79.30016,43.68395],[-79.30039,43.68482],[-79.30227,43.68908]],[[-79.40353,43.6675],[-79.40341,43.66734],[-79.40408,43.66719],[-79.40387,43.66666],[-79.40312,43.66551],[-79.40103,43.66037],[-79.40149,43.66005],[-79.40162,43.65949],[-79.40116,43.65914],[-79.40047,43.65897],[-79.40022,43.65837]],[[-79.4002,43.65926],[-79.39996,43.65951],[-79.39992,43.6598],[-79.40025,43.66018],[-79.40064,43.66028]],[[-79.37952,43.66225],[-79.38096,43.66572],[-79.38718,43.66437],[-79.38613,43.66179],[-79.38599,43.66119]],[[-79.38545,43.66088],[-79.38311,43.66137],[-79.38168,43.66139],[-79.36798,43.66428],[-79.36719,43.66232]],[[-79.35533,43.66519],[-79.35545,43.66548],[-79.35291,43.66616],[-79.35279,43.66588]],[[-79.30188,43.68918],[-79.30129,43.68932],[-79.30101,43.68916],[-79.30113,43.68898],[-79.30172,43.68883]]]}},{"type":"Feature","properties":{"r":"307","n":"Bathurst","m":"bus","f":["night"],"day":false,"h":null},"geometry":{"type":"MultiLineString","coordinates":[[[-79.44574,43.7924],[-79.44104,43.79345],[-79.44062,43.79246],[-79.44156,43.7921],[-79.44261,43.79131],[-79.44318,43.79103],[-79.44416,43.79082]],[[-79.44456,43.7908],[-79.44537,43.79082],[-79.44566,43.79019],[-79.44659,43.78895],[-79.44662,43.78811],[-79.44144,43.76769],[-79.43603,43.74528],[-79.43319,43.73408],[-79.4298,43.71925],[-79.4259,43.70333],[-79.4256,43.70111],[-79.41842,43.68349],[-79.4107,43.66382],[-79.40064,43.63883],[-79.40349,43.6376],[-79.4062,43.63732],[-79.40651,43.63715],[-79.40679,43.63676],[-79.40687,43.63603],[-79.40671,43.63548],[-79.40906,43.63487],[-79.40963,43.63624],[-79.41057,43.63627],[-79.41146,43.63649],[-79.41219,43.63693],[-79.41319,43.63725],[-79.41856,43.6358],[-79.41865,43.63568],[-79.41843,43.63557],[-79.41336,43.63694]]]}},{"type":"Feature","properties":{"r":"310","n":"Spadina","m":"tram","f":["night"],"day":false,"h":null},"geometry":{"type":"MultiLineString","coordinates":[[[-79.40313,43.66734],[-79.40386,43.66719],[-79.40395,43.66698],[-79.40312,43.66551],[-79.40103,43.66037],[-79.40149,43.66005],[-79.40162,43.65949],[-79.40116,43.65914],[-79.40047,43.65897],[-79.39189,43.63765],[-79.38675,43.63883],[-79.3804,43.6399],[-79.37684,43.64115],[-79.37746,43.64208],[-79.37897,43.64564],[-79.37912,43.6456]],[[-79.4002,43.65926],[-79.39996,43.65951],[-79.39995,43.65989],[-79.40012,43.6601],[-79.40064,43.66029]]]}},{"type":"Feature","properties":{"r":"312","n":"St Clair","m":"tram","f":["night"],"day":false,"h":null},"geometry":{"type":"MultiLineString","coordinates":[[[-79.45102,43.67581],[-79.45114,43.67618],[-79.42618,43.68163],[-79.39338,43.68824],[-79.39314,43.68818],[-79.39273,43.68776],[-79.39152,43.68802]],[[-79.39142,43.68841],[-79.39149,43.68865],[-79.39279,43.68839]]]}},{"type":"Feature","properties":{"r":"315","n":"Evans-Brown's Line","m":"bus","f":["night"],"day":false,"h":null},"geometry":{"type":"MultiLineString","coordinates":[[[-79.54348,43.59216],[-79.54389,43.592],[-79.54391,43.59184],[-79.54367,43.5918],[-79.54241,43.59244],[-79.5386,43.59328],[-79.53936,43.59339],[-79.54058,43.59312],[-79.54114,43.59321],[-79.54162,43.59385],[-79.54255,43.59576],[-79.54524,43.60168],[-79.5483,43.609],[-79.54857,43.61073],[-79.54849,43.6115],[-79.54832,43.61179],[-79.54806,43.61194],[-79.54771,43.612],[-79.54742,43.6119],[-79.54723,43.61153],[-79.54738,43.61124],[-79.54857,43.61073],[-79.55625,43.60902],[-79.55865,43.60834],[-79.55934,43.60898],[-79.56026,43.60941],[-79.5602,43.60956],[-79.5598,43.61005],[-79.55878,43.60984],[-79.55686,43.61015],[-79.55641,43.60898],[-79.52747,43.61551],[-79.52295,43.6161],[-79.51414,43.61801],[-79.51189,43.61825],[-79.50939,43.61903],[-79.50039,43.62101],[-79.50112,43.62304],[-79.50262,43.62633],[-79.50704,43.63694],[-79.50741,43.63757],[-79.50824,43.63844],[-79.5085,43.63895],[-79.50868,43.63973],[-79.50871,43.64072],[-79.51135,43.64736]]]}},{"type":"Feature","properties":{"r":"316","n":"Kingston Rd-McCowan","m":"bus","f":["night"],"day":false,"h":null},"geometry":{"type":"MultiLineString","coordinates":[[[-79.27517,43.83235],[-79.27521,43.83248],[-79.27556,43.83248],[-79.27507,43.8306],[-79.275,43.82985],[-79.27514,43.8291],[-79.27591,43.82735],[-79.27575,43.82636],[-79.26911,43.81142],[-79.26859,43.81066],[-79.26754,43.80982],[-79.26682,43.80884],[-79.25884,43.78962],[-79.2584,43.78878],[-79.25728,43.78739],[-79.25563,43.78322],[-79.25495,43.78113],[-79.25423,43.77961],[-79.25187,43.77365],[-79.25133,43.7716],[-79.25076,43.77005],[-79.24559,43.75673],[-79.2454,43.75527],[-79.24438,43.75272],[-79.24456,43.74637],[-79.24476,43.74435],[-79.24537,43.74195],[-79.2456,43.73839],[-79.24616,43.7371],[-79.24808,43.7367],[-79.24036,43.71823],[-79.24697,43.7124],[-79.24819,43.71112],[-79.25277,43.70395],[-79.25334,43.70323],[-79.2549,43.70175],[-79.25596,43.69891],[-79.25685,43.69744],[-79.25793,43.69638],[-79.26314,43.69243],[-79.2683,43.6895],[-79.27818,43.68276],[-79.28091,43.68162],[-79.28292,43.68098],[-79.28507,43.68072],[-79.28536,43.6814],[-79.28438,43.6816]],[[-79.25508,43.70008],[-79.25362,43.70247]]]}},{"type":"Feature","properties":{"r":"320","n":"Yonge","m":"bus","f":["night"],"day":false,"h":null},"geometry":{"type":"MultiLineString","coordinates":[[[-79.41773,43.79816],[-79.41788,43.79819],[-79.41801,43.79847],[-79.42007,43.79799],[-79.41011,43.75822],[-79.40958,43.75632],[-79.4086,43.75436],[-79.40821,43.75299],[-79.40808,43.75197],[-79.4081,43.74979],[-79.40711,43.74605],[-79.40452,43.73416],[-79.40218,43.7251],[-79.40113,43.71954],[-79.39481,43.68973],[-79.38278,43.66058],[-79.37736,43.64784],[-79.37968,43.64733],[-79.37745,43.64207],[-79.37683,43.64115],[-79.3747,43.64192],[-79.37532,43.64295]],[[-79.41508,43.78087],[-79.41531,43.78146],[-79.41525,43.78184],[-79.41564,43.78173]],[[-79.40594,43.74531],[-79.40526,43.74522],[-79.40522,43.74432],[-79.4063,43.74422]],[[-79.39819,43.70407],[-79.39861,43.70426],[-79.39851,43.70431],[-79.39871,43.70531],[-79.39946,43.70548]],[[-79.37547,43.64332],[-79.37722,43.64747]]]}},{"type":"Feature","properties":{"r":"322","n":"Coxwell","m":"bus","f":["night"],"day":false,"h":null},"geometry":{"type":"MultiLineString","coordinates":[[[-79.35871,43.67726],[-79.35656,43.6852],[-79.35525,43.68854],[-79.35406,43.68839],[-79.34266,43.69061],[-79.3422,43.69074],[-79.34168,43.69117],[-79.32801,43.69413],[-79.31659,43.66635],[-79.31258,43.66724],[-79.31002,43.67201],[-79.30559,43.67595],[-79.3045,43.67673],[-79.30046,43.6784],[-79.29303,43.68004],[-79.28405,43.6808],[-79.28437,43.68159],[-79.28508,43.68148]],[[-79.31261,43.66682],[-79.31275,43.66644],[-79.31321,43.66616],[-79.3162,43.66549],[-79.3164,43.66598]]]}},{"type":"Feature","properties":{"r":"324","n":"Victoria Park","m":"bus","f":["night"],"day":false,"h":null},"geometry":{"type":"MultiLineString","coordinates":[[[-79.32516,43.82109],[-79.32477,43.82083],[-79.32429,43.81872],[-79.32429,43.81784],[-79.3247,43.81511],[-79.32435,43.81371],[-79.31839,43.80078],[-79.3179,43.80008],[-79.31684,43.799],[-79.31616,43.79769],[-79.30909,43.78115],[-79.30789,43.77872],[-79.323,43.77524],[-79.31953,43.7678],[-79.31523,43.75786],[-79.30934,43.74091],[-79.29597,43.70877],[-79.29221,43.7001],[-79.29022,43.69597],[-79.28406,43.68081],[-79.28507,43.68072],[-79.28536,43.6814],[-79.28437,43.68159]]]}},{"type":"Feature","properties":{"r":"325","n":"Don Mills","m":"bus","f":["night"],"day":false,"h":null},"geometry":{"type":"MultiLineString","coordinates":[[[-79.3593,43.80921],[-79.35999,43.80983],[-79.36043,43.81046],[-79.36073,43.81117],[-79.35755,43.81188],[-79.35669,43.80989],[-79.35812,43.80946]],[[-79.35847,43.80926],[-79.359,43.80894],[-79.35492,43.8052],[-79.35382,43.80371],[-79.35342,43.80286],[-79.35338,43.80174],[-79.35517,43.79658],[-79.35528,43.79559],[-79.35512,43.79422],[-79.35412,43.79015],[-79.35302,43.78734],[-79.35303,43.78648],[-79.35347,43.78551],[-79.35348,43.78498],[-79.35244,43.78309],[-79.35204,43.78148],[-79.35181,43.78106],[-79.35113,43.78052],[-79.3494,43.77984],[-79.34882,43.77924],[-79.34672,43.77432],[-79.34631,43.77258],[-79.34631,43.77165],[-79.34722,43.76227],[-79.34698,43.75368],[-79.3473,43.75182],[-79.34724,43.75102],[-79.34669,43.74959],[-79.34444,43.74084],[-79.33862,43.71947],[-79.33438,43.70999],[-79.33508,43.70982],[-79.3363,43.70929],[-79.34361,43.70747],[-79.34282,43.70561],[-79.34134,43.70429],[-79.34121,43.70394],[-79.34328,43.70184],[-79.34401,43.7018],[-79.34986,43.705],[-79.35195,43.70297],[-79.35283,43.70191],[-79.35205,43.7015],[-79.35147,43.70096],[-79.34925,43.6972],[-79.34937,43.69683],[-79.351,43.69544],[-79.35102,43.69511],[-79.34514,43.67967],[-79.34168,43.67126],[-79.34401,43.67075],[-79.34008,43.66105],[-79.33769,43.66159],[-79.33659,43.65893],[-79.33895,43.65839],[-79.33773,43.65538],[-79.33554,43.65261],[-79.3294,43.65522],[-79.33001,43.65601],[-79.33026,43.6561]],[[-79.34881,43.77981],[-79.34832,43.78105],[-79.34834,43.7818],[-79.35,43.78376],[-79.35094,43.78575],[-79.35262,43.78691]],[[-79.34637,43.77602],[-79.34518,43.77606],[-79.34504,43.77592],[-79.34658,43.77552],[-79.3468,43.77558],[-79.34696,43.77589]],[[-79.33911,43.65876],[-79.3399,43.66068]],[[-79.33053,43.65639],[-79.33127,43.6572],[-79.33155,43.6572],[-79.33173,43.65703],[-79.33169,43.65668],[-79.33048,43.65519]]]}},{"type":"Feature","properties":{"r":"329","n":"Dufferin","m":"bus","f":["night"],"day":false,"h":null},"geometry":{"type":"MultiLineString","coordinates":[[[-79.47053,43.78385],[-79.4716,43.7839],[-79.47386,43.78501],[-79.47435,43.78531],[-79.47475,43.78618],[-79.47205,43.78682]],[[-79.47166,43.78691],[-79.47008,43.78728],[-79.47015,43.7824],[-79.46511,43.76078],[-79.46494,43.75941],[-79.46501,43.75775],[-79.46303,43.74882],[-79.46223,43.74782],[-79.45956,43.74628],[-79.45864,43.74562],[-79.45428,43.74183],[-79.45503,43.74133],[-79.45512,43.74105],[-79.45503,43.74076],[-79.45246,43.73873],[-79.45211,43.7383],[-79.45194,43.73779],[-79.45186,43.736],[-79.45251,43.73438],[-79.45292,43.73391],[-79.45285,43.73338],[-79.45891,43.73208],[-79.45707,43.72474],[-79.45073,43.69617],[-79.45027,43.69568],[-79.44275,43.67713],[-79.43535,43.65988],[-79.425,43.63278],[-79.42487,43.63266],[-79.42451,43.63267],[-79.42311,43.63298],[-79.42216,43.63267],[-79.42196,43.63243],[-79.42156,43.63229],[-79.41982,43.63269],[-79.41952,43.63201],[-79.41821,43.63228],[-79.41691,43.63277],[-79.41529,43.63316],[-79.41606,43.63462],[-79.41633,43.63468],[-79.41682,43.63455],[-79.41699,43.63425],[-79.41795,43.63417],[-79.41811,43.63424],[-79.41864,43.63533],[-79.41265,43.63695],[-79.41076,43.63626],[-79.40983,43.63624],[-79.41025,43.63582],[-79.41004,43.63528],[-79.40989,43.63537],[-79.40987,43.63549],[-79.41021,43.63562]],[[-79.4622,43.74989],[-79.4618,43.74865],[-79.46119,43.74838],[-79.46024,43.74853],[-79.45992,43.74876],[-79.46076,43.75081],[-79.46297,43.75033]],[[-79.46193,43.7481],[-79.46185,43.74817],[-79.46204,43.7482],[-79.46214,43.74837],[-79.46268,43.74971],[-79.46259,43.74982]],[[-79.40986,43.63492],[-79.40974,43.63469],[-79.4149,43.63326]],[[-79.4518,43.73402],[-79.45089,43.73415],[-79.45117,43.73499],[-79.45092,43.73505],[-79.45066,43.73418],[-79.4518,43.73402]]]}},{"type":"Feature","properties":{"r":"334","n":"Eglinton","m":"bus","f":["night"],"day":false,"h":null},"geometry":{"type":"MultiLineString","coordinates":[[[-79.60966,43.68523],[-79.6103,43.68554],[-79.61164,43.6854],[-79.61319,43.68567],[-79.61892,43.68749],[-79.62068,43.68785],[-79.62099,43.68775],[-79.62114,43.68747],[-79.621,43.68721]],[[-79.62085,43.68684],[-79.62017,43.68627],[-79.61903,43.68583],[-79.61852,43.6857],[-79.6168,43.68584],[-79.61391,43.68491],[-79.61184,43.68496],[-79.6074,43.68475]],[[-79.61525,43.68492],[-79.61527,43.68428],[-79.61514,43.68404],[-79.61237,43.68199],[-79.61151,43.68185]],[[-79.61133,43.68584],[-79.61362,43.68645],[-79.6141,43.68638]],[[-79.61111,43.68187],[-79.61025,43.68227],[-79.60974,43.68299],[-79.60954,43.68442]],[[-79.60752,43.68543],[-79.60939,43.68557]],[[-79.6074,43.68475],[-79.60582,43.68476],[-79.60551,43.68453],[-79.60554,43.68377],[-79.60781,43.68373],[-79.6074,43.68475]],[[-79.6074,43.68475],[-79.60688,43.68597],[-79.59559,43.68675],[-79.59105,43.6769],[-79.59323,43.67642],[-79.59411,43.67602],[-79.59471,43.67523],[-79.59464,43.67443],[-79.59018,43.66704],[-79.58932,43.6665],[-79.58767,43.66609],[-79.58646,43.66833],[-79.58577,43.66894],[-79.58476,43.66945],[-79.5814,43.67026],[-79.57762,43.67057],[-79.57209,43.67156],[-79.57075,43.67207],[-79.56789,43.67357],[-79.56735,43.67399],[-79.56439,43.67423],[-79.56131,43.67478],[-79.53901,43.67983],[-79.52961,43.68174],[-79.52806,43.68193],[-79.52287,43.68313],[-79.5207,43.68337],[-79.51405,43.68353],[-79.50696,43.68466],[-79.50529,43.68457],[-79.50272,43.68404],[-79.50178,43.68398],[-79.50034,43.68411],[-79.49792,43.68467],[-79.49374,43.68595],[-79.48952,43.68699],[-79.48372,43.68817],[-79.46942,43.69142],[-79.46785,43.6917],[-79.46537,43.69193],[-79.46304,43.69284],[-79.44732,43.69635],[-79.40027,43.70634],[-79.35494,43.71562],[-79.35178,43.71647],[-79.33034,43.72309],[-79.3195,43.7259],[-79.31779,43.72621],[-79.31554,43.72625],[-79.30541,43.7248],[-79.30383,43.72468],[-79.30197,43.72473],[-79.2994,43.7252],[-79.27595,43.73036],[-79.26605,43.73267],[-79.26571,43.73238],[-79.26454,43.73276],[-79.26413,43.73185],[-79.2643,43.73148],[-79.26277,43.7313],[-79.26261,43.73139],[-79.26298,43.73208],[-79.26373,43.73188]],[[-79.6038,43.68584],[-79.60658,43.68545]],[[-79.60517,43.68361],[-79.60491,43.68349],[-79.60305,43.68443],[-79.60206,43.68514],[-79.60204,43.68536],[-79.60224,43.68569],[-79.60272,43.68588],[-79.60358,43.68586]],[[-79.26466,43.73326],[-79.26593,43.73305]],[[-79.2643,43.73308],[-79.25848,43.73444],[-79.25791,43.73485],[-79.25654,43.73505],[-79.25615,43.73497],[-79.25318,43.73557],[-79.21376,43.74433],[-79.21165,43.74371],[-79.21028,43.74501],[-79.20594,43.74965],[-79.20515,43.74924],[-79.20481,43.74892],[-79.20453,43.74766],[-79.2045,43.74673],[-79.20437,43.74647],[-79.20399,43.7462],[-79.20323,43.74607],[-79.20267,43.74624],[-79.20132,43.74706],[-79.18344,43.75105],[-79.18254,43.75145],[-79.17978,43.75321],[-79.18592,43.76725],[-79.18633,43.76924],[-79.18685,43.7706],[-79.18911,43.77578],[-79.18985,43.77709],[-79.19333,43.78534],[-79.20496,43.78259],[-79.20436,43.78125]],[[-79.23753,43.81934],[-79.23796,43.82039],[-79.23393,43.82115],[-79.23164,43.8158]],[[-79.23149,43.81542],[-79.23712,43.81421],[-79.23764,43.81513],[-79.2389,43.81627],[-79.23984,43.81841],[-79.23737,43.81897]],[[-79.20436,43.78125],[-79.20652,43.78612],[-79.20712,43.78694],[-79.20945,43.78885],[-79.21287,43.79069],[-79.21362,43.79122],[-79.21504,43.79264],[-79.21584,43.79386],[-79.2178,43.79845],[-79.21833,43.80002],[-79.21824,43.80113],[-79.21721,43.80336],[-79.21721,43.80434],[-79.21753,43.80506],[-79.21963,43.80783],[-79.22066,43.80867],[-79.2239,43.8102],[-79.2251,43.81114],[-79.22562,43.81198],[-79.22759,43.81626],[-79.2311,43.81551]],[[-79.20436,43.78125],[-79.20422,43.78092],[-79.20394,43.78087],[-79.20385,43.78103],[-79.20436,43.78125]]]}},{"type":"Feature","properties":{"r":"335","n":"Jane","m":"bus","f":["night"],"day":false,"h":null},"geometry":{"type":"MultiLineString","coordinates":[[[-79.50919,43.77556],[-79.50642,43.77619],[-79.50537,43.7771],[-79.50491,43.77731],[-79.50358,43.77737],[-79.50252,43.77776],[-79.50201,43.77767],[-79.50138,43.77731],[-79.50103,43.77693]],[[-79.50079,43.77661],[-79.49894,43.77255],[-79.49831,43.77089],[-79.50542,43.76937],[-79.50625,43.76939],[-79.50692,43.7696],[-79.50738,43.76987],[-79.50838,43.77082],[-79.50899,43.77112],[-79.51059,43.77156],[-79.51095,43.77177],[-79.51135,43.77223],[-79.51143,43.77292],[-79.5109,43.77395],[-79.51108,43.77472],[-79.51077,43.77497],[-79.50989,43.77508],[-79.50952,43.77533],[-79.5098,43.77555],[-79.51011,43.7755],[-79.51034,43.77602],[-79.50826,43.77648],[-79.50896,43.7782],[-79.51701,43.77636],[-79.52174,43.77547],[-79.52168,43.77437],[-79.51773,43.75723],[-79.51322,43.73939],[-79.51224,43.73593],[-79.50775,43.71738],[-79.50238,43.69759],[-79.50038,43.68928],[-79.49756,43.68058],[-79.49177,43.66718],[-79.48468,43.64982],[-79.48318,43.65019]],[[-79.48303,43.64982],[-79.48297,43.64969],[-79.48448,43.64933],[-79.48453,43.64945]]]}},{"type":"Feature","properties":{"r":"336","n":"Finch West","m":"bus","f":["night"],"day":false,"h":null},"geometry":{"type":"MultiLineString","coordinates":[[[-79.60357,43.71621],[-79.60354,43.71597],[-79.60322,43.71596],[-79.60346,43.71688],[-79.60346,43.71916],[-79.60986,43.72056],[-79.61123,43.72061],[-79.61259,43.7204],[-79.61309,43.72273],[-79.61446,43.72364],[-79.61555,43.72392],[-79.6193,43.72349],[-79.6201,43.72371],[-79.62071,43.72418],[-79.62186,43.72562],[-79.62211,43.72651],[-79.62197,43.72709],[-79.62175,43.72742],[-79.62056,43.72836],[-79.61975,43.72942],[-79.61963,43.73016],[-79.61998,43.73247],[-79.61987,43.73279],[-79.61949,43.73318],[-79.61895,43.73343],[-79.61821,43.73355],[-79.61807,43.73299],[-79.61762,43.73252],[-79.61699,43.73206],[-79.6162,43.73184],[-79.61353,43.7322],[-79.61099,43.73152],[-79.61019,43.73167],[-79.60914,43.73218],[-79.60793,43.7312],[-79.6049,43.7301],[-79.60573,43.72893],[-79.60435,43.72842],[-79.60413,43.72873],[-79.6055,43.72926],[-79.6049,43.7301],[-79.60361,43.72997],[-79.59676,43.7315],[-79.59618,43.73179],[-79.59431,43.7333],[-79.59353,43.73376],[-79.59435,43.73474],[-79.59495,43.73601],[-79.59093,43.73697],[-79.59023,43.73731],[-79.59002,43.73773],[-79.58969,43.73999],[-79.5888,43.74202],[-79.58827,43.74266],[-79.58746,43.74307],[-79.58555,43.74344],[-79.58285,43.74319],[-79.57958,43.74362],[-79.5644,43.7473],[-79.55877,43.74855],[-79.54455,43.75164],[-79.53556,43.75341],[-79.51896,43.75712],[-79.51581,43.7575],[-79.49491,43.76217],[-79.49188,43.76331],[-79.46071,43.77025],[-79.4453,43.77351],[-79.44103,43.7741],[-79.41454,43.77998]],[[-79.49115,43.76388],[-79.49164,43.76571],[-79.49098,43.7659],[-79.49072,43.76476]],[[-79.41501,43.78167],[-79.41446,43.78037]]]}},{"type":"Feature","properties":{"r":"337","n":"Islington","m":"bus","f":["night"],"day":false,"h":null},"geometry":{"type":"MultiLineString","coordinates":[[[-79.5899,43.7596],[-79.58211,43.74326],[-79.57839,43.74388],[-79.56861,43.74624],[-79.5685,43.74484],[-79.56786,43.74274],[-79.56074,43.72702],[-79.55337,43.71139],[-79.55247,43.70973],[-79.54698,43.69772],[-79.53126,43.66262],[-79.52343,43.64464],[-79.52453,43.6444],[-79.52463,43.64447],[-79.52388,43.64463],[-79.52387,43.64482],[-79.52403,43.6449],[-79.52475,43.64474],[-79.52466,43.64453],[-79.52453,43.6444],[-79.52343,43.64464],[-79.51647,43.62765],[-79.51393,43.6218],[-79.51267,43.61981],[-79.51108,43.61808],[-79.50988,43.61579],[-79.50881,43.61445],[-79.50842,43.6137],[-79.50797,43.61252],[-79.50656,43.60676],[-79.50663,43.60445],[-79.50653,43.60381],[-79.50526,43.60075],[-79.50642,43.60049],[-79.50659,43.6009]],[[-79.57657,43.76425],[-79.57641,43.76397],[-79.57743,43.76373],[-79.57856,43.76327],[-79.58105,43.76147],[-79.58313,43.76046],[-79.58485,43.76013],[-79.58752,43.76002],[-79.5895,43.75969]],[[-79.5686,43.74664],[-79.56839,43.74837],[-79.56799,43.7499],[-79.56802,43.75059],[-79.56903,43.75571],[-79.56935,43.75657],[-79.57486,43.76434],[-79.57602,43.76407]],[[-79.50675,43.60127],[-79.50747,43.603],[-79.5067,43.60317]]]}},{"type":"Feature","properties":{"r":"339","n":"Finch East","m":"bus","f":["night"],"day":false,"h":null},"geometry":{"type":"MultiLineString","coordinates":[[[-79.41531,43.77982],[-79.41742,43.77936]],[[-79.41492,43.7799],[-79.36951,43.78998],[-79.36625,43.79013],[-79.35283,43.79302],[-79.34365,43.79514],[-79.34153,43.79517],[-79.33968,43.79478],[-79.33802,43.79409],[-79.33596,43.79303],[-79.335,43.79275],[-79.33359,43.79271],[-79.33196,43.79295],[-79.30803,43.79848],[-79.28628,43.80374],[-79.23149,43.81542],[-79.23393,43.82115],[-79.23796,43.82039],[-79.23737,43.81897],[-79.23984,43.81841]],[[-79.23968,43.81804],[-79.2389,43.81627],[-79.23764,43.81513],[-79.2373,43.81459]],[[-79.22638,43.81361],[-79.22573,43.81221],[-79.22674,43.81197],[-79.22729,43.81205],[-79.22786,43.81249],[-79.2282,43.81328],[-79.22881,43.81371],[-79.22956,43.81378],[-79.23156,43.81335],[-79.23218,43.81486]]]}},{"type":"Feature","properties":{"r":"340","n":"Junction","m":"bus","f":["night"],"day":false,"h":null},"geometry":{"type":"MultiLineString","coordinates":[[[-79.43505,43.68069],[-79.43604,43.68046],[-79.43569,43.67959],[-79.49177,43.66718],[-79.49119,43.66573],[-79.46229,43.6654],[-79.46133,43.66525],[-79.45898,43.66458],[-79.45643,43.66305],[-79.45383,43.66026],[-79.45307,43.65852],[-79.45261,43.65688],[-79.45358,43.65671],[-79.45384,43.6568],[-79.45392,43.65703],[-79.45271,43.65729]]]}},{"type":"Feature","properties":{"r":"341","n":"Keele","m":"bus","f":["night"],"day":false,"h":null},"geometry":{"type":"MultiLineString","coordinates":[[[-79.50288,43.76992],[-79.50532,43.76938],[-79.5064,43.76942],[-79.50725,43.76977],[-79.50855,43.77092],[-79.51078,43.77166],[-79.51114,43.77193],[-79.51146,43.77267],[-79.51091,43.77388],[-79.51109,43.77466],[-79.51092,43.77488],[-79.51057,43.77503],[-79.50981,43.7751],[-79.50919,43.77557],[-79.50642,43.77619],[-79.50537,43.7771],[-79.50491,43.77731],[-79.50361,43.77736],[-79.5028,43.77771],[-79.50217,43.77773],[-79.50164,43.77748],[-79.50103,43.77693]],[[-79.50079,43.77661],[-79.49894,43.77255],[-79.49831,43.77089],[-79.50249,43.77001],[-79.50103,43.76658],[-79.50141,43.76545],[-79.50133,43.76481],[-79.49464,43.76623],[-79.49396,43.76652],[-79.49312,43.76712],[-79.49205,43.76731],[-79.49008,43.75983],[-79.48217,43.72727],[-79.48171,43.72521],[-79.48143,43.72324],[-79.48072,43.72051],[-79.47444,43.69275],[-79.47425,43.69179],[-79.47542,43.69085],[-79.4716,43.68214],[-79.47675,43.68161],[-79.47407,43.6789],[-79.47071,43.67627],[-79.47016,43.67564],[-79.46936,43.67413],[-79.46782,43.67296],[-79.4604,43.65555],[-79.45939,43.65576],[-79.45927,43.65549],[-79.46026,43.65523],[-79.4604,43.65555]],[[-79.46724,43.67262],[-79.46305,43.67354],[-79.46406,43.67708],[-79.46546,43.67958],[-79.46767,43.68189],[-79.46915,43.68232],[-79.4712,43.68217]]]}},{"type":"Feature","properties":{"r":"343","n":"Kennedy","m":"bus","f":["night"],"day":false,"h":null},"geometry":{"type":"MultiLineString","coordinates":[[[-79.3049,43.8188],[-79.30705,43.82368],[-79.29771,43.82585]],[[-79.29732,43.82594],[-79.29492,43.8207],[-79.30474,43.81844],[-79.29744,43.80228],[-79.29707,43.8017],[-79.29598,43.80062],[-79.29548,43.7999],[-79.2892,43.78518],[-79.2886,43.78386],[-79.28772,43.78238],[-79.28684,43.78042],[-79.28151,43.76758],[-79.28086,43.76495],[-79.27568,43.75172],[-79.27441,43.74788],[-79.26792,43.73219],[-79.26605,43.73267],[-79.26571,43.73238],[-79.26454,43.73276],[-79.26413,43.73185],[-79.2643,43.73148],[-79.26265,43.73132],[-79.26298,43.73208]],[[-79.26414,43.73285],[-79.26319,43.73308],[-79.26332,43.73342],[-79.26348,43.7335],[-79.26599,43.73307]]]}},{"type":"Feature","properties":{"r":"345","n":"Kipling","m":"bus","f":["night"],"day":false,"h":null},"geometry":{"type":"MultiLineString","coordinates":[[[-79.59008,43.7608],[-79.59036,43.76067],[-79.58835,43.75623],[-79.5804,43.73972],[-79.56853,43.71557],[-79.56144,43.70064],[-79.5606,43.69852],[-79.55671,43.69011],[-79.54666,43.66765],[-79.53536,43.64179],[-79.54063,43.64064],[-79.54026,43.64005],[-79.53915,43.63895],[-79.5376,43.63831],[-79.53667,43.63732],[-79.53634,43.63742],[-79.53455,43.63891],[-79.5352,43.6397],[-79.53461,43.63993],[-79.53341,43.63678],[-79.53274,43.63553],[-79.52885,43.6263],[-79.52828,43.62445],[-79.52612,43.61955],[-79.52556,43.61727],[-79.52396,43.61489],[-79.51548,43.59472],[-79.51557,43.59451],[-79.51691,43.59421],[-79.51698,43.59403],[-79.51672,43.59395],[-79.51644,43.59429],[-79.51557,43.59451],[-79.51548,43.59463],[-79.51695,43.5982],[-79.54242,43.59245],[-79.54377,43.59206],[-79.54393,43.59193],[-79.54381,43.59179]]]}},{"type":"Feature","properties":{"r":"352","n":"Lawrence West","m":"bus","f":["night"],"day":false,"h":null},"geometry":{"type":"MultiLineString","coordinates":[[[-79.61481,43.68619],[-79.61822,43.68727],[-79.62068,43.68785],[-79.62099,43.68775],[-79.6211,43.68739]],[[-79.62095,43.68702],[-79.62056,43.68652],[-79.61941,43.68593],[-79.61852,43.6857],[-79.61659,43.68578],[-79.61394,43.6849],[-79.6112,43.68492],[-79.60809,43.68472],[-79.60594,43.68481],[-79.60558,43.68458],[-79.60546,43.68398],[-79.60559,43.68382],[-79.6059,43.68376],[-79.60755,43.68381],[-79.60778,43.68372],[-79.60695,43.68563],[-79.60692,43.68597],[-79.59944,43.68655],[-79.59356,43.68678],[-79.59115,43.68701],[-79.58597,43.68812],[-79.57514,43.6907],[-79.56399,43.69302],[-79.54875,43.69662],[-79.53426,43.69982],[-79.53273,43.69616],[-79.52328,43.69817],[-79.51988,43.69928],[-79.50498,43.70276],[-79.50199,43.70318],[-79.47892,43.70834],[-79.47635,43.70933],[-79.45858,43.71327],[-79.45474,43.71408],[-79.45242,43.71432],[-79.42829,43.71959],[-79.3867,43.72837],[-79.38589,43.72841],[-79.38218,43.72757],[-79.38164,43.72663],[-79.38019,43.72558],[-79.37982,43.72509],[-79.37893,43.72097],[-79.3781,43.7212],[-79.37769,43.7217],[-79.3766,43.72192]],[[-79.61526,43.68492],[-79.61535,43.68464],[-79.61519,43.6841],[-79.61253,43.68207],[-79.61192,43.68186],[-79.61111,43.68187]],[[-79.6075,43.68543],[-79.61112,43.68578],[-79.61362,43.68645],[-79.61427,43.6863],[-79.61472,43.68558]],[[-79.61145,43.68545],[-79.61288,43.68558],[-79.61402,43.68594]],[[-79.61073,43.682],[-79.61025,43.68227],[-79.60979,43.68283],[-79.60958,43.6837],[-79.60956,43.68441]],[[-79.60452,43.68576],[-79.60659,43.68545]],[[-79.60522,43.68364],[-79.60487,43.68348],[-79.60238,43.6848],[-79.60204,43.68516],[-79.60217,43.68556],[-79.60253,43.68581],[-79.60294,43.68588]],[[-79.37621,43.722],[-79.37526,43.72218],[-79.37512,43.72231],[-79.37526,43.72266],[-79.37805,43.72213],[-79.37876,43.72379],[-79.37912,43.72374]]]}},{"type":"Feature","properties":{"r":"353","n":"Steeles","m":"bus","f":["night"],"day":false,"h":null},"geometry":{"type":"MultiLineString","coordinates":[[[-79.60796,43.75661],[-79.60774,43.75689],[-79.59587,43.75953],[-79.59466,43.7596],[-79.59153,43.75932],[-79.58802,43.75998],[-79.58501,43.76014],[-79.58353,43.76037],[-79.58153,43.76117],[-79.57811,43.76348],[-79.57487,43.76434],[-79.56479,43.76655],[-79.52345,43.77501],[-79.52039,43.77575],[-79.51701,43.77636],[-79.47009,43.78728],[-79.45303,43.79081],[-79.37176,43.80865],[-79.3422,43.81542],[-79.33579,43.81702],[-79.2322,43.84106],[-79.23202,43.84061],[-79.23229,43.83892],[-79.23145,43.83639],[-79.23094,43.83537],[-79.2305,43.83499],[-79.22801,43.83454],[-79.22704,43.83402],[-79.22563,43.83412],[-79.22463,43.83266],[-79.22216,43.82706],[-79.22078,43.82625],[-79.21979,43.82424],[-79.21865,43.82326],[-79.22105,43.82059],[-79.22119,43.82032],[-79.2209,43.81874],[-79.22104,43.81817],[-79.22125,43.81772],[-79.22223,43.81719],[-79.22598,43.81663],[-79.23714,43.81422],[-79.23765,43.81514],[-79.23888,43.81622],[-79.23985,43.81842],[-79.23739,43.81898]],[[-79.23754,43.81936],[-79.23797,43.8204],[-79.23412,43.8212],[-79.23382,43.82107],[-79.23166,43.81581]]]}},{"type":"Feature","properties":{"r":"354","n":"Lawrence East","m":"bus","f":["night"],"day":false,"h":null},"geometry":{"type":"MultiLineString","coordinates":[[[-79.39851,43.70472],[-79.39864,43.70526],[-79.39879,43.70539],[-79.40009,43.70569],[-79.40027,43.70634],[-79.35494,43.71562],[-79.35178,43.71647],[-79.33886,43.72049],[-79.34344,43.73717],[-79.33227,43.73945],[-79.32566,43.74066],[-79.3128,43.74162],[-79.30853,43.74238],[-79.28482,43.74751],[-79.24675,43.75526],[-79.21104,43.76286],[-79.13666,43.77959],[-79.13067,43.78089],[-79.13054,43.78072],[-79.13003,43.78079],[-79.12993,43.7809],[-79.1301,43.78103],[-79.12971,43.78124],[-79.12337,43.78804],[-79.12274,43.78881],[-79.12278,43.78893],[-79.123,43.7889],[-79.12302,43.78862]]]}},{"type":"Feature","properties":{"r":"363","n":"Ossington","m":"bus","f":["night"],"day":false,"h":null},"geometry":{"type":"MultiLineString","coordinates":[[[-79.43649,43.69921],[-79.43659,43.69952],[-79.43653,43.69968],[-79.43629,43.69978],[-79.43587,43.69964],[-79.43571,43.69923]],[[-79.43572,43.69883],[-79.44278,43.69729],[-79.43965,43.6899],[-79.43911,43.68816],[-79.43568,43.67959],[-79.4359,43.67954],[-79.43377,43.6744],[-79.43097,43.67471],[-79.42565,43.66198],[-79.42017,43.64783],[-79.41888,43.64419],[-79.41629,43.64472],[-79.41501,43.64143],[-79.41196,43.64203],[-79.40962,43.63625],[-79.41058,43.63627],[-79.41161,43.63655],[-79.41224,43.63695],[-79.41339,43.63724],[-79.41819,43.63591],[-79.41836,43.63571],[-79.41801,43.63565],[-79.41376,43.63685]]]}},{"type":"Feature","properties":{"r":"365","n":"Parliament","m":"bus","f":["night"],"day":false,"h":null},"geometry":{"type":"MultiLineString","coordinates":[[[-79.36881,43.67368],[-79.36879,43.67385],[-79.36893,43.67391],[-79.36963,43.67353],[-79.3694,43.67294],[-79.3707,43.67201],[-79.37089,43.67174],[-79.37089,43.67148],[-79.36431,43.65522],[-79.36104,43.64774],[-79.36125,43.64762],[-79.36169,43.64671],[-79.36198,43.64641],[-79.36782,43.64434],[-79.36744,43.64377],[-79.36534,43.64453],[-79.36553,43.64498]]]}},{"type":"Feature","properties":{"r":"373","n":"Royal York","m":"bus","f":["night"],"day":false,"h":null},"geometry":{"type":"MultiLineString","coordinates":[[[-79.58999,43.76067],[-79.59012,43.7608],[-79.59036,43.76067],[-79.58988,43.7596],[-79.58783,43.76],[-79.58501,43.76014],[-79.58353,43.76037],[-79.58153,43.76117],[-79.5786,43.76323],[-79.57743,43.76373],[-79.56479,43.76655],[-79.54652,43.77031],[-79.54376,43.75747],[-79.54238,43.75209],[-79.54157,43.74804],[-79.53801,43.73267],[-79.53777,43.73197],[-79.53614,43.7294],[-79.53558,43.72678],[-79.53568,43.72598],[-79.53688,43.72389],[-79.53748,43.72067],[-79.53786,43.71759],[-79.53768,43.71684],[-79.53668,43.7148],[-79.53603,43.71296],[-79.53546,43.71186],[-79.5346,43.70968],[-79.53305,43.70671],[-79.53239,43.70629],[-79.53165,43.70391],[-79.53187,43.70321],[-79.5324,43.70244],[-79.53439,43.70033],[-79.53427,43.69982],[-79.52602,43.68097],[-79.52313,43.67394],[-79.52195,43.67155],[-79.51965,43.66595],[-79.51119,43.64695]]]}},{"type":"Feature","properties":{"r":"384","n":"Sheppard West","m":"bus","f":["night"],"day":false,"h":null},"geometry":{"type":"MultiLineString","coordinates":[[[-79.57657,43.76421],[-79.57641,43.76398],[-79.56479,43.76655],[-79.54652,43.77031],[-79.54376,43.75747],[-79.54238,43.75209],[-79.54109,43.74596],[-79.53822,43.73374],[-79.51296,43.73945],[-79.51037,43.73952],[-79.48459,43.74515],[-79.4839,43.74548],[-79.48328,43.74598],[-79.48296,43.74637],[-79.4828,43.74682],[-79.48271,43.7477],[-79.4829,43.7522],[-79.48279,43.75272],[-79.48244,43.75322],[-79.48192,43.75368],[-79.48109,43.75411],[-79.47517,43.75547],[-79.47428,43.75553],[-79.47308,43.7554],[-79.46989,43.75417],[-79.46853,43.75319],[-79.4657,43.7505],[-79.46497,43.7502],[-79.46395,43.75013],[-79.43907,43.75541],[-79.43698,43.75568],[-79.41315,43.76102],[-79.41382,43.76263],[-79.41163,43.76322],[-79.41138,43.76326],[-79.41094,43.76151]],[[-79.41133,43.76142],[-79.41276,43.7611]]]}},{"type":"Feature","properties":{"r":"385","n":"Sheppard East","m":"bus","f":["night"],"day":false,"h":null},"geometry":{"type":"MultiLineString","coordinates":[[[-79.41263,43.76183],[-79.41193,43.76192],[-79.41176,43.76132],[-79.3889,43.76637],[-79.38656,43.76707],[-79.36825,43.77103],[-79.36627,43.77143],[-79.36107,43.77202],[-79.34188,43.77618],[-79.3405,43.77615],[-79.32771,43.7747],[-79.32605,43.77468],[-79.32442,43.77492],[-79.28534,43.78392],[-79.24847,43.79184],[-79.21821,43.79799],[-79.16725,43.80915],[-79.16653,43.80912],[-79.16559,43.80885],[-79.15523,43.80285],[-79.1466,43.79923],[-79.14457,43.79756],[-79.14391,43.79673],[-79.1435,43.79593],[-79.14216,43.79635],[-79.14074,43.79761],[-79.13889,43.79809],[-79.13162,43.7807],[-79.13088,43.78086],[-79.13019,43.78073]],[[-79.17082,43.80922],[-79.17093,43.8094],[-79.17136,43.80938],[-79.17101,43.80875]]]}},{"type":"Feature","properties":{"r":"386","n":"Scarborough","m":"bus","f":["night"],"day":false,"h":null},"geometry":{"type":"MultiLineString","coordinates":[[[-79.2634,43.7314],[-79.26265,43.73132],[-79.26281,43.73181]],[[-79.2631,43.73208],[-79.26373,43.73188],[-79.26391,43.73141],[-79.26637,43.73146],[-79.26756,43.73122],[-79.26793,43.7322],[-79.25851,43.73443],[-79.25802,43.73476],[-79.25686,43.73499],[-79.2556,43.73507],[-79.24615,43.73709],[-79.21376,43.74433],[-79.21165,43.74371],[-79.21028,43.74501],[-79.20594,43.74965],[-79.20198,43.75417],[-79.18437,43.77329],[-79.1831,43.77404],[-79.1821,43.77428],[-79.17652,43.77507],[-79.17521,43.77549],[-79.17418,43.77601],[-79.17275,43.77729],[-79.17061,43.7801],[-79.16902,43.78183],[-79.16848,43.78206],[-79.16737,43.78213],[-79.16636,43.78269],[-79.16873,43.78453],[-79.16213,43.78875],[-79.16348,43.79199],[-79.16363,43.7929],[-79.16514,43.79624],[-79.16549,43.79762],[-79.16617,43.79939],[-79.16726,43.80158],[-79.16835,43.80328],[-79.17107,43.80896],[-79.17084,43.80916],[-79.17083,43.80933],[-79.17108,43.8094]],[[-79.16903,43.78426],[-79.16925,43.78387],[-79.16942,43.78236],[-79.16932,43.7821]]]}},{"type":"Feature","properties":{"r":"395","n":"York Mills","m":"bus","f":["night"],"day":false,"h":null},"geometry":{"type":"MultiLineString","coordinates":[[[-79.40593,43.74553],[-79.4053,43.74518],[-79.40522,43.74432],[-79.40322,43.74412],[-79.40191,43.74424],[-79.38414,43.74805],[-79.38348,43.74829],[-79.38235,43.74895],[-79.38065,43.74934],[-79.36414,43.75278],[-79.36303,43.75295],[-79.35996,43.75295],[-79.33943,43.75744],[-79.33517,43.75842],[-79.33269,43.75951],[-79.32498,43.76129],[-79.32422,43.76125],[-79.32198,43.76011],[-79.31941,43.75818],[-79.31854,43.75776],[-79.31737,43.75759],[-79.31523,43.75786],[-79.30004,43.76132],[-79.28175,43.76567],[-79.22334,43.77828],[-79.19542,43.78482],[-79.18324,43.78784],[-79.15562,43.79435],[-79.1546,43.79358],[-79.14622,43.79892],[-79.14702,43.79944],[-79.1506,43.80091],[-79.15085,43.80048],[-79.15,43.79854],[-79.15027,43.79801],[-79.14917,43.79705]],[[-79.14591,43.79867],[-79.14457,43.79756],[-79.14357,43.7961],[-79.13667,43.7796],[-79.13088,43.78086],[-79.1301,43.78074]]]}},{"type":"Feature","properties":{"r":"396","n":"Wilson","m":"bus","f":["night"],"day":false,"h":null},"geometry":{"type":"MultiLineString","coordinates":[[[-79.60795,43.75654],[-79.60774,43.75688],[-79.60337,43.75785],[-79.60046,43.75465],[-79.60004,43.75402],[-79.59212,43.73768],[-79.58671,43.72602],[-79.5823,43.72703],[-79.5795,43.727],[-79.57638,43.72741],[-79.57535,43.72792],[-79.57285,43.72858],[-79.57246,43.72889],[-79.56932,43.72784],[-79.56946,43.72664],[-79.56798,43.72693],[-79.56629,43.7275],[-79.56571,43.72695],[-79.56444,43.72435],[-79.56303,43.72349],[-79.561,43.72287],[-79.55993,43.72284],[-79.55056,43.72509],[-79.54753,43.72254],[-79.54522,43.72092],[-79.54441,43.71969],[-79.54407,43.71941],[-79.5348,43.71615],[-79.5329,43.71574],[-79.53157,43.71578],[-79.50954,43.72077],[-79.50626,43.72124],[-79.48547,43.72587],[-79.48171,43.72673],[-79.47933,43.72778],[-79.46128,43.73189],[-79.45928,43.732],[-79.43399,43.73735],[-79.42965,43.73779],[-79.42782,43.73849],[-79.41443,43.74147],[-79.4124,43.74205],[-79.40671,43.74414],[-79.40522,43.74432],[-79.40535,43.74523],[-79.40622,43.74514]]]}},{"type":"Feature","properties":{"r":"400","n":"Lawrence Manor","m":"bus","f":["reg"],"day":true,"h":null},"geometry":{"type":"MultiLineString","coordinates":[[[-79.48674,43.72386],[-79.48938,43.72327],[-79.4898,43.72333],[-79.49098,43.72318],[-79.49098,43.72279],[-79.49067,43.7223],[-79.48866,43.72275],[-79.48753,43.72331],[-79.48382,43.72412],[-79.48159,43.72444],[-79.48145,43.72332],[-79.48072,43.72051],[-79.48212,43.7202],[-79.48138,43.71822],[-79.48121,43.71742],[-79.48012,43.71787],[-79.47806,43.70866],[-79.47661,43.70927],[-79.47456,43.70972],[-79.47435,43.70885],[-79.4761,43.70857],[-79.47617,43.70867],[-79.47717,43.70839],[-79.47706,43.70782],[-79.47785,43.7076],[-79.47806,43.70866],[-79.47661,43.70927],[-79.45475,43.71409],[-79.45443,43.71271],[-79.45577,43.71239],[-79.4556,43.71186],[-79.45611,43.71172],[-79.45605,43.71157],[-79.45627,43.7115],[-79.45604,43.71039],[-79.45664,43.71047],[-79.45654,43.71029],[-79.45402,43.71081],[-79.45475,43.71409],[-79.45243,43.71433],[-79.44356,43.71624],[-79.44337,43.71601],[-79.44339,43.71569],[-79.44468,43.71545],[-79.44498,43.71594],[-79.44841,43.71521],[-79.44891,43.71726],[-79.44663,43.71765],[-79.44684,43.71819],[-79.44906,43.71788],[-79.44894,43.71847],[-79.44823,43.71911],[-79.4477,43.7189],[-79.44704,43.71887],[-79.44391,43.71948],[-79.44283,43.71746],[-79.44275,43.71699],[-79.44263,43.71702],[-79.44283,43.71746],[-79.44391,43.71948],[-79.44204,43.71946],[-79.44151,43.71966],[-79.44102,43.72013],[-79.43999,43.71977],[-79.43835,43.71866],[-79.43804,43.71836],[-79.43769,43.7175],[-79.43116,43.71893],[-79.43155,43.72001],[-79.4326,43.71975],[-79.43211,43.71871],[-79.43297,43.71849],[-79.43367,43.7202],[-79.43246,43.72047],[-79.43295,43.72178],[-79.43293,43.72211],[-79.43265,43.72246],[-79.43218,43.72275],[-79.43066,43.72308],[-79.43216,43.72963],[-79.43417,43.72921],[-79.43421,43.72967],[-79.43417,43.72921],[-79.43216,43.72963],[-79.43301,43.73318],[-79.43493,43.73278],[-79.43572,43.73236],[-79.43656,43.73242],[-79.43902,43.73181],[-79.44035,43.73106],[-79.44056,43.73022],[-79.44126,43.72949],[-79.44089,43.72837],[-79.43952,43.72869],[-79.43967,43.72895],[-79.43988,43.72889],[-79.44022,43.72852],[-79.44089,43.72837],[-79.44125,43.72955],[-79.44056,43.73022],[-79.44035,43.73106],[-79.43884,43.73188],[-79.43855,43.73144],[-79.43824,43.73028],[-79.43514,43.73094],[-79.4346,43.73123],[-79.43396,43.73123],[-79.4326,43.7315],[-79.43412,43.73788],[-79.43275,43.73798]],[[-79.48021,43.71826],[-79.48063,43.72012]],[[-79.43057,43.72269],[-79.43004,43.72035],[-79.43115,43.72009]]]}},{"type":"Feature","properties":{"r":"402","n":"Parkdale","m":"bus","f":[],"day":false,"h":null},"geometry":{"type":"MultiLineString","coordinates":[[[-79.43807,43.64072],[-79.43875,43.64246],[-79.4379,43.64264]],[[-79.43518,43.65827],[-79.43605,43.65808],[-79.43555,43.65704]],[[-79.43492,43.65573],[-79.43415,43.65597],[-79.4346,43.65705],[-79.43509,43.65693],[-79.43515,43.65702],[-79.43431,43.65712],[-79.43537,43.65988],[-79.44777,43.6573],[-79.44794,43.65772],[-79.44655,43.65802],[-79.44671,43.65844],[-79.44811,43.65815],[-79.44777,43.6573],[-79.45245,43.65632],[-79.45266,43.65709],[-79.45384,43.6568],[-79.45358,43.65671],[-79.45261,43.65688],[-79.45185,43.65388],[-79.45159,43.65371],[-79.44681,43.65159],[-79.44145,43.65032],[-79.43973,43.65017],[-79.43911,43.64785],[-79.43915,43.64697],[-79.43667,43.64058],[-79.44691,43.63859],[-79.44757,43.63862],[-79.45131,43.63934],[-79.45123,43.64151],[-79.45089,43.64166],[-79.44967,43.64188],[-79.44842,43.63878],[-79.44691,43.63859],[-79.43541,43.64084],[-79.43594,43.64217],[-79.43541,43.64084],[-79.43315,43.6413],[-79.43281,43.64073],[-79.43187,43.63802],[-79.42914,43.63858],[-79.42758,43.63452],[-79.43174,43.63368],[-79.43249,43.63566]],[[-79.43264,43.63603],[-79.43438,43.64064]]]}},{"type":"Feature","properties":{"r":"403","n":"South Don Mills","m":"bus","f":["reg"],"day":true,"h":null},"geometry":{"type":"MultiLineString","coordinates":[[[-79.34348,43.7344],[-79.34312,43.73366],[-79.3445,43.73339],[-79.345,43.73409],[-79.34559,43.73383],[-79.34753,43.73256],[-79.34673,43.73301],[-79.34809,43.7343],[-79.34818,43.73461],[-79.34794,43.73499],[-79.34642,43.73583],[-79.34637,43.73611],[-79.34655,43.73651],[-79.34098,43.7377],[-79.34004,43.73433],[-79.33998,43.73355],[-79.34022,43.7331],[-79.34062,43.73273],[-79.34211,43.73222],[-79.34086,43.72766],[-79.34015,43.72781],[-79.33968,43.72843],[-79.33915,43.72887],[-79.3359,43.73072],[-79.33519,43.73126],[-79.33451,43.73089],[-79.33398,43.73091],[-79.33299,43.73006],[-79.3321,43.73055],[-79.3323,43.73107],[-79.33262,43.73127],[-79.33318,43.73134],[-79.33398,43.73091],[-79.33451,43.73089],[-79.33519,43.73126],[-79.3359,43.73072],[-79.33915,43.72887],[-79.33968,43.72843],[-79.34015,43.72781],[-79.34086,43.72766],[-79.33863,43.71948],[-79.33732,43.71655],[-79.33487,43.71714],[-79.33415,43.7177],[-79.33141,43.71836],[-79.33038,43.71657],[-79.33393,43.7157],[-79.33421,43.71544],[-79.33419,43.71493],[-79.33498,43.71475],[-79.33374,43.715],[-79.33291,43.7148],[-79.33053,43.7124],[-79.33029,43.71208],[-79.33024,43.71173],[-79.33059,43.71109],[-79.33136,43.7107],[-79.33472,43.70994],[-79.33631,43.70929],[-79.34363,43.70747],[-79.34283,43.70562],[-79.34135,43.70429],[-79.34122,43.70395],[-79.34306,43.702],[-79.34339,43.70181],[-79.34411,43.70185],[-79.34988,43.70501],[-79.34869,43.70607],[-79.34796,43.70643],[-79.34363,43.70747]]]}},{"type":"Feature","properties":{"r":"404","n":"East York","m":"bus","f":["reg"],"day":true,"h":60},"geometry":{"type":"MultiLineString","coordinates":[[[-79.32298,43.68437],[-79.32397,43.68417],[-79.32657,43.69059],[-79.32351,43.69125],[-79.32201,43.69114],[-79.31623,43.6924],[-79.31585,43.6928],[-79.31868,43.69927],[-79.31743,43.69951],[-79.31711,43.69885],[-79.31661,43.69893],[-79.31565,43.69683],[-79.3144,43.69705],[-79.31232,43.69693],[-79.3111,43.6972],[-79.31135,43.69772],[-79.31188,43.69833],[-79.31135,43.69772],[-79.3111,43.6972],[-79.30969,43.69743],[-79.30946,43.69723],[-79.30916,43.69651],[-79.30707,43.69698],[-79.30661,43.69691],[-79.30577,43.69702],[-79.30477,43.69483],[-79.30117,43.6956],[-79.30008,43.69315],[-79.29912,43.69337],[-79.29723,43.69354],[-79.29739,43.6952],[-79.29828,43.69545],[-79.29739,43.6952],[-79.29744,43.6959],[-79.29707,43.6978],[-79.29693,43.70226],[-79.29901,43.70185],[-79.29998,43.70413],[-79.29708,43.70593],[-79.29832,43.70864],[-79.29739,43.70885],[-79.29636,43.70884],[-79.29599,43.70878],[-79.29509,43.70675],[-79.29536,43.70662],[-79.29548,43.70605],[-79.29684,43.7035],[-79.29699,43.70227],[-79.29691,43.7009],[-79.29707,43.6978],[-79.29731,43.69652],[-79.29575,43.69647],[-79.29528,43.69621],[-79.29438,43.69541],[-79.29321,43.69517],[-79.29221,43.69536],[-79.29149,43.69621],[-79.29048,43.69655],[-79.28902,43.69287],[-79.28805,43.69307],[-79.28878,43.69439],[-79.2896,43.6943],[-79.28836,43.69123],[-79.29028,43.69079],[-79.28989,43.68997],[-79.28792,43.69018],[-79.28658,43.6869],[-79.28515,43.68721],[-79.28563,43.68813],[-79.287,43.68794],[-79.28406,43.68081],[-79.29325,43.68001],[-79.29452,43.67972],[-79.29436,43.67928],[-79.29441,43.67888],[-79.29555,43.67861],[-79.29587,43.67938],[-79.29283,43.68008],[-79.28841,43.68039],[-79.28275,43.68103],[-79.28248,43.68067],[-79.28242,43.68032]],[[-79.28234,43.68115],[-79.28142,43.68143],[-79.28178,43.68214],[-79.28399,43.68168]]]}},{"type":"Feature","properties":{"r":"405","n":"Etobicoke","m":"bus","f":["reg"],"day":true,"h":60},"geometry":{"type":"MultiLineString","coordinates":[[[-79.55442,43.67873],[-79.55534,43.68079],[-79.5532,43.68129]],[[-79.55281,43.68138],[-79.55171,43.67894],[-79.55696,43.67773],[-79.55775,43.6773],[-79.55798,43.67698],[-79.55801,43.67642],[-79.55738,43.67494],[-79.55705,43.67459],[-79.55559,43.67428],[-79.55705,43.67459],[-79.55738,43.67494],[-79.55767,43.67562],[-79.54489,43.67854],[-79.54579,43.68076],[-79.54489,43.67854],[-79.53901,43.67983],[-79.54673,43.69705],[-79.53427,43.69982],[-79.52817,43.68587],[-79.52498,43.68656],[-79.52741,43.68415],[-79.51728,43.68643],[-79.51315,43.68685],[-79.51248,43.68551],[-79.51965,43.68391],[-79.52002,43.68373],[-79.51965,43.68391],[-79.51248,43.68551],[-79.5118,43.68442],[-79.51071,43.68308],[-79.5115,43.68265],[-79.51128,43.682],[-79.51185,43.68095],[-79.51356,43.6809],[-79.5142,43.68245],[-79.51447,43.68271],[-79.51731,43.68261],[-79.51884,43.68231],[-79.51912,43.68294],[-79.52084,43.68283],[-79.52112,43.683],[-79.52121,43.68334],[-79.51405,43.68353],[-79.50697,43.68466],[-79.50552,43.68461],[-79.50422,43.68438],[-79.50403,43.68476],[-79.50405,43.68506],[-79.5045,43.68542],[-79.50788,43.68529],[-79.50835,43.68541],[-79.50868,43.68568],[-79.50883,43.68615],[-79.50878,43.68638],[-79.50825,43.68698],[-79.50748,43.68723],[-79.50573,43.68741],[-79.50509,43.68762],[-79.50445,43.688],[-79.5042,43.68831],[-79.50401,43.68889],[-79.50465,43.68883],[-79.50483,43.68955],[-79.50606,43.68927],[-79.50631,43.68973],[-79.50842,43.68937],[-79.50851,43.68969],[-79.50938,43.68943],[-79.50916,43.68933],[-79.509,43.6896],[-79.50851,43.68969],[-79.50842,43.68937],[-79.50777,43.6895]]]}},{"type":"Feature","properties":{"r":"406","n":"Scarborough-Guildwood","m":"bus","f":["reg"],"day":true,"h":null},"geometry":{"type":"MultiLineString","coordinates":[[[-79.2562,43.77469],[-79.2587,43.7741],[-79.25896,43.77431],[-79.26113,43.77361],[-79.26107,43.77496],[-79.26136,43.77543],[-79.2619,43.77576],[-79.26152,43.77636],[-79.26121,43.7774],[-79.26028,43.77719],[-79.25973,43.77691],[-79.25901,43.77741],[-79.25773,43.77762],[-79.25749,43.77709],[-79.25709,43.77721],[-79.25655,43.77838],[-79.25594,43.77825],[-79.25546,43.7785],[-79.25638,43.77886],[-79.25725,43.77885],[-79.26017,43.77821],[-79.26106,43.77765],[-79.26152,43.77636],[-79.2619,43.77576],[-79.26136,43.77543],[-79.26107,43.77496],[-79.26117,43.77381],[-79.26063,43.77237],[-79.26075,43.77198],[-79.25983,43.7716],[-79.2593,43.77156],[-79.25619,43.7722],[-79.2564,43.77266],[-79.25633,43.7729],[-79.25662,43.77282],[-79.2564,43.77266],[-79.25619,43.7722],[-79.25388,43.7727],[-79.25346,43.77295],[-79.25325,43.77328],[-79.25355,43.7744],[-79.25224,43.77457],[-79.25175,43.77331],[-79.25042,43.77365],[-79.25062,43.77396],[-79.25128,43.77377],[-79.25114,43.77347],[-79.25175,43.77331],[-79.25133,43.7716],[-79.24896,43.76542],[-79.24269,43.76602],[-79.24075,43.76702],[-79.23854,43.76764],[-79.23789,43.76821],[-79.23742,43.76943],[-79.23473,43.7714],[-79.23152,43.77328],[-79.22919,43.77387],[-79.22792,43.7749],[-79.22739,43.77517],[-79.22652,43.77531],[-79.22595,43.7752],[-79.2236,43.77347],[-79.22121,43.77261],[-79.22083,43.77214],[-79.21995,43.77004],[-79.21941,43.76977],[-79.21868,43.76981],[-79.21617,43.76368],[-79.21587,43.76263],[-79.21556,43.7627],[-79.21494,43.76236],[-79.21543,43.76212],[-79.21556,43.7627],[-79.21587,43.76263],[-79.21579,43.76087],[-79.21428,43.75732],[-79.20872,43.75853],[-79.20852,43.75799],[-79.20776,43.75761],[-79.2074,43.75751],[-79.20695,43.75765],[-79.20696,43.7578],[-79.20776,43.75761],[-79.20852,43.75799],[-79.20872,43.75853],[-79.21428,43.75732],[-79.21357,43.7556],[-79.21492,43.75521],[-79.21501,43.75506],[-79.21477,43.75491],[-79.21462,43.75508],[-79.21495,43.75498],[-79.21492,43.75521],[-79.21564,43.75507],[-79.21632,43.75522],[-79.21694,43.75517],[-79.21749,43.755],[-79.21732,43.75477],[-79.21716,43.75479],[-79.21683,43.75489],[-79.21678,43.75515],[-79.21622,43.75522],[-79.21556,43.75507],[-79.21357,43.7556],[-79.21344,43.75479],[-79.21231,43.75323],[-79.21188,43.75218],[-79.21136,43.7514],[-79.21117,43.75016],[-79.20935,43.746],[-79.20596,43.74966],[-79.20515,43.74924],[-79.20481,43.74892],[-79.20453,43.74766],[-79.2045,43.74673],[-79.20437,43.74647],[-79.20399,43.7462],[-79.203,43.7461],[-79.20132,43.74706],[-79.20122,43.74708],[-79.20095,43.74671],[-79.20001,43.74695],[-79.20022,43.7473],[-79.20001,43.74695],[-79.20095,43.74671],[-79.20122,43.74708],[-79.19924,43.74751],[-79.20164,43.75312],[-79.1993,43.75368],[-79.19936,43.75402],[-79.19923,43.75415],[-79.19725,43.75453],[-79.19733,43.75477],[-79.19758,43.75473]]]}},{"type":"Feature","properties":{"r":"501","n":"Queen","m":"tram","f":["freq"],"day":true,"h":10},"geometry":{"type":"MultiLineString","coordinates":[[[-79.4787,43.63097],[-79.47868,43.63083],[-79.47848,43.63075],[-79.4783,43.63091],[-79.47848,43.63129],[-79.47822,43.632],[-79.47662,43.6326],[-79.47527,43.63372],[-79.4731,43.63586],[-79.47192,43.6366],[-79.47053,43.63711],[-79.46616,43.63784],[-79.46117,43.63927],[-79.45805,43.63966],[-79.45283,43.63971],[-79.44757,43.63862],[-79.44671,43.63861],[-79.40141,43.64771],[-79.38496,43.65122],[-79.38411,43.64919],[-79.37495,43.65118],[-79.37577,43.65317],[-79.35892,43.65683],[-79.30223,43.66956],[-79.28239,43.67372],[-79.28183,43.67383],[-79.28133,43.67369]],[[-79.37588,43.65238],[-79.38424,43.65053]]]}},{"type":"Feature","properties":{"r":"503","n":"Kingston Rd","m":"tram","f":["freq"],"day":true,"h":9},"geometry":{"type":"MultiLineString","coordinates":[[[-79.38358,43.64792],[-79.38465,43.65044],[-79.38629,43.65009],[-79.38481,43.64766],[-79.36441,43.65212],[-79.35616,43.65687],[-79.35496,43.65774],[-79.31259,43.66724],[-79.31006,43.67198],[-79.30561,43.67596],[-79.30451,43.67674],[-79.30048,43.67841],[-79.29304,43.68005],[-79.28406,43.68081],[-79.28438,43.6816],[-79.28536,43.6814]]]}},{"type":"Feature","properties":{"r":"504","n":"King","m":"tram","f":["freq"],"day":true,"h":5},"geometry":{"type":"MultiLineString","coordinates":[[[-79.45358,43.65671],[-79.45384,43.6568],[-79.45392,43.65703],[-79.45271,43.65729],[-79.45139,43.65235],[-79.44622,43.63904],[-79.44622,43.63871],[-79.44256,43.63719],[-79.44134,43.63654],[-79.43975,43.63643],[-79.42775,43.63884]],[[-79.42649,43.63429],[-79.42564,43.63448],[-79.42737,43.63896],[-79.39364,43.64576],[-79.36424,43.65216],[-79.35616,43.65687],[-79.35496,43.65774],[-79.34985,43.65888],[-79.35343,43.66742],[-79.35309,43.66847],[-79.35303,43.66945],[-79.35438,43.671],[-79.35493,43.67201],[-79.35887,43.6762],[-79.35894,43.6764],[-79.35884,43.67677],[-79.35812,43.67715]],[[-79.3584,43.6551],[-79.35865,43.65438],[-79.35862,43.65411],[-79.35776,43.65214],[-79.35739,43.65175],[-79.35686,43.6505],[-79.35668,43.65039],[-79.35642,43.65054],[-79.35663,43.65074]]]}},{"type":"Feature","properties":{"r":"505","n":"Dundas","m":"tram","f":["freq"],"day":true,"h":6},"geometry":{"type":"MultiLineString","coordinates":[[[-79.45367,43.65675],[-79.45379,43.65678],[-79.45385,43.65704],[-79.4527,43.65728],[-79.45183,43.65388],[-79.45157,43.65371],[-79.4468,43.65158],[-79.44205,43.65044],[-79.43972,43.65016],[-79.43247,43.64969],[-79.42077,43.64933],[-79.40601,43.6523],[-79.40535,43.65236],[-79.40373,43.65173],[-79.39145,43.65433],[-79.3883,43.65478],[-79.38035,43.65645],[-79.37887,43.65614],[-79.37713,43.65649],[-79.37345,43.6573],[-79.37274,43.65797],[-79.37213,43.65825],[-79.37102,43.65829],[-79.35638,43.66162],[-79.35388,43.66191],[-79.35135,43.66246],[-79.35341,43.66741],[-79.35302,43.6688],[-79.35302,43.66944],[-79.35437,43.67099],[-79.35492,43.672],[-79.35886,43.67619],[-79.35883,43.67677],[-79.35796,43.67719]]]}},{"type":"Feature","properties":{"r":"506","n":"Carlton","m":"tram","f":["freq"],"day":true,"h":5},"geometry":{"type":"MultiLineString","coordinates":[[[-79.45813,43.64781],[-79.45777,43.64787],[-79.45788,43.64844],[-79.457,43.64971],[-79.45503,43.6507],[-79.44809,43.65212],[-79.44681,43.65159],[-79.44532,43.6512],[-79.44102,43.65028],[-79.44,43.65101],[-79.43879,43.65133],[-79.43081,43.6529],[-79.42988,43.65287],[-79.41971,43.65504],[-79.41809,43.65526],[-79.41518,43.65495],[-79.40047,43.65793]],[[-79.40357,43.6675],[-79.40338,43.66736],[-79.40408,43.66719],[-79.40387,43.66666],[-79.40312,43.66551],[-79.40103,43.66037],[-79.40149,43.66005],[-79.40162,43.65949],[-79.40116,43.65914],[-79.40047,43.65897],[-79.40005,43.65795],[-79.3959,43.6587],[-79.38311,43.66137],[-79.38168,43.66139],[-79.36798,43.66428],[-79.36704,43.66195],[-79.35963,43.66358],[-79.35518,43.66481],[-79.35545,43.66548],[-79.35291,43.66616],[-79.35262,43.66549]],[[-79.4002,43.65926],[-79.39996,43.65951],[-79.39992,43.6598],[-79.40025,43.66018],[-79.40064,43.66028]],[[-79.37952,43.66225],[-79.38096,43.66572],[-79.38718,43.66437],[-79.38613,43.66179],[-79.38599,43.66118]],[[-79.38569,43.66042],[-79.38377,43.65572],[-79.38037,43.65646],[-79.37888,43.65615],[-79.37346,43.6573],[-79.37275,43.65797],[-79.37214,43.65825],[-79.37103,43.65829],[-79.36602,43.65944],[-79.36689,43.66157]],[[-79.3548,43.66492],[-79.35302,43.66541]],[[-79.35222,43.66554],[-79.31931,43.67291],[-79.3203,43.67534],[-79.31955,43.6757],[-79.31735,43.67604],[-79.31678,43.67627],[-79.31563,43.67728],[-79.31513,43.67799],[-79.31191,43.68038],[-79.31075,43.68079],[-79.30812,43.68209],[-79.30547,43.68281],[-79.30016,43.68395],[-79.30039,43.68482],[-79.30227,43.68908],[-79.30129,43.68932],[-79.30101,43.68916],[-79.30113,43.68898],[-79.30182,43.6888]]]}},{"type":"Feature","properties":{"r":"507","n":"Long Branch","m":"tram","f":["freq"],"day":true,"h":6},"geometry":{"type":"MultiLineString","coordinates":[[[-79.5436,43.59213],[-79.54389,43.592],[-79.54391,43.59184],[-79.5437,43.59179],[-79.54242,43.59245],[-79.525,43.59642],[-79.4985,43.60226],[-79.49573,43.60259],[-79.49279,43.60383],[-79.49163,43.60471],[-79.49073,43.60624],[-79.49056,43.60674],[-79.49027,43.60967],[-79.48971,43.61301],[-79.48647,43.61893],[-79.48604,43.6195],[-79.48567,43.61977],[-79.48392,43.62023],[-79.48308,43.62064],[-79.48248,43.6212],[-79.48121,43.62297],[-79.48369,43.62401],[-79.49036,43.62905],[-79.48087,43.6311],[-79.47887,43.63119]],[[-79.481,43.62331],[-79.47938,43.6265],[-79.47858,43.62852],[-79.47806,43.62923],[-79.47691,43.63027],[-79.47593,43.62981],[-79.47569,43.62924],[-79.47635,43.62791],[-79.47699,43.62616]],[[-79.47711,43.62578],[-79.4775,43.62466],[-79.47854,43.62298],[-79.4788,43.62275],[-79.4792,43.62258],[-79.47999,43.62253],[-79.48083,43.62285]],[[-79.47855,43.63142],[-79.47851,43.63171],[-79.47871,43.63175],[-79.47962,43.63156]]]}},{"type":"Feature","properties":{"r":"508","n":"Lake Shore","m":"tram","f":["reg"],"day":true,"h":null},"geometry":{"type":"MultiLineString","coordinates":[[[-79.4787,43.63097],[-79.47868,43.63083],[-79.47848,43.63075],[-79.4783,43.63091],[-79.47848,43.63129],[-79.47822,43.632],[-79.47662,43.6326],[-79.47527,43.63372],[-79.47292,43.63601],[-79.47168,43.63672],[-79.47053,43.63711],[-79.46616,43.63784],[-79.46075,43.63934],[-79.45805,43.63966],[-79.45259,43.6397],[-79.45131,43.63934],[-79.44757,43.63862],[-79.44622,43.63871],[-79.44256,43.63719],[-79.44134,43.63654],[-79.4399,43.63641],[-79.39364,43.64576],[-79.36441,43.65212],[-79.35841,43.65558],[-79.3584,43.65501],[-79.35865,43.65438],[-79.35862,43.65411],[-79.35776,43.65214],[-79.35732,43.65163],[-79.35686,43.6505],[-79.35668,43.65039],[-79.35647,43.65045],[-79.35646,43.65064],[-79.35681,43.65081]]]}},{"type":"Feature","properties":{"r":"509","n":"Harbourfront","m":"tram","f":["freq"],"day":true,"h":9},"geometry":{"type":"MultiLineString","coordinates":[[[-79.41801,43.63565],[-79.41289,43.63702],[-79.41224,43.63695],[-79.41161,43.63655],[-79.41058,43.63627],[-79.4069,43.6364],[-79.40373,43.6359],[-79.40143,43.63613],[-79.39972,43.63663],[-79.39949,43.63634],[-79.39834,43.63564],[-79.39724,43.63649],[-79.39491,43.63723],[-79.39281,43.63746],[-79.38675,43.63883],[-79.3804,43.6399],[-79.37684,43.64115],[-79.37746,43.64208],[-79.37897,43.64564],[-79.37912,43.6456]]]}},{"type":"Feature","properties":{"r":"510","n":"Spadina","m":"tram","f":["freq"],"day":true,"h":6},"geometry":{"type":"MultiLineString","coordinates":[[[-79.40313,43.66734],[-79.40386,43.66719],[-79.40395,43.66698],[-79.40312,43.66551],[-79.40103,43.66037],[-79.40149,43.66005],[-79.40162,43.65949],[-79.40116,43.65914],[-79.40047,43.65897],[-79.39189,43.63765],[-79.38675,43.63883],[-79.3804,43.6399],[-79.37684,43.64115],[-79.37746,43.64208],[-79.37897,43.64564],[-79.37912,43.6456]],[[-79.4002,43.65926],[-79.39996,43.65951],[-79.39995,43.65989],[-79.40012,43.6601],[-79.40064,43.66029]]]}},{"type":"Feature","properties":{"r":"511","n":"Bathurst","m":"tram","f":["freq"],"day":true,"h":6},"geometry":{"type":"MultiLineString","coordinates":[[[-79.41131,43.66651],[-79.41131,43.66676],[-79.41145,43.66687],[-79.41186,43.66679],[-79.39972,43.63663],[-79.40143,43.63613],[-79.40373,43.6359],[-79.4069,43.6364],[-79.41058,43.63627],[-79.41161,43.63655],[-79.41224,43.63695],[-79.41339,43.63724],[-79.41819,43.63591],[-79.41838,43.63576],[-79.41827,43.63564],[-79.41801,43.63565],[-79.41376,43.63685]]]}},{"type":"Feature","properties":{"r":"512","n":"St Clair","m":"tram","f":["freq"],"day":true,"h":4},"geometry":{"type":"MultiLineString","coordinates":[[[-79.47186,43.67182],[-79.47166,43.67166],[-79.45153,43.67609]],[[-79.45102,43.67581],[-79.45114,43.67618],[-79.42618,43.68163],[-79.41533,43.68375],[-79.41573,43.68425],[-79.41576,43.68465],[-79.41529,43.68473],[-79.41515,43.68465],[-79.41515,43.68379],[-79.39338,43.68824],[-79.39314,43.68818],[-79.39273,43.68776],[-79.39152,43.68802]],[[-79.45044,43.67592],[-79.44909,43.67266],[-79.44856,43.67241],[-79.44828,43.67135],[-79.44646,43.66672],[-79.45125,43.66575],[-79.44777,43.6573],[-79.44273,43.65834],[-79.44304,43.65922]],[[-79.44319,43.65959],[-79.44422,43.66215],[-79.44499,43.66295],[-79.44632,43.66635]],[[-79.39142,43.68841],[-79.39149,43.68865],[-79.39279,43.68839]]]}},{"type":"Feature","properties":{"r":"830","n":"Henry Kelsey - Middlefield","m":"bus","f":["reg"],"day":true,"h":null},"geometry":{"type":"MultiLineString","coordinates":[[[-79.26813,43.83485],[-79.26817,43.83503],[-79.26852,43.83508],[-79.26795,43.8327],[-79.2657,43.82801],[-79.26456,43.82643],[-79.2626,43.82189],[-79.26187,43.81956],[-79.2574,43.80926],[-79.25692,43.80856],[-79.25542,43.80698],[-79.2547,43.80536],[-79.25467,43.80479],[-79.25826,43.79994],[-79.25904,43.79944],[-79.2648,43.79819],[-79.26802,43.79783],[-79.27206,43.79864],[-79.27432,43.79818],[-79.27774,43.79813]]]}},{"type":"Feature","properties":{"r":"900","n":"Airport Express","m":"bus","f":["freq","exp"],"day":true,"h":4},"geometry":{"type":"MultiLineString","coordinates":[[[-79.61481,43.68619],[-79.61901,43.68751],[-79.62029,43.6878],[-79.62083,43.68784],[-79.6211,43.68765],[-79.6211,43.68739]],[[-79.62095,43.68702],[-79.62056,43.68652],[-79.61941,43.68593],[-79.61852,43.6857],[-79.61659,43.68578],[-79.61394,43.6849],[-79.60909,43.68512],[-79.60626,43.6849],[-79.60306,43.68552],[-79.60225,43.68546],[-79.60088,43.68506],[-79.5993,43.68417],[-79.59576,43.6826],[-79.59475,43.68193],[-79.59388,43.68106],[-79.59342,43.68034],[-79.59307,43.67934],[-79.5923,43.67481],[-79.59208,43.6742],[-79.59093,43.67247],[-79.59003,43.67161],[-79.58884,43.67079],[-79.58729,43.67014],[-79.58544,43.66994],[-79.58452,43.67003],[-79.58041,43.67096],[-79.57929,43.67106],[-79.57802,43.67099],[-79.57652,43.67051],[-79.57489,43.66931],[-79.57402,43.66833],[-79.5734,43.66721],[-79.5714,43.66244],[-79.56963,43.6577],[-79.5667,43.65194],[-79.56465,43.64735],[-79.56368,43.64559],[-79.56149,43.64024],[-79.56089,43.63832],[-79.56046,43.63604],[-79.5604,43.63509],[-79.55983,43.63297],[-79.55838,43.63014],[-79.5585,43.62953],[-79.55924,43.62865],[-79.55921,43.62832],[-79.55903,43.62808],[-79.55742,43.62836],[-79.55167,43.62994],[-79.54691,43.63101],[-79.54328,43.63295],[-79.54073,43.63535],[-79.538,43.63852],[-79.53738,43.63813],[-79.53651,43.63708],[-79.53626,43.63716],[-79.53464,43.63851]],[[-79.61526,43.68492],[-79.61527,43.68428],[-79.61514,43.68404],[-79.61237,43.68199],[-79.61166,43.68184],[-79.61064,43.68203]],[[-79.60892,43.68551],[-79.61112,43.68578],[-79.61362,43.68645],[-79.61427,43.6863],[-79.61472,43.68558]],[[-79.61135,43.68543],[-79.6129,43.68559],[-79.61402,43.68594]],[[-79.6103,43.68224],[-79.60981,43.68281],[-79.60954,43.68405],[-79.60957,43.68469]],[[-79.60749,43.68459],[-79.60777,43.68373],[-79.60527,43.68376],[-79.60496,43.68347],[-79.60239,43.68476],[-79.60214,43.68501]],[[-79.60359,43.68586],[-79.60703,43.68542],[-79.60689,43.68591],[-79.59942,43.68656],[-79.59914,43.68557],[-79.59856,43.6848],[-79.59555,43.68294]],[[-79.57318,43.66765],[-79.57443,43.6703],[-79.57501,43.67101],[-79.57565,43.67151],[-79.57728,43.67221],[-79.57824,43.67237],[-79.57976,43.67238],[-79.5851,43.67165],[-79.58663,43.67155],[-79.5885,43.6718],[-79.58991,43.67246],[-79.591,43.67343],[-79.59174,43.67471],[-79.59205,43.67574],[-79.59265,43.67942],[-79.59299,43.68033]],[[-79.55528,43.62936],[-79.5561,43.62954],[-79.55634,43.62974],[-79.55746,43.63182],[-79.55773,43.63318],[-79.55828,43.63469],[-79.55888,43.63598],[-79.5592,43.63635],[-79.56093,43.64089],[-79.56493,43.65039],[-79.56894,43.65789],[-79.57052,43.66122]]]}},{"type":"Feature","properties":{"r":"902","n":"Markham Rd Express","m":"bus","f":["exp"],"day":true,"h":15},"geometry":{"type":"MultiLineString","coordinates":[[[-79.24197,43.83505],[-79.24356,43.83839],[-79.25119,43.83661],[-79.25093,43.83179],[-79.25072,43.83055],[-79.24296,43.81267],[-79.24282,43.81182],[-79.24291,43.81088],[-79.24384,43.8082],[-79.24398,43.80731],[-79.24392,43.80661],[-79.24192,43.80192],[-79.24075,43.79776],[-79.23948,43.79479],[-79.23875,43.79387],[-79.23706,43.78955],[-79.23418,43.79019],[-79.23347,43.78862],[-79.232,43.78443],[-79.2291,43.78549],[-79.22968,43.7864],[-79.2315,43.78571],[-79.2316,43.78538],[-79.23115,43.78475],[-79.23092,43.78409],[-79.23185,43.7839],[-79.23178,43.78352],[-79.23204,43.78296],[-79.23319,43.78207],[-79.23389,43.78175],[-79.22548,43.76032],[-79.2234,43.75378],[-79.21703,43.73878],[-79.22617,43.73054],[-79.23602,43.72203],[-79.2513,43.71876],[-79.26471,43.71578],[-79.27112,43.71416],[-79.27441,43.71354],[-79.281,43.71205],[-79.28036,43.71045],[-79.28012,43.71054],[-79.28009,43.7107],[-79.28048,43.71077],[-79.281,43.71205],[-79.27828,43.71268]],[[-79.24831,43.83687],[-79.24574,43.83164],[-79.24102,43.83266],[-79.24182,43.83468]]]}},{"type":"Feature","properties":{"r":"903","n":"Kennedy Stn-Scarborough Express","m":"bus","f":["exp"],"day":true,"h":10},"geometry":{"type":"MultiLineString","coordinates":[[[-79.26436,43.73235],[-79.26455,43.73277],[-79.26358,43.73299]],[[-79.22912,43.78551],[-79.22981,43.78648],[-79.2315,43.78571],[-79.2316,43.78538],[-79.23115,43.78475],[-79.23092,43.78409],[-79.23185,43.7839],[-79.23178,43.78352],[-79.23204,43.78296],[-79.23319,43.78207],[-79.23389,43.78175],[-79.23902,43.7807],[-79.2415,43.78063],[-79.24384,43.78015],[-79.24425,43.78075],[-79.24514,43.78093],[-79.25124,43.77969],[-79.25107,43.77928],[-79.25108,43.77848],[-79.25061,43.77728],[-79.25026,43.77528],[-79.25032,43.77509],[-79.25224,43.77457],[-79.25259,43.77544],[-79.25519,43.77495],[-79.25613,43.77492],[-79.25625,43.77467],[-79.2587,43.7741],[-79.25896,43.77431],[-79.26113,43.77361],[-79.26243,43.77334],[-79.26156,43.77111],[-79.26133,43.77007],[-79.27901,43.76624],[-79.27904,43.76659],[-79.27873,43.76677],[-79.27815,43.76674],[-79.2773,43.76696],[-79.27702,43.76683],[-79.27695,43.76646],[-79.27616,43.76645],[-79.27045,43.75164],[-79.27001,43.74958],[-79.26326,43.73368],[-79.26339,43.73347],[-79.26295,43.73239],[-79.26419,43.73199],[-79.26413,43.73181],[-79.2643,43.73148],[-79.26277,43.7313],[-79.26261,43.73139],[-79.26298,43.73208],[-79.26373,43.73188],[-79.26379,43.7315]],[[-79.25274,43.77582],[-79.25422,43.77959],[-79.25356,43.77986],[-79.2527,43.78052],[-79.2521,43.78061],[-79.25173,43.78049],[-79.2514,43.78006]],[[-79.23078,43.78489],[-79.22951,43.78536]]]}},{"type":"Feature","properties":{"r":"904","n":"Sheppard-Kennedy Express","m":"bus","f":["exp"],"day":true,"h":12},"geometry":{"type":"MultiLineString","coordinates":[[[-79.34527,43.77579],[-79.34658,43.77552],[-79.34684,43.77563],[-79.34699,43.77603],[-79.3468,43.77622],[-79.34591,43.77605],[-79.34397,43.77637],[-79.34372,43.77583],[-79.34189,43.77619],[-79.34103,43.77621],[-79.32772,43.7747],[-79.32531,43.77476],[-79.29346,43.78212],[-79.27857,43.78535],[-79.27819,43.78449],[-79.27697,43.78266],[-79.27299,43.77296],[-79.26764,43.77411],[-79.26585,43.77471],[-79.26318,43.77528],[-79.26243,43.77334],[-79.26113,43.77361],[-79.25834,43.77451],[-79.25613,43.77492],[-79.25625,43.77467],[-79.2587,43.7741],[-79.25896,43.77431],[-79.26113,43.77361],[-79.26243,43.77334],[-79.26156,43.77111],[-79.26133,43.77007],[-79.27901,43.76624],[-79.27907,43.7665],[-79.27879,43.76676],[-79.27809,43.76675],[-79.2773,43.76696],[-79.27704,43.76686],[-79.27693,43.76652],[-79.27616,43.76645],[-79.27045,43.75164],[-79.27001,43.74958],[-79.26326,43.73368],[-79.2634,43.73348],[-79.26295,43.73239],[-79.26419,43.73199],[-79.26413,43.73181],[-79.2643,43.73148],[-79.26277,43.7313],[-79.26261,43.73139],[-79.26298,43.73208],[-79.26373,43.73188],[-79.26379,43.7315]],[[-79.26436,43.73235],[-79.26455,43.73277],[-79.26359,43.73299]]]}},{"type":"Feature","properties":{"r":"905","n":"Eglinton East Express","m":"bus","f":["exp"],"day":true,"h":8},"geometry":{"type":"MultiLineString","coordinates":[[[-79.26308,43.73249],[-79.26423,43.73219],[-79.26454,43.73276],[-79.26571,43.73238],[-79.26605,43.73267],[-79.25916,43.7343],[-79.21376,43.74433],[-79.21165,43.74371],[-79.21028,43.74501],[-79.20594,43.74965],[-79.20198,43.75417],[-79.18685,43.7706],[-79.18911,43.77578],[-79.18985,43.77709],[-79.19333,43.78534],[-79.1883,43.78657],[-79.1849,43.78495],[-79.18559,43.78431]],[[-79.18882,43.78686],[-79.19101,43.78806],[-79.19434,43.78927],[-79.19368,43.78769],[-79.19351,43.7857]]]}},{"type":"Feature","properties":{"r":"906","n":"Airport-Humber College Express","m":"bus","f":["exp"],"day":true,"h":15},"geometry":{"type":"MultiLineString","coordinates":[[[-79.62131,43.72455],[-79.62109,43.72461],[-79.62213,43.7259],[-79.62218,43.72673],[-79.62181,43.72745],[-79.62061,43.72837],[-79.61986,43.7292],[-79.61964,43.73017],[-79.61999,43.73248],[-79.61987,43.7328],[-79.6195,43.73319],[-79.61896,43.73344],[-79.61822,43.73355],[-79.61808,43.733],[-79.61763,43.73253],[-79.617,43.73206],[-79.61621,43.73185],[-79.61354,43.73221],[-79.611,43.73153],[-79.6102,43.73168],[-79.60915,43.73219],[-79.60794,43.73121],[-79.60492,43.73011],[-79.60566,43.72901],[-79.60464,43.72862],[-79.60436,43.72866],[-79.60435,43.72876],[-79.60551,43.72923],[-79.60492,43.73011],[-79.60362,43.72998],[-79.60159,43.73045],[-79.59583,43.71732],[-79.58504,43.6949],[-79.58275,43.69003],[-79.58262,43.68943],[-79.58277,43.68922],[-79.58598,43.68813],[-79.59165,43.68693],[-79.59945,43.68656],[-79.60689,43.68591],[-79.60699,43.68679],[-79.60673,43.68769],[-79.60926,43.68821],[-79.61106,43.68918],[-79.61381,43.68992],[-79.61498,43.68916],[-79.61528,43.68916],[-79.61552,43.68954]],[[-79.61592,43.68948],[-79.61614,43.68936],[-79.6167,43.68952],[-79.61691,43.68972],[-79.61713,43.69028],[-79.61696,43.69071],[-79.61814,43.69103],[-79.61912,43.6916],[-79.62035,43.69046],[-79.62123,43.68918],[-79.61131,43.68615],[-79.60874,43.68582],[-79.60729,43.68589]],[[-79.58214,43.68903],[-79.5814,43.68912],[-79.58067,43.68891],[-79.58054,43.68864],[-79.58059,43.68804],[-79.58076,43.68791],[-79.58132,43.68788],[-79.58159,43.6881],[-79.58214,43.68903]]]}},{"type":"Feature","properties":{"r":"924","n":"Victoria Park Express","m":"bus","f":["exp"],"day":true,"h":50},"geometry":{"type":"MultiLineString","coordinates":[[[-79.34151,43.81662],[-79.34154,43.81679],[-79.34182,43.81679],[-79.33512,43.80137],[-79.33141,43.79311],[-79.3201,43.76906],[-79.31562,43.75877],[-79.30935,43.74092],[-79.29599,43.70878],[-79.29222,43.70011],[-79.29077,43.69723],[-79.28902,43.69287],[-79.28805,43.69307],[-79.28878,43.69439],[-79.2896,43.6943]]]}},{"type":"Feature","properties":{"r":"925","n":"Don Mills Express","m":"bus","f":["exp"],"day":true,"h":12},"geometry":{"type":"MultiLineString","coordinates":[[[-79.3593,43.80921],[-79.35999,43.80983],[-79.36043,43.81046],[-79.36073,43.81117],[-79.35755,43.81188],[-79.35669,43.80989],[-79.35747,43.8097]],[[-79.35786,43.80961],[-79.359,43.80894],[-79.35492,43.8052],[-79.35362,43.80339],[-79.35333,43.80242],[-79.35343,43.80155],[-79.35517,43.79658],[-79.35528,43.79559],[-79.35512,43.79422],[-79.35412,43.79015],[-79.35302,43.78734],[-79.35303,43.78648],[-79.3535,43.78539],[-79.35343,43.78484],[-79.35244,43.78309],[-79.3519,43.78119],[-79.35113,43.78052],[-79.34967,43.77999],[-79.34912,43.7796],[-79.34873,43.77908],[-79.34763,43.77651],[-79.34701,43.77658],[-79.3468,43.77622],[-79.34626,43.77598],[-79.34518,43.77606],[-79.34504,43.77592],[-79.3467,43.77554],[-79.34697,43.77592],[-79.34696,43.77612],[-79.3468,43.77622],[-79.34692,43.77653],[-79.34763,43.77651],[-79.34645,43.77349],[-79.3463,43.77227],[-79.34722,43.76227],[-79.34698,43.75368],[-79.3473,43.75182],[-79.34724,43.75102],[-79.34669,43.74959],[-79.34444,43.74084],[-79.33862,43.71947],[-79.33438,43.70999],[-79.33508,43.70982],[-79.3363,43.70929],[-79.34814,43.70635],[-79.34912,43.70571],[-79.35165,43.70327],[-79.35276,43.70202],[-79.35283,43.70191],[-79.35205,43.7015],[-79.35147,43.70096],[-79.34925,43.6972],[-79.34926,43.69705],[-79.34944,43.69676],[-79.35104,43.69537],[-79.35028,43.69324],[-79.35585,43.69208],[-79.35488,43.68955],[-79.35658,43.68521],[-79.35752,43.68194],[-79.35865,43.67752],[-79.35796,43.67743],[-79.35782,43.67731],[-79.35787,43.67706],[-79.35828,43.67681]],[[-79.34882,43.77986],[-79.34827,43.78131],[-79.34843,43.78199],[-79.35,43.78376],[-79.35094,43.78575],[-79.35262,43.78691]]]}},{"type":"Feature","properties":{"r":"927","n":"Highway 27 Express","m":"bus","f":["freq","exp"],"day":true,"h":7},"geometry":{"type":"MultiLineString","coordinates":[[[-79.62503,43.75302],[-79.61424,43.75543],[-79.60951,43.748],[-79.60871,43.74647],[-79.60624,43.74707],[-79.60767,43.75038],[-79.59969,43.7522]],[[-79.6197,43.7538],[-79.61953,43.75304],[-79.61965,43.7526],[-79.61997,43.7522],[-79.62267,43.75085],[-79.62386,43.75046],[-79.62486,43.75265]],[[-79.60831,43.75675],[-79.61382,43.75552]],[[-79.60798,43.75652],[-79.60774,43.75688],[-79.60337,43.75785],[-79.60076,43.75506],[-79.60004,43.75402],[-79.59169,43.73677],[-79.60471,43.73378],[-79.6063,43.73365],[-79.6099,43.73409],[-79.60997,43.73321],[-79.6097,43.73273],[-79.60808,43.73127],[-79.60491,43.7301],[-79.60573,43.72893],[-79.60435,43.72842],[-79.60413,43.72873],[-79.6055,43.72926],[-79.60491,43.7301],[-79.60361,43.72997],[-79.60158,43.73044],[-79.59582,43.71731],[-79.58182,43.68813],[-79.57894,43.67977],[-79.57813,43.67777],[-79.57739,43.67673],[-79.57453,43.6741],[-79.57361,43.67291],[-79.57337,43.67223],[-79.57329,43.67139],[-79.57388,43.66789],[-79.57372,43.66689],[-79.57188,43.6629],[-79.56998,43.65803],[-79.56663,43.6518],[-79.56474,43.64754],[-79.56368,43.64559],[-79.56149,43.64024],[-79.56089,43.63832],[-79.56046,43.63604],[-79.5604,43.63509],[-79.55983,43.63297],[-79.55838,43.63014],[-79.5585,43.62953],[-79.55924,43.62865],[-79.55916,43.62821],[-79.55889,43.62804],[-79.55805,43.62821],[-79.55167,43.62994],[-79.54691,43.63101],[-79.54328,43.63295],[-79.54073,43.63535],[-79.538,43.63852],[-79.53738,43.63813],[-79.53651,43.63708],[-79.53626,43.63716],[-79.53464,43.63851]],[[-79.58749,43.69915],[-79.59318,43.69783],[-79.59283,43.69717],[-79.59235,43.69664],[-79.59197,43.69644],[-79.59024,43.69615],[-79.58975,43.69586],[-79.58762,43.69144],[-79.5842,43.69221]],[[-79.58263,43.68891],[-79.58681,43.68794],[-79.58736,43.68917],[-79.58715,43.69003],[-79.58722,43.69057],[-79.58746,43.69107]],[[-79.58252,43.69053],[-79.5823,43.6908],[-79.58175,43.69087],[-79.58054,43.69018],[-79.58035,43.68993],[-79.58058,43.68954],[-79.58185,43.68912]],[[-79.55525,43.62933],[-79.55589,43.62943],[-79.55633,43.62974],[-79.55822,43.63324],[-79.55867,43.63445],[-79.55899,43.63579],[-79.56092,43.64089],[-79.56484,43.6502],[-79.56768,43.65549],[-79.57285,43.66742],[-79.57316,43.66827],[-79.57325,43.66908]]]}},{"type":"Feature","properties":{"r":"929","n":"Dufferin Express","m":"bus","f":["freq","exp"],"day":true,"h":8},"geometry":{"type":"MultiLineString","coordinates":[[[-79.45091,43.73425],[-79.45117,43.73501],[-79.45089,43.73506],[-79.45063,43.73421],[-79.4518,43.73402],[-79.45176,43.73362],[-79.45892,43.73209],[-79.45708,43.72475],[-79.45078,43.69633],[-79.45067,43.69603],[-79.45028,43.69569],[-79.44276,43.67713],[-79.43537,43.65988],[-79.4258,43.63489],[-79.42692,43.63464],[-79.42683,43.63439],[-79.42664,43.63428],[-79.42564,43.63448]]]}},{"type":"Feature","properties":{"r":"935","n":"Jane Express","m":"bus","f":["exp"],"day":true,"h":11},"geometry":{"type":"MultiLineString","coordinates":[[[-79.51093,43.77734],[-79.51069,43.77674],[-79.51004,43.77691]],[[-79.50972,43.77715],[-79.50844,43.77681],[-79.50899,43.77819],[-79.51701,43.77636],[-79.52174,43.77547],[-79.52164,43.77408],[-79.51773,43.75723],[-79.51322,43.73939],[-79.51224,43.73593],[-79.50775,43.71738],[-79.50238,43.69759],[-79.50038,43.68928],[-79.49756,43.68058],[-79.49177,43.66718],[-79.48468,43.64982],[-79.48318,43.65019]],[[-79.48303,43.64982],[-79.48297,43.64969],[-79.48448,43.64933],[-79.48453,43.64945]]]}},{"type":"Feature","properties":{"r":"937","n":"Islington Express","m":"bus","f":["exp"],"day":true,"h":null},"geometry":{"type":"MultiLineString","coordinates":[[[-79.57649,43.76433],[-79.57655,43.76419],[-79.57634,43.76399],[-79.57486,43.76434],[-79.56935,43.75657],[-79.56903,43.75571],[-79.56802,43.75059],[-79.56799,43.7499],[-79.56839,43.74837],[-79.56861,43.74624],[-79.56856,43.74516],[-79.56802,43.74309],[-79.56074,43.72702],[-79.55337,43.71139],[-79.55247,43.70973],[-79.54698,43.69772],[-79.53126,43.66262],[-79.52381,43.6455],[-79.52096,43.64616],[-79.5196,43.64618],[-79.51923,43.64599],[-79.51898,43.64567],[-79.52453,43.6444],[-79.52463,43.64447],[-79.52382,43.64465],[-79.52384,43.64485],[-79.52475,43.64474]]]}},{"type":"Feature","properties":{"r":"938","n":"Highland Creek Express","m":"bus","f":["exp"],"day":true,"h":null},"geometry":{"type":"MultiLineString","coordinates":[[[-79.26343,43.7314],[-79.26277,43.7313],[-79.26261,43.73139],[-79.26282,43.73179]],[[-79.2631,43.73208],[-79.26373,43.73188],[-79.26383,43.73144],[-79.2643,43.73148],[-79.26413,43.73185],[-79.26455,43.73277],[-79.26325,43.73307],[-79.26319,43.73317],[-79.2634,43.73348],[-79.26326,43.73368],[-79.27001,43.74958],[-79.27045,43.75164],[-79.27616,43.76645],[-79.27642,43.76653],[-79.27667,43.76696],[-79.27708,43.76689],[-79.27693,43.76652],[-79.27706,43.76636],[-79.27912,43.76589],[-79.27937,43.76616],[-79.26133,43.77007],[-79.26156,43.77111],[-79.26243,43.77334],[-79.26113,43.77361],[-79.25834,43.77451],[-79.25659,43.77489],[-79.25519,43.77495],[-79.25259,43.77544],[-79.25168,43.77313],[-79.2515,43.77214],[-79.22335,43.77829],[-79.18831,43.78658],[-79.1849,43.78495],[-79.18557,43.78435],[-79.18552,43.78418],[-79.18527,43.78419],[-79.18486,43.78475]]]}},{"type":"Feature","properties":{"r":"939","n":"Finch Express","m":"bus","f":["freq","exp"],"day":true,"h":6},"geometry":{"type":"MultiLineString","coordinates":[[[-79.49072,43.76476],[-79.49092,43.76458],[-79.49083,43.76442],[-79.49057,43.76456],[-79.49072,43.76476],[-79.49098,43.7659],[-79.48938,43.76635],[-79.48963,43.76698],[-79.4797,43.76953],[-79.47215,43.77122],[-79.47148,43.76783],[-79.46071,43.77025],[-79.4453,43.77351],[-79.44103,43.7741],[-79.41454,43.77998],[-79.41497,43.78062],[-79.41531,43.78173],[-79.41501,43.78167],[-79.41445,43.78035],[-79.41459,43.78016],[-79.41454,43.77998],[-79.36951,43.78998],[-79.36625,43.79013],[-79.35283,43.79302],[-79.34365,43.79514],[-79.34153,43.79517],[-79.33968,43.79478],[-79.33802,43.79409],[-79.33596,43.79303],[-79.335,43.79275],[-79.33359,43.79271],[-79.33196,43.79295],[-79.30803,43.79848],[-79.28628,43.80374],[-79.26649,43.80802],[-79.25883,43.78961],[-79.25839,43.78877],[-79.25727,43.78738],[-79.25562,43.78321],[-79.25487,43.78097],[-79.25421,43.7796],[-79.25257,43.77543],[-79.25519,43.77495],[-79.25613,43.77492],[-79.25625,43.77467],[-79.2587,43.7741],[-79.25896,43.77431],[-79.26113,43.77361],[-79.26243,43.77334],[-79.26156,43.77111],[-79.26133,43.77007],[-79.27901,43.76624],[-79.27908,43.76646],[-79.27882,43.76675],[-79.27809,43.76675],[-79.2773,43.76696],[-79.27703,43.76684],[-79.27694,43.76651],[-79.27616,43.76645],[-79.27045,43.75164],[-79.27001,43.74958],[-79.26326,43.73368],[-79.26329,43.73333],[-79.26295,43.73239],[-79.26419,43.73199],[-79.26413,43.73181],[-79.2643,43.73148],[-79.26277,43.7313],[-79.26261,43.73139],[-79.26298,43.73208],[-79.26373,43.73188],[-79.26379,43.7315]],[[-79.46702,43.76924],[-79.46768,43.77191],[-79.47176,43.77128]],[[-79.26609,43.8081],[-79.22759,43.81626],[-79.22128,43.81765],[-79.22118,43.81779],[-79.22088,43.81873],[-79.22118,43.82031],[-79.22036,43.82136],[-79.22219,43.82291],[-79.22266,43.82354],[-79.22312,43.82465],[-79.22381,43.82572],[-79.22569,43.82497],[-79.22855,43.82431],[-79.23013,43.82303],[-79.2308,43.82346]],[[-79.26436,43.73235],[-79.26455,43.73277],[-79.26358,43.73299]],[[-79.23111,43.82371],[-79.23183,43.82468],[-79.23233,43.82581],[-79.23263,43.82616],[-79.23329,43.82664],[-79.23469,43.82724],[-79.23354,43.82858],[-79.23382,43.82921],[-79.23052,43.82994],[-79.23012,43.82984],[-79.22925,43.82934],[-79.22855,43.82926],[-79.22774,43.82938],[-79.22367,43.83049],[-79.22214,43.82705],[-79.22077,43.82624],[-79.21978,43.82423],[-79.21864,43.82326],[-79.22009,43.82165]]]}},{"type":"Feature","properties":{"r":"941","n":"Keele Express","m":"bus","f":["exp"],"day":true,"h":null},"geometry":{"type":"MultiLineString","coordinates":[[[-79.49072,43.76476],[-79.49092,43.76458],[-79.49083,43.76442],[-79.49057,43.76456],[-79.49072,43.76476],[-79.49098,43.7659],[-79.49166,43.76572],[-79.48876,43.75451],[-79.48217,43.72727],[-79.48171,43.72521],[-79.48143,43.72324],[-79.48072,43.72051],[-79.47444,43.69275],[-79.47425,43.69179],[-79.47541,43.69086],[-79.4716,43.68214],[-79.47675,43.68161],[-79.47407,43.6789],[-79.47071,43.67627],[-79.47016,43.67564],[-79.46928,43.67404],[-79.46788,43.67307],[-79.46149,43.65831],[-79.4604,43.65555],[-79.45939,43.65576],[-79.45932,43.65543]],[[-79.46724,43.67261],[-79.46305,43.67354],[-79.46406,43.67708],[-79.46546,43.67958],[-79.46767,43.68189],[-79.46915,43.68232],[-79.4712,43.68217]]]}},{"type":"Feature","properties":{"r":"944","n":"Kipling South Express","m":"bus","f":["freq","exp"],"day":true,"h":8},"geometry":{"type":"MultiLineString","coordinates":[[[-79.53632,43.63712],[-79.53446,43.63868],[-79.5349,43.63944],[-79.5352,43.63969],[-79.53499,43.63988],[-79.5347,43.63976],[-79.53426,43.63908],[-79.5334,43.63678],[-79.53273,43.63552],[-79.52884,43.6263],[-79.52827,43.62445],[-79.52611,43.61955],[-79.52555,43.61727],[-79.52395,43.61489],[-79.51552,43.59488],[-79.51556,43.59451],[-79.5169,43.5942],[-79.51692,43.59398]]]}},{"type":"Feature","properties":{"r":"945","n":"Kipling Express","m":"bus","f":["exp"],"day":true,"h":null},"geometry":{"type":"MultiLineString","coordinates":[[[-79.58995,43.76075],[-79.59009,43.76083],[-79.59041,43.76074],[-79.58834,43.75623],[-79.58039,43.73972],[-79.56852,43.71556],[-79.56143,43.70063],[-79.5606,43.69851],[-79.5567,43.69011],[-79.54665,43.66765],[-79.53535,43.64179],[-79.53461,43.63997],[-79.5352,43.63969],[-79.53454,43.63891],[-79.53637,43.63735],[-79.53661,43.6373],[-79.53663,43.63713],[-79.53626,43.63716],[-79.53464,43.63851]]]}},{"type":"Feature","properties":{"r":"952","n":"Lawrence West Express","m":"bus","f":["exp"],"day":true,"h":null},"geometry":{"type":"MultiLineString","coordinates":[[[-79.61,43.68544],[-79.6103,43.68554],[-79.61159,43.6854],[-79.61317,43.68565],[-79.61901,43.68751],[-79.62068,43.68785],[-79.62099,43.68775],[-79.6211,43.68739]],[[-79.62095,43.68702],[-79.62056,43.68652],[-79.61941,43.68593],[-79.61852,43.6857],[-79.61659,43.68578],[-79.61396,43.6849],[-79.60912,43.6851],[-79.60592,43.68479],[-79.60558,43.68455],[-79.60529,43.6839],[-79.60527,43.68376],[-79.60574,43.6837],[-79.60777,43.68373],[-79.60761,43.68439],[-79.60698,43.68552],[-79.60689,43.68591],[-79.59945,43.68656],[-79.59357,43.68679],[-79.59116,43.68702],[-79.58488,43.68838],[-79.57515,43.69071],[-79.564,43.69303],[-79.54516,43.69743],[-79.52766,43.7012],[-79.5271,43.70121],[-79.52649,43.70098],[-79.52329,43.69817],[-79.51989,43.69928],[-79.5162,43.70016],[-79.50499,43.70277],[-79.502,43.70319],[-79.48244,43.70754],[-79.47893,43.70834],[-79.47636,43.70933],[-79.45682,43.71367],[-79.45475,43.71409],[-79.45243,43.71433],[-79.40357,43.72484],[-79.40327,43.7249],[-79.40317,43.72463],[-79.40297,43.72453],[-79.40245,43.72461],[-79.40225,43.7248],[-79.40246,43.72566]],[[-79.61526,43.68491],[-79.61535,43.68464],[-79.61519,43.6841],[-79.61253,43.68207],[-79.61205,43.68191]],[[-79.61131,43.68583],[-79.61362,43.68645],[-79.61412,43.68637]],[[-79.61166,43.68184],[-79.61064,43.68203],[-79.61025,43.68227],[-79.6098,43.68279],[-79.60954,43.68405],[-79.60957,43.68467]],[[-79.60511,43.68566],[-79.60659,43.68545]],[[-79.60497,43.6835],[-79.60239,43.68476],[-79.60202,43.68513],[-79.60214,43.68553],[-79.60278,43.68587]],[[-79.44337,43.71586],[-79.44344,43.71566],[-79.44468,43.71545],[-79.44475,43.71556]],[[-79.40258,43.72604],[-79.40338,43.72595],[-79.40348,43.7258],[-79.40329,43.7253]]]}},{"type":"Feature","properties":{"r":"953","n":"Steeles East Express","m":"bus","f":["exp"],"day":true,"h":50},"geometry":{"type":"MultiLineString","coordinates":[[[-79.41501,43.78167],[-79.41445,43.78035],[-79.41459,43.78016],[-79.41475,43.78018],[-79.41509,43.78091],[-79.41564,43.78082],[-79.41604,43.78251],[-79.41624,43.78261],[-79.41724,43.78664],[-79.41714,43.78677],[-79.41725,43.78743],[-79.41744,43.78748],[-79.4188,43.79296],[-79.41889,43.79416],[-79.41912,43.79429],[-79.42007,43.79799],[-79.35755,43.81188],[-79.24848,43.83723],[-79.24573,43.83163],[-79.24102,43.83266],[-79.24197,43.83505],[-79.24356,43.83839],[-79.23193,43.84114],[-79.23229,43.83892],[-79.23145,43.83639],[-79.23094,43.83537],[-79.2305,43.835],[-79.22801,43.83454],[-79.22704,43.83402],[-79.22563,43.83412],[-79.22479,43.83299],[-79.22211,43.82704],[-79.22078,43.82625],[-79.21979,43.82424],[-79.21864,43.82326],[-79.22102,43.8206],[-79.22107,43.8197],[-79.22168,43.81964]],[[-79.39606,43.80288],[-79.39399,43.79414],[-79.39238,43.78623],[-79.39214,43.78558],[-79.39212,43.78501],[-79.39338,43.78463],[-79.41408,43.7801]],[[-79.3974,43.80341],[-79.39759,43.80404],[-79.39751,43.80419],[-79.3972,43.80425],[-79.39662,43.80358]],[[-79.24395,43.8383],[-79.24808,43.83732]],[[-79.24395,43.8383],[-79.24808,43.83732]],[[-79.22208,43.81965],[-79.22277,43.81961],[-79.22379,43.81983],[-79.22679,43.82108],[-79.23007,43.82299],[-79.2309,43.82359],[-79.23154,43.82427],[-79.2325,43.82618],[-79.23326,43.82669],[-79.23465,43.82731],[-79.23356,43.8286],[-79.23383,43.82923],[-79.23053,43.82996],[-79.22994,43.82983],[-79.22927,43.82935],[-79.22857,43.82928],[-79.22776,43.82939],[-79.22405,43.83038]]]}},{"type":"Feature","properties":{"r":"954","n":"Lawrence East Express","m":"bus","f":["exp"],"day":true,"h":null},"geometry":{"type":"MultiLineString","coordinates":[[[-79.33697,43.72167],[-79.3378,43.72151],[-79.33786,43.7214],[-79.33765,43.72124],[-79.33649,43.72168],[-79.3366,43.72203],[-79.33636,43.72266],[-79.33649,43.72348],[-79.33961,43.72302],[-79.34345,43.73717],[-79.33228,43.73946],[-79.32567,43.74066],[-79.31144,43.7418],[-79.28484,43.74752],[-79.27252,43.75],[-79.27233,43.74968],[-79.27093,43.75004],[-79.2705,43.74986],[-79.27039,43.74996],[-79.27045,43.75042],[-79.27051,43.7506],[-79.2707,43.75068],[-79.27112,43.75057],[-79.2709,43.75016],[-79.27104,43.74997],[-79.27233,43.74968],[-79.27252,43.75],[-79.24676,43.75526],[-79.21105,43.76287],[-79.13667,43.7796],[-79.13086,43.78085],[-79.13005,43.78074],[-79.12993,43.7809],[-79.13012,43.78104],[-79.12972,43.78125],[-79.12272,43.78887],[-79.12304,43.78892],[-79.12307,43.78863]]]}},{"type":"Feature","properties":{"r":"960","n":"Steeles West Express","m":"bus","f":["freq","exp"],"day":true,"h":8},"geometry":{"type":"MultiLineString","coordinates":[[[-79.62513,43.753],[-79.59607,43.7595],[-79.59495,43.75959],[-79.59147,43.75933],[-79.58819,43.75995],[-79.58486,43.76013],[-79.58335,43.76041],[-79.5814,43.76127],[-79.57857,43.76328],[-79.577,43.76386],[-79.56478,43.76655],[-79.52345,43.77499],[-79.52057,43.77575],[-79.51701,43.77636],[-79.50896,43.7782],[-79.50823,43.77653],[-79.50826,43.77639],[-79.50853,43.77633],[-79.5087,43.77653],[-79.51001,43.77698],[-79.50996,43.77714],[-79.50979,43.77717],[-79.50836,43.77683],[-79.50896,43.7782],[-79.47009,43.78728],[-79.45303,43.79081],[-79.42008,43.798],[-79.416,43.78164],[-79.41525,43.78184],[-79.41501,43.78167],[-79.41446,43.78021],[-79.41475,43.78018],[-79.41508,43.78087]],[[-79.6197,43.7538],[-79.61953,43.75304],[-79.61965,43.7526],[-79.61997,43.7522],[-79.62262,43.75081],[-79.62391,43.75044],[-79.62495,43.75263]]]}},{"type":"Feature","properties":{"r":"968","n":"Warden Express","m":"bus","f":["exp"],"day":true,"h":null},"geometry":{"type":"MultiLineString","coordinates":[[[-79.32508,43.82129],[-79.32516,43.82109],[-79.32476,43.82082],[-79.32429,43.81861],[-79.3243,43.81779],[-79.32471,43.81512],[-79.32437,43.81372],[-79.3184,43.80078],[-79.31791,43.80009],[-79.31686,43.79901],[-79.31618,43.7977],[-79.3091,43.78115],[-79.30726,43.7775],[-79.30501,43.77226],[-79.30404,43.77031],[-79.30342,43.76848],[-79.30105,43.76293],[-79.30044,43.75957],[-79.29919,43.75632],[-79.28728,43.72694],[-79.28036,43.71045],[-79.28016,43.7105],[-79.28009,43.7107],[-79.28048,43.71077],[-79.28073,43.7114]]]}},{"type":"Feature","properties":{"r":"984","n":"Sheppard West Express","m":"bus","f":["exp"],"day":true,"h":30},"geometry":{"type":"MultiLineString","coordinates":[[[-79.53945,43.73899],[-79.53533,43.73994],[-79.53494,43.7373],[-79.53396,43.73467],[-79.51297,43.73945],[-79.51038,43.73953],[-79.4846,43.74516],[-79.48391,43.74549],[-79.48329,43.74598],[-79.48281,43.74682],[-79.48272,43.74771],[-79.48292,43.75221],[-79.4828,43.75272],[-79.48246,43.75323],[-79.48193,43.75369],[-79.4811,43.75412],[-79.47518,43.75547],[-79.4743,43.75553],[-79.47309,43.75541],[-79.4699,43.75418],[-79.46854,43.7532],[-79.46572,43.75051],[-79.46525,43.75029],[-79.4643,43.75011],[-79.46235,43.75047],[-79.4618,43.74865],[-79.46119,43.74838],[-79.46081,43.74841],[-79.46024,43.74853],[-79.45992,43.74876],[-79.46076,43.75081],[-79.44053,43.75512],[-79.43699,43.75569],[-79.41177,43.76133],[-79.41185,43.76152],[-79.41239,43.76145]],[[-79.53436,43.7346],[-79.53823,43.73375],[-79.53936,43.7386]],[[-79.46219,43.74855],[-79.46268,43.74971],[-79.46257,43.74982]]]}},{"type":"Feature","properties":{"r":"985","n":"Sheppard East Express","m":"bus","f":["exp"],"day":true,"h":60},"geometry":{"type":"MultiLineString","coordinates":[[[-79.34527,43.77579],[-79.34658,43.77552],[-79.34684,43.77563],[-79.34699,43.77603],[-79.34673,43.77623],[-79.34591,43.77605],[-79.34407,43.77637],[-79.34389,43.77631],[-79.34372,43.77583],[-79.34189,43.77619],[-79.34103,43.77621],[-79.32772,43.7747],[-79.32606,43.77469],[-79.32443,43.77493],[-79.28536,43.78393],[-79.24849,43.79185],[-79.21823,43.798],[-79.17081,43.80838],[-79.17108,43.80895],[-79.17081,43.80927],[-79.17108,43.8094]]]}},{"type":"Feature","properties":{"r":"986","n":"Scarborough Express","m":"bus","f":["exp"],"day":true,"h":null},"geometry":{"type":"MultiLineString","coordinates":[[[-79.26314,43.73247],[-79.26428,43.73219],[-79.26454,43.73276],[-79.26571,43.73238],[-79.26605,43.73267],[-79.25916,43.7343],[-79.21376,43.74433],[-79.21165,43.74371],[-79.21028,43.74501],[-79.20594,43.74965],[-79.20198,43.75417],[-79.18437,43.77329],[-79.1831,43.77404],[-79.1821,43.77428],[-79.17652,43.77507],[-79.17521,43.77549],[-79.17418,43.77601],[-79.17275,43.77729],[-79.17064,43.78005],[-79.16902,43.78183],[-79.16848,43.78206],[-79.16737,43.78213],[-79.16636,43.78269],[-79.16873,43.78453],[-79.16213,43.78875],[-79.16348,43.79199],[-79.16363,43.7929],[-79.16514,43.79624],[-79.16595,43.79888],[-79.16726,43.80158],[-79.16835,43.80328],[-79.1708,43.80837],[-79.17107,43.80896],[-79.17084,43.80916],[-79.17087,43.80937]],[[-79.16903,43.78426],[-79.16925,43.78387],[-79.16942,43.78236],[-79.16932,43.7821]]]}},{"type":"Feature","properties":{"r":"989","n":"Weston Express","m":"bus","f":["exp"],"day":true,"h":60},"geometry":{"type":"MultiLineString","coordinates":[[[-79.54649,43.7707],[-79.54645,43.77109],[-79.54621,43.77159],[-79.54446,43.77319],[-79.54382,43.77293],[-79.54368,43.77238]],[[-79.54358,43.77199],[-79.54345,43.77092],[-79.54653,43.77028],[-79.54376,43.75747],[-79.54238,43.75209],[-79.54157,43.74804],[-79.53801,43.73267],[-79.53777,43.73197],[-79.53614,43.7294],[-79.53558,43.72678],[-79.53567,43.72597],[-79.53671,43.72425],[-79.53693,43.72362],[-79.53785,43.718],[-79.53778,43.71719],[-79.53667,43.7148],[-79.53602,43.71296],[-79.53545,43.71186],[-79.53459,43.70968],[-79.53304,43.7067],[-79.53238,43.70628],[-79.53122,43.70602],[-79.52995,43.70543],[-79.52544,43.703],[-79.52182,43.70166],[-79.51619,43.70015],[-79.51053,43.69805],[-79.50983,43.69763],[-79.50376,43.69255],[-79.50251,43.69193],[-79.49601,43.68928],[-79.48952,43.68699],[-79.48459,43.68798],[-79.48439,43.68753],[-79.48454,43.68726],[-79.48498,43.68706],[-79.48558,43.6871],[-79.48614,43.68749],[-79.48644,43.68807],[-79.48643,43.6886],[-79.48807,43.68834],[-79.48907,43.68891],[-79.48885,43.689],[-79.48794,43.68863],[-79.48645,43.68886],[-79.48626,43.68872],[-79.48644,43.68807],[-79.48614,43.68749],[-79.48582,43.68721],[-79.48282,43.68577],[-79.48229,43.68572],[-79.48168,43.68586],[-79.48073,43.68431],[-79.4803,43.68335],[-79.47866,43.68288],[-79.4771,43.68191],[-79.47406,43.67889],[-79.4707,43.67626],[-79.47016,43.67564],[-79.46935,43.67412],[-79.46787,43.67307],[-79.46042,43.65563],[-79.45945,43.65576],[-79.45929,43.65563],[-79.45932,43.65543],[-79.45993,43.6553]]]}},{"type":"Feature","properties":{"r":"995","n":"York Mills Express","m":"bus","f":["exp"],"day":true,"h":10},"geometry":{"type":"MultiLineString","coordinates":[[[-79.40593,43.74553],[-79.4053,43.74518],[-79.40522,43.74432],[-79.40322,43.74412],[-79.40191,43.74424],[-79.38414,43.74805],[-79.38348,43.74829],[-79.38235,43.74895],[-79.38065,43.74934],[-79.36414,43.75278],[-79.36303,43.75295],[-79.35996,43.75295],[-79.33943,43.75744],[-79.33517,43.75842],[-79.33269,43.75951],[-79.32498,43.76129],[-79.32422,43.76125],[-79.32198,43.76011],[-79.31941,43.75818],[-79.31854,43.75776],[-79.31737,43.75759],[-79.31551,43.75781],[-79.30004,43.76132],[-79.28175,43.76567],[-79.22334,43.77828],[-79.1883,43.78657],[-79.1849,43.78495],[-79.18557,43.78435]]]}},{"type":"Feature","properties":{"r":"996","n":"Wilson Express","m":"bus","f":["freq","exp"],"day":true,"h":8},"geometry":{"type":"MultiLineString","coordinates":[[[-79.62153,43.72472],[-79.62136,43.72456],[-79.62109,43.72461],[-79.62213,43.7259],[-79.62223,43.72637],[-79.62216,43.7268],[-79.62181,43.72745],[-79.62061,43.72837],[-79.61986,43.7292],[-79.61964,43.73017],[-79.61999,43.73248],[-79.61987,43.7328],[-79.6195,43.73319],[-79.61896,43.73344],[-79.61822,43.73355],[-79.61808,43.733],[-79.61763,43.73253],[-79.617,43.73206],[-79.61621,43.73185],[-79.61354,43.73221],[-79.611,43.73153],[-79.6102,43.73168],[-79.60915,43.73219],[-79.60794,43.73121],[-79.6049,43.7301],[-79.60573,43.72893],[-79.60435,43.72842],[-79.60413,43.72873],[-79.6055,43.72926],[-79.6049,43.7301],[-79.60361,43.72997],[-79.59676,43.7315],[-79.59618,43.73179],[-79.59431,43.7333],[-79.59353,43.73376],[-79.59208,43.73217],[-79.59169,43.73192],[-79.59059,43.73175],[-79.58941,43.73201],[-79.58671,43.72602],[-79.5823,43.72703],[-79.5795,43.727],[-79.57638,43.72741],[-79.57535,43.72792],[-79.57285,43.72858],[-79.57246,43.72889],[-79.56913,43.72778],[-79.56837,43.72772],[-79.56734,43.72792],[-79.5667,43.72781],[-79.56571,43.72695],[-79.56444,43.72435],[-79.56303,43.72349],[-79.561,43.72287],[-79.55993,43.72284],[-79.55056,43.72509],[-79.54688,43.72203],[-79.54512,43.72079],[-79.54445,43.71977],[-79.54405,43.71942],[-79.53401,43.71591],[-79.53266,43.71572],[-79.53157,43.71578],[-79.50954,43.72077],[-79.50626,43.72124],[-79.48206,43.72664],[-79.47933,43.72778],[-79.46128,43.73189],[-79.45928,43.732],[-79.45285,43.73338],[-79.45296,43.73384],[-79.45259,43.73426],[-79.45173,43.73397],[-79.45089,43.73415],[-79.45115,43.73501],[-79.45089,43.73503],[-79.45064,43.7342],[-79.4515,43.73403],[-79.45118,43.7343],[-79.45142,43.73492],[-79.44972,43.73536],[-79.4497,43.73558],[-79.45021,43.73662],[-79.44995,43.73684],[-79.4479,43.73568],[-79.44727,43.73458],[-79.43399,43.73735],[-79.42965,43.73779],[-79.42782,43.73849],[-79.41443,43.74147],[-79.4124,43.74205],[-79.40672,43.74415],[-79.40522,43.74432],[-79.40526,43.74522],[-79.40594,43.74531],[-79.40607,43.74512],[-79.40645,43.74505],[-79.40663,43.74509],[-79.4067,43.74538],[-79.40659,43.74547],[-79.40617,43.74551],[-79.40594,43.74531],[-79.40526,43.74522],[-79.40522,43.74432],[-79.40323,43.74413],[-79.40192,43.74425],[-79.38416,43.74806],[-79.38349,43.74829],[-79.38236,43.74896],[-79.38066,43.74935],[-79.36415,43.75279],[-79.36304,43.75295],[-79.35997,43.75295],[-79.33944,43.75745],[-79.33518,43.75843],[-79.3327,43.75952],[-79.32499,43.7613],[-79.32423,43.76126],[-79.322,43.76011],[-79.31942,43.75819],[-79.31856,43.75776],[-79.31738,43.7576],[-79.31525,43.75787],[-79.30005,43.76133],[-79.28176,43.76568],[-79.26133,43.77007],[-79.26156,43.77111],[-79.26243,43.77334],[-79.26113,43.77361],[-79.25834,43.77451],[-79.25613,43.77492],[-79.25625,43.77467],[-79.2587,43.7741]],[[-79.44766,43.73447],[-79.45037,43.7339]]]}},{"type":"Feature","properties":{"r":"GO 11","n":"Brock University","m":"go","f":[],"day":true,"h":null},"geometry":{"type":"MultiLineString","coordinates":[[[-79.89013,43.2948],[-79.89181,43.29421],[-79.89296,43.29337],[-79.89483,43.29157]],[[-79.89427,43.26051],[-79.89246,43.26061],[-79.87005,43.25545]],[[-79.89289,43.2679],[-79.89344,43.26188],[-79.89376,43.26117],[-79.89427,43.26051]],[[-79.89427,43.26051],[-79.89576,43.25947],[-79.90168,43.258],[-79.90587,43.25639],[-79.90657,43.25638],[-79.90709,43.25664],[-79.90728,43.25705],[-79.90703,43.25843],[-79.90023,43.25939],[-79.89667,43.26025],[-79.89427,43.26051]],[[-79.86822,43.26718],[-79.86755,43.2679],[-79.86696,43.26752],[-79.86496,43.26705]],[[-79.86635,43.2562],[-79.86321,43.26342],[-79.86543,43.26399]],[[-79.85925,43.31165],[-79.86205,43.31361],[-79.86259,43.31318],[-79.86275,43.31279],[-79.86214,43.31148],[-79.86241,43.31071],[-79.86525,43.3082]],[[-79.24932,43.11814],[-79.24924,43.11755],[-79.24987,43.11675],[-79.24975,43.11623],[-79.24937,43.11597],[-79.24872,43.11594],[-79.24736,43.11641],[-79.24526,43.11641],[-79.23935,43.11836],[-79.22822,43.12231],[-79.22738,43.12242],[-79.22678,43.12223],[-79.22642,43.12179],[-79.22651,43.1213],[-79.22694,43.12099],[-79.2275,43.12093],[-79.22836,43.1214],[-79.22883,43.12209],[-79.22891,43.12241],[-79.22876,43.12376],[-79.22797,43.12481],[-79.22365,43.12847],[-79.22223,43.13024],[-79.22159,43.13144],[-79.221,43.13312],[-79.22078,43.1345],[-79.22077,43.13655],[-79.22089,43.13956],[-79.22141,43.14147],[-79.2242,43.14606],[-79.22697,43.15267],[-79.22757,43.15342],[-79.2285,43.15414],[-79.23326,43.15623],[-79.23569,43.15786],[-79.23809,43.15851],[-79.23944,43.1592],[-79.24024,43.15904],[-79.24127,43.15801],[-79.24431,43.15985],[-79.24322,43.16096],[-79.24287,43.16078],[-79.24394,43.15962],[-79.24127,43.15801],[-79.24343,43.15604],[-79.24317,43.15573],[-79.24418,43.15384],[-79.2452,43.15317],[-79.24624,43.15293],[-79.24763,43.15304],[-79.25152,43.15401],[-79.25249,43.15453],[-79.25489,43.15649],[-79.25745,43.15736],[-79.25921,43.15745],[-79.27472,43.15698],[-79.27653,43.15718],[-79.27819,43.15771],[-79.28007,43.15892],[-79.28127,43.16056],[-79.28158,43.16194],[-79.28133,43.16549],[-79.28148,43.16681],[-79.28202,43.16799],[-79.28391,43.17037],[-79.2845,43.17156],[-79.28505,43.17776],[-79.2858,43.17867],[-79.28699,43.17923],[-79.28849,43.17931],[-79.29238,43.17849],[-79.2952,43.17849],[-79.31475,43.18013],[-79.31818,43.18026],[-79.35357,43.17935],[-79.35654,43.17945],[-79.3591,43.17977],[-79.363,43.18075],[-79.37252,43.18462],[-79.37558,43.18559],[-79.37877,43.18628],[-79.38333,43.18675],[-79.39552,43.18658],[-79.47046,43.18896],[-79.47375,43.1893],[-79.4764,43.1903],[-79.47708,43.19011],[-79.47696,43.18644],[-79.47614,43.18648],[-79.4757,43.18664],[-79.47482,43.18766],[-79.47596,43.18818],[-79.47611,43.18812],[-79.4762,43.18798],[-79.47605,43.1879],[-79.47571,43.18803],[-79.47482,43.18766],[-79.4757,43.18664],[-79.47683,43.18644],[-79.47692,43.18946],[-79.4767,43.18999],[-79.4761,43.19014],[-79.47569,43.18977],[-79.47601,43.18937],[-79.47841,43.18921],[-79.48732,43.18947],[-79.51741,43.18933],[-79.52064,43.18959],[-79.53096,43.19145],[-79.58831,43.2054],[-79.59233,43.20664],[-79.59453,43.20828],[-79.59512,43.20826],[-79.59551,43.20801],[-79.59513,43.20454],[-79.59587,43.20452],[-79.59635,43.20481],[-79.59674,43.20476],[-79.59685,43.20455],[-79.59513,43.20454],[-79.59525,43.20777],[-79.59478,43.20814],[-79.59421,43.208],[-79.59414,43.20748],[-79.59485,43.20728],[-79.59878,43.20822],[-79.60586,43.20965],[-79.74275,43.24278],[-79.74663,43.24394],[-79.75434,43.24585],[-79.75464,43.24633],[-79.75416,43.24703],[-79.75515,43.248],[-79.75579,43.24834],[-79.7568,43.24661],[-79.75804,43.24316],[-79.75862,43.24294],[-79.75998,43.24317],[-79.76031,43.24218],[-79.75975,43.24212],[-79.76016,43.24273],[-79.75998,43.24317],[-79.75797,43.24271],[-79.75686,43.24618],[-79.75589,43.24792],[-79.75552,43.24807],[-79.75507,43.24793],[-79.75447,43.24717],[-79.75456,43.24685],[-79.75526,43.24634],[-79.75682,43.24627],[-79.75764,43.24642],[-79.75865,43.24681],[-79.76024,43.24785],[-79.76489,43.25428],[-79.76598,43.25645],[-79.76571,43.25837],[-79.76603,43.25874],[-79.76656,43.25897],[-79.7735,43.25885],[-79.77849,43.25726],[-79.78026,43.25702],[-79.79714,43.25686],[-79.80238,43.25795],[-79.80802,43.25962],[-79.81168,43.26232],[-79.82127,43.2648],[-79.82254,43.26488],[-79.82446,43.26411],[-79.82583,43.26405],[-79.83445,43.26599],[-79.85195,43.27057],[-79.86205,43.27274],[-79.86514,43.26563],[-79.86693,43.26647],[-79.86853,43.26684],[-79.87001,43.26519],[-79.86581,43.26412],[-79.87063,43.25312],[-79.87015,43.25297],[-79.87008,43.2531],[-79.87015,43.25297],[-79.86801,43.25238],[-79.86655,43.25586],[-79.86731,43.25612],[-79.86725,43.25622],[-79.86731,43.25612],[-79.87182,43.25748],[-79.87174,43.25766],[-79.87189,43.2575],[-79.88034,43.25985],[-79.88508,43.26146],[-79.88768,43.26212],[-79.88759,43.26227],[-79.88768,43.26212],[-79.88985,43.26274],[-79.89162,43.26265],[-79.89226,43.26283],[-79.89256,43.2633],[-79.89264,43.26517],[-79.89233,43.27078],[-79.89273,43.27605],[-79.89213,43.27897],[-79.89203,43.2805],[-79.89272,43.28211],[-79.89586,43.28508],[-79.89671,43.2862],[-79.89702,43.28728],[-79.89702,43.28805],[-79.89681,43.28888],[-79.89628,43.2898],[-79.895,43.29096],[-79.88954,43.29472],[-79.88242,43.29713],[-79.88041,43.29809],[-79.86871,43.30531],[-79.86289,43.30936],[-79.85929,43.31109],[-79.85824,43.31198],[-79.85746,43.31326],[-79.85674,43.31269],[-79.85595,43.31301]],[[-79.82514,43.26368],[-79.80826,43.2593]],[[-79.769,43.25853],[-79.76807,43.25796],[-79.76555,43.25471]],[[-79.7639,43.25223],[-79.76119,43.24816],[-79.75875,43.24503],[-79.75797,43.24449]],[[-79.75677,43.24514],[-79.75643,43.24522],[-79.75184,43.24458],[-79.74472,43.24295]],[[-79.60151,43.20836],[-79.59854,43.20745],[-79.59767,43.20692],[-79.59664,43.20581],[-79.59566,43.20552]],[[-79.59481,43.20587],[-79.59407,43.2062],[-79.58959,43.20538]],[[-79.48035,43.18887],[-79.47808,43.1879],[-79.4774,43.18789]],[[-79.47574,43.18852],[-79.47167,43.18868]],[[-79.29237,43.17809],[-79.29023,43.17792],[-79.28798,43.17752],[-79.28637,43.1769],[-79.28542,43.17583],[-79.28511,43.17389]],[[-79.24532,43.11681],[-79.24781,43.11685],[-79.24847,43.11719],[-79.24868,43.11824],[-79.24893,43.1182]],[[-79.24282,43.15553],[-79.24253,43.15597],[-79.24115,43.15703],[-79.24017,43.15745],[-79.23904,43.15771],[-79.2375,43.15772],[-79.23732,43.15745],[-79.23758,43.15721]],[[-79.23758,43.15721],[-79.23661,43.15755],[-79.2341,43.15631]],[[-79.23758,43.15721],[-79.2393,43.15661],[-79.23758,43.15721]],[[-79.22652,43.12656],[-79.22996,43.12409],[-79.2333,43.12098]]]}},{"type":"Feature","properties":{"r":"GO 12","n":"Niagara Falls / Burlington","m":"go","f":[],"day":true,"h":30},"geometry":{"type":"MultiLineString","coordinates":[[[-79.83942,43.3775],[-79.82306,43.36531],[-79.81785,43.3621],[-79.80674,43.35387],[-79.7982,43.3478],[-79.79775,43.34726],[-79.79851,43.34629],[-79.80487,43.34159],[-79.80845,43.33946]],[[-79.82879,43.38845],[-79.82906,43.38817],[-79.83005,43.38871],[-79.82928,43.38944]],[[-79.0637,43.10846],[-79.06395,43.10865],[-79.08596,43.10851],[-79.08531,43.09649],[-79.08548,43.09648],[-79.08531,43.09649],[-79.0853,43.09624],[-79.09382,43.09622],[-79.10955,43.0958],[-79.11233,43.09621],[-79.11496,43.09701],[-79.11767,43.09845],[-79.11847,43.09936],[-79.1189,43.10039],[-79.11961,43.10489],[-79.12046,43.11989],[-79.12111,43.12269],[-79.12218,43.12497],[-79.12358,43.12695],[-79.12681,43.13038],[-79.14365,43.14745],[-79.1452,43.1489],[-79.14749,43.15053],[-79.15096,43.15233],[-79.15991,43.15559],[-79.16179,43.15646],[-79.16247,43.1571],[-79.16257,43.15827],[-79.16346,43.15871],[-79.16637,43.15448],[-79.16785,43.1536],[-79.16767,43.15072],[-79.16662,43.15076],[-79.1656,43.15098],[-79.16654,43.15249],[-79.16692,43.15227],[-79.1669,43.15073],[-79.16767,43.15072],[-79.16784,43.15348],[-79.16674,43.15404],[-79.16612,43.15461],[-79.16346,43.15871],[-79.16432,43.15893],[-79.16562,43.1583],[-79.16636,43.15819],[-79.1685,43.1587],[-79.18951,43.16686],[-79.1925,43.16732],[-79.20453,43.16742],[-79.20841,43.16783],[-79.22993,43.17301],[-79.2481,43.17657],[-79.25152,43.17749],[-79.25219,43.17788],[-79.25262,43.17844],[-79.25249,43.17874],[-79.25177,43.17915],[-79.24965,43.17898],[-79.24927,43.17837],[-79.24919,43.1775],[-79.24898,43.17713],[-79.24856,43.17689],[-79.2467,43.17651],[-79.24609,43.17819],[-79.24526,43.17863],[-79.24516,43.17886],[-79.24563,43.17922],[-79.24827,43.1794],[-79.24996,43.17895],[-79.25177,43.17915],[-79.25281,43.17849],[-79.25274,43.17794],[-79.25351,43.17777],[-79.26459,43.17971],[-79.26706,43.17979],[-79.26999,43.17933],[-79.27717,43.17733],[-79.27892,43.17717],[-79.31709,43.18024],[-79.35478,43.17936],[-79.35834,43.17965],[-79.36148,43.1803],[-79.3639,43.18107],[-79.37187,43.18437],[-79.3746,43.18531],[-79.37877,43.18628],[-79.38243,43.1867],[-79.39552,43.18658],[-79.47046,43.18896],[-79.47375,43.1893],[-79.4764,43.1903],[-79.47708,43.19011],[-79.47696,43.18644],[-79.47614,43.18648],[-79.4757,43.18664],[-79.47482,43.18766],[-79.47596,43.18818],[-79.47611,43.18812],[-79.4762,43.18798],[-79.47605,43.1879],[-79.47571,43.18803],[-79.47482,43.18766],[-79.4757,43.18664],[-79.47683,43.18644],[-79.47692,43.18946],[-79.4767,43.18999],[-79.4761,43.19014],[-79.47569,43.18977],[-79.47601,43.18937],[-79.47841,43.18921],[-79.48732,43.18947],[-79.51741,43.18933],[-79.52064,43.18959],[-79.53096,43.19145],[-79.58831,43.2054],[-79.59233,43.20664],[-79.59453,43.20828],[-79.59512,43.20826],[-79.59551,43.20801],[-79.59513,43.20454],[-79.59587,43.20452],[-79.59635,43.20481],[-79.59674,43.20476],[-79.59685,43.20455],[-79.59513,43.20454],[-79.59525,43.20777],[-79.59478,43.20814],[-79.59421,43.208],[-79.59414,43.20748],[-79.59485,43.20728],[-79.59878,43.20822],[-79.60586,43.20965],[-79.74275,43.24278],[-79.74663,43.24394],[-79.75434,43.24585],[-79.75464,43.24633],[-79.75416,43.24703],[-79.75515,43.248],[-79.75579,43.24834],[-79.7568,43.24661],[-79.75804,43.24316],[-79.75862,43.24294],[-79.75998,43.24317],[-79.76031,43.24218],[-79.75975,43.24212],[-79.76016,43.24273],[-79.75998,43.24317],[-79.75797,43.24271],[-79.75686,43.24618],[-79.75599,43.24783],[-79.75543,43.24806],[-79.75472,43.24762],[-79.75448,43.24703],[-79.7549,43.24655],[-79.75551,43.24625],[-79.75643,43.24623],[-79.75764,43.24642],[-79.75865,43.24681],[-79.76024,43.24785],[-79.77058,43.26207],[-79.78564,43.27784],[-79.78647,43.27917],[-79.78937,43.28513],[-79.80323,43.30913],[-79.80462,43.31223],[-79.8054,43.31341],[-79.80732,43.31513],[-79.8212,43.32392],[-79.82315,43.3259],[-79.82319,43.32742],[-79.82362,43.32821],[-79.81942,43.32951],[-79.81821,43.33028],[-79.81454,43.33423],[-79.8108,43.3377],[-79.80879,43.33926],[-79.80958,43.33991],[-79.80911,43.34027],[-79.80911,43.3407],[-79.80967,43.34069],[-79.80953,43.34058],[-79.80973,43.34022],[-79.80958,43.33991],[-79.80879,43.33926],[-79.81061,43.33787],[-79.81228,43.33628],[-79.8131,43.33617],[-79.81453,43.33709],[-79.81848,43.33901],[-79.82535,43.34411],[-79.83853,43.35327],[-79.85218,43.36307],[-79.85337,43.36351],[-79.85575,43.36376],[-79.83962,43.37785],[-79.82996,43.38681],[-79.82715,43.38916],[-79.82804,43.38975],[-79.82872,43.38976],[-79.82896,43.38967],[-79.82808,43.38916],[-79.82851,43.38874]],[[-79.82402,43.32816],[-79.82571,43.32757]],[[-79.82571,43.32757],[-79.82653,43.32725],[-79.82706,43.32727],[-79.82738,43.32755],[-79.82734,43.3279],[-79.82691,43.32813],[-79.82571,43.32757]],[[-79.82571,43.32757],[-79.8239,43.32561],[-79.82182,43.32398]],[[-79.80582,43.31325],[-79.80513,43.31221],[-79.80398,43.3095],[-79.80353,43.30884]],[[-79.76424,43.25267],[-79.76119,43.24816],[-79.75875,43.24503],[-79.75797,43.24449]],[[-79.75677,43.24514],[-79.75643,43.24522],[-79.75184,43.24458],[-79.74472,43.24295]],[[-79.75613,43.24584],[-79.75365,43.24524]],[[-79.60151,43.20836],[-79.59854,43.20745],[-79.59767,43.20692],[-79.59664,43.20581],[-79.59566,43.20552]],[[-79.59772,43.20742],[-79.59583,43.20696]],[[-79.59481,43.20587],[-79.59407,43.2062],[-79.58959,43.20538]],[[-79.59268,43.20641],[-79.59472,43.2069]],[[-79.48035,43.18887],[-79.47808,43.1879],[-79.4774,43.18789]],[[-79.47574,43.18852],[-79.47167,43.18868]],[[-79.47428,43.18907],[-79.4757,43.18912]],[[-79.25345,43.17737],[-79.25117,43.1768]],[[-79.25117,43.1768],[-79.25126,43.17533],[-79.25117,43.1768]],[[-79.25117,43.1768],[-79.25055,43.17664],[-79.2499,43.17607],[-79.25013,43.17562],[-79.24962,43.17577],[-79.24963,43.17624],[-79.24908,43.17642]],[[-79.16764,43.15808],[-79.16595,43.15729],[-79.16544,43.15643]],[[-79.16482,43.15737],[-79.16607,43.15783]],[[-79.16525,43.15522],[-79.16391,43.15545],[-79.16228,43.15611],[-79.16165,43.15595]],[[-79.16241,43.1565],[-79.16404,43.15709]],[[-79.15212,43.15233],[-79.14947,43.15111]],[[-79.14128,43.14448],[-79.13809,43.14125]],[[-79.06345,43.10815],[-79.06346,43.10765],[-79.06378,43.10764],[-79.06374,43.10806]]]}},{"type":"Feature","properties":{"r":"GO 15","n":"Brantford / Aldershot","m":"go","f":[],"day":true,"h":null},"geometry":{"type":"MultiLineString","coordinates":[[[-80.265,43.14032],[-80.26595,43.14015],[-80.26573,43.13836],[-80.24409,43.13983],[-80.24006,43.14048],[-80.23881,43.14094],[-80.23427,43.142],[-80.23536,43.14489],[-80.23687,43.14805],[-80.23927,43.15439],[-80.23913,43.15442],[-80.23927,43.15439],[-80.24279,43.16337],[-80.24281,43.1643],[-80.24242,43.16494],[-80.24178,43.16535],[-80.24003,43.1659],[-80.23413,43.16671],[-80.18561,43.16808],[-80.18044,43.16864],[-80.11167,43.18636],[-80.10952,43.18718],[-80.09904,43.1924],[-80.09648,43.19327],[-80.09425,43.19372],[-80.09145,43.19389],[-80.08018,43.19312],[-80.07662,43.19304],[-80.07314,43.19325],[-80.06901,43.19389],[-80.06438,43.19512],[-80.02509,43.20701],[-80.0212,43.20795],[-80.01719,43.20822],[-80.01314,43.20777],[-80.01053,43.20709],[-80.00605,43.2053],[-80.00359,43.20474],[-79.99157,43.20442],[-79.9877,43.20463],[-79.9806,43.20573],[-79.97755,43.20641],[-79.97458,43.20748],[-79.97123,43.20924],[-79.9679,43.21193],[-79.95619,43.22617],[-79.94957,43.23329],[-79.94888,43.23448],[-79.94853,43.23559],[-79.94848,43.23907],[-79.9483,43.24002],[-79.94757,43.24123],[-79.94643,43.24221],[-79.94475,43.24298],[-79.93631,43.24569],[-79.92176,43.24771],[-79.91969,43.24814],[-79.91765,43.24919],[-79.91479,43.25246],[-79.91311,43.25354],[-79.91016,43.25436],[-79.90668,43.25485],[-79.90552,43.2546],[-79.90273,43.2535],[-79.90131,43.25644],[-79.90153,43.25738],[-79.90243,43.25913],[-79.91139,43.25802],[-79.92094,43.25779],[-79.92161,43.25791],[-79.92276,43.25874],[-79.92311,43.25935],[-79.92336,43.26232],[-79.92306,43.26242],[-79.92315,43.2614],[-79.92274,43.26143],[-79.92266,43.2618],[-79.92276,43.26205],[-79.92306,43.2621],[-79.92331,43.26336],[-79.92559,43.26321],[-79.92528,43.26267],[-79.92432,43.26271],[-79.92395,43.26256],[-79.92322,43.25923],[-79.92224,43.25763],[-79.9117,43.25792],[-79.90769,43.25843],[-79.90709,43.25814],[-79.90758,43.25657],[-79.90754,43.25613],[-79.9071,43.25565],[-79.90629,43.2554],[-79.90525,43.25563],[-79.90377,43.25687],[-79.90228,43.25765],[-79.89617,43.2591],[-79.89428,43.26017],[-79.89345,43.26119],[-79.89307,43.26244],[-79.89233,43.27078],[-79.89273,43.27631],[-79.89201,43.2803],[-79.89223,43.28125],[-79.89272,43.28211],[-79.89586,43.28508],[-79.89671,43.2862],[-79.89702,43.28728],[-79.89702,43.28805],[-79.89681,43.28888],[-79.89628,43.2898],[-79.895,43.29096],[-79.88954,43.29472],[-79.88242,43.29713],[-79.88041,43.29809],[-79.86871,43.30531],[-79.86289,43.30936],[-79.85929,43.31109],[-79.85824,43.31198],[-79.85746,43.31326],[-79.85674,43.31269],[-79.85595,43.31301]],[[-80.25883,43.13923],[-80.25903,43.14062],[-80.26461,43.14024]],[[-80.0374,42.97671],[-80.03754,42.97675],[-80.03732,42.97715],[-80.03628,42.97676],[-80.032,42.98394],[-79.99611,43.02395],[-80.0,43.0254],[-79.9992,43.02649],[-79.99863,43.02669],[-79.99813,43.02731],[-79.99817,43.0279],[-79.99878,43.02823],[-80.00107,43.02839],[-80.00203,43.02944],[-80.00317,43.0296],[-80.0071,43.02854],[-80.00747,43.02812],[-80.05494,43.04537],[-80.11803,43.06875],[-80.12717,43.05468],[-80.12859,43.05142],[-80.13047,43.04951],[-80.13954,43.03559],[-80.16399,43.04467],[-80.26036,43.07967],[-80.25404,43.08916],[-80.25177,43.0931],[-80.24382,43.10432],[-80.2433,43.1053],[-80.24317,43.10628],[-80.24369,43.10768],[-80.24853,43.1147],[-80.25217,43.12158],[-80.26051,43.13345],[-80.25986,43.13451],[-80.25969,43.13517],[-80.26016,43.13665],[-80.26013,43.13714],[-80.25902,43.13841]],[[-80.24376,43.14029],[-80.24498,43.14064],[-80.2585,43.13975]],[[-80.24075,43.16609],[-80.24305,43.167],[-80.24427,43.16703],[-80.24321,43.16423]],[[-80.00707,43.02797],[-80.00038,43.02552]],[[-80.00707,43.02797],[-80.00038,43.02554]],[[-79.9077,43.25571],[-79.90822,43.25593],[-79.90901,43.25594],[-79.91067,43.25463]],[[-79.90415,43.25707],[-79.90567,43.25646],[-79.90638,43.25635],[-79.90689,43.2565],[-79.90711,43.25673]],[[-79.88984,43.295],[-79.89199,43.29411],[-79.89296,43.29337],[-79.89469,43.29166]],[[-79.85925,43.31165],[-79.86205,43.31361],[-79.86259,43.31318],[-79.86275,43.31279],[-79.86214,43.31148],[-79.86241,43.31071],[-79.86525,43.3082]]]}},{"type":"Feature","properties":{"r":"GO 16","n":"Hamilton / Toronto Express","m":"go","f":[],"day":true,"h":null,"in":true},"geometry":{"type":"MultiLineString","coordinates":[[[-79.88975,43.29503],[-79.89199,43.29411],[-79.89449,43.29181]],[[-79.89427,43.26051],[-79.89246,43.26061],[-79.86965,43.25536],[-79.87063,43.25312],[-79.87053,43.25309]],[[-79.89304,43.26628],[-79.89344,43.26188],[-79.89376,43.26117],[-79.89427,43.26051]],[[-79.89427,43.26051],[-79.89576,43.25947],[-79.90168,43.258],[-79.90599,43.25636],[-79.90663,43.25639],[-79.90716,43.25672],[-79.90728,43.25716],[-79.90703,43.25843],[-79.90023,43.25939],[-79.89667,43.26025],[-79.89427,43.26051]],[[-79.87008,43.2531],[-79.87015,43.25297],[-79.86801,43.25238],[-79.86655,43.25586],[-79.86731,43.25612],[-79.86725,43.25622],[-79.87182,43.25748],[-79.87174,43.25766],[-79.87182,43.25748],[-79.87896,43.25944],[-79.88508,43.26146],[-79.88768,43.26212],[-79.88759,43.26227],[-79.88768,43.26212],[-79.88985,43.26274],[-79.8918,43.26266],[-79.89241,43.26296],[-79.89257,43.26336],[-79.89265,43.26679],[-79.89233,43.27078],[-79.89273,43.27631],[-79.89213,43.27897],[-79.89203,43.2805],[-79.89272,43.28211],[-79.89604,43.28527],[-79.89678,43.28636],[-79.89704,43.28743],[-79.89699,43.28829],[-79.89619,43.28991],[-79.89454,43.29129],[-79.88936,43.29481],[-79.88242,43.29713],[-79.88041,43.29809],[-79.86871,43.30531],[-79.86226,43.30996],[-79.85982,43.31202],[-79.84282,43.32832],[-79.83669,43.33368],[-79.83409,43.33505],[-79.83002,43.33588],[-79.82812,43.33662],[-79.8267,43.33764],[-79.82493,43.33978],[-79.82367,43.34075],[-79.82082,43.34231],[-79.81022,43.34726],[-79.80734,43.34897],[-79.80511,43.35069],[-79.79898,43.35641],[-79.77794,43.37532],[-79.72662,43.42257],[-79.68868,43.45662],[-79.67753,43.46699],[-79.67559,43.46893],[-79.67393,43.47124],[-79.67306,43.47308],[-79.67245,43.47533],[-79.6723,43.47819],[-79.67354,43.49807],[-79.67317,43.49995],[-79.67202,43.50191],[-79.62282,43.54697],[-79.61976,43.54905],[-79.61521,43.55117],[-79.61271,43.55297],[-79.61161,43.55414],[-79.6054,43.56267],[-79.60414,43.56408],[-79.56738,43.59798],[-79.55203,43.61179],[-79.54964,43.61326],[-79.54702,43.61414],[-79.53816,43.61542],[-79.50505,43.62192],[-79.49746,43.62358],[-79.48229,43.62728],[-79.48006,43.62837],[-79.4754,43.63193],[-79.46953,43.63528],[-79.46462,43.63737],[-79.46024,43.6385],[-79.45746,43.63885],[-79.45478,43.63888],[-79.45158,43.63864],[-79.44828,43.6381],[-79.44417,43.63691],[-79.43476,43.63293],[-79.43306,43.63251],[-79.43119,43.63241],[-79.42892,43.63277],[-79.41234,43.63728],[-79.40265,43.63791],[-79.39701,43.63787],[-79.38436,43.63991],[-79.37655,43.6424],[-79.37587,43.64274],[-79.37552,43.64317],[-79.37543,43.64344],[-79.37584,43.64439],[-79.37713,43.64371],[-79.37716,43.64395]],[[-79.82148,43.34241],[-79.82659,43.34012],[-79.83432,43.33608],[-79.83863,43.33277],[-79.84183,43.32972]],[[-79.67253,43.50183],[-79.67351,43.50047],[-79.67389,43.49929],[-79.67403,43.49662],[-79.67354,43.49164]],[[-79.37749,43.64354],[-79.38283,43.64091],[-79.38533,43.64016]]]}},{"type":"Feature","properties":{"r":"GO 17","n":"Waterloo / Hamilton","m":"go","f":[],"day":true,"h":60},"geometry":{"type":"MultiLineString","coordinates":[[[-79.87008,43.2531],[-79.87015,43.25297],[-79.86801,43.25238],[-79.86655,43.25586],[-79.86731,43.25612],[-79.86725,43.25622],[-79.87182,43.25748],[-79.87174,43.25766],[-79.87182,43.25748],[-79.87847,43.2593],[-79.88508,43.26146],[-79.88768,43.26212],[-79.88759,43.26227],[-79.88768,43.26212],[-79.88953,43.26269],[-79.89041,43.26273],[-79.89433,43.26184],[-79.89513,43.26176],[-79.89861,43.26247],[-79.89901,43.26199],[-79.9001,43.2597],[-79.90129,43.2593],[-79.90624,43.25859],[-79.91139,43.25802],[-79.92094,43.25779],[-79.92211,43.25815],[-79.92305,43.2592],[-79.92336,43.26232],[-79.92306,43.26242],[-79.92315,43.2614],[-79.92274,43.26143],[-79.92266,43.2618],[-79.92276,43.26205],[-79.92306,43.2621],[-79.92331,43.26336],[-79.92559,43.26321],[-79.92528,43.26267],[-79.92432,43.26271],[-79.92395,43.26256],[-79.92322,43.25923],[-79.92224,43.25763],[-79.9117,43.25792],[-79.90769,43.25843],[-79.90709,43.25814],[-79.90758,43.25657],[-79.90754,43.25613],[-79.9071,43.25565],[-79.90644,43.25541],[-79.90532,43.2556],[-79.90377,43.25687],[-79.90228,43.25765],[-79.89632,43.25905],[-79.89466,43.25987],[-79.89358,43.26098],[-79.89311,43.26212],[-79.89235,43.27031],[-79.89273,43.27631],[-79.89201,43.2803],[-79.89223,43.28125],[-79.89272,43.28211],[-79.89586,43.28508],[-79.89671,43.2862],[-79.89702,43.28728],[-79.89702,43.28805],[-79.89681,43.28888],[-79.89628,43.2898],[-79.895,43.29096],[-79.89005,43.29443],[-79.88881,43.29506],[-79.88242,43.29713],[-79.88063,43.29796],[-79.86871,43.30531],[-79.86289,43.30936],[-79.85929,43.31109],[-79.85824,43.31198],[-79.85746,43.31326],[-79.85671,43.31269],[-79.85595,43.31301],[-79.85587,43.31328],[-79.8561,43.3133],[-79.85682,43.31273],[-79.85746,43.31326],[-79.85782,43.31283],[-79.8582,43.31203],[-79.85889,43.31139],[-79.86205,43.31361],[-79.86259,43.31318],[-79.86275,43.31279],[-79.86217,43.31162],[-79.86224,43.31097],[-79.86289,43.31019],[-79.8658,43.30772],[-79.86955,43.30507],[-79.88177,43.29766],[-79.89025,43.29487],[-79.8916,43.29458],[-79.89301,43.29461],[-79.8944,43.29522],[-79.89853,43.29856],[-79.94131,43.32935],[-79.99608,43.36964],[-80.02816,43.3935],[-80.03013,43.39514],[-80.03406,43.39893],[-80.0474,43.40824],[-80.0495,43.40941],[-80.05384,43.41046],[-80.05562,43.4112],[-80.05683,43.41206],[-80.06165,43.41702],[-80.06287,43.41801],[-80.06416,43.41875],[-80.06837,43.42059],[-80.07198,43.42268],[-80.08872,43.42947],[-80.09541,43.43195],[-80.09775,43.4332],[-80.10497,43.43852],[-80.10816,43.4421],[-80.11006,43.44366],[-80.12567,43.45395],[-80.13373,43.45979],[-80.13318,43.46032],[-80.13323,43.4605],[-80.13468,43.4615],[-80.13527,43.4611],[-80.13685,43.4623],[-80.14474,43.46926],[-80.14594,43.47001],[-80.15001,43.47179],[-80.14987,43.47195],[-80.15001,43.47179],[-80.15142,43.47244],[-80.15398,43.4739],[-80.15641,43.47579],[-80.15905,43.47832],[-80.16069,43.4796],[-80.19178,43.50242],[-80.19298,43.50351],[-80.19388,43.50472],[-80.19454,43.50597],[-80.19634,43.51063],[-80.19691,43.51161],[-80.1977,43.51242],[-80.1997,43.5139],[-80.1995,43.51403],[-80.1997,43.5139],[-80.20334,43.51653],[-80.20312,43.51668],[-80.20334,43.51653],[-80.20781,43.51968],[-80.21321,43.52235],[-80.21312,43.52246],[-80.21321,43.52235],[-80.21784,43.52455],[-80.224,43.52636],[-80.22507,43.52686],[-80.22643,43.52779],[-80.22427,43.52941],[-80.22547,43.5303],[-80.22594,43.52998],[-80.22472,43.52908],[-80.22643,43.52779],[-80.24206,43.53888],[-80.243,43.53959],[-80.24366,43.5404],[-80.24859,43.5421],[-80.25042,43.54363],[-80.24811,43.54481],[-80.24768,43.54435],[-80.24649,43.54488],[-80.24559,43.54559],[-80.24579,43.54598],[-80.25042,43.54363],[-80.24859,43.5421],[-80.24468,43.54066],[-80.24598,43.53805],[-80.24643,43.53777],[-80.25122,43.5363],[-80.25684,43.53215],[-80.26065,43.52886],[-80.26251,43.52801],[-80.26414,43.52754],[-80.26507,43.5275],[-80.26654,43.52785],[-80.26765,43.52851],[-80.29798,43.55015],[-80.31511,43.53753],[-80.33133,43.52608],[-80.3452,43.51575],[-80.34694,43.51465],[-80.38149,43.50231],[-80.41164,43.49186],[-80.41367,43.49058],[-80.41644,43.48734],[-80.41816,43.48235],[-80.41884,43.48143],[-80.41992,43.48067],[-80.42587,43.47823],[-80.42886,43.47631],[-80.43059,43.47548],[-80.44987,43.4688],[-80.46964,43.46254],[-80.46901,43.46148],[-80.46992,43.46118],[-80.47049,43.4612],[-80.47091,43.4616],[-80.47082,43.46298],[-80.47111,43.46436],[-80.47472,43.47098],[-80.47558,43.47198],[-80.47741,43.47326],[-80.47936,43.47394],[-80.48143,43.47419],[-80.48856,43.47326],[-80.49023,43.47323],[-80.49278,43.47378],[-80.4939,43.47427],[-80.49492,43.47499],[-80.49613,43.47645],[-80.49976,43.48372],[-80.50181,43.48714],[-80.50187,43.48756],[-80.50162,43.48795],[-80.50118,43.48818],[-80.50057,43.48819],[-80.49997,43.4879],[-80.49976,43.48741],[-80.50003,43.48691],[-80.50071,43.48646],[-80.50906,43.48299],[-80.51679,43.47913],[-80.52792,43.47509],[-80.528,43.4752],[-80.52792,43.47509],[-80.53626,43.47206],[-80.53992,43.47698],[-80.54202,43.47623],[-80.54122,43.47525],[-80.5405,43.47505],[-80.54027,43.47451]],[[-80.50229,43.48537],[-80.50201,43.48536],[-80.50102,43.48475],[-80.49986,43.48302]],[[-80.47625,43.47196],[-80.47512,43.47064],[-80.47219,43.46534],[-80.47143,43.46356],[-80.47143,43.46194]],[[-80.47143,43.46194],[-80.47147,43.46142],[-80.47184,43.46066],[-80.47227,43.46033],[-80.47443,43.45978],[-80.47546,43.46073],[-80.47143,43.46194]],[[-80.26783,43.52815],[-80.26741,43.52779],[-80.26672,43.52642],[-80.26579,43.5259],[-80.26451,43.52696],[-80.26412,43.52714]],[[-80.13507,43.46076],[-80.13408,43.45998]],[[-79.90411,43.25711],[-79.90613,43.25634],[-79.90682,43.25646],[-79.90711,43.25674]],[[-79.89975,43.25951],[-79.89667,43.26025],[-79.89463,43.26047]],[[-79.89209,43.29405],[-79.89296,43.29337],[-79.89467,43.29168]],[[-79.8934,43.26059],[-79.89246,43.26061],[-79.86965,43.25536],[-79.87063,43.25312],[-79.87053,43.25309]]]}},{"type":"Feature","properties":{"r":"GO 18","n":"Lakeshore West","m":"go","f":[],"day":true,"h":null,"in":true},"geometry":{"type":"MultiLineString","coordinates":[[[-79.89005,43.29483],[-79.89181,43.29421],[-79.89296,43.29337],[-79.89478,43.29161]],[[-79.89427,43.26051],[-79.89246,43.26061],[-79.86965,43.25536],[-79.87063,43.25312],[-79.87015,43.25297],[-79.87008,43.2531]],[[-79.8942,43.28315],[-79.89278,43.28182],[-79.89225,43.28035],[-79.89242,43.27869],[-79.893,43.27626],[-79.8926,43.27107],[-79.89344,43.26188],[-79.89376,43.26117],[-79.89427,43.26051]],[[-79.89427,43.26051],[-79.89589,43.25943],[-79.90168,43.258],[-79.90599,43.25636],[-79.90689,43.2565],[-79.90716,43.25672],[-79.90728,43.25716],[-79.90703,43.25843],[-79.90023,43.25939],[-79.89667,43.26025],[-79.89427,43.26051]],[[-79.87678,43.26243],[-79.87315,43.26014],[-79.86924,43.25906],[-79.86796,43.25919],[-79.86514,43.26563],[-79.86565,43.26589]],[[-79.866,43.26608],[-79.86853,43.26684],[-79.87142,43.2636],[-79.87217,43.26186],[-79.87711,43.26291],[-79.88505,43.2679],[-79.88545,43.2684],[-79.88613,43.26991],[-79.88693,43.27238],[-79.89035,43.27791],[-79.89111,43.28002],[-79.89145,43.28215],[-79.8919,43.28252],[-79.89369,43.28328],[-79.89475,43.28404],[-79.89624,43.28549],[-79.89671,43.2862],[-79.89702,43.28728],[-79.89702,43.28805],[-79.89681,43.28888],[-79.89619,43.28991],[-79.89454,43.29129],[-79.88936,43.29481],[-79.88242,43.29713],[-79.88041,43.29809],[-79.86871,43.30531],[-79.86289,43.30936],[-79.85929,43.31109],[-79.85824,43.31198],[-79.85767,43.31291]],[[-79.86098,43.31286],[-79.86205,43.31361],[-79.86259,43.31318],[-79.86275,43.31279],[-79.86214,43.31148],[-79.86241,43.31071],[-79.86525,43.3082]],[[-79.85527,43.31675],[-79.85629,43.31578],[-79.85903,43.31363],[-79.86066,43.31261],[-79.85926,43.31164]],[[-79.85595,43.31301],[-79.85585,43.31324],[-79.85604,43.31332],[-79.85682,43.31273],[-79.85746,43.31326],[-79.85543,43.31453],[-79.85577,43.31502],[-79.85576,43.31542],[-79.85451,43.31711],[-79.84282,43.32832],[-79.83678,43.33361],[-79.83409,43.33505],[-79.83002,43.33588],[-79.82812,43.33662],[-79.8267,43.33764],[-79.82493,43.33978],[-79.82367,43.34075],[-79.82073,43.34235]],[[-79.81811,43.34391],[-79.82002,43.34318],[-79.82077,43.34307],[-79.82245,43.34327],[-79.8237,43.34265],[-79.82273,43.34188],[-79.82531,43.34089],[-79.83301,43.33687],[-79.8377,43.33355],[-79.84037,43.33099]],[[-79.82402,43.33998],[-79.82205,43.34011],[-79.82114,43.34079],[-79.82099,43.34069]],[[-79.80967,43.34069],[-79.80953,43.34058],[-79.80973,43.34022],[-79.80958,43.33991],[-79.80879,43.33926],[-79.81061,43.33787],[-79.81228,43.33628],[-79.8128,43.33612],[-79.8184,43.33896],[-79.81826,43.33908],[-79.8184,43.33896],[-79.8203,43.34033],[-79.82095,43.34139],[-79.82054,43.342],[-79.81702,43.34409],[-79.8089,43.34798],[-79.80511,43.35069],[-79.79898,43.35641],[-79.77794,43.37532],[-79.72662,43.42257],[-79.6868,43.45838],[-79.68532,43.45936],[-79.68351,43.45957],[-79.68289,43.45996],[-79.68143,43.45721],[-79.68377,43.45634],[-79.68287,43.45571],[-79.6821,43.45575],[-79.68172,43.456]],[[-79.68381,43.46166],[-79.68411,43.46123],[-79.68628,43.4592]],[[-79.68381,43.46166],[-79.68421,43.46241],[-79.68422,43.46279],[-79.68387,43.46303],[-79.68324,43.46293],[-79.68315,43.46241],[-79.68381,43.46166]],[[-79.68296,43.46035],[-79.68381,43.46166]],[[-79.68146,43.45631],[-79.68139,43.45639],[-79.68157,43.45668],[-79.68184,43.45662],[-79.68232,43.45614]],[[-79.82255,43.34195],[-79.82301,43.34253],[-79.82273,43.343],[-79.82194,43.34297],[-79.82176,43.34244],[-79.82255,43.34195]]]}},{"type":"Feature","properties":{"r":"GO 19","n":"Mississauga / North York","m":"go","f":[],"day":true,"h":50,"in":true},"geometry":{"type":"MultiLineString","coordinates":[[[-79.64766,43.59455],[-79.6471,43.59431],[-79.64394,43.59727],[-79.64154,43.59877],[-79.64231,43.59934],[-79.64281,43.60021],[-79.64266,43.60101],[-79.64222,43.60181],[-79.6385,43.60569],[-79.6312,43.61223],[-79.63069,43.61306],[-79.63002,43.61519],[-79.62959,43.61572],[-79.62433,43.62096],[-79.62035,43.62458],[-79.61694,43.6282],[-79.60885,43.63476],[-79.60688,43.63575],[-79.60681,43.63656],[-79.60724,43.63713],[-79.61365,43.64108],[-79.61394,43.64153],[-79.61388,43.64233],[-79.61031,43.64551],[-79.6087,43.6466],[-79.60621,43.64937],[-79.6042,43.65098],[-79.59326,43.66104],[-79.59272,43.66189],[-79.59169,43.66287],[-79.58913,43.66491],[-79.58821,43.66596],[-79.58728,43.66793],[-79.58788,43.66787],[-79.58889,43.66645],[-79.58974,43.66676],[-79.59032,43.66725],[-79.59459,43.67445],[-79.59465,43.67515],[-79.5942,43.67587],[-79.59332,43.67632],[-79.59113,43.67684],[-79.58935,43.67313],[-79.5884,43.67238],[-79.58713,43.67194],[-79.58583,43.67187],[-79.58194,43.6724],[-79.58106,43.6726],[-79.58019,43.67307],[-79.57822,43.67559],[-79.57352,43.6844],[-79.56907,43.69198],[-79.56099,43.70112],[-79.55383,43.70808],[-79.5527,43.70888],[-79.55171,43.70931],[-79.5343,43.71352],[-79.52575,43.71536],[-79.5077,43.71744],[-79.50165,43.71751],[-79.50004,43.71784],[-79.49688,43.7189],[-79.49178,43.71982],[-79.48657,43.72107],[-79.48376,43.72148],[-79.48215,43.72106],[-79.48145,43.72111],[-79.48083,43.72125],[-79.48097,43.72185],[-79.48078,43.72212],[-79.47612,43.72362],[-79.4636,43.72644],[-79.46053,43.72686],[-79.45769,43.72667],[-79.45695,43.72694],[-79.45553,43.72789],[-79.45215,43.72863],[-79.45139,43.72851],[-79.44932,43.72744],[-79.44872,43.72606],[-79.44846,43.72498],[-79.44929,43.7248],[-79.44945,43.72532],[-79.44863,43.72566],[-79.44714,43.72582],[-79.44671,43.72609],[-79.44667,43.72662],[-79.44742,43.7272],[-79.44756,43.72758],[-79.4456,43.72942],[-79.44174,43.7307],[-79.43829,43.73301],[-79.42603,43.74024],[-79.41798,43.74544],[-79.41373,43.74955],[-79.41145,43.75109],[-79.4076,43.75291],[-79.40683,43.75356],[-79.40667,43.75438],[-79.40703,43.75508],[-79.40771,43.75555],[-79.40915,43.75612],[-79.40968,43.75693],[-79.41266,43.76919],[-79.41331,43.77099],[-79.41362,43.77216],[-79.41348,43.77218],[-79.41362,43.77216],[-79.41441,43.77529],[-79.41426,43.77531],[-79.41441,43.77529],[-79.41512,43.77801],[-79.41591,43.78196]],[[-79.5784,43.6761],[-79.57914,43.6752],[-79.58107,43.67342],[-79.58208,43.67278]],[[-79.55303,43.70914],[-79.55521,43.70785],[-79.56065,43.70201]],[[-79.44663,43.73084],[-79.44737,43.73144],[-79.44811,43.73167],[-79.44914,43.73169],[-79.45033,43.73135],[-79.45263,43.73017],[-79.45558,43.72898],[-79.45796,43.72828],[-79.478,43.72391],[-79.47895,43.72396],[-79.48042,43.72453],[-79.4817,43.72438],[-79.48174,43.7234],[-79.48233,43.72295],[-79.49047,43.72071],[-79.4942,43.72005],[-79.49712,43.7198],[-79.50257,43.71835],[-79.50691,43.71785]],[[-79.44663,43.73084],[-79.44935,43.73026]],[[-79.44935,43.73026],[-79.44997,43.73014],[-79.45053,43.73038],[-79.45045,43.73082],[-79.44982,43.73092],[-79.44939,43.73055],[-79.44935,43.73026]],[[-79.44935,43.73026],[-79.44894,43.72795],[-79.44905,43.72773]],[[-79.44735,43.72833],[-79.44661,43.72919],[-79.44636,43.73018],[-79.44663,43.73084]],[[-79.40959,43.75606],[-79.4092,43.75425],[-79.40937,43.75366],[-79.41093,43.7522],[-79.41551,43.74918],[-79.41785,43.74638],[-79.41872,43.74563],[-79.4264,43.7407],[-79.43717,43.73433],[-79.44045,43.73266],[-79.44291,43.73217],[-79.44663,43.73084]],[[-79.41512,43.78218],[-79.41441,43.78242],[-79.41422,43.78208],[-79.41547,43.78178]]]}},{"type":"Feature","properties":{"r":"GO 21","n":"Milton","m":"go","f":[],"day":true,"h":14,"in":true},"geometry":{"type":"MultiLineString","coordinates":[[[-79.86736,43.52419],[-79.86788,43.52449],[-79.86803,43.52435],[-79.86759,43.52403]],[[-79.86727,43.5238],[-79.86652,43.52386],[-79.86653,43.52408],[-79.86417,43.52608],[-79.86248,43.52515],[-79.86078,43.52349],[-79.85091,43.51628],[-79.83025,43.53502],[-79.81986,43.54476],[-79.80119,43.56141],[-79.79259,43.56932],[-79.78633,43.57467],[-79.7825,43.57847],[-79.779,43.58129],[-79.77609,43.58401],[-79.77137,43.5878],[-79.77126,43.58773],[-79.77133,43.58783],[-79.77077,43.58783],[-79.76367,43.58274],[-79.7581,43.5868],[-79.75657,43.58841],[-79.75601,43.58989],[-79.75608,43.59333],[-79.75594,43.59333],[-79.75608,43.59333],[-79.7561,43.59533],[-79.75602,43.59612],[-79.75545,43.59738],[-79.75451,43.5975],[-79.75513,43.5979],[-79.75531,43.59781],[-79.75594,43.59637],[-79.7561,43.59533],[-79.75219,43.59517],[-79.75091,43.59488],[-79.74323,43.59083],[-79.74106,43.59015],[-79.739,43.59575],[-79.73879,43.59836],[-79.73942,43.59996],[-79.7404,43.60131],[-79.74023,43.60139],[-79.7404,43.60131],[-79.7442,43.60456],[-79.74416,43.60546],[-79.74331,43.60625],[-79.73777,43.60876],[-79.69954,43.62378],[-79.6927,43.62624],[-79.66747,43.63637],[-79.63152,43.65044],[-79.62591,43.65301],[-79.617,43.65765],[-79.61298,43.65914],[-79.60859,43.66167],[-79.60534,43.66309],[-79.59496,43.66694],[-79.58714,43.669],[-79.58083,43.67092],[-79.57851,43.67106],[-79.57657,43.67057],[-79.57505,43.66947],[-79.57363,43.66769],[-79.56934,43.65763],[-79.56471,43.64837],[-79.56252,43.64339],[-79.56043,43.63804],[-79.55711,43.62864],[-79.55212,43.61717],[-79.55132,43.61495],[-79.5506,43.61411],[-79.54902,43.61349],[-79.54689,43.61362],[-79.54256,43.61465],[-79.50505,43.62192],[-79.48274,43.62715],[-79.48046,43.62811],[-79.4754,43.63193],[-79.46895,43.63558],[-79.46426,43.63749],[-79.46024,43.6385],[-79.45746,43.63885],[-79.45478,43.63888],[-79.45158,43.63864],[-79.44828,43.6381],[-79.44417,43.63691],[-79.43476,43.63293],[-79.43306,43.63251],[-79.43119,43.63241],[-79.42892,43.63277],[-79.41234,43.63728],[-79.40265,43.63791],[-79.39701,43.63787],[-79.38436,43.63991],[-79.37655,43.6424],[-79.37587,43.64274],[-79.37552,43.64317],[-79.37543,43.64344],[-79.37584,43.64439],[-79.37713,43.64371],[-79.37716,43.64395]],[[-79.78726,43.59423],[-79.78412,43.59728],[-79.78213,43.59602],[-79.77135,43.58823]],[[-79.77103,43.58823],[-79.78414,43.59752],[-79.78617,43.5956],[-79.78726,43.59423]],[[-79.78726,43.59423],[-79.78896,43.59301],[-79.78726,43.59423]],[[-79.74083,43.60781],[-79.74359,43.60695],[-79.74625,43.60717],[-79.74695,43.60701],[-79.74769,43.60652],[-79.74375,43.60365]],[[-79.7414,43.58984],[-79.74254,43.58689],[-79.7425,43.58597],[-79.74204,43.58499],[-79.74216,43.58494],[-79.73064,43.57639],[-79.72875,43.57411],[-79.72735,43.57293],[-79.72448,43.57091],[-79.72277,43.56988],[-79.72289,43.56982],[-79.71996,43.56842],[-79.71187,43.56236],[-79.70664,43.55878],[-79.69533,43.569],[-79.69044,43.57281],[-79.68525,43.57779],[-79.68457,43.57717],[-79.6841,43.57705],[-79.68229,43.57581],[-79.67738,43.57428],[-79.67527,43.5721],[-79.67173,43.56985],[-79.67064,43.56952],[-79.66893,43.5695],[-79.66898,43.57062],[-79.66862,43.57152],[-79.66592,43.5738],[-79.66154,43.5786],[-79.65825,43.58045],[-79.65364,43.58433],[-79.65377,43.58438],[-79.6528,43.58635],[-79.65252,43.58822],[-79.6522,43.58905],[-79.65179,43.58954]],[[-79.71738,43.57532],[-79.71417,43.57816],[-79.71738,43.57532]],[[-79.71738,43.57532],[-79.71861,43.5733],[-79.71738,43.57532]],[[-79.71041,43.57547],[-79.70931,43.57537],[-79.70935,43.5758],[-79.71041,43.57547]],[[-79.71041,43.57547],[-79.71259,43.57685],[-79.71041,43.57547]],[[-79.57362,43.66832],[-79.57445,43.67029],[-79.57511,43.67108],[-79.57602,43.67171],[-79.57838,43.6724],[-79.58098,43.67222],[-79.58587,43.67133],[-79.5873,43.67089],[-79.59224,43.66871],[-79.6109,43.66175],[-79.61368,43.66038],[-79.62502,43.65404],[-79.63302,43.65038],[-79.64091,43.64731],[-79.65147,43.64367],[-79.66558,43.63754],[-79.6752,43.63405],[-79.69545,43.62568]],[[-79.64916,43.59297],[-79.65072,43.59395],[-79.64911,43.59546],[-79.64797,43.59481]],[[-79.64766,43.59455],[-79.6471,43.59431],[-79.64985,43.5918],[-79.65151,43.58982],[-79.64439,43.58475],[-79.64189,43.58388],[-79.63881,43.58416],[-79.63746,43.58397],[-79.63647,43.58355],[-79.63365,43.58173],[-79.62764,43.58093],[-79.62423,43.57911],[-79.62334,43.58017],[-79.62543,43.5815],[-79.62385,43.58275],[-79.62337,43.58224],[-79.62142,43.58373],[-79.60342,43.57116],[-79.59987,43.56797]],[[-79.62162,43.58407],[-79.63217,43.59149],[-79.63604,43.59456],[-79.64052,43.5977],[-79.64239,43.59626],[-79.64393,43.59744],[-79.64682,43.59459]],[[-79.62052,43.58261],[-79.62304,43.58043]],[[-79.59816,43.57023],[-79.60042,43.56895]],[[-79.59987,43.56797],[-79.59777,43.57005],[-79.56738,43.59798],[-79.55239,43.61148],[-79.55071,43.61271],[-79.54953,43.61326]],[[-79.59987,43.56797],[-79.59926,43.56744],[-79.59918,43.56697],[-79.5996,43.5667],[-79.60024,43.56683],[-79.60041,43.56708],[-79.60034,43.56739],[-79.59987,43.56797]],[[-79.54121,43.61532],[-79.5444,43.61491],[-79.54849,43.6147],[-79.54974,43.61506],[-79.55053,43.61566],[-79.55212,43.61817]],[[-79.54741,43.61399],[-79.54505,43.61447]],[[-79.37749,43.64354],[-79.38283,43.64091],[-79.38533,43.64016]],[[-79.78848,43.59204],[-79.78814,43.59146],[-79.78775,43.59152],[-79.78769,43.59173],[-79.78848,43.59204]],[[-79.72068,43.57135],[-79.71906,43.57279],[-79.72068,43.57135]],[[-79.6681,43.5682],[-79.66851,43.56743],[-79.66813,43.56729],[-79.66795,43.56759],[-79.6681,43.5682]]]}},{"type":"Feature","properties":{"r":"GO 22","n":"Milton / Oakville","m":"go","f":[],"day":true,"h":null},"geometry":{"type":"MultiLineString","coordinates":[[[-79.68172,43.456],[-79.68139,43.45639],[-79.68157,43.45668],[-79.68184,43.45662],[-79.68276,43.4557],[-79.68377,43.45634],[-79.68125,43.45726],[-79.6836,43.46135],[-79.68511,43.46302],[-79.68999,43.4667],[-79.69232,43.46815],[-79.69571,43.47065],[-79.69643,43.47014],[-79.69814,43.46957],[-79.69831,43.46944],[-79.6982,43.46928],[-79.69555,43.47053],[-79.70218,43.47534],[-79.70465,43.47689],[-79.70542,43.47749],[-79.70531,43.47757],[-79.70629,43.47806],[-79.70854,43.4797],[-79.70986,43.48068],[-79.70972,43.48079],[-79.70986,43.48068],[-79.71053,43.48117],[-79.7375,43.50134],[-79.74419,43.50613],[-79.74518,43.50528],[-79.74591,43.50537],[-79.74669,43.50607],[-79.74624,43.50662],[-79.7458,43.50661],[-79.74468,43.50574],[-79.74419,43.50613],[-79.75176,43.51187],[-79.75589,43.51664],[-79.75743,43.51801],[-79.80806,43.55529],[-79.82024,43.54442],[-79.83338,43.5322],[-79.83503,43.531],[-79.84224,43.52435],[-79.84241,43.52444],[-79.84224,43.52435],[-79.85102,43.51636],[-79.86062,43.52344],[-79.86227,43.52522],[-79.86337,43.52588],[-79.86407,43.52619],[-79.86653,43.52408],[-79.86711,43.52405],[-79.86788,43.52449],[-79.86801,43.52421],[-79.86727,43.5238],[-79.86652,43.52386],[-79.86653,43.52408],[-79.86407,43.52619],[-79.87774,43.5362],[-79.87914,43.53478],[-79.8937,43.52184],[-79.89428,43.5218],[-79.89531,43.52235],[-79.89822,43.52324],[-79.89936,43.52379],[-79.90372,43.52691],[-79.90294,43.5275],[-79.90389,43.52813],[-79.90416,43.52784],[-79.90384,43.52748]]]}},{"type":"Feature","properties":{"r":"GO 25","n":"Waterloo / Mississauga","m":"go","f":[],"day":true,"h":50},"geometry":{"type":"MultiLineString","coordinates":[[[-80.53863,43.47525],[-80.53992,43.47698],[-80.54202,43.47623],[-80.54122,43.47525],[-80.5405,43.47505],[-80.54027,43.47451]],[[-80.53918,43.47457],[-80.5384,43.47491],[-80.53626,43.47206],[-80.51708,43.47901],[-80.50906,43.48299],[-80.50437,43.48494],[-80.50276,43.48538],[-80.50186,43.48532],[-80.50102,43.48475],[-80.49944,43.4824],[-80.49615,43.47598],[-80.49504,43.47477],[-80.49365,43.47389],[-80.49158,43.4732],[-80.48933,43.47299],[-80.48298,43.47387],[-80.48082,43.47394],[-80.47856,43.47348],[-80.47678,43.47258],[-80.47512,43.47064],[-80.47157,43.46407],[-80.47137,43.46282],[-80.47166,43.45858],[-80.47142,43.4575],[-80.47092,43.45651],[-80.47027,43.45572],[-80.46532,43.45129],[-80.46217,43.44768],[-80.45776,43.44426],[-80.45678,43.44319],[-80.45622,43.44091],[-80.45691,43.43786],[-80.45638,43.43661],[-80.45503,43.4357],[-80.44129,43.43107],[-80.43928,43.42987],[-80.43609,43.42694],[-80.43409,43.42574],[-80.43237,43.4251],[-80.42382,43.42294],[-80.42066,43.42195],[-80.4139,43.41897],[-80.40759,43.41548],[-80.40584,43.41485],[-80.39782,43.41273],[-80.39266,43.41073],[-80.39114,43.40994],[-80.39083,43.4095],[-80.39099,43.40913],[-80.39136,43.40898],[-80.39295,43.40939],[-80.39361,43.40969],[-80.39309,43.41038],[-80.39234,43.41016],[-80.39262,43.40963],[-80.3935,43.40985],[-80.39361,43.40969],[-80.39276,43.40925],[-80.39145,43.40886],[-80.38896,43.40906],[-80.38661,43.40833],[-80.37929,43.40385],[-80.37748,43.40322],[-80.37577,43.40315],[-80.37389,43.40359],[-80.36778,43.40643],[-80.35893,43.41165],[-80.35577,43.4128],[-80.35291,43.41331],[-80.33782,43.41366],[-80.33306,43.41349],[-80.33155,43.41336],[-80.32908,43.41272],[-80.32716,43.41299],[-80.3266,43.41279],[-80.32479,43.41159],[-80.32333,43.41182],[-80.32245,43.40904],[-80.32801,43.4081],[-80.32832,43.40991],[-80.32782,43.41173],[-80.32741,43.4122],[-80.3266,43.41279],[-80.3248,43.4138],[-80.32057,43.41421],[-80.30322,43.41481],[-80.3001,43.41529],[-80.28651,43.41934],[-80.26844,43.42678],[-80.2442,43.43444],[-80.23884,43.43595],[-80.16685,43.44956],[-80.16297,43.44987],[-80.13654,43.44948],[-80.13241,43.45009],[-80.12716,43.45163],[-80.12419,43.4517],[-80.12319,43.45237],[-80.12695,43.45484],[-80.13373,43.45979],[-80.13318,43.46044],[-80.13468,43.4615],[-80.13539,43.46101],[-80.12695,43.45484],[-80.12405,43.45294],[-80.12365,43.45225],[-80.12376,43.452],[-80.1242,43.45182],[-80.1253,43.45183],[-80.12558,43.45201],[-80.12562,43.45228],[-80.12435,43.45313],[-80.11698,43.45629],[-80.0639,43.47119],[-80.0594,43.47193],[-80.04051,43.4727],[-80.03714,43.47308],[-80.00587,43.48161],[-80.00258,43.48304],[-79.98408,43.49318],[-79.98217,43.49404],[-79.9792,43.49477],[-79.96645,43.49602],[-79.96435,43.49661],[-79.96272,43.49735],[-79.96141,43.4982],[-79.96013,43.49937],[-79.95272,43.5089],[-79.95036,43.51131],[-79.94848,43.5127],[-79.93961,43.51821],[-79.93222,43.52278],[-79.93064,43.52355],[-79.92744,43.52437],[-79.90789,43.52667],[-79.90562,43.52634],[-79.90442,43.52653],[-79.90294,43.5275],[-79.90371,43.52811],[-79.90413,43.52799],[-79.90384,43.52748],[-79.90335,43.52719],[-79.90263,43.52778],[-79.90211,43.5291],[-79.90083,43.52993],[-79.88687,43.53626],[-79.88235,43.53749],[-79.86907,43.5395],[-79.86586,43.54046],[-79.8627,43.54187],[-79.86056,43.54321],[-79.85901,43.54443],[-79.81596,43.583],[-79.81403,43.5844],[-79.81241,43.58502],[-79.81088,43.58512],[-79.80941,43.58481],[-79.80615,43.58291],[-79.79604,43.5755],[-79.79055,43.57185],[-79.78462,43.56714],[-79.77081,43.55705],[-79.76261,43.55191],[-79.75604,43.54626],[-79.74587,43.53884],[-79.74215,43.53658],[-79.73538,43.53293],[-79.73236,43.53044],[-79.73107,43.52989],[-79.72776,43.52906],[-79.72514,43.52768],[-79.72411,43.52679],[-79.7242,43.52634],[-79.72476,43.52601],[-79.72537,43.526],[-79.72588,43.52628],[-79.72603,43.52665],[-79.72586,43.52709],[-79.71933,43.53419],[-79.71686,43.53669],[-79.71445,43.53885],[-79.71204,43.54062],[-79.71103,43.54102],[-79.70899,43.5413],[-79.70786,43.54206],[-79.71121,43.54454],[-79.71221,43.54369],[-79.71229,43.54357],[-79.71122,43.54285],[-79.71331,43.54112],[-79.71394,43.54097],[-79.71396,43.54075],[-79.71365,43.54077],[-79.71211,43.54198],[-79.7122,43.54203],[-79.70839,43.54513],[-79.69998,43.55232],[-79.69933,43.55306],[-79.70018,43.55366],[-79.6988,43.5549],[-79.69483,43.55306],[-79.69476,43.55461],[-79.69446,43.55506],[-79.69171,43.55708],[-79.68413,43.56185],[-79.68055,43.56477],[-79.67794,43.56733],[-79.66996,43.57649],[-79.66647,43.57984],[-79.6623,43.58333],[-79.66012,43.58392],[-79.65927,43.58442],[-79.65885,43.58495],[-79.65859,43.58627],[-79.65789,43.58726],[-79.64911,43.59546],[-79.64766,43.59455]],[[-80.50124,43.48624],[-80.50239,43.48576]],[[-80.50124,43.48624],[-80.50181,43.48714],[-80.50185,43.48763],[-80.50154,43.48801],[-80.50103,43.4882],[-80.5004,43.48814],[-80.49989,43.48782],[-80.49977,43.48732],[-80.50003,43.48691],[-80.50124,43.48624]],[[-80.49951,43.48322],[-80.50124,43.48624]],[[-80.45469,43.43601],[-80.45551,43.43657],[-80.45595,43.43721],[-80.45614,43.43797],[-80.45573,43.43997],[-80.45573,43.4414],[-80.45604,43.4425],[-80.4563,43.44293]],[[-80.39152,43.4106],[-80.39066,43.4118],[-80.39212,43.41224],[-80.39381,43.41192],[-80.39477,43.41198]],[[-80.39242,43.41105],[-80.39272,43.41131],[-80.39279,43.41163],[-80.39254,43.41197],[-80.39163,43.412],[-80.39132,43.41168],[-80.39135,43.41131],[-80.39165,43.41066]],[[-80.39063,43.40991],[-80.38939,43.40943]],[[-80.36727,43.40719],[-80.36918,43.40638],[-80.37535,43.40417],[-80.3767,43.40391],[-80.37824,43.40399],[-80.37946,43.40442]],[[-80.35935,43.41187],[-80.36085,43.41098]],[[-80.35657,43.41293],[-80.3583,43.41231]],[[-80.33239,43.41404],[-80.3356,43.41398]],[[-80.33207,43.41381],[-80.32522,43.41404]],[[-80.32237,43.41444],[-80.32428,43.41453],[-80.32664,43.41578],[-80.32799,43.41551],[-80.32803,43.41434]],[[-80.32784,43.41435],[-80.32752,43.41536],[-80.32658,43.41562],[-80.32592,43.41517],[-80.3259,43.41482],[-80.32613,43.41452],[-80.32649,43.41439]],[[-80.12573,43.45274],[-80.12777,43.45187]],[[-80.12089,43.45505],[-80.12172,43.45476],[-80.12585,43.45457]],[[-80.12526,43.45416],[-80.12493,43.45444],[-80.1244,43.45457],[-80.12347,43.45449],[-80.12326,43.45428],[-80.1233,43.45402]],[[-79.90754,43.52702],[-79.90438,43.5283]],[[-79.9015,43.52997],[-79.9029,43.5296],[-79.90605,43.52979],[-79.90648,43.52958],[-79.90687,43.52908],[-79.90568,43.52815]],[[-79.90554,43.52822],[-79.90613,43.529],[-79.90595,43.52934],[-79.90543,43.52956],[-79.90431,43.52945],[-79.90411,43.52892],[-79.90434,43.52876]],[[-79.90418,43.52839],[-79.90252,43.52914]],[[-79.86509,43.5425],[-79.86489,43.54176],[-79.86548,43.54108],[-79.86608,43.54081]],[[-79.86491,43.54045],[-79.86246,43.54022],[-79.86165,43.54041],[-79.86102,43.54097],[-79.86231,43.54164]],[[-79.86317,43.5421],[-79.86832,43.54435],[-79.83452,43.57456],[-79.83254,43.57338],[-79.82968,43.57124]],[[-79.82666,43.57395],[-79.82778,43.57314],[-79.82849,43.57296],[-79.83025,43.57299],[-79.83091,43.57265]],[[-79.82903,43.57075],[-79.82806,43.56975],[-79.82805,43.56945],[-79.82831,43.56922],[-79.82996,43.56943],[-79.83023,43.56968]],[[-79.81014,43.58854],[-79.81502,43.58418]],[[-79.81014,43.58854],[-79.81017,43.58908],[-79.8099,43.59064],[-79.80927,43.59191],[-79.80801,43.5932],[-79.80717,43.59364],[-79.80636,43.59353],[-79.8059,43.593],[-79.80605,43.59248],[-79.80679,43.59152],[-79.81014,43.58854]],[[-79.80629,43.58346],[-79.80841,43.58516],[-79.80928,43.58622],[-79.81,43.5878],[-79.81014,43.58854]],[[-79.71353,43.54039],[-79.71513,43.53899],[-79.7217,43.53267],[-79.72358,43.53125],[-79.72508,43.53061],[-79.72655,43.53037],[-79.72786,43.53043],[-79.7313,43.53148],[-79.73719,43.53436]],[[-79.70997,43.54315],[-79.71315,43.5405]],[[-79.71159,43.54123],[-79.70964,43.54289]],[[-79.70901,43.54343],[-79.69695,43.5536]],[[-79.69245,43.55703],[-79.69384,43.55629],[-79.695,43.55588],[-79.69751,43.55584],[-79.69809,43.55562],[-79.69856,43.55523]],[[-79.69616,43.55412],[-79.69512,43.55479]],[[-79.64465,43.60088],[-79.64496,43.60047],[-79.6655,43.58117]],[[-79.6488,43.59574],[-79.64642,43.59785],[-79.6451,43.59798],[-79.64394,43.59727],[-79.64164,43.59872]],[[-79.64465,43.60088],[-79.64519,43.60128],[-79.64545,43.60178],[-79.64527,43.60216],[-79.6445,43.60231],[-79.64401,43.60186],[-79.6441,43.60153],[-79.64465,43.60088]],[[-79.64164,43.59872],[-79.64465,43.60088]],[[-79.64164,43.59872],[-79.64116,43.59898],[-79.64043,43.59902],[-79.63982,43.59854],[-79.63986,43.59827],[-79.64018,43.59804],[-79.64109,43.5983],[-79.64164,43.59872]]]}},{"type":"Feature","properties":{"r":"GO 27","n":"Milton / North York","m":"go","f":[],"day":true,"h":50,"in":true},"geometry":{"type":"MultiLineString","coordinates":[[[-79.86736,43.52419],[-79.86788,43.52449],[-79.86803,43.52435],[-79.86759,43.52403]],[[-79.86727,43.5238],[-79.86652,43.52386],[-79.86653,43.52408],[-79.86417,43.52608],[-79.86248,43.52515],[-79.86078,43.52349],[-79.85091,43.51628],[-79.83025,43.53502],[-79.81986,43.54476],[-79.80119,43.56141],[-79.79259,43.56932],[-79.78633,43.57467],[-79.7825,43.57847],[-79.779,43.58129],[-79.77609,43.58401],[-79.77137,43.5878],[-79.77077,43.58783],[-79.76367,43.58274],[-79.7581,43.5868],[-79.75657,43.58841],[-79.75601,43.58989],[-79.7561,43.59493]],[[-79.75773,43.62138],[-79.76016,43.6197],[-79.76112,43.6195],[-79.76301,43.61959],[-79.76405,43.61895],[-79.76068,43.61639]],[[-79.75451,43.5975],[-79.755,43.59788],[-79.75531,43.59781],[-79.75599,43.59622],[-79.7561,43.59533],[-79.75219,43.59517],[-79.75091,43.59488],[-79.74323,43.59083],[-79.74106,43.59015],[-79.73886,43.59633],[-79.73879,43.59836],[-79.73924,43.59957],[-79.7404,43.60131],[-79.74023,43.60139],[-79.7404,43.60131],[-79.74203,43.6027],[-79.74643,43.60574],[-79.75041,43.60889],[-79.74953,43.60925],[-79.7481,43.60916],[-79.74758,43.61019],[-79.7484,43.61075],[-79.74933,43.6118],[-79.75039,43.61132],[-79.75229,43.61006],[-79.74919,43.6078],[-79.74742,43.60627],[-79.74561,43.60493],[-79.74538,43.60451],[-79.74572,43.60412],[-79.74653,43.60424],[-79.74667,43.60456],[-79.74655,43.60486],[-79.74593,43.60531],[-79.74387,43.60635],[-79.69954,43.62378],[-79.6927,43.62624],[-79.66747,43.63637],[-79.63152,43.65044],[-79.62497,43.65348],[-79.61498,43.65905],[-79.60927,43.66177],[-79.60381,43.66396],[-79.58472,43.67093],[-79.58229,43.67205],[-79.57999,43.67368],[-79.57822,43.6758],[-79.57352,43.6844],[-79.56907,43.69198],[-79.56099,43.70112],[-79.55383,43.70808],[-79.55224,43.7091],[-79.55054,43.70965],[-79.5343,43.71352],[-79.52575,43.71536],[-79.5077,43.71744],[-79.50165,43.71751],[-79.50004,43.71784],[-79.49688,43.7189],[-79.49178,43.71982],[-79.48657,43.72107],[-79.48376,43.72148],[-79.48215,43.72106],[-79.48145,43.72111],[-79.48083,43.72125],[-79.48097,43.72185],[-79.48078,43.72212],[-79.47612,43.72362],[-79.4636,43.72644],[-79.46053,43.72686],[-79.45769,43.72667],[-79.45695,43.72694],[-79.45553,43.72789],[-79.45215,43.72863],[-79.45139,43.72851],[-79.44932,43.72744],[-79.44872,43.72606],[-79.44846,43.72498],[-79.44929,43.7248],[-79.44945,43.72532],[-79.44863,43.72566],[-79.44714,43.72582],[-79.44671,43.72609],[-79.44667,43.72662],[-79.44742,43.7272],[-79.44756,43.72758],[-79.4456,43.72942],[-79.44174,43.7307],[-79.43829,43.73301],[-79.42603,43.74024],[-79.41798,43.74544],[-79.41373,43.74955],[-79.41145,43.75109],[-79.4076,43.75291],[-79.40683,43.75356],[-79.40667,43.75438],[-79.40703,43.75508],[-79.40771,43.75555],[-79.40915,43.75612],[-79.40968,43.75693],[-79.41266,43.76919],[-79.41331,43.77099],[-79.41362,43.77216],[-79.41348,43.77218],[-79.41362,43.77216],[-79.41441,43.77529],[-79.41426,43.77531],[-79.41441,43.77529],[-79.41512,43.77801],[-79.41591,43.78196]],[[-79.7495,43.60753],[-79.75001,43.60703],[-79.75154,43.6079],[-79.75086,43.60853]],[[-79.74955,43.61214],[-79.75113,43.61437],[-79.75297,43.61383],[-79.75472,43.61271],[-79.75545,43.61266],[-79.75897,43.61515],[-79.76023,43.61639],[-79.76062,43.61713],[-79.76042,43.61793],[-79.75705,43.62152],[-79.74944,43.62858],[-79.74398,43.6349],[-79.74181,43.63703],[-79.73423,43.64279],[-79.72387,43.6483],[-79.7188,43.65161],[-79.70924,43.65955],[-79.70409,43.66435],[-79.70037,43.66823],[-79.69798,43.67113],[-79.69518,43.67549],[-79.69389,43.67853],[-79.69156,43.68596],[-79.68953,43.69019],[-79.67753,43.70876],[-79.67629,43.71094],[-79.67559,43.7129],[-79.67529,43.71453],[-79.67481,43.72326],[-79.67415,43.72544],[-79.67322,43.72711],[-79.67155,43.72907],[-79.66916,43.73089],[-79.65023,43.74253],[-79.64664,43.74524],[-79.64021,43.75086],[-79.63838,43.75213],[-79.63652,43.75305],[-79.63433,43.7538],[-79.60918,43.75977],[-79.60157,43.76197],[-79.59236,43.76545],[-79.58493,43.76794],[-79.5653,43.77594],[-79.55875,43.77822],[-79.55255,43.77976],[-79.54564,43.78086],[-79.54332,43.78105],[-79.54045,43.78075],[-79.53883,43.78],[-79.53761,43.77871],[-79.53691,43.77714],[-79.53451,43.76991],[-79.52363,43.72367],[-79.52306,43.72211],[-79.51907,43.71653]],[[-79.74304,43.60711],[-79.7435,43.60696],[-79.74646,43.60716],[-79.74715,43.60682]],[[-79.7383,43.6402],[-79.74177,43.63757]],[[-79.71728,43.65339],[-79.71915,43.65186]],[[-79.70316,43.66589],[-79.70614,43.66298]],[[-79.6967,43.67387],[-79.69876,43.6709],[-79.70199,43.66712]],[[-79.68995,43.69023],[-79.6906,43.68917],[-79.69203,43.68595],[-79.6945,43.67819],[-79.69642,43.67429]],[[-79.68156,43.63114],[-79.69306,43.62675],[-79.69627,43.62538]],[[-79.67912,43.70704],[-79.68789,43.69362],[-79.68953,43.69093]],[[-79.67472,43.72492],[-79.6752,43.72352],[-79.67571,43.7147],[-79.67602,43.71299],[-79.67672,43.71099]],[[-79.67218,43.72895],[-79.6734,43.72752]],[[-79.57102,43.68944],[-79.57234,43.68719]],[[-79.55958,43.77835],[-79.56251,43.77742],[-79.56394,43.77684]],[[-79.55274,43.70926],[-79.55466,43.70828],[-79.5559,43.70717],[-79.55971,43.70292]],[[-79.53413,43.77004],[-79.53558,43.7809],[-79.53603,43.78171],[-79.53675,43.7824],[-79.53776,43.78294],[-79.539,43.78326],[-79.54143,43.78311],[-79.55065,43.78047]],[[-79.52285,43.7227],[-79.52322,43.72384],[-79.52845,43.74589]],[[-79.50723,43.71809],[-79.51268,43.71742],[-79.51589,43.71748],[-79.52,43.71906],[-79.52118,43.72017]],[[-79.51777,43.71588],[-79.51672,43.71586],[-79.51569,43.71612]],[[-79.44663,43.73084],[-79.44737,43.73144],[-79.44811,43.73167],[-79.44914,43.73169],[-79.45033,43.73135],[-79.45263,43.73017],[-79.45558,43.72898],[-79.45796,43.72828],[-79.478,43.72391],[-79.47895,43.72396],[-79.48042,43.72453],[-79.4817,43.72438],[-79.48174,43.7234],[-79.48233,43.72295],[-79.49047,43.72071],[-79.4942,43.72005],[-79.49712,43.7198],[-79.50257,43.71835],[-79.50691,43.71785]],[[-79.4997,43.71953],[-79.50281,43.71872]],[[-79.44663,43.73084],[-79.44935,43.73026]],[[-79.44935,43.73026],[-79.44997,43.73014],[-79.45053,43.73038],[-79.45045,43.73082],[-79.44982,43.73092],[-79.44939,43.73055],[-79.44935,43.73026]],[[-79.44935,43.73026],[-79.44894,43.72795],[-79.44905,43.72773]],[[-79.44735,43.72833],[-79.44661,43.72919],[-79.44636,43.73018],[-79.44663,43.73084]],[[-79.40959,43.75606],[-79.4092,43.75425],[-79.40937,43.75366],[-79.41093,43.7522],[-79.41551,43.74918],[-79.41785,43.74638],[-79.41872,43.74563],[-79.4264,43.7407],[-79.43717,43.73433],[-79.44045,43.73266],[-79.44291,43.73217],[-79.44663,43.73084]],[[-79.41512,43.78218],[-79.41441,43.78242],[-79.41422,43.78208],[-79.41547,43.78178]]]}},{"type":"Feature","properties":{"r":"GO 29","n":"Guelph / Mississauga","m":"go","f":[],"day":true,"h":50,"in":true},"geometry":{"type":"MultiLineString","coordinates":[[[-80.24649,43.54488],[-80.24559,43.54559],[-80.24579,43.54598],[-80.25042,43.54363],[-80.2487,43.54216],[-80.24355,43.54023],[-80.24272,43.53936],[-80.22652,43.52771],[-80.22427,43.52941],[-80.22547,43.5303],[-80.22594,43.52998],[-80.22472,43.52908],[-80.22652,43.52771],[-80.22592,43.52719],[-80.22427,43.52638],[-80.21749,43.52442],[-80.20827,43.51993],[-80.20716,43.51929],[-80.20322,43.51644],[-80.20335,43.51635],[-80.20322,43.51644],[-80.19843,43.51298],[-80.19724,43.51199],[-80.1965,43.51097],[-80.19417,43.50496],[-80.19434,43.50491],[-80.19417,43.50496],[-80.19311,43.50345],[-80.19159,43.50206],[-80.16069,43.4796],[-80.15905,43.47832],[-80.15563,43.47502],[-80.15403,43.47379],[-80.15228,43.47279],[-80.14986,43.47173],[-80.15002,43.47154],[-80.14986,43.47173],[-80.14594,43.47001],[-80.14474,43.46926],[-80.14149,43.46636],[-80.14176,43.4662],[-80.14149,43.46636],[-80.13539,43.46101],[-80.13468,43.4615],[-80.1344,43.46128],[-80.13446,43.46085],[-80.13382,43.46037],[-80.13353,43.46038],[-80.1334,43.46061],[-80.1337,43.4609],[-80.13468,43.4615],[-80.13539,43.46101],[-80.13409,43.45998],[-80.12695,43.45484],[-80.12405,43.45294],[-80.12365,43.45225],[-80.12382,43.45196],[-80.12434,43.4518],[-80.1253,43.45183],[-80.12558,43.45201],[-80.12562,43.45228],[-80.12435,43.45313],[-80.11698,43.45629],[-80.0639,43.47119],[-80.0594,43.47193],[-80.04051,43.4727],[-80.03714,43.47308],[-80.00741,43.48113],[-80.00484,43.482],[-80.00258,43.48304],[-79.98408,43.49318],[-79.98217,43.49404],[-79.9792,43.49477],[-79.96694,43.49594],[-79.96392,43.49677],[-79.96204,43.49775],[-79.96031,43.49918],[-79.95272,43.5089],[-79.95036,43.51131],[-79.94848,43.5127],[-79.9312,43.52331],[-79.92897,43.52408],[-79.92673,43.52446],[-79.90789,43.52667],[-79.90562,43.52634],[-79.90442,43.52653],[-79.90294,43.5275],[-79.90371,43.52811],[-79.90413,43.52799],[-79.90384,43.52748],[-79.90335,43.52719],[-79.90263,43.52778],[-79.90211,43.5291],[-79.90083,43.52993],[-79.88687,43.53626],[-79.88235,43.53749],[-79.86907,43.5395],[-79.86548,43.5406],[-79.86245,43.54201],[-79.85901,43.54443],[-79.81596,43.583],[-79.81403,43.5844],[-79.81241,43.58502],[-79.81088,43.58512],[-79.80941,43.58481],[-79.80615,43.58291],[-79.79604,43.5755],[-79.79055,43.57185],[-79.78462,43.56714],[-79.77081,43.55705],[-79.76261,43.55191],[-79.75604,43.54626],[-79.74587,43.53884],[-79.74215,43.53658],[-79.73538,43.53293],[-79.73236,43.53044],[-79.73107,43.52989],[-79.72776,43.52906],[-79.72514,43.52768],[-79.72412,43.52685],[-79.72418,43.52638],[-79.72468,43.52604],[-79.72523,43.52598],[-79.72582,43.52623],[-79.72603,43.52665],[-79.72586,43.52709],[-79.71933,43.53419],[-79.71686,43.53669],[-79.71445,43.53885],[-79.71204,43.54062],[-79.71103,43.54102],[-79.70899,43.5413],[-79.70786,43.54206],[-79.71121,43.54454],[-79.71221,43.54369],[-79.71229,43.54357],[-79.71122,43.54285],[-79.71331,43.54112],[-79.71394,43.54097],[-79.71396,43.54075],[-79.71365,43.54077],[-79.71211,43.54198],[-79.7122,43.54203],[-79.70839,43.54513],[-79.69998,43.55232],[-79.69933,43.55306],[-79.70018,43.55366],[-79.6988,43.5549],[-79.69483,43.55306],[-79.69476,43.55461],[-79.69446,43.55506],[-79.69171,43.55708],[-79.68413,43.56185],[-79.68055,43.56477],[-79.67794,43.56733],[-79.66996,43.57649],[-79.66647,43.57984],[-79.6623,43.58333],[-79.66012,43.58392],[-79.65927,43.58442],[-79.65885,43.58495],[-79.65859,43.58627],[-79.65789,43.58726],[-79.64911,43.59546],[-79.6471,43.59431],[-79.64394,43.59727],[-79.64154,43.59877],[-79.64231,43.59934],[-79.64281,43.60021],[-79.64266,43.60101],[-79.64222,43.60181],[-79.6385,43.60569],[-79.6312,43.61223],[-79.63078,43.61282],[-79.63041,43.61426],[-79.62983,43.61548],[-79.62433,43.62096],[-79.62035,43.62458],[-79.61694,43.6282],[-79.60885,43.63476],[-79.60688,43.63575],[-79.60681,43.63656],[-79.60724,43.63713],[-79.61197,43.63992],[-79.61376,43.64118],[-79.61394,43.64153],[-79.61384,43.64239],[-79.61031,43.64551],[-79.6087,43.6466],[-79.60621,43.64937],[-79.6042,43.65098],[-79.59326,43.66104],[-79.59272,43.66189],[-79.59169,43.66287],[-79.58874,43.66529],[-79.58781,43.66677],[-79.58655,43.66701],[-79.58602,43.66847],[-79.58553,43.66904],[-79.58421,43.66958],[-79.58095,43.67032],[-79.57761,43.67055],[-79.57428,43.67113],[-79.5738,43.67071],[-79.57357,43.66993],[-79.57391,43.66788],[-79.5737,43.66676],[-79.57195,43.66298],[-79.57039,43.65888],[-79.56635,43.65104],[-79.56327,43.64442],[-79.56129,43.63953],[-79.56016,43.63388],[-79.55943,43.63198],[-79.55844,43.63025],[-79.55849,43.62969],[-79.55929,43.62864],[-79.55913,43.62812],[-79.55881,43.62801],[-79.55736,43.62832],[-79.54669,43.63113],[-79.54344,43.63283],[-79.53999,43.63609],[-79.53949,43.63578],[-79.53921,43.63523],[-79.53844,43.63569]],[[-80.12089,43.45505],[-80.12172,43.45476],[-80.12586,43.45457]],[[-79.90552,43.52803],[-79.90792,43.52707]],[[-79.9015,43.52997],[-79.9029,43.5296],[-79.90605,43.52979],[-79.90648,43.52958],[-79.90687,43.52908],[-79.90552,43.52803]],[[-79.90552,43.52803],[-79.90421,43.52707]],[[-79.90538,43.5281],[-79.90613,43.529],[-79.90595,43.52934],[-79.90543,43.52956],[-79.90431,43.52945],[-79.90411,43.52892],[-79.90538,43.5281]],[[-79.90407,43.52716],[-79.90538,43.5281]],[[-79.81014,43.58854],[-79.81502,43.58418]],[[-79.81014,43.58854],[-79.81002,43.59023],[-79.80935,43.59177],[-79.80876,43.59257],[-79.80717,43.59364],[-79.80636,43.59353],[-79.8059,43.593],[-79.80605,43.59248],[-79.80679,43.59152],[-79.81014,43.58854]],[[-79.80632,43.58347],[-79.80892,43.58573],[-79.80982,43.58726],[-79.81014,43.58854]],[[-79.7375,43.53453],[-79.74226,43.53712]],[[-79.73582,43.5337],[-79.73713,43.53437]],[[-79.71353,43.54039],[-79.71513,43.53899],[-79.7217,43.53267],[-79.72335,43.5314],[-79.7244,43.53084],[-79.72583,43.53045],[-79.72749,43.53039],[-79.73077,43.53127],[-79.7355,43.53345]],[[-79.69245,43.55703],[-79.69384,43.55629],[-79.695,43.55588],[-79.69751,43.55584],[-79.69809,43.55562],[-79.69856,43.55523]],[[-79.64465,43.60088],[-79.64496,43.60047],[-79.6655,43.58117]],[[-79.64879,43.59574],[-79.64621,43.59793],[-79.6451,43.59798],[-79.64426,43.59751]],[[-79.64465,43.60088],[-79.64519,43.60128],[-79.64539,43.6016],[-79.64527,43.60216],[-79.6445,43.60231],[-79.64401,43.60186],[-79.6441,43.60153],[-79.64465,43.60088]],[[-79.64298,43.5997],[-79.64465,43.60088]],[[-79.64119,43.59896],[-79.64078,43.59907],[-79.63991,43.59868],[-79.63992,43.59819],[-79.64029,43.59802],[-79.64079,43.59813],[-79.64129,43.59846]],[[-79.58604,43.66906],[-79.58693,43.66846],[-79.58756,43.66722]],[[-79.55464,43.62945],[-79.55553,43.62937],[-79.55618,43.62957],[-79.55846,43.63373],[-79.5649,43.64975],[-79.57027,43.66123],[-79.57299,43.66782],[-79.57326,43.66938]],[[-79.57317,43.66994],[-79.57285,43.67148]],[[-79.57285,43.67148],[-79.57271,43.67202],[-79.57218,43.67245],[-79.57174,43.67239],[-79.57131,43.6719],[-79.57285,43.67148]],[[-79.53816,43.63598],[-79.53788,43.63627],[-79.53753,43.63613],[-79.53804,43.63569]]]}},{"type":"Feature","properties":{"r":"GO 30","n":"Kitchener / Vaughan","m":"go","f":[],"day":true,"h":43},"geometry":{"type":"MultiLineString","coordinates":[[[-80.53863,43.47525],[-80.53992,43.47698],[-80.54202,43.47623],[-80.54122,43.47525],[-80.5405,43.47505],[-80.54027,43.47451]],[[-80.53918,43.47457],[-80.5384,43.47491],[-80.53626,43.47206],[-80.51981,43.47802],[-80.51534,43.47262],[-80.51283,43.47025],[-80.51088,43.46858],[-80.50164,43.46306],[-80.49773,43.45944],[-80.4962,43.45833],[-80.49504,43.45643],[-80.49378,43.45481],[-80.49177,43.45549],[-80.49193,43.45574],[-80.49268,43.45546],[-80.49255,43.45522],[-80.49378,43.45481],[-80.49332,43.45449],[-80.47492,43.44627],[-80.47422,43.44611],[-80.47327,43.44633],[-80.47253,43.44628],[-80.46759,43.4443],[-80.46241,43.43968],[-80.45844,43.4382],[-80.4589,43.43683],[-80.44352,43.43193],[-80.44129,43.43107],[-80.43928,43.42987],[-80.43609,43.42694],[-80.43409,43.42574],[-80.43237,43.4251],[-80.42382,43.42294],[-80.42066,43.42195],[-80.4139,43.41897],[-80.40726,43.41534],[-80.39821,43.41286],[-80.38725,43.40861],[-80.38505,43.40746],[-80.37929,43.40385],[-80.37803,43.40335],[-80.37653,43.40312],[-80.37466,43.40333],[-80.37301,43.40399],[-80.36778,43.40643],[-80.35893,43.41165],[-80.35714,43.41238],[-80.35493,43.41299],[-80.35165,43.41338],[-80.33142,43.41382],[-80.30322,43.41481],[-80.30105,43.41507],[-80.28651,43.41934],[-80.26844,43.42678],[-80.23995,43.4357],[-80.1663,43.44964],[-80.16265,43.44987],[-80.13817,43.4494],[-80.13312,43.44994],[-80.12815,43.45141],[-80.11937,43.45539],[-80.11677,43.45636],[-80.0639,43.47119],[-80.0594,43.47193],[-80.04051,43.4727],[-80.03714,43.47308],[-80.00682,43.4813],[-80.00258,43.48304],[-79.98408,43.49318],[-79.98217,43.49404],[-79.9792,43.49477],[-79.96645,43.49602],[-79.96435,43.49661],[-79.96272,43.49735],[-79.96141,43.4982],[-79.96013,43.49937],[-79.95272,43.5089],[-79.95036,43.51131],[-79.94848,43.5127],[-79.93961,43.51821],[-79.93222,43.52278],[-79.93064,43.52355],[-79.92744,43.52437],[-79.91135,43.52623],[-79.90835,43.52672],[-79.90556,43.52777],[-79.88622,43.53649],[-79.88235,43.53749],[-79.86907,43.5395],[-79.86548,43.5406],[-79.86245,43.54201],[-79.85901,43.54443],[-79.80281,43.59481],[-79.80094,43.59623],[-79.7981,43.59782],[-79.79471,43.5991],[-79.79019,43.60004],[-79.75605,43.60268],[-79.75226,43.60324],[-79.74834,43.60416],[-79.74594,43.60394],[-79.74509,43.60429],[-79.74474,43.60455],[-79.75041,43.60889],[-79.74953,43.60925],[-79.7481,43.60916],[-79.7478,43.6099],[-79.74764,43.60985],[-79.7478,43.6099],[-79.74758,43.61019],[-79.7484,43.61075],[-79.74933,43.6118],[-79.75175,43.61044],[-79.75244,43.61041],[-79.7593,43.61542],[-79.76056,43.61689],[-79.76062,43.6174],[-79.76042,43.61793],[-79.75705,43.62152],[-79.74944,43.62858],[-79.74398,43.6349],[-79.74181,43.63703],[-79.73423,43.64279],[-79.72387,43.6483],[-79.7188,43.65161],[-79.70924,43.65955],[-79.70409,43.66435],[-79.70037,43.66823],[-79.69798,43.67113],[-79.69518,43.67549],[-79.69389,43.67853],[-79.69276,43.68218],[-79.69182,43.68425],[-79.6912,43.68491],[-79.68927,43.68634],[-79.70048,43.6947],[-79.70084,43.69499],[-79.70086,43.69537],[-79.69647,43.69892],[-79.69293,43.70255],[-79.6926,43.70235],[-79.6932,43.70155],[-79.68841,43.70247],[-79.68818,43.7026],[-79.68829,43.7027],[-79.68905,43.70239],[-79.69008,43.70219],[-79.69011,43.70227],[-79.69207,43.70178],[-79.6926,43.70235],[-79.69322,43.70156],[-79.68911,43.70238],[-79.68898,43.70265],[-79.68822,43.70311],[-79.68306,43.69929],[-79.6826,43.69879],[-79.68264,43.69835],[-79.68323,43.69818],[-79.68371,43.6985],[-79.68371,43.69887],[-79.68317,43.70002],[-79.67706,43.70949],[-79.67583,43.71211],[-79.67529,43.71453],[-79.67481,43.72326],[-79.67399,43.72579],[-79.67267,43.72783],[-79.67135,43.72926],[-79.66916,43.73089],[-79.65023,43.74253],[-79.64664,43.74524],[-79.64021,43.75086],[-79.63859,43.75201],[-79.63652,43.75305],[-79.63433,43.7538],[-79.60918,43.75977],[-79.60157,43.76197],[-79.59236,43.76545],[-79.58387,43.76835],[-79.56296,43.77684],[-79.55669,43.7788],[-79.53766,43.78289],[-79.53163,43.78397],[-79.52413,43.78422],[-79.52263,43.78454],[-79.5223,43.78388],[-79.52314,43.78366],[-79.52346,43.78332],[-79.5234,43.78305]],[[-80.51941,43.47817],[-80.51708,43.47901],[-80.50906,43.48299],[-80.50437,43.48494],[-80.50261,43.4854],[-80.50163,43.48523],[-80.50102,43.48475],[-80.49944,43.4824],[-80.49615,43.47598],[-80.49504,43.47477],[-80.49383,43.47398],[-80.49186,43.47326],[-80.48949,43.47299],[-80.48249,43.47393],[-80.48054,43.47392],[-80.478,43.47325],[-80.47678,43.47258],[-80.47615,43.47198],[-80.47512,43.47064],[-80.47157,43.46407],[-80.47137,43.46282],[-80.47166,43.45868],[-80.4715,43.45772],[-80.47104,43.45671],[-80.47027,43.45572],[-80.46532,43.45129],[-80.46217,43.44768],[-80.45696,43.44346],[-80.4564,43.44212],[-80.45622,43.44091],[-80.45633,43.43997],[-80.45685,43.43845],[-80.45689,43.43765],[-80.45657,43.43686],[-80.45604,43.43634]],[[-80.36727,43.40719],[-80.36918,43.40638],[-80.37515,43.40424],[-80.37706,43.4039],[-80.37852,43.40404],[-80.37918,43.40425]],[[-80.35934,43.41187],[-80.36085,43.41098]],[[-79.79505,43.60247],[-79.79832,43.59981],[-79.80215,43.5976],[-79.80863,43.59433],[-79.80945,43.59354],[-79.81001,43.59262],[-79.81195,43.58745],[-79.81366,43.58562]],[[-79.80675,43.59074],[-79.80098,43.59439],[-79.7999,43.59571],[-79.79961,43.59652]],[[-79.7992,43.59766],[-79.799,43.59821],[-79.79846,43.59903],[-79.7907,43.60567],[-79.78558,43.60927],[-79.78074,43.61178],[-79.77711,43.61303],[-79.77141,43.61416],[-79.76807,43.61505],[-79.764,43.61666],[-79.76084,43.61843],[-79.75966,43.61932]],[[-79.78732,43.60854],[-79.78944,43.60704]],[[-79.75773,43.62138],[-79.76016,43.6197],[-79.76112,43.6195],[-79.76301,43.61959],[-79.76405,43.61895],[-79.76264,43.61788]],[[-79.76194,43.61735],[-79.76064,43.61637]],[[-79.74821,43.6067],[-79.74784,43.60625],[-79.74795,43.60565],[-79.74844,43.60513],[-79.75171,43.60383],[-79.75302,43.60353]],[[-79.74941,43.60762],[-79.75001,43.60703],[-79.75154,43.6079],[-79.75073,43.60865]],[[-79.74842,43.63037],[-79.74984,43.62876]],[[-79.7383,43.6402],[-79.74177,43.63757]],[[-79.71728,43.65339],[-79.71915,43.65186]],[[-79.70873,43.66057],[-79.71056,43.65897]],[[-79.70316,43.66589],[-79.70614,43.66298]],[[-79.69255,43.68829],[-79.69227,43.68794],[-79.6921,43.68712],[-79.69365,43.68074],[-79.69532,43.67631],[-79.69792,43.67201],[-79.70206,43.66704]],[[-79.67943,43.70655],[-79.68094,43.70427],[-79.68246,43.70245],[-79.68492,43.70117]],[[-79.67733,43.70985],[-79.67855,43.70793]],[[-79.6746,43.72521],[-79.67513,43.72386],[-79.67539,43.7221],[-79.67571,43.7147],[-79.6764,43.71183]],[[-79.67351,43.72727],[-79.67422,43.72617]],[[-79.66976,43.73094],[-79.67098,43.73003]],[[-79.56461,43.7766],[-79.57064,43.77415]],[[-79.55808,43.77878],[-79.56003,43.77818]],[[-79.52268,43.78494],[-79.52357,43.78691],[-79.52723,43.78642],[-79.5305,43.78496],[-79.53552,43.78368]],[[-79.52445,43.78308],[-79.52569,43.78292],[-79.52548,43.78317],[-79.52385,43.7834]],[[-79.52317,43.78272],[-79.52266,43.78196],[-79.52148,43.78227],[-79.52206,43.78356]]]}},{"type":"Feature","properties":{"r":"GO 31","n":"Guelph / Toronto","m":"go","f":[],"day":true,"h":null,"in":true},"geometry":{"type":"MultiLineString","coordinates":[[[-80.24615,43.54582],[-80.24774,43.545]],[[-80.2244,43.52931],[-80.22427,43.52941],[-80.22549,43.5303],[-80.22594,43.52999],[-80.22558,43.52967]],[[-80.22528,43.5294],[-80.22472,43.52908],[-80.22643,43.52779],[-80.24206,43.53888],[-80.243,43.53959],[-80.24366,43.5404],[-80.24859,43.5421],[-80.25042,43.54363],[-80.24811,43.54481],[-80.24768,43.54435],[-80.24649,43.54488],[-80.24559,43.54559],[-80.24579,43.54598],[-80.24447,43.54668],[-80.24332,43.54759],[-80.24204,43.54774],[-80.23276,43.55474],[-80.22809,43.55554],[-80.21851,43.55584],[-80.188,43.57825],[-80.18601,43.57936],[-80.18393,43.58328],[-80.17908,43.5889],[-80.16949,43.59927],[-80.16104,43.60667],[-80.15967,43.60728],[-80.15401,43.60912],[-80.1526,43.60987],[-80.15061,43.61228],[-80.14419,43.61884],[-80.13978,43.61569],[-80.13884,43.61454],[-80.13664,43.61354],[-80.12133,43.6028],[-80.12011,43.60221],[-80.11866,43.60192],[-80.11736,43.60194],[-80.11606,43.60224],[-80.11431,43.60324],[-80.08759,43.62708],[-80.08589,43.62811],[-80.08441,43.62845],[-80.04703,43.63332],[-80.0459,43.63302],[-80.04149,43.6297],[-80.03579,43.63463],[-80.03179,43.63418],[-79.99349,43.66873],[-79.98929,43.67236],[-79.98776,43.6732],[-79.98618,43.67352],[-79.98439,43.67341],[-79.98305,43.67299],[-79.97909,43.67121],[-79.95144,43.65062],[-79.94957,43.6498],[-79.94762,43.6497],[-79.94566,43.65032],[-79.94458,43.65104],[-79.94423,43.65154],[-79.93887,43.65641],[-79.93808,43.65688],[-79.93721,43.65704],[-79.93585,43.65676],[-79.92916,43.6517],[-79.92876,43.65158],[-79.91573,43.65091],[-79.91084,43.65517]],[[-79.91523,43.6591],[-79.91702,43.66043],[-79.92134,43.65642],[-79.92019,43.65577],[-79.91868,43.65605]],[[-79.91828,43.6561],[-79.9175,43.65631],[-79.91721,43.65683],[-79.91493,43.65883],[-79.90997,43.655],[-79.90394,43.65069],[-79.90364,43.6503],[-79.87654,43.64884],[-79.87655,43.6487],[-79.87654,43.64884],[-79.87114,43.64854],[-79.86878,43.64793],[-79.86581,43.64611],[-79.86518,43.64591],[-79.85754,43.64696],[-79.85227,43.64788],[-79.84964,43.64857],[-79.84867,43.64903],[-79.84656,43.65054],[-79.83638,43.66],[-79.83295,43.66391],[-79.82394,43.67207],[-79.82223,43.67312],[-79.82311,43.67435],[-79.82176,43.67464],[-79.82168,43.67483],[-79.82212,43.67501],[-79.82307,43.67455],[-79.82314,43.67436],[-79.82298,43.67382],[-79.82235,43.67307],[-79.81933,43.67429],[-79.81766,43.67543],[-79.81669,43.67661],[-79.81547,43.67946],[-79.81438,43.68079],[-79.80268,43.69154],[-79.79332,43.69955],[-79.78798,43.70477],[-79.78719,43.70544],[-79.78683,43.70551],[-79.78647,43.70542],[-79.78604,43.70508],[-79.78619,43.70498],[-79.78604,43.70508],[-79.78054,43.70116],[-79.76164,43.68715],[-79.76256,43.6863],[-79.76328,43.6868],[-79.76182,43.68719],[-79.76171,43.68709],[-79.76256,43.6863],[-79.76147,43.68546],[-79.75905,43.68402],[-79.7583,43.68469],[-79.75812,43.68456],[-79.75824,43.68447],[-79.75812,43.68456],[-79.75256,43.68043],[-79.75267,43.68036],[-79.75256,43.68043],[-79.7493,43.67802],[-79.74387,43.6737],[-79.73322,43.66582],[-79.7221,43.67607],[-79.72186,43.67592],[-79.7221,43.67607],[-79.70153,43.6948],[-79.69617,43.6992],[-79.69293,43.70255],[-79.6926,43.70235],[-79.6932,43.70155],[-79.68841,43.70247],[-79.68818,43.7026],[-79.68829,43.7027],[-79.68905,43.70239],[-79.69008,43.70219],[-79.69011,43.70227],[-79.69207,43.70178],[-79.6926,43.70235],[-79.69322,43.70156],[-79.68911,43.70238],[-79.68898,43.70265],[-79.68822,43.70311],[-79.66347,43.68474],[-79.64614,43.70043],[-79.64235,43.70357],[-79.64059,43.70576],[-79.63933,43.70668],[-79.63796,43.70589],[-79.63783,43.70515],[-79.63725,43.70522],[-79.63743,43.70558],[-79.63933,43.70668],[-79.63028,43.71474],[-79.62786,43.71599],[-79.62317,43.71744],[-79.62119,43.71776],[-79.62017,43.71728],[-79.61754,43.71355],[-79.61447,43.70832],[-79.60614,43.69512],[-79.60285,43.68898],[-79.60079,43.68584],[-79.59922,43.68436],[-79.59496,43.68209],[-79.59367,43.6807],[-79.59315,43.67956],[-79.59213,43.67437],[-79.5917,43.67351],[-79.59068,43.67225],[-79.58862,43.67065],[-79.5874,43.67016],[-79.58633,43.66998],[-79.58459,43.67003],[-79.57995,43.67105],[-79.57762,43.67092],[-79.57578,43.67009],[-79.5749,43.66932],[-79.57379,43.66796],[-79.56934,43.65763],[-79.56344,43.64554],[-79.56142,43.64072],[-79.55711,43.62864],[-79.55212,43.61717],[-79.55132,43.61495],[-79.55073,43.61421],[-79.54961,43.61362],[-79.54834,43.61344],[-79.54689,43.61362],[-79.54256,43.61465],[-79.50505,43.62192],[-79.48274,43.62715],[-79.48046,43.62811],[-79.4754,43.63193],[-79.46895,43.63558],[-79.46426,43.63749],[-79.46024,43.6385],[-79.45746,43.63885],[-79.45478,43.63888],[-79.45158,43.63864],[-79.44828,43.6381],[-79.44417,43.63691],[-79.43476,43.63293],[-79.43306,43.63251],[-79.43119,43.63241],[-79.42892,43.63277],[-79.41234,43.63728],[-79.40265,43.63791],[-79.39701,43.63787],[-79.38436,43.63991],[-79.37655,43.6424],[-79.37587,43.64274],[-79.37552,43.64317],[-79.37543,43.64344],[-79.37584,43.64439],[-79.37713,43.64371],[-79.37716,43.64395]],[[-79.71226,43.68449],[-79.71166,43.68457],[-79.71093,43.68437],[-79.70919,43.68286],[-79.7076,43.68086],[-79.70354,43.67219],[-79.70254,43.67079],[-79.70087,43.66914],[-79.66816,43.64473],[-79.66607,43.64285],[-79.66352,43.64003],[-79.66183,43.6392],[-79.65984,43.63898],[-79.65782,43.63932],[-79.65309,43.64092],[-79.64492,43.64488],[-79.62917,43.65121],[-79.61491,43.65796],[-79.60859,43.66167],[-79.60449,43.66343],[-79.59496,43.66694],[-79.58521,43.66961]],[[-79.70115,43.66997],[-79.70294,43.67217],[-79.70689,43.68069],[-79.70927,43.68438],[-79.70947,43.68615],[-79.71,43.68655]],[[-79.58873,43.67026],[-79.59224,43.66871],[-79.6109,43.66175],[-79.61368,43.66038],[-79.62502,43.65404],[-79.63302,43.65038],[-79.64323,43.64647],[-79.65255,43.64397],[-79.65699,43.64184],[-79.65863,43.64143],[-79.65992,43.64133],[-79.66257,43.64174],[-79.66549,43.64334],[-79.70098,43.66981]],[[-79.61749,43.71418],[-79.61848,43.7163],[-79.61818,43.718],[-79.61861,43.71901],[-79.62148,43.71812]],[[-79.6097,43.70151],[-79.61603,43.71177]],[[-79.57368,43.66846],[-79.57445,43.67029],[-79.57568,43.67151],[-79.57788,43.67233],[-79.57989,43.67236],[-79.58564,43.67161],[-79.58722,43.67159],[-79.58947,43.67219],[-79.59091,43.67327],[-79.59185,43.67502]],[[-79.58623,43.6712],[-79.5877,43.67071]],[[-79.54061,43.61544],[-79.547,43.61469],[-79.54918,43.61485],[-79.54997,43.61519],[-79.5506,43.61574],[-79.55211,43.61814]],[[-79.37749,43.64354],[-79.38283,43.64091],[-79.38533,43.64016]]]}},{"type":"Feature","properties":{"r":"GO 32","n":"Brampton Trinity Common / North York","m":"go","f":[],"day":true,"h":60,"in":true},"geometry":{"type":"MultiLineString","coordinates":[[[-79.7643,43.72695],[-79.76548,43.72751],[-79.76635,43.72848],[-79.76616,43.72886],[-79.76359,43.73114]],[[-79.76115,43.72268],[-79.76271,43.7242],[-79.76313,43.72614],[-79.76362,43.72648]],[[-79.76316,43.73134],[-79.76329,43.73141],[-79.76269,43.73195],[-79.75986,43.73029],[-79.76536,43.72549],[-79.766,43.72507],[-79.76682,43.72518],[-79.76698,43.72555],[-79.76669,43.72588],[-79.76622,43.72595],[-79.76567,43.72572],[-79.7604,43.7216],[-79.75549,43.718],[-79.75332,43.71576],[-79.75254,43.71517],[-79.75051,43.71659],[-79.75121,43.71702],[-79.75216,43.71699],[-79.75209,43.71652],[-79.75168,43.7163],[-79.75128,43.71651],[-79.75108,43.71696],[-79.75063,43.71668],[-79.75266,43.71525],[-79.75189,43.71469],[-79.74795,43.7124],[-79.71584,43.68863],[-79.71409,43.68701],[-79.71385,43.68655],[-79.71372,43.6853],[-79.71275,43.68459],[-79.70117,43.69511],[-79.69647,43.69892],[-79.69293,43.70255],[-79.6926,43.70235],[-79.6932,43.70155],[-79.68841,43.70247],[-79.68818,43.7026],[-79.68829,43.7027],[-79.68905,43.70239],[-79.69008,43.70219],[-79.69011,43.70227],[-79.69207,43.70178],[-79.6926,43.70235],[-79.69322,43.70156],[-79.68911,43.70238],[-79.68898,43.70265],[-79.68822,43.70311],[-79.68306,43.69929],[-79.6826,43.69879],[-79.68264,43.69835],[-79.68323,43.69818],[-79.68371,43.6985],[-79.68371,43.69887],[-79.68317,43.70002],[-79.67706,43.70949],[-79.67583,43.71211],[-79.67529,43.71453],[-79.67473,43.72362],[-79.67382,43.72613],[-79.67244,43.72811],[-79.67091,43.72964],[-79.66916,43.73089],[-79.65023,43.74253],[-79.64664,43.74524],[-79.64021,43.75086],[-79.63838,43.75213],[-79.63652,43.75305],[-79.63433,43.7538],[-79.60918,43.75977],[-79.60157,43.76197],[-79.59236,43.76545],[-79.58493,43.76794],[-79.5653,43.77594],[-79.55875,43.77822],[-79.5537,43.77952],[-79.5194,43.78681],[-79.49609,43.79261],[-79.4917,43.79413],[-79.4888,43.79557],[-79.4857,43.79767],[-79.48353,43.79968],[-79.48174,43.80208],[-79.48076,43.80403],[-79.48014,43.80599],[-79.47953,43.81264],[-79.47925,43.814],[-79.47844,43.81591],[-79.47728,43.8175],[-79.47502,43.81961],[-79.47283,43.82112],[-79.46793,43.82351],[-79.46341,43.82517],[-79.46034,43.82607],[-79.45016,43.82817],[-79.43534,43.83181],[-79.43193,43.83236],[-79.42835,43.83242],[-79.42825,43.83201],[-79.42838,43.83199],[-79.42811,43.83184],[-79.42591,43.82247],[-79.42604,43.82234],[-79.42589,43.82236],[-79.42427,43.81538],[-79.42406,43.81441],[-79.42419,43.81439],[-79.42406,43.81441],[-79.4226,43.80797],[-79.42263,43.80732],[-79.42226,43.80659],[-79.42125,43.80242],[-79.42131,43.80202],[-79.42088,43.80103],[-79.42012,43.79825],[-79.42028,43.79823],[-79.42012,43.79825],[-79.41983,43.79715],[-79.41737,43.78716],[-79.41751,43.78714],[-79.41737,43.78716],[-79.4163,43.78257],[-79.41589,43.78267],[-79.41553,43.78227],[-79.41512,43.78218]],[[-79.7525,43.71655],[-79.75582,43.71874]],[[-79.74804,43.71291],[-79.74953,43.71433],[-79.74983,43.71598],[-79.75018,43.71636]],[[-79.71032,43.68733],[-79.71102,43.68692],[-79.71179,43.68684],[-79.71243,43.68706],[-79.71707,43.69011],[-79.73327,43.70203]],[[-79.68846,43.70344],[-79.69013,43.70471],[-79.69264,43.70592],[-79.71123,43.71983],[-79.71546,43.71681],[-79.71919,43.71904],[-79.71985,43.71919],[-79.72064,43.71846],[-79.72082,43.71855],[-79.72051,43.71871]],[[-79.67943,43.70655],[-79.68094,43.70427],[-79.68246,43.70245],[-79.68492,43.70117]],[[-79.67733,43.70985],[-79.67855,43.70793]],[[-79.67435,43.72584],[-79.67513,43.72386],[-79.67539,43.7221],[-79.67571,43.7147],[-79.6764,43.71183]],[[-79.4884,43.79632],[-79.48953,43.79565]],[[-79.48073,43.80544],[-79.48148,43.80349]],[[-79.47977,43.81347],[-79.47994,43.81293],[-79.48006,43.81128]],[[-79.47778,43.81749],[-79.4785,43.8165]],[[-79.42862,43.83456],[-79.43269,43.83288],[-79.43538,43.83221]],[[-79.42862,43.83456],[-79.42868,43.83483],[-79.42852,43.83579],[-79.42763,43.8363],[-79.42688,43.83611],[-79.42676,43.83584],[-79.42688,43.83556],[-79.42862,43.83456]],[[-79.42824,43.83281],[-79.42862,43.83456]],[[-79.41474,43.78231],[-79.41441,43.78242],[-79.4146,43.78263],[-79.41544,43.78276]]]}},{"type":"Feature","properties":{"r":"GO 33","n":"Guelph / North York","m":"go","f":[],"day":true,"h":38,"in":true},"geometry":{"type":"MultiLineString","coordinates":[[[-80.24615,43.54582],[-80.24774,43.545]],[[-80.2244,43.52931],[-80.22427,43.52941],[-80.22549,43.5303],[-80.22594,43.52999],[-80.22558,43.52967]],[[-80.22528,43.5294],[-80.22472,43.52908],[-80.22643,43.52779],[-80.24206,43.53888],[-80.243,43.53959],[-80.24366,43.5404],[-80.24859,43.5421],[-80.25042,43.54363],[-80.24811,43.54481],[-80.24768,43.54435],[-80.24649,43.54488],[-80.24559,43.54559],[-80.24579,43.54598],[-80.24447,43.54668],[-80.24332,43.54759],[-80.24204,43.54774],[-80.23276,43.55474],[-80.22809,43.55554],[-80.21851,43.55584],[-80.188,43.57825],[-80.18601,43.57936],[-80.18393,43.58328],[-80.17908,43.5889],[-80.16949,43.59927],[-80.16104,43.60667],[-80.15967,43.60728],[-80.15401,43.60912],[-80.1526,43.60987],[-80.15061,43.61228],[-80.14419,43.61884],[-80.13978,43.61569],[-80.13884,43.61454],[-80.13664,43.61354],[-80.12133,43.6028],[-80.12011,43.60221],[-80.11866,43.60192],[-80.11736,43.60194],[-80.11606,43.60224],[-80.11431,43.60324],[-80.08759,43.62708],[-80.08589,43.62811],[-80.08441,43.62845],[-80.04703,43.63332],[-80.0459,43.63302],[-80.04149,43.6297],[-80.03579,43.63463],[-80.03179,43.63418],[-79.99349,43.66873],[-79.9891,43.67251],[-79.98726,43.67335],[-79.9858,43.67354],[-79.98403,43.67333],[-79.97894,43.67112],[-79.95144,43.65062],[-79.94957,43.6498],[-79.94762,43.6497],[-79.94566,43.65032],[-79.94458,43.65104],[-79.94423,43.65154],[-79.93887,43.65641],[-79.93808,43.65688],[-79.93721,43.65704],[-79.93585,43.65676],[-79.92916,43.6517],[-79.92876,43.65158],[-79.91573,43.65091],[-79.9105,43.65546]],[[-79.9105,43.65546],[-79.91702,43.66043],[-79.92134,43.65642],[-79.92019,43.65577],[-79.91764,43.65624],[-79.91721,43.65683],[-79.91493,43.65883],[-79.9105,43.65546]],[[-79.9105,43.65546],[-79.90394,43.65069],[-79.90364,43.6503],[-79.87114,43.64854],[-79.86878,43.64793],[-79.86581,43.64611],[-79.86518,43.64591],[-79.85754,43.64696],[-79.85024,43.64837],[-79.8489,43.64889],[-79.84689,43.65026],[-79.83638,43.66],[-79.83295,43.66391],[-79.82394,43.67207],[-79.82268,43.67284]],[[-79.82212,43.67501],[-79.82314,43.67444],[-79.82298,43.67382],[-79.82235,43.67307],[-79.81933,43.67429],[-79.81789,43.67522],[-79.81669,43.67661],[-79.81567,43.6791],[-79.81438,43.68079],[-79.80268,43.69154],[-79.79332,43.69955],[-79.78798,43.70477],[-79.78719,43.70544],[-79.78669,43.70549],[-79.78604,43.70508],[-79.78619,43.70498],[-79.78604,43.70508],[-79.78054,43.70116],[-79.76164,43.68715],[-79.76256,43.6863],[-79.76328,43.6868],[-79.76182,43.68719],[-79.76171,43.68709],[-79.76256,43.6863],[-79.76147,43.68546],[-79.75905,43.68402],[-79.7583,43.68469],[-79.75812,43.68456],[-79.75824,43.68447],[-79.75812,43.68456],[-79.75256,43.68043],[-79.75267,43.68036],[-79.75256,43.68043],[-79.7493,43.67802],[-79.73577,43.6676],[-79.72982,43.66341],[-79.72705,43.66129],[-79.72716,43.66121],[-79.72705,43.66129],[-79.7236,43.65859],[-79.71181,43.65008],[-79.70959,43.65188],[-79.71023,43.65235],[-79.71145,43.6518],[-79.71171,43.65206],[-79.71167,43.65225],[-79.71075,43.65267],[-79.70731,43.65026],[-79.70477,43.6495],[-79.70316,43.64862],[-79.69539,43.65564],[-79.69171,43.65934],[-79.69078,43.65999],[-79.68984,43.66004],[-79.68761,43.65891],[-79.68436,43.65682],[-79.66816,43.64473],[-79.6662,43.64298],[-79.66328,43.63987],[-79.66131,43.63909],[-79.65886,43.63907],[-79.6563,43.63978],[-79.65286,43.64102],[-79.64492,43.64488],[-79.62796,43.65176],[-79.61921,43.65592],[-79.61261,43.65999],[-79.60869,43.662],[-79.60381,43.66396],[-79.58472,43.67093],[-79.58144,43.67257],[-79.57967,43.67398],[-79.57822,43.6758],[-79.57352,43.6844],[-79.56907,43.69198],[-79.56099,43.70112],[-79.55383,43.70808],[-79.55224,43.7091],[-79.55054,43.70965],[-79.5343,43.71352],[-79.52575,43.71536],[-79.5077,43.71744],[-79.50165,43.71751],[-79.50004,43.71784],[-79.49688,43.7189],[-79.49178,43.71982],[-79.48657,43.72107],[-79.48376,43.72148],[-79.48215,43.72106],[-79.48145,43.72111],[-79.48083,43.72125],[-79.48097,43.72185],[-79.48078,43.72212],[-79.47612,43.72362],[-79.4636,43.72644],[-79.46053,43.72686],[-79.45769,43.72667],[-79.45695,43.72694],[-79.45553,43.72789],[-79.45215,43.72863],[-79.45139,43.72851],[-79.44932,43.72744],[-79.44872,43.72606],[-79.44846,43.72498],[-79.44929,43.7248],[-79.44945,43.72532],[-79.44863,43.72566],[-79.44714,43.72582],[-79.44671,43.72609],[-79.44667,43.72662],[-79.44742,43.7272],[-79.44756,43.72758],[-79.4456,43.72942],[-79.44174,43.7307],[-79.43829,43.73301],[-79.42603,43.74024],[-79.41827,43.74522],[-79.41426,43.74914],[-79.41145,43.75109],[-79.4093,43.75222],[-79.40849,43.75201],[-79.40838,43.75038],[-79.40694,43.74508],[-79.40648,43.7451]],[[-79.60941,43.66208],[-79.61368,43.66038],[-79.62502,43.65404],[-79.63302,43.65038],[-79.64258,43.6467],[-79.65236,43.64404],[-79.6566,43.64198],[-79.65906,43.64137],[-79.66088,43.64138],[-79.66257,43.64174],[-79.66549,43.64334],[-79.68511,43.65789],[-79.6871,43.65968],[-79.68748,43.66036],[-79.68772,43.6619],[-79.6887,43.66276],[-79.69068,43.66102],[-79.69175,43.6598]],[[-79.57102,43.68944],[-79.57233,43.68721]],[[-79.55274,43.70926],[-79.55466,43.70828],[-79.5559,43.70717],[-79.55971,43.70292]],[[-79.44663,43.73084],[-79.44737,43.73144],[-79.44811,43.73167],[-79.44914,43.73169],[-79.45033,43.73135],[-79.45263,43.73017],[-79.45558,43.72898],[-79.45796,43.72828],[-79.478,43.72391],[-79.47895,43.72396],[-79.48042,43.72453],[-79.4817,43.72438],[-79.48174,43.7234],[-79.48233,43.72295],[-79.49047,43.72071],[-79.4942,43.72005],[-79.49712,43.7198],[-79.50257,43.71835],[-79.50691,43.71785]],[[-79.44663,43.73084],[-79.44935,43.73026]],[[-79.44935,43.73026],[-79.44997,43.73014],[-79.45053,43.73038],[-79.45045,43.73082],[-79.44982,43.73092],[-79.44939,43.73055],[-79.44935,43.73026]],[[-79.44935,43.73026],[-79.44894,43.72795],[-79.44905,43.72773]],[[-79.44735,43.72833],[-79.44661,43.72919],[-79.44636,43.73018],[-79.44663,43.73084]],[[-79.40839,43.75389],[-79.41544,43.74924],[-79.41785,43.74638],[-79.41862,43.7457],[-79.4264,43.7407],[-79.43717,43.73433],[-79.44045,43.73266],[-79.44291,43.73217],[-79.44663,43.73084]],[[-79.40839,43.75389],[-79.4085,43.75469],[-79.40836,43.75502],[-79.40804,43.75515],[-79.40746,43.75491],[-79.40766,43.75441],[-79.40839,43.75389]],[[-79.40802,43.75095],[-79.40803,43.75244],[-79.40839,43.75389]]]}},{"type":"Feature","properties":{"r":"GO 36","n":"Brampton / North York Express","m":"go","f":[],"day":true,"h":60,"in":true},"geometry":{"type":"MultiLineString","coordinates":[[[-79.72051,43.71871],[-79.72012,43.71917],[-79.71985,43.71919],[-79.7158,43.71686],[-79.71533,43.71676],[-79.71115,43.71977],[-79.69264,43.70592],[-79.69024,43.70463],[-79.68822,43.70311],[-79.68898,43.70265],[-79.68911,43.70238],[-79.69207,43.70178],[-79.6926,43.70235],[-79.69322,43.70156],[-79.68911,43.70238],[-79.68898,43.70265],[-79.68822,43.70311],[-79.68306,43.69929],[-79.68256,43.69871],[-79.6826,43.69842],[-79.68286,43.69822],[-79.6834,43.69822],[-79.68373,43.69858],[-79.68366,43.699],[-79.68317,43.70002],[-79.67706,43.70949],[-79.67583,43.71211],[-79.67529,43.71453],[-79.67473,43.72362],[-79.67382,43.72613],[-79.6722,43.7284],[-79.67091,43.72964],[-79.66893,43.73105],[-79.65023,43.74253],[-79.63875,43.75168],[-79.63674,43.75248],[-79.63496,43.7525],[-79.63375,43.75209],[-79.63283,43.75138],[-79.63185,43.7503],[-79.63065,43.7482],[-79.62996,43.74587],[-79.62679,43.73081],[-79.62593,43.72839],[-79.61962,43.71701],[-79.61447,43.70832],[-79.60976,43.69953],[-79.60796,43.69798],[-79.6058,43.69711],[-79.59865,43.69659],[-79.59423,43.69664],[-79.59046,43.69712],[-79.58465,43.69837],[-79.57717,43.69848],[-79.57254,43.69934],[-79.56986,43.70025],[-79.56709,43.70154],[-79.56204,43.70493],[-79.56088,43.70517],[-79.55832,43.70509],[-79.55725,43.70535],[-79.55632,43.70591],[-79.55393,43.70817],[-79.55206,43.70924],[-79.52642,43.71524],[-79.51864,43.71628],[-79.5077,43.71744],[-79.50165,43.71751],[-79.50004,43.71784],[-79.49688,43.7189],[-79.49178,43.71982],[-79.48657,43.72107],[-79.48376,43.72148],[-79.48166,43.72107],[-79.48083,43.72125],[-79.48097,43.72185],[-79.48078,43.72212],[-79.47612,43.72362],[-79.4636,43.72644],[-79.46053,43.72686],[-79.45769,43.72667],[-79.45695,43.72694],[-79.45553,43.72789],[-79.45215,43.72863],[-79.45139,43.72851],[-79.44932,43.72744],[-79.44872,43.72606],[-79.44846,43.72498],[-79.44929,43.7248],[-79.44945,43.72532],[-79.44863,43.72566],[-79.44714,43.72582],[-79.44671,43.72609],[-79.44667,43.72662],[-79.44742,43.7272],[-79.44756,43.72758],[-79.4456,43.72942],[-79.44174,43.7307],[-79.43829,43.73301],[-79.42603,43.74024],[-79.41827,43.74522],[-79.41426,43.74914],[-79.41145,43.75109],[-79.4093,43.75222],[-79.40849,43.75201],[-79.40838,43.75038],[-79.40694,43.74508],[-79.40648,43.7451]],[[-79.67707,43.71041],[-79.6803,43.70522],[-79.68215,43.70276],[-79.68295,43.70209],[-79.68491,43.70117]],[[-79.67435,43.72584],[-79.67513,43.72386],[-79.67539,43.7221],[-79.67576,43.71426]],[[-79.62957,43.74598],[-79.63021,43.75212],[-79.63069,43.75299],[-79.63134,43.75359],[-79.63227,43.75411],[-79.63348,43.75445],[-79.63573,43.75438],[-79.63812,43.75329],[-79.6451,43.74713]],[[-79.60118,43.69718],[-79.60459,43.69763],[-79.60634,43.69828],[-79.60814,43.69942],[-79.60959,43.70116],[-79.61635,43.71227]],[[-79.44663,43.73084],[-79.44737,43.73144],[-79.44811,43.73167],[-79.44914,43.73169],[-79.45033,43.73135],[-79.45263,43.73017],[-79.45558,43.72898],[-79.45796,43.72828],[-79.478,43.72391],[-79.47895,43.72396],[-79.48042,43.72453],[-79.4817,43.72438],[-79.48174,43.7234],[-79.48233,43.72295],[-79.48747,43.72142],[-79.49121,43.72055],[-79.49342,43.72019],[-79.49849,43.71988],[-79.50258,43.71872],[-79.50475,43.71835],[-79.52509,43.71609],[-79.54078,43.71254],[-79.54494,43.71183],[-79.55474,43.70901],[-79.55549,43.70842],[-79.55772,43.70594],[-79.55887,43.70551]],[[-79.44663,43.73084],[-79.44935,43.73026]],[[-79.44935,43.73026],[-79.44997,43.73014],[-79.45053,43.73038],[-79.45045,43.73082],[-79.44982,43.73092],[-79.44939,43.73055],[-79.44935,43.73026]],[[-79.44935,43.73026],[-79.44894,43.72795],[-79.44905,43.72773]],[[-79.44735,43.72833],[-79.44661,43.72919],[-79.44636,43.73018],[-79.44663,43.73084]],[[-79.40839,43.75389],[-79.41544,43.74924],[-79.41785,43.74638],[-79.41862,43.7457],[-79.4264,43.7407],[-79.43717,43.73433],[-79.44045,43.73266],[-79.44291,43.73217],[-79.44663,43.73084]],[[-79.40839,43.75389],[-79.4085,43.75469],[-79.40836,43.75502],[-79.40804,43.75515],[-79.40746,43.75491],[-79.40766,43.75441],[-79.40839,43.75389]],[[-79.40802,43.75095],[-79.40803,43.75244],[-79.40839,43.75389]]]}},{"type":"Feature","properties":{"r":"GO 37","n":"Orangeville / Brampton","m":"go","f":[],"day":true,"h":null},"geometry":{"type":"MultiLineString","coordinates":[[[-79.76285,43.68694],[-79.76201,43.68723],[-79.76171,43.68709],[-79.76223,43.68661],[-79.76271,43.68686],[-79.76304,43.68664],[-79.76256,43.6863],[-79.76164,43.68715],[-79.777,43.69853],[-79.77683,43.69865],[-79.777,43.69853],[-79.78327,43.70311],[-79.78753,43.70655],[-79.78814,43.70676],[-79.7903,43.70833],[-79.80327,43.71811],[-79.81355,43.72566],[-79.82327,43.73246],[-79.8309,43.73826],[-79.83165,43.7393],[-79.83177,43.74097],[-79.83166,43.74202],[-79.83151,43.74234],[-79.831,43.74252],[-79.83053,43.74236],[-79.83038,43.74196],[-79.83082,43.74158],[-79.83275,43.74134],[-79.83373,43.74146],[-79.83588,43.74211],[-79.83838,43.74369],[-79.85138,43.75347],[-79.85124,43.75357],[-79.85138,43.75347],[-79.87814,43.77336],[-79.87804,43.77343],[-79.87869,43.77375],[-79.90497,43.79321],[-79.90486,43.79329],[-79.90497,43.79321],[-79.90872,43.79577],[-79.91537,43.8009],[-79.92227,43.80576],[-79.95822,43.83248],[-79.95804,43.83261],[-79.95822,43.83248],[-79.97733,43.8465],[-79.98891,43.85508],[-79.98879,43.85517],[-79.98891,43.85508],[-79.99563,43.86007],[-79.99548,43.86018],[-79.99563,43.86007],[-80.03214,43.88693],[-80.03199,43.88704],[-80.03214,43.88693],[-80.05857,43.90621],[-80.07108,43.91538],[-80.07095,43.91547],[-80.07108,43.91538],[-80.07524,43.9183],[-80.08135,43.92113],[-80.08491,43.92332],[-80.08899,43.92732],[-80.08886,43.92738],[-80.08899,43.92732],[-80.09164,43.92984],[-80.09863,43.93285],[-80.10006,43.9339],[-80.10086,43.93304],[-80.10035,43.93081],[-80.10382,43.92982],[-80.10762,43.93013],[-80.10943,43.92992],[-80.11049,43.92959],[-80.11041,43.9295],[-80.11328,43.92722],[-80.11437,43.92655],[-80.11562,43.92607],[-80.11703,43.92582],[-80.11449,43.91549],[-80.09216,43.92039],[-80.0921,43.92024],[-80.09216,43.92039],[-80.08714,43.92147],[-80.08604,43.91883],[-80.08606,43.9182],[-80.09082,43.91374],[-80.09068,43.91356]],[[-80.0903,43.91344],[-80.08933,43.91287],[-80.08918,43.91311],[-80.08959,43.91313],[-80.09029,43.91348]],[[-80.08672,43.9215],[-80.08364,43.92169],[-80.08325,43.92183]],[[-79.83518,43.74148],[-79.83211,43.74013]],[[-79.83041,43.74141],[-79.82956,43.74159],[-79.82754,43.74264],[-79.82396,43.74551],[-79.81459,43.75038],[-79.80656,43.75559],[-79.80443,43.75639],[-79.80197,43.7568],[-79.7995,43.75675],[-79.79742,43.75635],[-79.795,43.75532],[-79.79319,43.754],[-79.78743,43.74663],[-79.78495,43.74385],[-79.78207,43.74121],[-79.77126,43.73265],[-79.76951,43.73083],[-79.76523,43.72559],[-79.76416,43.72457],[-79.7604,43.7216],[-79.71584,43.68863],[-79.71409,43.68701],[-79.71385,43.68655],[-79.71372,43.6853],[-79.71275,43.68459],[-79.70117,43.69511],[-79.69647,43.69892],[-79.69293,43.70255],[-79.6926,43.70235],[-79.6932,43.70155],[-79.68841,43.70247],[-79.68818,43.7026],[-79.68829,43.7027],[-79.68905,43.70239],[-79.69011,43.70227]]]}},{"type":"Feature","properties":{"r":"GO 38","n":"Bolton / Malton","m":"go","f":[],"day":true,"h":null},"geometry":{"type":"MultiLineString","coordinates":[[[-79.63783,43.70515],[-79.63736,43.70517],[-79.63721,43.70537],[-79.63933,43.70668],[-79.62989,43.71503],[-79.62804,43.71593],[-79.62092,43.71815],[-79.61905,43.71858],[-79.6184,43.71823],[-79.61858,43.7178],[-79.61922,43.71774],[-79.61956,43.71799],[-79.62027,43.71896],[-79.62576,43.72883],[-79.62614,43.72977],[-79.62639,43.73175],[-79.6262,43.73246],[-79.62538,43.73367],[-79.62556,43.73454],[-79.6319,43.73314],[-79.63364,43.73332],[-79.63496,43.73408],[-79.63932,43.73741],[-79.64225,43.73907],[-79.64728,43.7427],[-79.64195,43.74801],[-79.64054,43.74914],[-79.63919,43.74983],[-79.63958,43.75021],[-79.63935,43.75033],[-79.63958,43.75021],[-79.64081,43.75167],[-79.64302,43.75765],[-79.64751,43.76535],[-79.64869,43.76755],[-79.64885,43.7682],[-79.64942,43.76893],[-79.65525,43.77913],[-79.65511,43.77918],[-79.65525,43.77913],[-79.65893,43.78559],[-79.65879,43.78563],[-79.65893,43.78559],[-79.65958,43.78657],[-79.66266,43.79208],[-79.66444,43.79481],[-79.66926,43.80349],[-79.67869,43.81932],[-79.68812,43.83562],[-79.68815,43.83602],[-79.68903,43.83716],[-79.69563,43.84844],[-79.69581,43.84866],[-79.69679,43.84805],[-79.69717,43.84759],[-79.69746,43.8468],[-79.69693,43.84669],[-79.69674,43.84688],[-79.69728,43.84734],[-79.69717,43.84759],[-79.69679,43.84805],[-79.69581,43.84866],[-79.69676,43.8496],[-79.70722,43.85728],[-79.70711,43.85736],[-79.70722,43.85728],[-79.71177,43.86058],[-79.71287,43.86146],[-79.71276,43.86154],[-79.71339,43.86181],[-79.7273,43.872],[-79.7303,43.87391],[-79.74038,43.88111],[-79.74314,43.88341],[-79.74914,43.88753],[-79.75437,43.89136],[-79.75423,43.89146]],[[-79.62844,43.7335],[-79.62799,43.73336],[-79.62756,43.73258],[-79.6271,43.7308],[-79.62643,43.72942]],[[-79.62254,43.72222],[-79.6219,43.72041],[-79.62224,43.71869],[-79.62201,43.71823]]]}},{"type":"Feature","properties":{"r":"GO 40","n":"Hamilton / Richmond Hill","m":"go","f":[],"day":true,"h":23,"in":true},"geometry":{"type":"MultiLineString","coordinates":[[[-79.88977,43.29502],[-79.89199,43.29411],[-79.89463,43.29168]],[[-79.89427,43.26051],[-79.89246,43.26061],[-79.86965,43.25536],[-79.87063,43.25312],[-79.87053,43.25309]],[[-79.89304,43.26628],[-79.89344,43.26188],[-79.89376,43.26117],[-79.89427,43.26051]],[[-79.89427,43.26051],[-79.89589,43.25943],[-79.90168,43.258],[-79.90599,43.25636],[-79.90689,43.2565],[-79.90716,43.25672],[-79.90728,43.25716],[-79.90703,43.25843],[-79.90023,43.25939],[-79.89667,43.26025],[-79.89427,43.26051]],[[-79.87008,43.2531],[-79.87015,43.25297],[-79.86801,43.25238],[-79.86655,43.25586],[-79.86731,43.25612],[-79.86725,43.25622],[-79.87182,43.25748],[-79.87174,43.25766],[-79.87182,43.25748],[-79.87896,43.25944],[-79.88508,43.26146],[-79.88768,43.26212],[-79.88759,43.26227],[-79.88768,43.26212],[-79.88985,43.26274],[-79.8918,43.26266],[-79.89241,43.26296],[-79.89257,43.26336],[-79.89265,43.26679],[-79.89233,43.27078],[-79.89273,43.27631],[-79.89213,43.27897],[-79.89207,43.28071],[-79.89288,43.28231],[-79.89572,43.28494],[-79.89666,43.28612],[-79.89702,43.28728],[-79.89693,43.28855],[-79.89628,43.2898],[-79.89559,43.29051],[-79.89005,43.29443],[-79.88881,43.29506],[-79.88242,43.29713],[-79.88063,43.29796],[-79.86871,43.30531],[-79.86178,43.31032],[-79.85982,43.31202],[-79.83877,43.33222],[-79.83709,43.33359],[-79.83328,43.33594],[-79.83232,43.33681],[-79.83156,43.33785],[-79.83094,43.3398],[-79.83103,43.34423],[-79.83236,43.37232],[-79.8329,43.37867],[-79.83287,43.38117],[-79.83246,43.38224],[-79.8311,43.38353],[-79.83125,43.38416],[-79.83211,43.38475],[-79.82715,43.38916],[-79.82804,43.38975],[-79.82896,43.38967],[-79.82807,43.38911],[-79.82889,43.38827],[-79.82922,43.38818],[-79.83005,43.38876],[-79.82905,43.38964],[-79.82831,43.38981],[-79.8273,43.38927],[-79.82976,43.38697],[-79.8312,43.38593],[-79.83194,43.38573],[-79.83269,43.38592],[-79.83314,43.38643],[-79.83351,43.38833],[-79.83397,43.39095],[-79.83396,43.39291],[-79.83358,43.39633],[-79.83294,43.39883],[-79.83146,43.40253],[-79.82923,43.4063],[-79.82744,43.40856],[-79.82492,43.41121],[-79.79724,43.43542],[-79.79329,43.43986],[-79.79124,43.44278],[-79.78987,43.44519],[-79.7886,43.4478],[-79.78755,43.45049],[-79.78642,43.45489],[-79.78482,43.46538],[-79.78399,43.46778],[-79.78297,43.46978],[-79.7806,43.473],[-79.77818,43.47532],[-79.76415,43.48561],[-79.762,43.48768],[-79.76087,43.48934],[-79.76025,43.49083],[-79.75871,43.49728],[-79.75741,43.49976],[-79.75572,43.50194],[-79.75307,43.50431],[-79.74957,43.50674],[-79.74729,43.50712],[-79.74641,43.50766],[-79.74561,43.50707],[-79.74566,43.50652],[-79.74539,43.50616],[-79.74468,43.50574],[-79.74435,43.50593],[-79.74419,43.50613],[-79.74657,43.50824],[-79.74663,43.50899],[-79.74622,43.5096],[-79.74169,43.51397],[-79.73513,43.51946],[-79.73224,43.52154],[-79.72581,43.52738],[-79.71625,43.53726],[-79.69742,43.55329],[-79.69447,43.55535],[-79.68413,43.56185],[-79.68055,43.56477],[-79.67794,43.56733],[-79.66996,43.57649],[-79.66647,43.57984],[-79.6623,43.58333],[-79.66012,43.58392],[-79.65927,43.58442],[-79.65885,43.58495],[-79.65859,43.58627],[-79.65789,43.58726],[-79.64911,43.59546],[-79.6471,43.59431],[-79.64394,43.59727],[-79.64154,43.59877],[-79.64231,43.59934],[-79.64281,43.60021],[-79.64266,43.60101],[-79.64222,43.60181],[-79.6385,43.60569],[-79.6312,43.61223],[-79.63078,43.61282],[-79.63041,43.61426],[-79.62983,43.61548],[-79.62433,43.62096],[-79.62035,43.62458],[-79.61694,43.6282],[-79.60885,43.63476],[-79.60688,43.63575],[-79.60681,43.63656],[-79.60724,43.63713],[-79.61197,43.63992],[-79.61376,43.64118],[-79.61394,43.64153],[-79.61384,43.64239],[-79.61031,43.64551],[-79.6087,43.6466],[-79.60621,43.64937],[-79.6042,43.65098],[-79.59326,43.66104],[-79.59272,43.66189],[-79.59169,43.66287],[-79.58874,43.66529],[-79.58781,43.66677],[-79.58728,43.66793],[-79.58788,43.66787],[-79.58889,43.66645],[-79.58965,43.66671],[-79.59023,43.66715],[-79.59329,43.67222],[-79.59238,43.6725],[-79.59215,43.67284],[-79.59312,43.6752],[-79.5936,43.67935],[-79.59427,43.68077],[-79.5957,43.68209],[-79.59806,43.68314],[-79.60236,43.68454],[-79.60357,43.68444],[-79.60531,43.6838],[-79.60524,43.68359],[-79.60479,43.6835],[-79.60219,43.68493],[-79.60207,43.68546],[-79.60278,43.68588],[-79.60794,43.68543],[-79.61134,43.68581],[-79.61384,43.68645],[-79.61438,43.68619],[-79.61531,43.68489],[-79.61534,43.68448],[-79.61356,43.6831],[-79.61301,43.68229],[-79.61229,43.68191],[-79.61105,43.68185],[-79.61003,43.68246],[-79.60966,43.68332],[-79.60956,43.68479],[-79.60969,43.68531],[-79.61021,43.68562],[-79.61213,43.6858],[-79.61258,43.68615],[-79.61296,43.68678],[-79.61156,43.6916],[-79.61095,43.69308],[-79.60951,43.69557],[-79.60689,43.69692],[-79.60581,43.69701],[-79.60518,43.69659],[-79.60546,43.69617],[-79.60611,43.69619],[-79.6074,43.69768],[-79.61769,43.71442],[-79.62589,43.72913],[-79.62652,43.73118],[-79.62951,43.74535],[-79.62973,43.75111],[-79.62942,43.75231],[-79.62877,43.75341],[-79.62719,43.75485],[-79.62536,43.75568],[-79.62024,43.75715],[-79.60751,43.7602],[-79.59951,43.76267],[-79.59291,43.76525],[-79.58493,43.76794],[-79.5653,43.77594],[-79.55875,43.77822],[-79.55255,43.77976],[-79.53422,43.78359],[-79.53132,43.78401],[-79.52413,43.78422],[-79.52263,43.78454],[-79.5223,43.78388],[-79.52314,43.78366],[-79.52346,43.78332],[-79.52284,43.78226],[-79.52295,43.78217],[-79.52321,43.7822],[-79.52357,43.78284],[-79.52394,43.78305],[-79.52547,43.78286],[-79.52569,43.78299],[-79.52548,43.78317],[-79.52359,43.78341],[-79.52266,43.78196],[-79.52148,43.78227],[-79.52203,43.78411],[-79.52201,43.78482],[-79.52149,43.78564],[-79.52051,43.78623],[-79.5135,43.78829],[-79.49609,43.79261],[-79.4917,43.79413],[-79.4888,43.79557],[-79.4857,43.79767],[-79.48353,43.79968],[-79.48217,43.80141],[-79.48095,43.80358],[-79.48017,43.80587],[-79.47948,43.81301],[-79.47888,43.815],[-79.47817,43.81635],[-79.47728,43.8175],[-79.47422,43.82021],[-79.47222,43.82145],[-79.46793,43.82351],[-79.46431,43.82487],[-79.46034,43.82607],[-79.45016,43.82817],[-79.43534,43.83181],[-79.43216,43.83234],[-79.4296,43.83229],[-79.42817,43.83247],[-79.4294,43.83816],[-79.42941,43.83902],[-79.42912,43.83925],[-79.42787,43.83941],[-79.42654,43.83917],[-79.4259,43.84035],[-79.42552,43.84047],[-79.42527,43.84013]],[[-79.83406,43.38912],[-79.8341,43.38563],[-79.83446,43.38485],[-79.83565,43.38383],[-79.83584,43.38341],[-79.83562,43.38288],[-79.83473,43.38227],[-79.83383,43.38312]],[[-79.83245,43.38455],[-79.83392,43.38327]],[[-79.83392,43.38327],[-79.83453,43.38287],[-79.83488,43.3828],[-79.8354,43.38296],[-79.83557,43.38333],[-79.83525,43.38372],[-79.83462,43.38376],[-79.83392,43.38327]],[[-79.83383,43.38312],[-79.8324,43.38447]],[[-79.83383,43.38312],[-79.83339,43.38115],[-79.83328,43.38]],[[-79.74811,43.50894],[-79.75161,43.50581]],[[-79.74363,43.51266],[-79.74604,43.51096],[-79.74703,43.51066],[-79.74858,43.51055],[-79.74947,43.51008],[-79.74952,43.51001],[-79.74811,43.50894]],[[-79.74811,43.50894],[-79.74691,43.50803]],[[-79.748,43.50905],[-79.74861,43.50975],[-79.74853,43.51022],[-79.74768,43.51037],[-79.74739,43.51013],[-79.74739,43.50976],[-79.748,43.50905]],[[-79.74697,43.5082],[-79.748,43.50905]],[[-79.7277,43.52621],[-79.7301,43.52493],[-79.73117,43.52417],[-79.73355,43.52133],[-79.73441,43.52047]],[[-79.71107,43.54219],[-79.71201,43.5414]],[[-79.66047,43.586],[-79.66521,43.58141]],[[-79.66047,43.586],[-79.66092,43.58645],[-79.66119,43.58696],[-79.66102,43.58738],[-79.66057,43.58756],[-79.66003,43.58748],[-79.65975,43.58724],[-79.65984,43.58669],[-79.66047,43.586]],[[-79.65919,43.58527],[-79.6596,43.58537],[-79.66047,43.586]],[[-79.61599,43.75858],[-79.62988,43.75609],[-79.63125,43.75549],[-79.63232,43.75462],[-79.63291,43.7535],[-79.63295,43.75229],[-79.63263,43.7515],[-79.63111,43.74918],[-79.63041,43.74753],[-79.62918,43.74186]],[[-79.62631,43.73214],[-79.62538,43.73367],[-79.62553,43.73445],[-79.62178,43.73517],[-79.62014,43.73523],[-79.61,43.73405],[-79.61006,43.73339],[-79.60983,43.7328],[-79.60796,43.73116],[-79.60436,43.7299],[-79.6014,43.73038],[-79.60882,43.74705],[-79.61434,43.75592],[-79.61473,43.75701],[-79.61442,43.7579],[-79.61373,43.7583]],[[-79.6214,43.72025],[-79.61914,43.71621]],[[-79.61608,43.71105],[-79.61447,43.70832],[-79.61165,43.70307],[-79.60945,43.6979],[-79.60955,43.69644],[-79.61031,43.69499]],[[-79.61403,43.68591],[-79.61487,43.68462]],[[-79.61236,43.69029],[-79.61301,43.68856],[-79.6134,43.68681]],[[-79.60926,43.68331],[-79.60845,43.68372],[-79.60568,43.68365]],[[-79.59818,43.76362],[-79.60013,43.7629]],[[-79.59365,43.67629],[-79.59408,43.67611],[-79.59462,43.67561],[-79.59483,43.67506],[-79.59474,43.67443],[-79.59359,43.67248]],[[-79.56131,43.77775],[-79.56463,43.7766]],[[-79.52357,43.78691],[-79.52723,43.78642],[-79.5305,43.78496],[-79.53391,43.78404]],[[-79.51396,43.78857],[-79.52042,43.78735],[-79.52357,43.78691]],[[-79.52357,43.78691],[-79.52377,43.78688],[-79.52281,43.78491]],[[-79.52265,43.78494],[-79.52357,43.78691]],[[-79.48287,43.80117],[-79.48409,43.7997]],[[-79.48126,43.80391],[-79.48251,43.80163]],[[-79.48055,43.80607],[-79.48118,43.80415]],[[-79.47857,43.81645],[-79.4794,43.81486],[-79.47994,43.81293],[-79.48053,43.80629]],[[-79.475,43.82006],[-79.47599,43.8193],[-79.47734,43.81798]],[[-79.42945,43.83648],[-79.42945,43.83582],[-79.42963,43.83512],[-79.43062,43.834],[-79.43245,43.83312],[-79.43468,43.83233]],[[-79.43021,43.8327],[-79.43034,43.83276],[-79.43039,43.83305],[-79.43015,43.83332],[-79.4289,43.83397]],[[-79.42177,43.83727],[-79.42494,43.83637],[-79.42862,43.83645]],[[-79.42815,43.83429],[-79.42459,43.83582],[-79.42022,43.83741],[-79.41582,43.8383],[-79.41406,43.83849],[-79.41022,43.83846],[-79.39736,43.83694],[-79.39251,43.83657],[-79.38628,43.83654],[-79.38165,43.83686],[-79.37676,43.83748],[-79.35623,43.8408],[-79.34061,43.84302],[-79.32797,43.84548],[-79.31373,43.8487],[-79.31077,43.84912],[-79.30805,43.84866],[-79.30686,43.84902],[-79.30762,43.85037],[-79.30789,43.85126],[-79.30787,43.8523],[-79.30746,43.85337],[-79.30857,43.85358],[-79.31453,43.85202]],[[-79.41699,43.83847],[-79.41894,43.83808]],[[-79.39426,43.8371],[-79.40518,43.83827]],[[-79.36825,43.83926],[-79.37888,43.83761]],[[-79.30825,43.85106],[-79.30896,43.85044],[-79.31361,43.84912]]]}},{"type":"Feature","properties":{"r":"GO 41","n":"Hamilton / Pickering","m":"go","f":[],"day":true,"h":11,"in":true},"geometry":{"type":"MultiLineString","coordinates":[[[-79.90421,43.25702],[-79.90567,43.25646],[-79.90638,43.25635],[-79.90689,43.2565],[-79.90711,43.25673]],[[-79.89975,43.25951],[-79.89667,43.26025],[-79.89461,43.26048]],[[-79.88975,43.29503],[-79.89199,43.29411],[-79.89449,43.29181]],[[-79.89342,43.26059],[-79.89246,43.26061],[-79.86965,43.25536],[-79.87063,43.25312],[-79.87053,43.25309]],[[-79.87008,43.2531],[-79.87015,43.25297],[-79.86801,43.25238],[-79.86655,43.25586],[-79.86731,43.25612],[-79.86725,43.25622],[-79.87182,43.25748],[-79.87174,43.25766],[-79.87182,43.25748],[-79.87847,43.2593],[-79.88508,43.26146],[-79.88768,43.26212],[-79.88759,43.26227],[-79.88768,43.26212],[-79.88953,43.26269],[-79.89041,43.26273],[-79.89433,43.26184],[-79.89513,43.26176],[-79.89861,43.26247],[-79.89901,43.26199],[-79.9001,43.2597],[-79.90129,43.2593],[-79.90624,43.25859],[-79.91139,43.25802],[-79.92094,43.25779],[-79.92211,43.25815],[-79.92305,43.2592],[-79.92336,43.26232],[-79.92306,43.26242],[-79.92315,43.2614],[-79.92274,43.26143],[-79.92266,43.2618],[-79.92276,43.26205],[-79.92306,43.2621],[-79.92331,43.26336],[-79.92559,43.26321],[-79.92528,43.26267],[-79.92432,43.26271],[-79.92395,43.26256],[-79.92322,43.25923],[-79.92224,43.25763],[-79.9117,43.25792],[-79.90769,43.25843],[-79.90709,43.25814],[-79.90758,43.25657],[-79.90754,43.25613],[-79.9071,43.25565],[-79.90629,43.2554],[-79.90525,43.25563],[-79.90377,43.25687],[-79.90252,43.25755],[-79.896,43.25915],[-79.89489,43.2597],[-79.89387,43.26059],[-79.89311,43.26212],[-79.89259,43.26731],[-79.89233,43.27078],[-79.89273,43.27631],[-79.89201,43.2803],[-79.89223,43.28125],[-79.89272,43.28211],[-79.89604,43.28527],[-79.89678,43.28636],[-79.89704,43.28743],[-79.89699,43.28829],[-79.89619,43.28991],[-79.89454,43.29129],[-79.88936,43.29481],[-79.88242,43.29713],[-79.88041,43.29809],[-79.86871,43.30531],[-79.86226,43.30996],[-79.85982,43.31202],[-79.83877,43.33222],[-79.83709,43.33359],[-79.83328,43.33594],[-79.83232,43.33681],[-79.83156,43.33785],[-79.83094,43.3398],[-79.83103,43.34423],[-79.83236,43.37232],[-79.8329,43.37867],[-79.83287,43.38117],[-79.83246,43.38224],[-79.8311,43.38353],[-79.83125,43.38416],[-79.83211,43.38475],[-79.82715,43.38916],[-79.82804,43.38975],[-79.82896,43.38967],[-79.82807,43.38911],[-79.82889,43.38827],[-79.82922,43.38818],[-79.83005,43.38876],[-79.8291,43.38961],[-79.82831,43.38981],[-79.8273,43.38927],[-79.82976,43.38697],[-79.83129,43.38587],[-79.83243,43.3858],[-79.83314,43.38643],[-79.83397,43.39095],[-79.83393,43.39347],[-79.83339,43.39719],[-79.83241,43.40032],[-79.83092,43.4036],[-79.82923,43.4063],[-79.82744,43.40856],[-79.82492,43.41121],[-79.79724,43.43542],[-79.79104,43.44249],[-79.78898,43.44351],[-79.78814,43.44412],[-79.79165,43.44663],[-79.79257,43.44595],[-79.79231,43.44565],[-79.79202,43.44577],[-79.79211,43.44615],[-79.79162,43.44647],[-79.78929,43.44471],[-79.78886,43.44424],[-79.78886,43.44385],[-79.78919,43.44362],[-79.78972,43.44362],[-79.79003,43.44384],[-79.79009,43.44423],[-79.78835,43.44836],[-79.78711,43.45189],[-79.78642,43.45489],[-79.78482,43.46538],[-79.78357,43.4687],[-79.78175,43.4716],[-79.78028,43.47336],[-79.77818,43.47532],[-79.76415,43.48561],[-79.762,43.48768],[-79.76087,43.48934],[-79.76025,43.49083],[-79.75915,43.4959],[-79.75825,43.49834],[-79.75685,43.50058],[-79.75487,43.50279],[-79.75047,43.50624],[-79.74927,43.50684],[-79.74729,43.50712],[-79.74641,43.50766],[-79.74561,43.50707],[-79.74566,43.50652],[-79.74539,43.50616],[-79.74468,43.50574],[-79.74435,43.50593],[-79.74419,43.50613],[-79.74628,43.50785],[-79.74667,43.50869],[-79.74638,43.50943],[-79.74408,43.51171],[-79.74169,43.51397],[-79.73629,43.5185],[-79.73076,43.52282],[-79.72437,43.52874],[-79.71651,43.53702],[-79.70456,43.54731],[-79.69901,43.55169],[-79.69805,43.55206],[-79.69566,43.55233],[-79.69522,43.55263],[-79.69474,43.55326],[-79.69861,43.55507],[-79.70029,43.55377],[-79.69941,43.55316],[-79.69934,43.55293],[-79.7014,43.55123],[-79.70172,43.55123],[-79.70164,43.55102],[-79.69935,43.55291],[-79.69933,43.55309],[-79.70018,43.55366],[-79.6988,43.5549],[-79.69483,43.55306],[-79.69473,43.55335],[-79.69476,43.55461],[-79.69446,43.55506],[-79.69171,43.55708],[-79.68413,43.56185],[-79.68055,43.56477],[-79.67794,43.56733],[-79.66996,43.57649],[-79.66647,43.57984],[-79.6623,43.58333],[-79.66012,43.58392],[-79.65927,43.58442],[-79.65885,43.58495],[-79.65859,43.58627],[-79.65789,43.58726],[-79.64911,43.59546],[-79.6471,43.59431],[-79.64394,43.59727],[-79.64116,43.59898],[-79.64058,43.59906],[-79.6401,43.59884],[-79.63982,43.59854],[-79.63992,43.59819],[-79.64029,43.59802],[-79.64079,43.59813],[-79.6432,43.59986],[-79.6436,43.60043],[-79.64355,43.60096],[-79.64035,43.60441],[-79.63331,43.61104],[-79.63205,43.61293],[-79.63162,43.61485],[-79.63194,43.6168],[-79.63312,43.61891],[-79.63472,43.62059],[-79.64879,43.63148],[-79.65366,43.6359],[-79.65508,43.6368],[-79.66015,43.63924],[-79.66121,43.63995],[-79.69503,43.66523],[-79.70136,43.67016],[-79.70294,43.67217],[-79.70689,43.68069],[-79.70927,43.68438],[-79.70951,43.68623],[-79.71033,43.68681],[-79.70117,43.69511],[-79.69647,43.69892],[-79.69293,43.70255],[-79.6926,43.70235],[-79.6932,43.70155],[-79.68841,43.70247],[-79.68818,43.7026],[-79.68829,43.7027],[-79.68905,43.70239],[-79.69008,43.70219],[-79.69011,43.70227],[-79.69207,43.70178],[-79.6926,43.70235],[-79.69322,43.70156],[-79.68911,43.70238],[-79.68898,43.70265],[-79.68822,43.70311],[-79.68306,43.69929],[-79.6826,43.69879],[-79.68264,43.69835],[-79.68323,43.69818],[-79.68371,43.6985],[-79.68371,43.69887],[-79.68317,43.70002],[-79.67706,43.70949],[-79.67571,43.7125],[-79.67524,43.71506],[-79.67487,43.72286],[-79.6743,43.72506],[-79.6737,43.72635],[-79.67267,43.72783],[-79.67028,43.73014],[-79.65097,43.74202],[-79.64664,43.74524],[-79.63967,43.75129],[-79.63794,43.75238],[-79.63564,43.75339],[-79.63134,43.75456],[-79.60918,43.75977],[-79.60319,43.76145],[-79.59951,43.76267],[-79.59236,43.76545],[-79.58387,43.76835],[-79.56296,43.77684],[-79.55584,43.77902],[-79.53422,43.78359],[-79.53132,43.78401],[-79.52413,43.78422],[-79.52263,43.78454],[-79.5223,43.78388],[-79.52314,43.78366],[-79.52346,43.78332],[-79.5234,43.78305],[-79.52266,43.78196],[-79.52165,43.78222],[-79.52148,43.78227],[-79.52203,43.78411],[-79.52201,43.78482],[-79.52149,43.78564],[-79.52051,43.78623],[-79.5135,43.78829],[-79.49609,43.79261],[-79.4917,43.79413],[-79.4888,43.79557],[-79.4857,43.79767],[-79.48353,43.79968],[-79.48217,43.80141],[-79.48095,43.80358],[-79.48017,43.80587],[-79.47948,43.81301],[-79.47888,43.815],[-79.47817,43.81635],[-79.47728,43.8175],[-79.47422,43.82021],[-79.47222,43.82145],[-79.46793,43.82351],[-79.46431,43.82487],[-79.46034,43.82607],[-79.45016,43.82817],[-79.43534,43.83181],[-79.43216,43.83234],[-79.4296,43.83229],[-79.42817,43.83247],[-79.4294,43.83816],[-79.42941,43.83902],[-79.42912,43.83925],[-79.42787,43.83941],[-79.42654,43.83917],[-79.42614,43.83972],[-79.42605,43.84021],[-79.4256,43.84047],[-79.42511,43.84001],[-79.42515,43.83951],[-79.42537,43.83955],[-79.42597,43.84029],[-79.42614,43.83972],[-79.42648,43.83928],[-79.42753,43.83952],[-79.4298,43.83927],[-79.42965,43.83848],[-79.42978,43.83846],[-79.42965,43.83848],[-79.42868,43.83391],[-79.42873,43.83316],[-79.42894,43.83279],[-79.42957,43.8325],[-79.43011,43.83255],[-79.43037,43.83283],[-79.43033,43.83317],[-79.42918,43.83386],[-79.42233,43.83673],[-79.41812,43.83793],[-79.41417,43.83849],[-79.41022,43.83846],[-79.39736,43.83694],[-79.39251,43.83657],[-79.38844,43.8365],[-79.38216,43.8367],[-79.37238,43.83766],[-79.37028,43.83737],[-79.36861,43.83656],[-79.36755,43.83549],[-79.3664,43.83349],[-79.36106,43.82075],[-79.35986,43.81811],[-79.35918,43.81707],[-79.35792,43.8158],[-79.3564,43.81476],[-79.34898,43.8115],[-79.34781,43.81052],[-79.34706,43.80941],[-79.34121,43.78323],[-79.34125,43.78243],[-79.34075,43.77954],[-79.34096,43.77905],[-79.34158,43.77873],[-79.34101,43.77761],[-79.34124,43.77612],[-79.33124,43.77506],[-79.33151,43.77427],[-79.3321,43.77344],[-79.33133,43.77087],[-79.33079,43.77046],[-79.32498,43.7709],[-79.32395,43.77154],[-79.32162,43.77192],[-79.31965,43.76783],[-79.31968,43.76724],[-79.32019,43.76699],[-79.32082,43.76731],[-79.32081,43.76759],[-79.32054,43.76782],[-79.31802,43.76804],[-79.31451,43.7681],[-79.31089,43.76856],[-79.29858,43.77127],[-79.27722,43.77638],[-79.26679,43.7783],[-79.26559,43.77833],[-79.26457,43.77793],[-79.26397,43.77718],[-79.26239,43.77333],[-79.26104,43.77363],[-79.26112,43.7741],[-79.26088,43.77486],[-79.2618,43.7758],[-79.2611,43.7775],[-79.26028,43.77813],[-79.25696,43.77882],[-79.25603,43.77873],[-79.25545,43.77843],[-79.25425,43.77901],[-79.24507,43.78093],[-79.24428,43.78076],[-79.24384,43.78015],[-79.24161,43.78059],[-79.23919,43.78066],[-79.23394,43.78176],[-79.23218,43.78292],[-79.2317,43.7839],[-79.2298,43.7843],[-79.22881,43.78498],[-79.22977,43.78645],[-79.23157,43.78568],[-79.23145,43.78465],[-79.23185,43.78465],[-79.23206,43.78488],[-79.23222,43.78522],[-79.232,43.78567],[-79.22719,43.78792],[-79.21929,43.79201],[-79.21471,43.79356],[-79.20417,43.79512],[-79.20033,43.79536],[-79.19796,43.79483],[-79.1966,43.79485],[-79.19621,43.79345],[-79.19561,43.79222],[-79.19574,43.79219],[-79.19553,43.79206],[-79.19434,43.78928],[-79.19146,43.78824],[-79.19089,43.78786],[-79.18491,43.78496],[-79.18555,43.78436],[-79.18534,43.78417],[-79.18471,43.78486],[-79.18832,43.78658],[-79.19042,43.7878],[-79.19049,43.78773],[-79.19168,43.78833],[-79.19434,43.78928],[-79.19586,43.79299],[-79.19618,43.79475],[-79.19587,43.79568],[-79.19504,43.79608],[-79.19021,43.79711],[-79.17634,43.79915],[-79.17083,43.79966],[-79.16852,43.79955],[-79.16619,43.79917],[-79.15645,43.7959],[-79.15449,43.79546],[-79.15109,43.79529],[-79.14729,43.796],[-79.14408,43.7975],[-79.1348,43.80382],[-79.12907,43.80713],[-79.11962,43.81297],[-79.11695,43.81436],[-79.11384,43.8149],[-79.11541,43.81894],[-79.11037,43.82256],[-79.10299,43.8246],[-79.10148,43.82532],[-79.10043,43.82627],[-79.09769,43.83007],[-79.09667,43.83092],[-79.09651,43.83082],[-79.09667,43.83092],[-79.09101,43.83524],[-79.09037,43.83519],[-79.08921,43.83271],[-79.08849,43.8303],[-79.08742,43.82868],[-79.0832,43.82962],[-79.08384,43.83107],[-79.08455,43.83099]],[[-79.83408,43.38931],[-79.8341,43.38563],[-79.8346,43.38467],[-79.83577,43.38366],[-79.83569,43.38296],[-79.83473,43.38227],[-79.83383,43.38312]],[[-79.83313,43.38161],[-79.83352,43.38631]],[[-79.83343,43.38134],[-79.83328,43.38]],[[-79.79086,43.44542],[-79.79078,43.44501],[-79.79187,43.4427],[-79.79287,43.44101]],[[-79.78843,43.44933],[-79.7892,43.448],[-79.7913,43.44687]],[[-79.7912,43.44286],[-79.79048,43.44414]],[[-79.74986,43.50699],[-79.7467,43.50967]],[[-79.74376,43.51257],[-79.74604,43.51096],[-79.74703,43.51066],[-79.74858,43.51055],[-79.74947,43.51008],[-79.74952,43.51001],[-79.74815,43.50897]],[[-79.74803,43.50907],[-79.74861,43.50975],[-79.74853,43.51022],[-79.74768,43.51037],[-79.74739,43.51013],[-79.74739,43.50976],[-79.74775,43.5093]],[[-79.72769,43.52621],[-79.7301,43.52493],[-79.73117,43.52417],[-79.73438,43.5205]],[[-79.7107,43.68666],[-79.71192,43.68554]],[[-79.71192,43.68554],[-79.71286,43.68507],[-79.71349,43.68538],[-79.71348,43.68572],[-79.71323,43.68593],[-79.71231,43.6858],[-79.71192,43.68554]],[[-79.71192,43.68554],[-79.71053,43.68454],[-79.70864,43.68252],[-79.7073,43.6803],[-79.70354,43.67219],[-79.70254,43.67079],[-79.70175,43.67001]],[[-79.69805,43.55411],[-79.69809,43.55366],[-79.69846,43.55316],[-79.70216,43.54971]],[[-79.7015,43.66976],[-79.70087,43.66914],[-79.69683,43.66613]],[[-79.69862,43.55227],[-79.69696,43.55361]],[[-79.69245,43.55703],[-79.69384,43.55629],[-79.695,43.55588],[-79.69751,43.55584],[-79.69836,43.55539]],[[-79.69599,43.55429],[-79.69499,43.55499]],[[-79.67875,43.70761],[-79.68094,43.70427],[-79.68215,43.70276],[-79.68295,43.70209],[-79.68491,43.70117]],[[-79.67784,43.70905],[-79.67853,43.70794]],[[-79.67668,43.71131],[-79.67761,43.70938]],[[-79.67573,43.71463],[-79.67624,43.71229]],[[-79.67434,43.72593],[-79.6748,43.72498],[-79.67532,43.72288],[-79.67571,43.71472]],[[-79.67308,43.72795],[-79.674,43.72662]],[[-79.67196,43.72907],[-79.67299,43.72806]],[[-79.67079,43.73021],[-79.6717,43.72938]],[[-79.65116,43.74237],[-79.66988,43.73085]],[[-79.66047,43.586],[-79.66521,43.58141]],[[-79.66047,43.586],[-79.66092,43.58645],[-79.66119,43.58696],[-79.66102,43.58738],[-79.66057,43.58756],[-79.66003,43.58748],[-79.65975,43.58724],[-79.65984,43.58669],[-79.66047,43.586]],[[-79.65919,43.58527],[-79.6596,43.58537],[-79.66047,43.586]],[[-79.66032,43.63888],[-79.63934,43.62322],[-79.63498,43.62028]],[[-79.64096,43.60434],[-79.6427,43.60299],[-79.6452,43.60243],[-79.64617,43.60182],[-79.64387,43.60012]],[[-79.59801,43.76368],[-79.60042,43.76279]],[[-79.56342,43.77709],[-79.56547,43.77625]],[[-79.5572,43.77902],[-79.56019,43.77811]],[[-79.52357,43.78691],[-79.52723,43.78642],[-79.5305,43.78496],[-79.53391,43.78404]],[[-79.52379,43.78297],[-79.52394,43.78305],[-79.52569,43.78292],[-79.52548,43.78317],[-79.52385,43.7834]],[[-79.51394,43.78858],[-79.52042,43.78735],[-79.52357,43.78691]],[[-79.52357,43.78691],[-79.52377,43.78688],[-79.52281,43.78491]],[[-79.52265,43.78494],[-79.52357,43.78691]],[[-79.48889,43.79599],[-79.49003,43.7954]],[[-79.48442,43.79948],[-79.48549,43.79841]],[[-79.48287,43.80117],[-79.48409,43.7997]],[[-79.48126,43.80391],[-79.48251,43.80163]],[[-79.48055,43.80607],[-79.48118,43.80415]],[[-79.47857,43.81645],[-79.4794,43.81486],[-79.47994,43.81293],[-79.48053,43.80629]],[[-79.47486,43.82018],[-79.47599,43.8193],[-79.47734,43.81798]],[[-79.42949,43.83567],[-79.42963,43.83512],[-79.43062,43.834],[-79.43245,43.83312],[-79.43468,43.83233]],[[-79.43228,43.83273],[-79.43072,43.83324]],[[-79.42274,43.837],[-79.42494,43.83637],[-79.42864,43.83645]],[[-79.4202,43.83775],[-79.42199,43.83724]],[[-79.36421,43.82929],[-79.36492,43.83174],[-79.36529,43.83461],[-79.36567,43.83583],[-79.36652,43.83732],[-79.3678,43.83841],[-79.36975,43.83917],[-79.37192,43.83931],[-79.37804,43.83779],[-79.38162,43.83719],[-79.3841,43.83704]],[[-79.34568,43.80536],[-79.34648,43.80867]],[[-79.34192,43.78824],[-79.34566,43.80496]],[[-79.33767,43.77614],[-79.33764,43.77703],[-79.33948,43.77817],[-79.34023,43.78043],[-79.34081,43.78313]],[[-79.26482,43.77968],[-79.29907,43.77195],[-79.30933,43.76946],[-79.31257,43.76883],[-79.31498,43.76862],[-79.31736,43.76884],[-79.31912,43.76973],[-79.32,43.76957]],[[-79.26566,43.77873],[-79.26107,43.77966],[-79.25753,43.78008],[-79.25497,43.77939],[-79.2538,43.7797],[-79.25225,43.78057],[-79.25163,43.78037],[-79.25147,43.78]],[[-79.26482,43.77968],[-79.26491,43.78043],[-79.2644,43.78071],[-79.26385,43.7805],[-79.26389,43.78002],[-79.26482,43.77968]],[[-79.23529,43.7859],[-79.24088,43.78433],[-79.25361,43.78169],[-79.26352,43.77986]],[[-79.23426,43.78665],[-79.23429,43.7864],[-79.2346,43.78615],[-79.23529,43.7859]],[[-79.23394,43.78224],[-79.23529,43.7859]],[[-79.19703,43.7969],[-79.19791,43.79668],[-79.21495,43.79413],[-79.2171,43.79366],[-79.2212,43.79203],[-79.22761,43.78847],[-79.23002,43.78751],[-79.23282,43.78684]],[[-79.23282,43.78684],[-79.23346,43.78687],[-79.23595,43.78748],[-79.23695,43.78957],[-79.23416,43.79014],[-79.23282,43.78684]],[[-79.19703,43.7969],[-79.19716,43.79754],[-79.19672,43.7979],[-79.19608,43.79773],[-79.19607,43.79723],[-79.19703,43.7969]],[[-79.19658,43.79525],[-79.19703,43.7969]],[[-79.15006,43.79507],[-79.15263,43.79269],[-79.16885,43.78241],[-79.17014,43.78142],[-79.1813,43.78341],[-79.18434,43.78471]],[[-79.11498,43.81674],[-79.12232,43.81202],[-79.13984,43.80174],[-79.14471,43.7981],[-79.14868,43.79636],[-79.14897,43.79609]],[[-79.11087,43.82171],[-79.11009,43.82108],[-79.11015,43.82043],[-79.11183,43.81892],[-79.1143,43.81718]],[[-79.83392,43.38327],[-79.83453,43.38287],[-79.83488,43.3828],[-79.8354,43.38296],[-79.83557,43.38333],[-79.83525,43.38372],[-79.83462,43.38376],[-79.83392,43.38327]]]}},{"type":"Feature","properties":{"r":"GO 43","n":"Mount Pleasant / McMaster","m":"go","f":[],"day":true,"h":null},"geometry":{"type":"MultiLineString","coordinates":[[[-79.92266,43.2618],[-79.92276,43.26205],[-79.92306,43.2621],[-79.92333,43.26339],[-79.92559,43.26321],[-79.92528,43.26267],[-79.92432,43.26271],[-79.92395,43.26256],[-79.92322,43.25923],[-79.92224,43.25763],[-79.9117,43.25792],[-79.90769,43.25843],[-79.90709,43.25814],[-79.90758,43.25657],[-79.90754,43.25613],[-79.9071,43.25565],[-79.90629,43.2554],[-79.90525,43.25563],[-79.90377,43.25687],[-79.90228,43.25765],[-79.89632,43.25905],[-79.89519,43.25952],[-79.89436,43.2601],[-79.89358,43.26098],[-79.89311,43.26212],[-79.89235,43.27031],[-79.89273,43.27631],[-79.89201,43.2803],[-79.89223,43.28125],[-79.89272,43.28211],[-79.89604,43.28527],[-79.89678,43.28636],[-79.89704,43.28743],[-79.89699,43.28829],[-79.89619,43.28991],[-79.89454,43.29129],[-79.88936,43.29481],[-79.88242,43.29713],[-79.88041,43.29809],[-79.86871,43.30531],[-79.86226,43.30996],[-79.85982,43.31202],[-79.83865,43.33234],[-79.83709,43.33359],[-79.83349,43.33579],[-79.83204,43.33713],[-79.83121,43.33863],[-79.83092,43.3404],[-79.83146,43.35556],[-79.83236,43.37232],[-79.8329,43.37867],[-79.83287,43.38117],[-79.83246,43.38224],[-79.8311,43.38353],[-79.83125,43.38416],[-79.83211,43.38475],[-79.82715,43.38916],[-79.82804,43.38975],[-79.82896,43.38967],[-79.82807,43.38911],[-79.82889,43.38827],[-79.82922,43.38818],[-79.83005,43.38876],[-79.8291,43.38961],[-79.82831,43.38981],[-79.8273,43.38927],[-79.82976,43.38697],[-79.83129,43.38587],[-79.83243,43.3858],[-79.83314,43.38643],[-79.83397,43.39095],[-79.83383,43.39464],[-79.83294,43.39883],[-79.83092,43.4036],[-79.82856,43.4072],[-79.82492,43.41121],[-79.79724,43.43542],[-79.79451,43.43835],[-79.79256,43.44085],[-79.79074,43.44363],[-79.78921,43.44642],[-79.7878,43.44979],[-79.78711,43.45189],[-79.78642,43.45489],[-79.78477,43.46556],[-79.78357,43.4687],[-79.78175,43.4716],[-79.78028,43.47336],[-79.77818,43.47532],[-79.76415,43.48561],[-79.76268,43.48691],[-79.76151,43.48831],[-79.76052,43.49007],[-79.75871,43.49728],[-79.75741,43.49976],[-79.75606,43.50156],[-79.75307,43.50431],[-79.74957,43.50674],[-79.74729,43.50712],[-79.74641,43.50766],[-79.74561,43.50707],[-79.74566,43.50652],[-79.74539,43.50616],[-79.74468,43.50574],[-79.74435,43.50593],[-79.74419,43.50613],[-79.74652,43.50816],[-79.74667,43.50869],[-79.74648,43.50929],[-79.74169,43.51397],[-79.73092,43.52298],[-79.72975,43.52445],[-79.72922,43.52578],[-79.72914,43.52736],[-79.72945,43.52858],[-79.73013,43.52982],[-79.73115,43.5309],[-79.73291,43.53203],[-79.74226,43.537],[-79.74638,43.5396],[-79.75596,43.54661],[-79.76254,43.55226],[-79.77004,43.5569],[-79.78457,43.56752],[-79.78732,43.57001],[-79.78769,43.57073],[-79.78782,43.57198],[-79.78864,43.57266],[-79.78633,43.57467],[-79.7825,43.57847],[-79.779,43.58129],[-79.77609,43.58401],[-79.77137,43.5878],[-79.77126,43.58773],[-79.77133,43.58783],[-79.77077,43.58783],[-79.76367,43.58274],[-79.76071,43.58478],[-79.75745,43.58736],[-79.75626,43.58903],[-79.75601,43.58989],[-79.75608,43.59333],[-79.75594,43.59333],[-79.75608,43.59333],[-79.7561,43.59533],[-79.75602,43.59612],[-79.75545,43.59738],[-79.75451,43.5975],[-79.75522,43.59788],[-79.75599,43.59622],[-79.7561,43.59533],[-79.75219,43.59517],[-79.75091,43.59488],[-79.74323,43.59083],[-79.74106,43.59015],[-79.73906,43.59554],[-79.73878,43.59694],[-79.73879,43.59836],[-79.73942,43.59996],[-79.7404,43.60131],[-79.74023,43.60139],[-79.7404,43.60131],[-79.74203,43.6027],[-79.74643,43.60574],[-79.75012,43.6088],[-79.75853,43.61482],[-79.76247,43.61799],[-79.76863,43.62208],[-79.7788,43.62969],[-79.79263,43.63963],[-79.80075,43.6457],[-79.80217,43.64735],[-79.80438,43.64865],[-79.81418,43.6556],[-79.81815,43.65857],[-79.81805,43.65863],[-79.82048,43.66022],[-79.82927,43.66676],[-79.8293,43.66729],[-79.82658,43.66977],[-79.82367,43.67229],[-79.82223,43.67312],[-79.82311,43.67429],[-79.82291,43.6745],[-79.82169,43.67471],[-79.82212,43.67501]],[[-79.90406,43.25715],[-79.90632,43.25634],[-79.90689,43.2565],[-79.90711,43.25673]],[[-79.88975,43.29503],[-79.89199,43.29411],[-79.89449,43.29181]],[[-79.83406,43.38923],[-79.83412,43.38551],[-79.8346,43.38467],[-79.83565,43.38383],[-79.83584,43.38341],[-79.83562,43.38288],[-79.83473,43.38227],[-79.83383,43.38312]],[[-79.83245,43.38455],[-79.83392,43.38327]],[[-79.83392,43.38327],[-79.83453,43.38287],[-79.83488,43.3828],[-79.8354,43.38296],[-79.83557,43.38333],[-79.83525,43.38372],[-79.83462,43.38376],[-79.83392,43.38327]],[[-79.83383,43.38312],[-79.8324,43.38447]],[[-79.83383,43.38312],[-79.83339,43.38115],[-79.83328,43.38]],[[-79.789,43.57248],[-79.79018,43.57146]],[[-79.79018,43.57146],[-79.79051,43.57117],[-79.79137,43.57102],[-79.79182,43.57138],[-79.79169,43.57175],[-79.79103,43.5719],[-79.79018,43.57146]],[[-79.79018,43.57146],[-79.78934,43.57093],[-79.78574,43.56804]],[[-79.74811,43.50894],[-79.75161,43.50581]],[[-79.74355,43.51271],[-79.74604,43.51096],[-79.74703,43.51066],[-79.74858,43.51055],[-79.74947,43.51008],[-79.74952,43.51001],[-79.74811,43.50894]],[[-79.74811,43.50894],[-79.74689,43.50802]],[[-79.748,43.50905],[-79.74861,43.50975],[-79.74853,43.51022],[-79.74768,43.51037],[-79.74739,43.51013],[-79.74739,43.50976],[-79.748,43.50905]],[[-79.74694,43.50818],[-79.748,43.50905]]]}},{"type":"Feature","properties":{"r":"GO 47","n":"Hamilton / Hwy 407 Terminal","m":"go","f":[],"day":true,"h":21},"geometry":{"type":"MultiLineString","coordinates":[[[-79.90421,43.25702],[-79.90567,43.25646],[-79.90638,43.25635],[-79.90689,43.2565],[-79.90711,43.25673]],[[-79.89975,43.25951],[-79.89667,43.26025],[-79.89461,43.26048]],[[-79.88975,43.29503],[-79.89199,43.29411],[-79.89449,43.29181]],[[-79.89342,43.26059],[-79.89246,43.26061],[-79.86965,43.25536],[-79.87063,43.25312],[-79.87053,43.25309]],[[-79.87008,43.2531],[-79.87015,43.25297],[-79.86801,43.25238],[-79.86655,43.25586],[-79.86731,43.25612],[-79.86725,43.25622],[-79.87182,43.25748],[-79.87174,43.25766],[-79.87182,43.25748],[-79.87847,43.2593],[-79.88508,43.26146],[-79.88768,43.26212],[-79.88759,43.26227],[-79.88768,43.26212],[-79.88953,43.26269],[-79.89041,43.26273],[-79.89433,43.26184],[-79.89513,43.26176],[-79.89861,43.26247],[-79.89901,43.26199],[-79.9001,43.2597],[-79.90129,43.2593],[-79.90624,43.25859],[-79.91139,43.25802],[-79.92094,43.25779],[-79.92211,43.25815],[-79.92305,43.2592],[-79.92336,43.26232],[-79.92306,43.26242],[-79.92315,43.2614],[-79.92274,43.26143],[-79.92266,43.2618],[-79.92276,43.26205],[-79.92306,43.2621],[-79.92331,43.26336],[-79.92559,43.26321],[-79.92528,43.26267],[-79.92432,43.26271],[-79.92395,43.26256],[-79.92322,43.25923],[-79.92224,43.25763],[-79.9117,43.25792],[-79.90769,43.25843],[-79.90709,43.25814],[-79.90758,43.25657],[-79.90754,43.25613],[-79.9071,43.25565],[-79.90629,43.2554],[-79.90525,43.25563],[-79.90377,43.25687],[-79.90252,43.25755],[-79.896,43.25915],[-79.89489,43.2597],[-79.89387,43.26059],[-79.89311,43.26212],[-79.89259,43.26731],[-79.89233,43.27078],[-79.89273,43.27631],[-79.89201,43.2803],[-79.89223,43.28125],[-79.89272,43.28211],[-79.89604,43.28527],[-79.89678,43.28636],[-79.89704,43.28743],[-79.89699,43.28829],[-79.89619,43.28991],[-79.89454,43.29129],[-79.88936,43.29481],[-79.88242,43.29713],[-79.88041,43.29809],[-79.86871,43.30531],[-79.86226,43.30996],[-79.85982,43.31202],[-79.83877,43.33222],[-79.83709,43.33359],[-79.83328,43.33594],[-79.83232,43.33681],[-79.83156,43.33785],[-79.83094,43.3398],[-79.83103,43.34423],[-79.83236,43.37232],[-79.8329,43.37867],[-79.83287,43.38117],[-79.83246,43.38224],[-79.8311,43.38353],[-79.83125,43.38416],[-79.83211,43.38475],[-79.82715,43.38916],[-79.82804,43.38975],[-79.82896,43.38967],[-79.82807,43.38911],[-79.82889,43.38827],[-79.82922,43.38818],[-79.83005,43.38876],[-79.8291,43.38961],[-79.82831,43.38981],[-79.8273,43.38927],[-79.82976,43.38697],[-79.83129,43.38587],[-79.83243,43.3858],[-79.83314,43.38643],[-79.83397,43.39095],[-79.83393,43.39347],[-79.83339,43.39719],[-79.83241,43.40032],[-79.83092,43.4036],[-79.82923,43.4063],[-79.82744,43.40856],[-79.82492,43.41121],[-79.79724,43.43542],[-79.79104,43.44249],[-79.78898,43.44351],[-79.78814,43.44412],[-79.79165,43.44663],[-79.79257,43.44595],[-79.79231,43.44565],[-79.79202,43.44577],[-79.79211,43.44615],[-79.79162,43.44647],[-79.78929,43.44471],[-79.78886,43.44424],[-79.78886,43.44385],[-79.78919,43.44362],[-79.78972,43.44362],[-79.79003,43.44384],[-79.79009,43.44423],[-79.78835,43.44836],[-79.78711,43.45189],[-79.78642,43.45489],[-79.78482,43.46538],[-79.78357,43.4687],[-79.78175,43.4716],[-79.78028,43.47336],[-79.77818,43.47532],[-79.76415,43.48561],[-79.762,43.48768],[-79.76087,43.48934],[-79.76025,43.49083],[-79.75915,43.4959],[-79.75825,43.49834],[-79.75685,43.50058],[-79.75487,43.50279],[-79.75047,43.50624],[-79.74927,43.50684],[-79.74729,43.50712],[-79.74641,43.50766],[-79.74561,43.50707],[-79.74566,43.50652],[-79.74539,43.50616],[-79.74468,43.50574],[-79.74435,43.50593],[-79.74419,43.50613],[-79.74628,43.50785],[-79.74667,43.50869],[-79.74638,43.50943],[-79.74408,43.51171],[-79.74169,43.51397],[-79.73629,43.5185],[-79.73076,43.52282],[-79.72437,43.52874],[-79.71651,43.53702],[-79.70456,43.54731],[-79.69901,43.55169],[-79.69805,43.55206],[-79.69566,43.55233],[-79.69522,43.55263],[-79.69474,43.55326],[-79.69861,43.55507],[-79.70029,43.55377],[-79.69941,43.55316],[-79.69934,43.55293],[-79.7014,43.55123],[-79.70172,43.55123],[-79.70164,43.55102],[-79.69935,43.55291],[-79.69933,43.55309],[-79.70018,43.55366],[-79.6988,43.5549],[-79.69483,43.55306],[-79.69473,43.55335],[-79.69476,43.55461],[-79.69446,43.55506],[-79.69171,43.55708],[-79.68413,43.56185],[-79.68055,43.56477],[-79.67794,43.56733],[-79.66996,43.57649],[-79.66647,43.57984],[-79.6623,43.58333],[-79.66012,43.58392],[-79.65927,43.58442],[-79.65885,43.58495],[-79.65859,43.58627],[-79.65789,43.58726],[-79.64911,43.59546],[-79.6471,43.59431],[-79.64394,43.59727],[-79.64116,43.59898],[-79.64058,43.59906],[-79.6401,43.59884],[-79.63982,43.59854],[-79.63992,43.59819],[-79.64029,43.59802],[-79.64079,43.59813],[-79.6432,43.59986],[-79.6436,43.60043],[-79.64355,43.60096],[-79.64035,43.60441],[-79.63331,43.61104],[-79.63256,43.61198],[-79.63194,43.6132],[-79.63162,43.61513],[-79.63203,43.61702],[-79.63327,43.61912],[-79.6351,43.62091],[-79.64879,43.63148],[-79.65366,43.6359],[-79.65508,43.6368],[-79.66015,43.63924],[-79.66121,43.63995],[-79.69503,43.66523],[-79.70136,43.67016],[-79.70294,43.67217],[-79.70689,43.68069],[-79.70927,43.68438],[-79.70951,43.68623],[-79.71033,43.68681],[-79.70117,43.69511],[-79.69647,43.69892],[-79.69293,43.70255],[-79.6926,43.70235],[-79.6932,43.70155],[-79.68841,43.70247],[-79.68818,43.7026],[-79.68829,43.7027],[-79.68905,43.70239],[-79.69008,43.70219],[-79.69011,43.70227],[-79.69207,43.70178],[-79.6926,43.70235],[-79.69322,43.70156],[-79.68911,43.70238],[-79.68898,43.70265],[-79.68822,43.70311],[-79.68306,43.69929],[-79.6826,43.69879],[-79.68264,43.69835],[-79.68323,43.69818],[-79.68371,43.6985],[-79.68371,43.69887],[-79.68317,43.70002],[-79.67706,43.70949],[-79.67583,43.71211],[-79.67529,43.71453],[-79.67473,43.72362],[-79.67382,43.72613],[-79.67244,43.72811],[-79.67091,43.72964],[-79.66916,43.73089],[-79.65023,43.74253],[-79.64664,43.74524],[-79.64021,43.75086],[-79.63744,43.75264],[-79.63433,43.7538],[-79.60918,43.75977],[-79.60157,43.76197],[-79.59236,43.76545],[-79.58387,43.76835],[-79.56296,43.77684],[-79.55669,43.7788],[-79.53766,43.78289],[-79.53163,43.78397],[-79.52413,43.78422],[-79.52263,43.78454],[-79.5223,43.78388],[-79.52314,43.78366],[-79.52346,43.78332],[-79.5234,43.78305]],[[-79.83408,43.38931],[-79.8341,43.38563],[-79.8346,43.38467],[-79.83577,43.38366],[-79.83569,43.38296],[-79.83473,43.38227],[-79.83383,43.38312]],[[-79.83313,43.38161],[-79.83352,43.38631]],[[-79.83343,43.38134],[-79.83328,43.38]],[[-79.79086,43.44542],[-79.79078,43.44501],[-79.79187,43.4427],[-79.79287,43.44101]],[[-79.78843,43.44933],[-79.7892,43.448],[-79.7913,43.44687]],[[-79.7912,43.44286],[-79.79048,43.44414]],[[-79.74986,43.50699],[-79.7467,43.50967]],[[-79.74376,43.51257],[-79.74604,43.51096],[-79.74703,43.51066],[-79.74858,43.51055],[-79.74947,43.51008],[-79.74952,43.51001],[-79.74815,43.50897]],[[-79.74803,43.50907],[-79.74861,43.50975],[-79.74853,43.51022],[-79.74768,43.51037],[-79.74739,43.51013],[-79.74739,43.50976],[-79.74775,43.5093]],[[-79.72769,43.52621],[-79.7301,43.52493],[-79.73117,43.52417],[-79.73438,43.5205]],[[-79.7107,43.68666],[-79.71192,43.68554]],[[-79.71192,43.68554],[-79.71256,43.68512],[-79.71307,43.68509],[-79.71347,43.68533],[-79.71345,43.68576],[-79.71274,43.68598],[-79.71192,43.68554]],[[-79.71192,43.68554],[-79.71053,43.68454],[-79.70864,43.68252],[-79.7073,43.6803],[-79.70354,43.67219],[-79.70254,43.67079],[-79.70175,43.67001]],[[-79.69805,43.55411],[-79.69809,43.55366],[-79.69846,43.55316],[-79.70216,43.54971]],[[-79.7015,43.66976],[-79.70087,43.66914],[-79.69683,43.66613]],[[-79.69862,43.55227],[-79.69696,43.55361]],[[-79.69245,43.55703],[-79.69384,43.55629],[-79.695,43.55588],[-79.69751,43.55584],[-79.69836,43.55539]],[[-79.69599,43.55429],[-79.69499,43.55499]],[[-79.67943,43.70655],[-79.68094,43.70427],[-79.68246,43.70245],[-79.68492,43.70117]],[[-79.67733,43.70985],[-79.67855,43.70793]],[[-79.67435,43.72584],[-79.67513,43.72386],[-79.67539,43.7221],[-79.67571,43.7147],[-79.6764,43.71183]],[[-79.66047,43.586],[-79.66521,43.58141]],[[-79.66047,43.586],[-79.66092,43.58645],[-79.66119,43.58696],[-79.66102,43.58738],[-79.66057,43.58756],[-79.66003,43.58748],[-79.65975,43.58724],[-79.65984,43.58669],[-79.66047,43.586]],[[-79.65919,43.58527],[-79.6596,43.58537],[-79.66047,43.586]],[[-79.66032,43.63888],[-79.63934,43.62322],[-79.63515,43.62039]],[[-79.64096,43.60434],[-79.6427,43.60299],[-79.6452,43.60243],[-79.64617,43.60182],[-79.64387,43.60012]],[[-79.56461,43.7766],[-79.57064,43.77415]],[[-79.55808,43.77878],[-79.56003,43.77818]],[[-79.52268,43.78494],[-79.52357,43.78691],[-79.52723,43.78642],[-79.5305,43.78496],[-79.53552,43.78368]],[[-79.52445,43.78308],[-79.52569,43.78292],[-79.52548,43.78317],[-79.52385,43.7834]],[[-79.52317,43.78272],[-79.52266,43.78196],[-79.52148,43.78227],[-79.52206,43.78356]],[[-79.83392,43.38327],[-79.83453,43.38287],[-79.83488,43.3828],[-79.8354,43.38296],[-79.83557,43.38333],[-79.83525,43.38372],[-79.83462,43.38376],[-79.83392,43.38327]]]}},{"type":"Feature","properties":{"r":"GO 48","n":"Guelph / Hwy 407 Terminal","m":"go","f":[],"day":true,"h":60},"geometry":{"type":"MultiLineString","coordinates":[[[-80.2244,43.52931],[-80.22427,43.52941],[-80.22549,43.5303],[-80.22594,43.52999],[-80.22558,43.52967]],[[-80.22528,43.5294],[-80.22472,43.52908],[-80.22652,43.52771],[-80.22592,43.52719],[-80.22427,43.52638],[-80.21749,43.52442],[-80.20827,43.51993],[-80.20716,43.51929],[-80.20322,43.51644],[-80.20335,43.51635],[-80.20322,43.51644],[-80.19803,43.51269],[-80.19706,43.5118],[-80.19644,43.51084],[-80.19417,43.50496],[-80.19434,43.50491],[-80.19417,43.50496],[-80.19311,43.50345],[-80.19159,43.50206],[-80.16069,43.4796],[-80.15905,43.47832],[-80.15563,43.47502],[-80.15403,43.47379],[-80.15228,43.47279],[-80.14986,43.47173],[-80.15002,43.47154],[-80.14986,43.47173],[-80.14594,43.47001],[-80.14474,43.46926],[-80.14149,43.46636],[-80.14176,43.4662],[-80.14149,43.46636],[-80.13539,43.46101],[-80.13468,43.4615],[-80.1344,43.46128],[-80.13446,43.46085],[-80.13382,43.46037],[-80.13353,43.46038],[-80.1334,43.46061],[-80.1337,43.4609],[-80.13468,43.4615],[-80.13539,43.46101],[-80.12695,43.45484],[-80.12405,43.45294],[-80.12368,43.4525],[-80.12367,43.45217],[-80.12389,43.45192],[-80.12521,43.45181],[-80.12558,43.45201],[-80.12559,43.45234],[-80.12468,43.45296],[-80.11937,43.45539],[-80.11698,43.45629],[-80.0639,43.47119],[-80.0594,43.47193],[-80.04051,43.4727],[-80.03714,43.47308],[-80.00909,43.48066],[-80.00587,43.48161],[-80.00314,43.48276],[-79.98408,43.49318],[-79.98217,43.49404],[-79.97944,43.49474],[-79.96734,43.49588],[-79.96435,43.49661],[-79.96223,43.49763],[-79.96031,43.49918],[-79.95272,43.5089],[-79.95036,43.51131],[-79.94848,43.5127],[-79.9312,43.52331],[-79.92897,43.52408],[-79.92673,43.52446],[-79.90789,43.52667],[-79.90562,43.52634],[-79.90442,43.52653],[-79.90294,43.5275],[-79.90371,43.52811],[-79.90413,43.52799],[-79.90384,43.52748],[-79.90335,43.52719],[-79.90263,43.52778],[-79.90211,43.5291],[-79.90083,43.52993],[-79.88687,43.53626],[-79.88235,43.53749],[-79.86907,43.5395],[-79.86548,43.5406],[-79.86245,43.54201],[-79.85901,43.54443],[-79.81764,43.58153],[-79.81458,43.58404],[-79.81336,43.58474],[-79.81165,43.58512],[-79.80988,43.58496],[-79.80868,43.58448],[-79.80615,43.58291],[-79.793,43.57329],[-79.79235,43.57253],[-79.79198,43.57112],[-79.79112,43.57054],[-79.78633,43.57467],[-79.7825,43.57847],[-79.779,43.58129],[-79.77609,43.58401],[-79.77137,43.5878],[-79.77126,43.58773],[-79.77133,43.58783],[-79.77077,43.58783],[-79.76367,43.58274],[-79.76071,43.58478],[-79.75745,43.58736],[-79.75626,43.58903],[-79.75601,43.58989],[-79.75608,43.59333],[-79.75594,43.59333],[-79.75608,43.59333],[-79.7561,43.59533],[-79.75602,43.59612],[-79.75545,43.59738],[-79.75451,43.5975],[-79.75522,43.59788],[-79.75599,43.59622],[-79.7561,43.59533],[-79.75219,43.59517],[-79.75091,43.59488],[-79.74323,43.59083],[-79.74106,43.59015],[-79.73906,43.59554],[-79.73878,43.59694],[-79.73879,43.59836],[-79.73942,43.59996],[-79.7404,43.60131],[-79.74023,43.60139],[-79.7404,43.60131],[-79.74203,43.6027],[-79.74643,43.60574],[-79.75012,43.6088],[-79.7593,43.61542],[-79.7605,43.61676],[-79.76063,43.61726],[-79.7605,43.6178],[-79.75705,43.62152],[-79.74944,43.62858],[-79.74284,43.63609],[-79.73471,43.64247],[-79.73272,43.64368],[-79.72422,43.6481],[-79.71852,43.65143],[-79.71623,43.65183],[-79.71509,43.65253],[-79.71181,43.65008],[-79.70959,43.65188],[-79.71023,43.65235],[-79.7129,43.65111],[-79.71488,43.65282],[-79.71513,43.65338],[-79.71507,43.65396],[-79.71461,43.6546],[-79.7109,43.65812],[-79.70391,43.66453],[-79.69851,43.67043],[-79.69626,43.67363],[-79.69518,43.67549],[-79.69389,43.67853],[-79.69276,43.68218],[-79.69182,43.68425],[-79.6912,43.68491],[-79.68927,43.68634],[-79.70048,43.6947],[-79.70084,43.69499],[-79.70086,43.69537],[-79.69647,43.69892],[-79.69293,43.70255],[-79.6926,43.70235],[-79.6932,43.70155],[-79.68841,43.70247],[-79.68818,43.7026],[-79.68829,43.7027],[-79.68905,43.70239],[-79.69008,43.70219],[-79.69011,43.70227],[-79.69207,43.70178],[-79.6926,43.70235],[-79.69322,43.70156],[-79.68911,43.70238],[-79.68898,43.70265],[-79.68822,43.70311],[-79.68306,43.69929],[-79.6826,43.69879],[-79.68264,43.69835],[-79.68323,43.69818],[-79.68371,43.6985],[-79.68371,43.69887],[-79.68317,43.70002],[-79.67706,43.70949],[-79.67597,43.71171],[-79.67529,43.71453],[-79.67496,43.72187],[-79.67465,43.72398],[-79.67415,43.72544],[-79.67334,43.72694],[-79.67135,43.72926],[-79.66893,43.73105],[-79.65097,43.74202],[-79.64664,43.74524],[-79.63967,43.75129],[-79.63794,43.75238],[-79.63564,43.75339],[-79.63134,43.75456],[-79.60918,43.75977],[-79.60319,43.76145],[-79.59951,43.76267],[-79.59236,43.76545],[-79.58387,43.76835],[-79.56296,43.77684],[-79.55669,43.7788],[-79.53766,43.78289],[-79.53163,43.78397],[-79.52413,43.78422],[-79.52263,43.78454],[-79.5223,43.78388],[-79.52314,43.78366],[-79.52346,43.78332],[-79.5234,43.78305]],[[-80.12163,43.4548],[-80.12586,43.45457]],[[-79.90552,43.52803],[-79.90792,43.52707]],[[-79.9015,43.52997],[-79.9029,43.5296],[-79.90605,43.52979],[-79.90648,43.52958],[-79.90687,43.52908],[-79.90552,43.52803]],[[-79.90552,43.52803],[-79.90421,43.52707]],[[-79.90538,43.5281],[-79.90613,43.529],[-79.90595,43.52934],[-79.90543,43.52956],[-79.90431,43.52945],[-79.90411,43.52892],[-79.90538,43.5281]],[[-79.90407,43.52716],[-79.90538,43.5281]],[[-79.81014,43.58854],[-79.81477,43.58439]],[[-79.81014,43.58854],[-79.8101,43.58984],[-79.80979,43.59094],[-79.80917,43.59206],[-79.80746,43.59356],[-79.8066,43.59362],[-79.80591,43.59309],[-79.80598,43.5926],[-79.80679,43.59152],[-79.81014,43.58854]],[[-79.80638,43.58352],[-79.80892,43.58573],[-79.81,43.5878],[-79.81014,43.58854]],[[-79.7892,43.57273],[-79.79002,43.57259],[-79.7909,43.57283],[-79.7945,43.57488]],[[-79.7577,43.62141],[-79.76016,43.6197],[-79.76112,43.6195],[-79.76301,43.61959],[-79.76405,43.61895],[-79.7608,43.61649]],[[-79.74407,43.6353],[-79.74678,43.63221]],[[-79.73712,43.64108],[-79.74165,43.63768],[-79.74239,43.63695]],[[-79.71679,43.65378],[-79.71716,43.65337],[-79.72016,43.65105],[-79.72239,43.64963]],[[-79.70376,43.66529],[-79.71223,43.65749],[-79.71448,43.65591],[-79.71702,43.65535],[-79.71806,43.6547],[-79.71679,43.65378]],[[-79.71679,43.65378],[-79.71544,43.65278]],[[-79.71669,43.65387],[-79.71735,43.65458],[-79.71714,43.65508],[-79.71668,43.65518],[-79.71624,43.65503],[-79.71608,43.6547],[-79.71625,43.65432],[-79.71669,43.65387]],[[-79.71535,43.65288],[-79.71669,43.65387]],[[-79.69259,43.68832],[-79.69225,43.68787],[-79.69214,43.68677],[-79.69301,43.68292],[-79.6948,43.67746],[-79.69699,43.67336],[-79.70008,43.66931]],[[-79.67875,43.70761],[-79.68094,43.70427],[-79.68215,43.70276],[-79.68295,43.70209],[-79.68491,43.70117]],[[-79.67503,43.7241],[-79.67539,43.7221],[-79.67571,43.7147],[-79.67642,43.71176],[-79.6776,43.70939]],[[-79.66965,43.73102],[-79.6708,43.73016]],[[-79.66484,43.73401],[-79.66786,43.73217]],[[-79.59801,43.76368],[-79.60042,43.76279]],[[-79.56341,43.77709],[-79.56547,43.77625]],[[-79.55766,43.77892],[-79.55937,43.77838]],[[-79.52268,43.78494],[-79.52357,43.78691],[-79.52723,43.78642],[-79.5305,43.78496],[-79.53559,43.78367]],[[-79.52445,43.78308],[-79.52569,43.78292],[-79.52548,43.78317],[-79.52385,43.7834]],[[-79.52317,43.78272],[-79.52266,43.78196],[-79.52148,43.78227],[-79.52206,43.78356]]]}},{"type":"Feature","properties":{"r":"GO 52","n":"Oshawa / Hwy 407 Terminal","m":"go","f":[],"day":true,"h":null},"geometry":{"type":"MultiLineString","coordinates":[[[-79.52445,43.78308],[-79.52569,43.78292],[-79.52548,43.78317],[-79.52365,43.78343],[-79.52266,43.78196],[-79.52148,43.78227],[-79.52203,43.78411],[-79.52201,43.78482],[-79.52149,43.78564],[-79.52051,43.78623],[-79.5135,43.78829],[-79.49458,43.79305],[-79.4917,43.79413],[-79.4888,43.79557],[-79.48633,43.79719],[-79.48455,43.79866],[-79.48298,43.80033],[-79.48174,43.80208],[-79.48076,43.80403],[-79.48014,43.80599],[-79.47953,43.81264],[-79.47902,43.81467],[-79.47831,43.81612],[-79.47728,43.8175],[-79.47422,43.82021],[-79.47222,43.82145],[-79.46793,43.82351],[-79.46431,43.82487],[-79.46034,43.82607],[-79.45016,43.82817],[-79.43534,43.83181],[-79.43216,43.83234],[-79.4296,43.83229],[-79.42817,43.83247],[-79.4294,43.83816],[-79.42941,43.83902],[-79.42912,43.83925],[-79.42787,43.83941],[-79.42654,43.83917],[-79.42614,43.83972],[-79.42605,43.84021],[-79.42562,43.84047],[-79.4251,43.83998],[-79.42506,43.83959],[-79.42531,43.83951],[-79.42597,43.84029],[-79.42614,43.83972],[-79.42648,43.83928],[-79.42753,43.83952],[-79.4298,43.83927],[-79.42965,43.83848],[-79.42978,43.83846],[-79.42965,43.83848],[-79.42868,43.83391],[-79.42882,43.83293],[-79.42969,43.83248],[-79.43034,43.83276],[-79.43039,43.83305],[-79.43015,43.83332],[-79.42918,43.83386],[-79.42459,43.83582],[-79.42022,43.83741],[-79.41582,43.8383],[-79.41406,43.83849],[-79.41022,43.83846],[-79.39736,43.83694],[-79.39251,43.83657],[-79.38628,43.83654],[-79.38165,43.83686],[-79.37676,43.83748],[-79.35623,43.8408],[-79.34061,43.84302],[-79.32797,43.84548],[-79.31373,43.8487],[-79.31077,43.84912],[-79.30851,43.84868],[-79.30775,43.84871],[-79.30686,43.84902],[-79.30762,43.85037],[-79.30789,43.85126],[-79.30787,43.8523],[-79.30746,43.85337],[-79.30854,43.85349],[-79.30857,43.85358],[-79.30854,43.85349],[-79.31453,43.85202],[-79.31436,43.85185],[-79.31228,43.85262],[-79.30879,43.85346],[-79.3076,43.85341],[-79.30794,43.85258],[-79.30805,43.85143],[-79.30741,43.84933],[-79.30792,43.84887],[-79.30857,43.849],[-79.30873,43.84949],[-79.30836,43.84979],[-79.30718,43.85021],[-79.28404,43.85556],[-79.2729,43.85768],[-79.26922,43.8586],[-79.26525,43.85994],[-79.25325,43.86476],[-79.24412,43.86767],[-79.24045,43.86865],[-79.23721,43.86923],[-79.23627,43.86922],[-79.23439,43.86879],[-79.23284,43.86909],[-79.23336,43.87047],[-79.23339,43.87274],[-79.23524,43.88069],[-79.23208,43.88155],[-79.23196,43.8811],[-79.23163,43.88115],[-79.23132,43.87998],[-79.23165,43.87993],[-79.23157,43.88009],[-79.23168,43.88008],[-79.23208,43.88155],[-79.23524,43.88069],[-79.23347,43.87301],[-79.23356,43.87101],[-79.23342,43.86948],[-79.23359,43.86914],[-79.23401,43.86896],[-79.23467,43.86917],[-79.23465,43.8697],[-79.23268,43.87039],[-79.20472,43.87642],[-79.20181,43.87728],[-79.19862,43.87861],[-79.19504,43.88076],[-79.19231,43.88308],[-79.18457,43.89225],[-79.18295,43.89381],[-79.17997,43.8958],[-79.17776,43.89684],[-79.17552,43.89762],[-79.10665,43.91362],[-79.10273,43.91488],[-79.09971,43.91619],[-79.09738,43.9165],[-79.09625,43.91689],[-79.09536,43.91557],[-79.09506,43.91379],[-79.0961,43.91365],[-79.09642,43.91323],[-79.09642,43.91282],[-79.09764,43.91291],[-79.09775,43.91273],[-79.09766,43.9123],[-79.09538,43.91205],[-79.09491,43.91337],[-79.09484,43.91435],[-79.09521,43.9157],[-79.09625,43.9176],[-79.09633,43.91831],[-79.09613,43.91895],[-79.09379,43.92211],[-79.08657,43.92929],[-79.08409,43.93121],[-79.08168,43.93256],[-79.07223,43.93695],[-79.06757,43.93861],[-79.02022,43.94971],[-79.01599,43.95039],[-79.01208,43.95066],[-78.98771,43.95133],[-78.98436,43.95121],[-78.98191,43.95089],[-78.96982,43.94809],[-78.96402,43.94725],[-78.9615,43.94617],[-78.95948,43.94625],[-78.95887,43.94403],[-78.9604,43.94383],[-78.96067,43.94502],[-78.95961,43.94515],[-78.95949,43.94453],[-78.95967,43.94451],[-78.95949,43.94453],[-78.95935,43.94396],[-78.95887,43.94403],[-78.95862,43.94268],[-78.9586,43.94354],[-78.95917,43.94595],[-78.95896,43.9467],[-78.95842,43.94718],[-78.94583,43.94931],[-78.94217,43.95033],[-78.93973,43.95128],[-78.9349,43.95396],[-78.91392,43.96672],[-78.91105,43.9683],[-78.90903,43.96896],[-78.90686,43.96893],[-78.90564,43.96921],[-78.90429,43.96653],[-78.90279,43.96307],[-78.90291,43.96304],[-78.90279,43.96307],[-78.89661,43.9488],[-78.8957,43.94761],[-78.89258,43.94539],[-78.89412,43.94405],[-78.89584,43.94353],[-78.89591,43.94329],[-78.89503,43.9433],[-78.89247,43.94532],[-78.88144,43.93774],[-78.88064,43.93684],[-78.87911,43.93353],[-78.87886,43.93229],[-78.87166,43.91632],[-78.87112,43.91448],[-78.86584,43.90252],[-78.86581,43.90181],[-78.86738,43.90132],[-78.86755,43.90096],[-78.86234,43.89005],[-78.88017,43.88607],[-78.87837,43.88218],[-78.87637,43.87674],[-78.87521,43.87494],[-78.87426,43.87555],[-78.87427,43.87629],[-78.8775,43.87526],[-78.88814,43.87279],[-78.88815,43.87205],[-78.88743,43.87049],[-78.88672,43.87051],[-78.8859,43.87079],[-78.88572,43.87103]],[[-79.5139,43.78859],[-79.51504,43.78831],[-79.52377,43.78688],[-79.52243,43.78414]],[[-79.48656,43.79752],[-79.48971,43.79556]],[[-79.48109,43.8043],[-79.48198,43.80249]],[[-79.48046,43.80684],[-79.48106,43.8044]],[[-79.47953,43.81427],[-79.47986,43.8134],[-79.47991,43.81276]],[[-79.47565,43.81948],[-79.47656,43.8188],[-79.47734,43.81799]],[[-79.42949,43.83567],[-79.42963,43.83512],[-79.43062,43.834],[-79.43245,43.83312],[-79.43468,43.83233]],[[-79.42177,43.83727],[-79.42494,43.83637],[-79.42864,43.83645]],[[-79.41699,43.83847],[-79.41894,43.83808]],[[-79.39426,43.8371],[-79.40518,43.83827]],[[-79.36825,43.83926],[-79.37888,43.83761]],[[-79.30836,43.85096],[-79.30896,43.85044],[-79.31361,43.84912]],[[-79.30228,43.85175],[-79.30389,43.8515],[-79.30504,43.85147],[-79.30748,43.85188]],[[-79.27231,43.85824],[-79.27795,43.85713]],[[-79.25519,43.86441],[-79.25768,43.8635],[-79.26524,43.86037]],[[-79.23392,43.87169],[-79.23466,43.87091],[-79.24216,43.86861]],[[-79.22717,43.87199],[-79.2302,43.87167],[-79.23211,43.87223],[-79.23299,43.87229]],[[-79.19232,43.88369],[-79.19461,43.88165]],[[-79.1855,43.89177],[-79.18957,43.88694]],[[-79.09971,43.91721],[-79.10223,43.91566],[-79.10522,43.9145]],[[-79.09997,43.91651],[-79.09778,43.91817],[-79.09562,43.92032]],[[-79.09377,43.92269],[-79.09517,43.92154],[-79.09625,43.92086],[-79.09844,43.92032],[-79.09959,43.91963],[-79.09815,43.91847]],[[-79.08979,43.92665],[-79.09349,43.92298]],[[-78.98992,43.95167],[-78.99201,43.95161]],[[-78.97324,43.94933],[-78.97912,43.95066]],[[-78.96415,43.94794],[-78.96657,43.94813],[-78.97286,43.94921]],[[-78.9639,43.94763],[-78.96196,43.94747],[-78.95863,43.94752]],[[-78.9493,43.94913],[-78.95354,43.94844],[-78.95641,43.94823],[-78.95749,43.94844],[-78.95937,43.94923],[-78.96086,43.94898],[-78.96025,43.9479]],[[-78.96007,43.9479],[-78.96017,43.94805],[-78.96,43.94883],[-78.95927,43.94899],[-78.95883,43.94872],[-78.9588,43.94834],[-78.95904,43.9481],[-78.95972,43.9479]],[[-78.9476,43.94942],[-78.94891,43.94921]],[[-78.94124,43.95112],[-78.94593,43.9497]],[[-78.93874,43.95228],[-78.94054,43.95139]],[[-78.90646,43.97104],[-78.9131,43.96769],[-78.93531,43.95419]],[[-78.90646,43.97104],[-78.90657,43.97212],[-78.90604,43.97251],[-78.90548,43.97244],[-78.90523,43.97221],[-78.90522,43.97185],[-78.90557,43.97151],[-78.90646,43.97104]],[[-78.90577,43.96959],[-78.90646,43.97104]],[[-78.86195,43.89014],[-78.86036,43.89051],[-78.86544,43.90165]],[[-79.098,43.9186],[-79.09875,43.91932],[-79.09883,43.91974],[-79.09832,43.9201],[-79.09759,43.91992],[-79.0974,43.91965],[-79.09745,43.91933],[-79.098,43.9186]]]}},{"type":"Feature","properties":{"r":"GO 56","n":"Oshawa / Oakville","m":"go","f":[],"day":true,"h":25},"geometry":{"type":"MultiLineString","coordinates":[[[-79.74363,43.51266],[-79.74604,43.51096],[-79.74703,43.51066],[-79.74858,43.51055],[-79.74952,43.51001],[-79.74689,43.50803]],[[-79.7277,43.52621],[-79.7301,43.52493],[-79.73117,43.52417],[-79.73355,43.52133],[-79.73441,43.52047]],[[-79.7107,43.68666],[-79.71192,43.68554]],[[-79.71192,43.68554],[-79.71293,43.68507],[-79.71337,43.68523],[-79.71352,43.68553],[-79.71342,43.6858],[-79.71308,43.68597],[-79.71231,43.6858],[-79.71192,43.68554]],[[-79.71192,43.68554],[-79.71053,43.68454],[-79.70864,43.68252],[-79.7073,43.6803],[-79.70354,43.67219],[-79.70254,43.67079],[-79.70175,43.67001]],[[-79.7015,43.66976],[-79.70087,43.66914],[-79.69683,43.66613]],[[-79.69805,43.55411],[-79.69809,43.55366],[-79.69846,43.55316],[-79.70115,43.55057]],[[-79.69245,43.55703],[-79.69384,43.55629],[-79.695,43.55588],[-79.69751,43.55584],[-79.69836,43.55539]],[[-79.67943,43.70655],[-79.68094,43.70427],[-79.68246,43.70245],[-79.68492,43.70117]],[[-79.68172,43.456],[-79.68139,43.45639],[-79.68157,43.45668],[-79.68184,43.45662],[-79.68276,43.4557],[-79.68377,43.45634],[-79.68125,43.45726],[-79.6836,43.46135],[-79.68511,43.46302],[-79.68999,43.4667],[-79.69232,43.46815],[-79.69571,43.47065],[-79.69643,43.47014],[-79.69814,43.46957],[-79.69831,43.46944],[-79.6982,43.46928],[-79.69555,43.47053],[-79.70218,43.47534],[-79.70465,43.47689],[-79.70542,43.47749],[-79.70531,43.47757],[-79.70629,43.47806],[-79.70854,43.4797],[-79.70986,43.48068],[-79.70972,43.48079],[-79.70986,43.48068],[-79.71053,43.48117],[-79.7375,43.50134],[-79.74419,43.50613],[-79.74518,43.50528],[-79.74591,43.50537],[-79.74669,43.50607],[-79.74624,43.50662],[-79.7458,43.50661],[-79.74468,43.50574],[-79.74419,43.50613],[-79.74628,43.50785],[-79.74661,43.50833],[-79.74666,43.50882],[-79.74622,43.5096],[-79.74169,43.51397],[-79.73513,43.51946],[-79.73224,43.52154],[-79.72581,43.52738],[-79.71777,43.53581],[-79.71325,43.53992],[-79.70249,43.54904],[-79.69928,43.55151],[-79.69805,43.55206],[-79.69566,43.55233],[-79.69522,43.55263],[-79.69474,43.55326],[-79.69861,43.55507],[-79.70029,43.55377],[-79.69941,43.55316],[-79.69934,43.55293],[-79.7014,43.55123],[-79.70172,43.55123],[-79.70164,43.55102],[-79.69935,43.55291],[-79.69933,43.55309],[-79.70018,43.55366],[-79.6988,43.5549],[-79.69483,43.55306],[-79.69473,43.55335],[-79.69476,43.55461],[-79.69446,43.55506],[-79.69171,43.55708],[-79.68413,43.56185],[-79.68055,43.56477],[-79.67794,43.56733],[-79.66996,43.57649],[-79.66647,43.57984],[-79.6623,43.58333],[-79.66012,43.58392],[-79.65927,43.58442],[-79.65885,43.58495],[-79.65859,43.58627],[-79.65789,43.58726],[-79.64911,43.59546],[-79.6471,43.59431],[-79.64394,43.59727],[-79.64116,43.59898],[-79.64058,43.59906],[-79.6401,43.59884],[-79.63982,43.59854],[-79.63992,43.59819],[-79.64029,43.59802],[-79.64079,43.59813],[-79.6432,43.59986],[-79.6436,43.60043],[-79.64355,43.60096],[-79.64035,43.60441],[-79.63331,43.61104],[-79.6321,43.61281],[-79.63164,43.61457],[-79.63184,43.61653],[-79.63289,43.6186],[-79.63472,43.62059],[-79.64879,43.63148],[-79.65366,43.6359],[-79.65508,43.6368],[-79.66015,43.63924],[-79.66121,43.63995],[-79.69503,43.66523],[-79.70136,43.67016],[-79.70294,43.67217],[-79.70689,43.68069],[-79.70927,43.68438],[-79.70951,43.68623],[-79.71033,43.68681],[-79.70117,43.69511],[-79.69647,43.69892],[-79.69293,43.70255],[-79.6926,43.70235],[-79.6932,43.70155],[-79.68841,43.70247],[-79.68818,43.7026],[-79.68829,43.7027],[-79.68905,43.70239],[-79.69008,43.70219],[-79.69011,43.70227],[-79.69207,43.70178],[-79.6926,43.70235],[-79.69322,43.70156],[-79.68911,43.70238],[-79.68898,43.70265],[-79.68822,43.70311],[-79.68306,43.69929],[-79.6826,43.69879],[-79.68264,43.69835],[-79.68323,43.69818],[-79.68371,43.6985],[-79.68371,43.69887],[-79.68317,43.70002],[-79.67706,43.70949],[-79.67583,43.71211],[-79.67529,43.71453],[-79.67473,43.72362],[-79.67382,43.72613],[-79.67244,43.72811],[-79.67091,43.72964],[-79.66916,43.73089],[-79.65023,43.74253],[-79.64664,43.74524],[-79.64021,43.75086],[-79.63794,43.75238],[-79.63433,43.7538],[-79.60918,43.75977],[-79.60157,43.76197],[-79.59236,43.76545],[-79.58387,43.76835],[-79.56296,43.77684],[-79.55645,43.77886],[-79.53422,43.78359],[-79.53132,43.78401],[-79.52413,43.78422],[-79.52263,43.78454],[-79.5223,43.78388],[-79.52314,43.78366],[-79.52346,43.78332],[-79.5234,43.78305],[-79.52266,43.78196],[-79.52165,43.78222],[-79.52148,43.78227],[-79.52203,43.78411],[-79.52201,43.78482],[-79.52149,43.78564],[-79.52051,43.78623],[-79.5135,43.78829],[-79.49609,43.79261],[-79.4917,43.79413],[-79.4888,43.79557],[-79.4857,43.79767],[-79.48353,43.79968],[-79.48217,43.80141],[-79.48095,43.80358],[-79.48017,43.80587],[-79.47948,43.81301],[-79.47888,43.815],[-79.47817,43.81635],[-79.47728,43.8175],[-79.47422,43.82021],[-79.47222,43.82145],[-79.46793,43.82351],[-79.46431,43.82487],[-79.46034,43.82607],[-79.45016,43.82817],[-79.43534,43.83181],[-79.43216,43.83234],[-79.4296,43.83229],[-79.42817,43.83247],[-79.4294,43.83816],[-79.42941,43.83902],[-79.42912,43.83925],[-79.42787,43.83941],[-79.42654,43.83917],[-79.42614,43.83972],[-79.42605,43.84021],[-79.42562,43.84047],[-79.4251,43.83998],[-79.42506,43.83959],[-79.42531,43.83951],[-79.42597,43.84029],[-79.42614,43.83972],[-79.42648,43.83928],[-79.42753,43.83952],[-79.4298,43.83927],[-79.42965,43.83848],[-79.42978,43.83846],[-79.42965,43.83848],[-79.42868,43.83391],[-79.42882,43.83293],[-79.42969,43.83248],[-79.43034,43.83276],[-79.43039,43.83305],[-79.43015,43.83332],[-79.42918,43.83386],[-79.42459,43.83582],[-79.42022,43.83741],[-79.41582,43.8383],[-79.41406,43.83849],[-79.41022,43.83846],[-79.39736,43.83694],[-79.39251,43.83657],[-79.38628,43.83654],[-79.38165,43.83686],[-79.37676,43.83748],[-79.35623,43.8408],[-79.34061,43.84302],[-79.32797,43.84548],[-79.31373,43.8487],[-79.31077,43.84912],[-79.30851,43.84868],[-79.30775,43.84871],[-79.30686,43.84902],[-79.30762,43.85037],[-79.30789,43.85126],[-79.30787,43.8523],[-79.30746,43.85337],[-79.30854,43.85349],[-79.30857,43.85358],[-79.30854,43.85349],[-79.31453,43.85202],[-79.31436,43.85185],[-79.31228,43.85262],[-79.30879,43.85346],[-79.3076,43.85341],[-79.30794,43.85258],[-79.30805,43.85143],[-79.30741,43.84933],[-79.30792,43.84887],[-79.30857,43.849],[-79.30873,43.84949],[-79.30836,43.84979],[-79.30718,43.85021],[-79.28404,43.85556],[-79.2729,43.85768],[-79.26922,43.8586],[-79.26525,43.85994],[-79.25325,43.86476],[-79.24412,43.86767],[-79.24045,43.86865],[-79.23721,43.86923],[-79.23627,43.86922],[-79.23439,43.86879],[-79.23284,43.86909],[-79.23336,43.87047],[-79.23339,43.87274],[-79.23524,43.88069],[-79.23208,43.88155],[-79.23196,43.8811],[-79.23163,43.88115],[-79.23132,43.87998],[-79.23165,43.87993],[-79.23157,43.88009],[-79.23168,43.88008],[-79.23208,43.88155],[-79.23524,43.88069],[-79.23347,43.87301],[-79.23356,43.87101],[-79.23342,43.86948],[-79.23359,43.86914],[-79.23401,43.86896],[-79.23467,43.86917],[-79.23465,43.8697],[-79.23268,43.87039],[-79.20472,43.87642],[-79.20181,43.87728],[-79.19862,43.87861],[-79.19504,43.88076],[-79.19231,43.88308],[-79.18457,43.89225],[-79.18295,43.89381],[-79.17997,43.8958],[-79.17776,43.89684],[-79.17552,43.89762],[-79.10665,43.91362],[-79.10273,43.91488],[-79.09971,43.91619],[-79.09738,43.9165],[-79.09625,43.91689],[-79.09536,43.91557],[-79.09506,43.91379],[-79.0961,43.91365],[-79.09642,43.91323],[-79.09642,43.91282],[-79.09764,43.91291],[-79.09775,43.91273],[-79.09766,43.9123],[-79.09538,43.91205],[-79.09491,43.91337],[-79.09484,43.91435],[-79.09521,43.9157],[-79.09625,43.9176],[-79.09633,43.91831],[-79.09613,43.91895],[-79.09379,43.92211],[-79.08657,43.92929],[-79.08409,43.93121],[-79.08168,43.93256],[-79.07223,43.93695],[-79.06757,43.93861],[-79.02022,43.94971],[-79.01599,43.95039],[-79.01208,43.95066],[-78.98771,43.95133],[-78.98436,43.95121],[-78.98191,43.95089],[-78.96982,43.94809],[-78.96402,43.94725],[-78.9615,43.94617],[-78.95948,43.94625],[-78.95887,43.94403],[-78.9604,43.94383],[-78.96067,43.94502],[-78.95961,43.94515],[-78.95949,43.94453],[-78.95967,43.94451],[-78.95949,43.94453],[-78.95935,43.94396],[-78.95887,43.94403],[-78.95862,43.94268],[-78.9586,43.94354],[-78.95917,43.94595],[-78.95896,43.9467],[-78.95842,43.94718],[-78.94583,43.94931],[-78.94217,43.95033],[-78.93973,43.95128],[-78.9349,43.95396],[-78.91392,43.96672],[-78.91105,43.9683],[-78.90903,43.96896],[-78.90686,43.96893],[-78.90564,43.96921],[-78.90429,43.96653],[-78.90279,43.96307],[-78.90291,43.96304],[-78.90279,43.96307],[-78.89661,43.9488],[-78.8957,43.94761],[-78.89258,43.94539],[-78.89412,43.94405],[-78.89584,43.94353],[-78.89591,43.94329],[-78.89503,43.9433],[-78.89247,43.94532],[-78.88144,43.93774],[-78.88064,43.93684],[-78.87911,43.93353],[-78.87886,43.93229],[-78.87166,43.91632],[-78.87112,43.91448],[-78.86584,43.90252],[-78.86581,43.90181],[-78.86738,43.90132],[-78.86755,43.90096],[-78.86234,43.89005],[-78.88017,43.88607],[-78.87837,43.88218],[-78.87637,43.87674],[-78.87521,43.87494],[-78.87426,43.87555],[-78.87427,43.87629],[-78.8775,43.87526],[-78.88814,43.87279],[-78.88815,43.87205],[-78.88743,43.87049],[-78.88672,43.87051],[-78.8859,43.87079],[-78.88572,43.87103]],[[-79.67733,43.70985],[-79.67855,43.70793]],[[-79.67435,43.72584],[-79.67513,43.72386],[-79.67539,43.7221],[-79.67571,43.7147],[-79.6764,43.71183]],[[-79.66047,43.586],[-79.66521,43.58141]],[[-79.66047,43.586],[-79.66092,43.58645],[-79.66119,43.58696],[-79.66102,43.58738],[-79.66057,43.58756],[-79.66003,43.58748],[-79.65975,43.58724],[-79.65984,43.58669],[-79.66047,43.586]],[[-79.65919,43.58527],[-79.6596,43.58537],[-79.66047,43.586]],[[-79.66032,43.63888],[-79.63934,43.62322],[-79.63498,43.62029]],[[-79.64096,43.60434],[-79.6427,43.60299],[-79.6452,43.60243],[-79.64617,43.60182],[-79.64387,43.60012]],[[-79.56585,43.77612],[-79.57064,43.77415]],[[-79.56342,43.77709],[-79.56547,43.77625]],[[-79.55796,43.77881],[-79.56024,43.7781]],[[-79.52357,43.78691],[-79.52723,43.78642],[-79.5305,43.78496],[-79.53391,43.78404]],[[-79.52379,43.78297],[-79.52394,43.78305],[-79.52569,43.78292],[-79.52548,43.78317],[-79.52385,43.7834]],[[-79.51396,43.78857],[-79.52042,43.78735],[-79.52357,43.78691]],[[-79.52357,43.78691],[-79.52377,43.78688],[-79.52281,43.78491]],[[-79.52265,43.78494],[-79.52357,43.78691]],[[-79.48287,43.80117],[-79.48409,43.7997]],[[-79.48126,43.80391],[-79.48251,43.80163]],[[-79.48055,43.80607],[-79.48118,43.80415]],[[-79.47928,43.81507],[-79.47994,43.81293],[-79.48053,43.80629]],[[-79.47473,43.82029],[-79.47656,43.8188],[-79.47734,43.81799]],[[-79.42949,43.83567],[-79.42963,43.83512],[-79.43062,43.834],[-79.43245,43.83312],[-79.43468,43.83233]],[[-79.43222,43.83274],[-79.43075,43.83323]],[[-79.42177,43.83727],[-79.42494,43.83637],[-79.42864,43.83645]],[[-79.41699,43.83847],[-79.41894,43.83808]],[[-79.39426,43.8371],[-79.40518,43.83827]],[[-79.36825,43.83926],[-79.37888,43.83761]],[[-79.30836,43.85096],[-79.30896,43.85044],[-79.31361,43.84912]],[[-79.30228,43.85175],[-79.30389,43.8515],[-79.30504,43.85147],[-79.30748,43.85188]],[[-79.27231,43.85824],[-79.27795,43.85713]],[[-79.25519,43.86441],[-79.25768,43.8635],[-79.26524,43.86037]],[[-79.23392,43.87169],[-79.23466,43.87091],[-79.24216,43.86861]],[[-79.23629,43.86962],[-79.235,43.8699]],[[-79.22717,43.87199],[-79.2302,43.87167],[-79.23211,43.87223],[-79.23299,43.87229]],[[-79.19232,43.88369],[-79.19461,43.88165]],[[-79.1855,43.89177],[-79.18957,43.88694]],[[-79.09971,43.91721],[-79.10223,43.91566],[-79.10522,43.9145]],[[-79.09997,43.91651],[-79.09778,43.91817],[-79.09562,43.92032]],[[-79.09377,43.92269],[-79.09517,43.92154],[-79.09625,43.92086],[-79.09844,43.92032],[-79.09959,43.91963],[-79.09815,43.91847]],[[-78.96415,43.94794],[-78.96657,43.94813],[-78.97286,43.94921]],[[-78.9639,43.94763],[-78.96196,43.94747],[-78.95863,43.94752]],[[-78.9493,43.94913],[-78.95354,43.94844],[-78.95641,43.94823],[-78.95749,43.94844],[-78.95937,43.94923],[-78.96086,43.94898],[-78.96025,43.9479]],[[-78.96007,43.9479],[-78.96017,43.94805],[-78.96,43.94883],[-78.95927,43.94899],[-78.95883,43.94872],[-78.9588,43.94834],[-78.95904,43.9481],[-78.95972,43.9479]],[[-78.94124,43.95112],[-78.94593,43.9497]],[[-78.93874,43.95228],[-78.94054,43.95139]],[[-78.90646,43.97104],[-78.9131,43.96769],[-78.93531,43.95419]],[[-78.90646,43.97104],[-78.90657,43.97212],[-78.90604,43.97251],[-78.90548,43.97244],[-78.90523,43.97221],[-78.90522,43.97185],[-78.90557,43.97151],[-78.90646,43.97104]],[[-78.90577,43.96959],[-78.90646,43.97104]],[[-78.86195,43.89014],[-78.86036,43.89051],[-78.86544,43.90165]],[[-79.098,43.9186],[-79.09875,43.91932],[-79.09883,43.91974],[-79.09832,43.9201],[-79.09759,43.91992],[-79.0974,43.91965],[-79.09745,43.91933],[-79.098,43.9186]]]}},{"type":"Feature","properties":{"r":"GO 61","n":"Richmond Hill","m":"go","f":[],"day":true,"h":null,"in":true},"geometry":{"type":"MultiLineString","coordinates":[[[-79.42965,43.84152],[-79.42891,43.84162],[-79.42665,43.84135],[-79.42357,43.8419]],[[-79.41997,43.83853],[-79.41512,43.83933],[-79.40965,43.83989],[-79.40975,43.84112],[-79.40948,43.84178],[-79.40861,43.84235],[-79.40754,43.84255]],[[-79.40642,43.83918],[-79.40609,43.83794]],[[-79.40609,43.83794],[-79.40603,43.83769],[-79.40619,43.83703],[-79.40695,43.83683],[-79.40741,43.8371],[-79.40747,43.83746],[-79.40716,43.83779],[-79.40609,43.83794]],[[-79.40609,43.83794],[-79.39706,43.83696]],[[-79.39779,43.97588],[-79.39777,43.97619],[-79.39738,43.97642],[-79.39513,43.9763]],[[-79.37716,43.64395],[-79.37738,43.64426],[-79.37689,43.64436],[-79.3768,43.64414],[-79.37722,43.64406],[-79.3773,43.64423],[-79.37688,43.64432],[-79.37671,43.64393],[-79.38101,43.64172],[-79.38073,43.64102],[-79.37746,43.64212],[-79.37767,43.64287],[-79.37748,43.64327],[-79.3751,43.6444],[-79.37304,43.64507],[-79.36297,43.64724],[-79.3572,43.64897],[-79.35331,43.64888],[-79.35199,43.64903],[-79.34958,43.64996],[-79.34853,43.6508],[-79.34825,43.65134],[-79.34817,43.65204],[-79.34857,43.65298],[-79.3497,43.65434],[-79.35289,43.65715],[-79.35394,43.65851],[-79.35732,43.66959],[-79.3579,43.67054],[-79.36039,43.67333],[-79.36107,43.67449],[-79.36175,43.67641],[-79.36223,43.6787],[-79.36246,43.68173],[-79.36101,43.68526],[-79.36078,43.68779],[-79.36046,43.68903],[-79.35983,43.69038],[-79.35836,43.69222],[-79.35336,43.69648],[-79.35214,43.69723],[-79.34969,43.69786],[-79.34422,43.69732],[-79.34194,43.69758],[-79.34027,43.69829],[-79.33744,43.70026],[-79.33342,43.7021],[-79.33253,43.70294],[-79.33206,43.70378],[-79.3313,43.70702],[-79.33084,43.70803],[-79.33002,43.7089],[-79.32595,43.71203],[-79.32518,43.71329],[-79.32501,43.71466],[-79.32555,43.71603],[-79.32867,43.71967],[-79.32948,43.72115],[-79.32994,43.72247],[-79.3302,43.72397],[-79.33051,43.72964],[-79.33203,43.7371],[-79.33217,43.74222],[-79.33318,43.74699],[-79.33379,43.75233],[-79.33439,43.75462],[-79.33544,43.75756],[-79.33678,43.76304],[-79.33727,43.76781],[-79.33857,43.7716],[-79.34023,43.78043],[-79.34656,43.80906],[-79.34735,43.81047],[-79.34871,43.81167],[-79.35576,43.81478],[-79.3577,43.81604],[-79.35919,43.81765],[-79.35984,43.81883],[-79.3642,43.82927],[-79.36498,43.83201],[-79.36539,43.83506],[-79.36652,43.83732],[-79.36741,43.83814],[-79.36857,43.8388],[-79.36995,43.83921],[-79.37135,43.83933],[-79.37298,43.83915],[-79.37879,43.83764],[-79.38162,43.83719],[-79.38569,43.83693],[-79.39054,43.83687],[-79.3945,43.83704],[-79.40183,43.83797],[-79.40316,43.83839],[-79.40488,43.83962],[-79.40636,43.83958],[-79.40778,43.84507],[-79.41032,43.84469],[-79.41224,43.84344],[-79.41328,43.84309],[-79.41597,43.84274],[-79.41935,43.84269],[-79.42318,43.84197],[-79.42247,43.84094],[-79.42096,43.84002],[-79.42037,43.83858],[-79.42425,43.83765],[-79.42504,43.83763],[-79.4254,43.83787],[-79.42599,43.83892],[-79.42661,43.83934],[-79.42737,43.83952],[-79.42948,43.83949],[-79.42973,43.83986],[-79.43001,43.84134],[-79.43055,43.84275],[-79.43084,43.844],[-79.43069,43.84401],[-79.43084,43.844],[-79.43152,43.84685],[-79.43136,43.84687],[-79.43152,43.84685],[-79.43206,43.84913],[-79.43188,43.84915],[-79.43206,43.84913],[-79.43254,43.85113],[-79.4324,43.85115],[-79.43254,43.85113],[-79.43263,43.85143],[-79.433,43.85371],[-79.43345,43.85517],[-79.43332,43.85519],[-79.43345,43.85517],[-79.43379,43.8563],[-79.43422,43.85816],[-79.43408,43.85818],[-79.43422,43.85816],[-79.43454,43.85952],[-79.43457,43.85999],[-79.43442,43.86001],[-79.43457,43.85999],[-79.43491,43.86111],[-79.43609,43.8661],[-79.43614,43.86637],[-79.43598,43.86639],[-79.43614,43.86637],[-79.43712,43.87081],[-79.43691,43.87083],[-79.43712,43.87081],[-79.43721,43.87124],[-79.42461,43.87398],[-79.42524,43.87644],[-79.42658,43.87613],[-79.42662,43.87582],[-79.42641,43.87577],[-79.42601,43.87623],[-79.42524,43.87644],[-79.42659,43.87947],[-79.42837,43.88145],[-79.43011,43.88291],[-79.43071,43.8838],[-79.4319,43.88668],[-79.43229,43.89019],[-79.43152,43.89107],[-79.43137,43.89181],[-79.42251,43.89371],[-79.41981,43.89364],[-79.42502,43.9145],[-79.42866,43.93106],[-79.40722,43.93552],[-79.4034,43.93742],[-79.40101,43.93837],[-79.39593,43.93957],[-79.3973,43.94129],[-79.39853,43.94094],[-79.39838,43.94098],[-79.39816,43.94054],[-79.39697,43.94081],[-79.39593,43.93957],[-79.38898,43.94014],[-79.3882,43.94001],[-79.38799,43.93974],[-79.38803,43.93945],[-79.38839,43.93918],[-79.38898,43.93924],[-79.38923,43.93957],[-79.38956,43.94047],[-79.39184,43.94956],[-79.39262,43.95548],[-79.39272,43.95902],[-79.39228,43.97371],[-79.392,43.97598],[-79.39058,43.97733],[-79.39052,43.97782],[-79.39074,43.97826],[-79.3951,43.97724],[-79.395,43.97668],[-79.39391,43.9763],[-79.39372,43.97582],[-79.39398,43.97561],[-79.39408,43.97513],[-79.39453,43.97497],[-79.39757,43.97512],[-79.39783,43.97541],[-79.39758,43.97554]],[[-79.39349,43.97633],[-79.39325,43.97605],[-79.39302,43.9753],[-79.39271,43.97318],[-79.39312,43.95911]],[[-79.39306,43.95696],[-79.39302,43.95534],[-79.39257,43.95127],[-79.39233,43.95021]],[[-79.39148,43.94649],[-79.39105,43.94459],[-79.3909,43.94288],[-79.39101,43.94223],[-79.39167,43.94082],[-79.39163,43.94032]],[[-79.38375,43.83665],[-79.38216,43.8367],[-79.37238,43.83766],[-79.37084,43.8375],[-79.36971,43.83717],[-79.36861,43.83656],[-79.36779,43.83581],[-79.3664,43.83349],[-79.36458,43.82915]],[[-79.34867,43.65219],[-79.34861,43.65179],[-79.34896,43.65097]],[[-79.34069,43.78067],[-79.3401,43.77615],[-79.33922,43.77187],[-79.33912,43.76969],[-79.33874,43.76745],[-79.33723,43.76355]],[[-79.32659,43.71662],[-79.32569,43.71518],[-79.32552,43.71428],[-79.3257,43.7132]]]}},{"type":"Feature","properties":{"r":"GO 65","n":"Newmarket / Toronto","m":"go","f":[],"day":true,"h":null,"in":true},"geometry":{"type":"MultiLineString","coordinates":[[[-79.57463,43.68313],[-79.57902,43.67644],[-79.57939,43.67534],[-79.57933,43.67419],[-79.57902,43.67331],[-79.57838,43.6724],[-79.57538,43.66999],[-79.57378,43.66806]],[[-79.52171,43.7201],[-79.52044,43.71821],[-79.52032,43.71745],[-79.52069,43.71694],[-79.52166,43.71654],[-79.52666,43.71581],[-79.54078,43.71254],[-79.54514,43.71178],[-79.55246,43.70962],[-79.55505,43.70826],[-79.55643,43.70695],[-79.55815,43.70479],[-79.56066,43.702]],[[-79.55247,43.61798],[-79.55132,43.61495],[-79.5506,43.61411],[-79.54902,43.61349],[-79.54689,43.61362],[-79.54114,43.61492]],[[-79.54667,43.82821],[-79.54776,43.82819],[-79.54812,43.82869],[-79.54757,43.82909],[-79.54694,43.82889],[-79.54667,43.82821]],[[-79.54667,43.82821],[-79.54636,43.82695],[-79.54603,43.82336]],[[-79.54321,43.82872],[-79.54667,43.82821]],[[-79.54567,43.81952],[-79.54523,43.81575]],[[-79.53912,43.78929],[-79.53618,43.77683]],[[-79.52445,43.78308],[-79.52569,43.78292],[-79.52548,43.78317],[-79.52365,43.78343],[-79.52266,43.78196],[-79.52148,43.78227],[-79.52371,43.7874],[-79.52407,43.79209],[-79.52958,43.81797],[-79.53249,43.83044]],[[-79.53031,43.75198],[-79.52363,43.72367],[-79.52288,43.72184]],[[-79.51389,43.78859],[-79.51504,43.78831],[-79.5231,43.78699]],[[-79.52201,43.78449],[-79.52205,43.78466],[-79.52161,43.78551],[-79.5207,43.78616],[-79.5135,43.78829],[-79.49458,43.79305],[-79.49013,43.79487],[-79.48673,43.79691],[-79.48494,43.7983],[-79.48338,43.79985],[-79.48204,43.80161],[-79.48095,43.80358],[-79.47998,43.80681],[-79.47934,43.81368],[-79.47844,43.81591],[-79.47759,43.81714],[-79.47525,43.81943],[-79.47283,43.82112],[-79.46793,43.82351],[-79.46431,43.82487],[-79.46034,43.82607],[-79.45016,43.82817],[-79.43464,43.83199],[-79.43098,43.83313],[-79.42128,43.83709],[-79.41876,43.83779],[-79.41582,43.8383],[-79.41406,43.83849],[-79.41022,43.83846],[-79.39631,43.83683],[-79.38929,43.83649],[-79.38335,43.83664],[-79.37885,43.83697],[-79.36739,43.83858]],[[-79.48402,43.79978],[-79.48634,43.79772]],[[-79.48128,43.80387],[-79.482,43.80251]],[[-79.47895,43.81572],[-79.47925,43.8152],[-79.47986,43.8134],[-79.48041,43.80684],[-79.48094,43.80501]],[[-79.47586,43.8194],[-79.47677,43.8185]],[[-79.4563,44.07838],[-79.45607,44.07848],[-79.45602,44.07873],[-79.45628,44.07883],[-79.45716,44.07861]],[[-79.37716,43.64395],[-79.37738,43.64426],[-79.37689,43.64436],[-79.3768,43.64414],[-79.37722,43.64406],[-79.3773,43.64423],[-79.37688,43.64432],[-79.37671,43.64393],[-79.38283,43.64091],[-79.38679,43.63972],[-79.39717,43.63797],[-79.40257,43.63807],[-79.40743,43.63761],[-79.41218,43.63743],[-79.42909,43.63287],[-79.43111,43.63255],[-79.43276,43.63261],[-79.43466,43.63304],[-79.44424,43.63709],[-79.44858,43.63829],[-79.45149,43.63876],[-79.4548,43.63901],[-79.45729,43.63898],[-79.46029,43.63862],[-79.46441,43.63759],[-79.46927,43.63558],[-79.47517,43.63224],[-79.48057,43.62828],[-79.483,43.62729],[-79.50547,43.62202],[-79.53723,43.61583],[-79.5444,43.61491],[-79.54849,43.6147],[-79.54974,43.61506],[-79.55053,43.61566],[-79.55255,43.61885],[-79.55694,43.62886],[-79.56175,43.6421],[-79.56502,43.64952],[-79.5698,43.65924],[-79.57316,43.66742],[-79.57386,43.6697],[-79.5744,43.67065],[-79.577,43.67371],[-79.57749,43.67504],[-79.57733,43.67664],[-79.57568,43.68042],[-79.57077,43.68925],[-79.56907,43.69198],[-79.56099,43.70112],[-79.55351,43.70834],[-79.55224,43.7091],[-79.55054,43.70965],[-79.52715,43.71509],[-79.52319,43.71547],[-79.51972,43.71503],[-79.51888,43.71531],[-79.51849,43.71579],[-79.51874,43.71679],[-79.52239,43.72168],[-79.52322,43.72384],[-79.53538,43.77505],[-79.53713,43.78304],[-79.5399,43.79401],[-79.54463,43.81411],[-79.54565,43.82277],[-79.54555,43.82523],[-79.54539,43.82578],[-79.54496,43.82631],[-79.54281,43.82767],[-79.54267,43.82796],[-79.54284,43.82857],[-79.53426,43.83034],[-79.52845,43.83205],[-79.5064,43.83674],[-79.50061,43.83894],[-79.50036,43.83862],[-79.49926,43.83871],[-79.49924,43.83862],[-79.49892,43.83889],[-79.49908,43.83913],[-79.50028,43.83861],[-79.50067,43.83904],[-79.50513,43.83724],[-79.50803,43.8365],[-79.51237,43.85487],[-79.51161,43.85506],[-79.51043,43.8559],[-79.49874,43.85849],[-79.49992,43.86137],[-79.50578,43.85997],[-79.50635,43.86004],[-79.50646,43.85984],[-79.50385,43.86045],[-79.50493,43.86297],[-79.51378,43.86101],[-79.51521,43.8673],[-79.51501,43.86733],[-79.51521,43.8673],[-79.51655,43.8732],[-79.51639,43.87322],[-79.51655,43.8732],[-79.5193,43.88464],[-79.52362,43.90391],[-79.52374,43.9052],[-79.52298,43.90887],[-79.52308,43.91008],[-79.5282,43.92871],[-79.51013,43.9327],[-79.50137,43.93483],[-79.45467,43.94455],[-79.46295,43.9809],[-79.46756,43.99966],[-79.45679,44.00203],[-79.45629,44.00063],[-79.45645,44.00021],[-79.45616,44.0],[-79.45588,43.99897],[-79.45848,43.99842],[-79.45866,43.99946],[-79.45887,43.99948],[-79.45917,43.99998],[-79.4591,44.00024],[-79.45946,44.00014],[-79.45941,43.99978],[-79.459,43.9995],[-79.45866,43.99946],[-79.45818,43.99987],[-79.45645,44.00021],[-79.45629,44.0004],[-79.45629,44.00063],[-79.45679,44.00203],[-79.44373,44.00502],[-79.44467,44.00928],[-79.44454,44.0093],[-79.44473,44.00951],[-79.4473,44.02067],[-79.44769,44.02347],[-79.44803,44.02413],[-79.45176,44.04105],[-79.45212,44.04195],[-79.45341,44.04744],[-79.45289,44.04935],[-79.45321,44.05188],[-79.45341,44.05688],[-79.4539,44.05972],[-79.45426,44.06077],[-79.46122,44.05921],[-79.46318,44.0634],[-79.4631,44.06406],[-79.46269,44.06464],[-79.46066,44.06551],[-79.45987,44.06623],[-79.45968,44.06688],[-79.45983,44.06843],[-79.45869,44.07093],[-79.45868,44.0717],[-79.46033,44.07822],[-79.45786,44.07871],[-79.45767,44.07818],[-79.45667,44.07823]],[[-79.36739,43.83858],[-79.36791,43.83982],[-79.36799,43.84241],[-79.36835,43.8432],[-79.36989,43.84537],[-79.37075,43.84759],[-79.38981,43.92498],[-79.39013,43.92871],[-79.38932,43.93528],[-79.38926,43.93829],[-79.38967,43.94097],[-79.39184,43.94956],[-79.39252,43.95416],[-79.39272,43.95902],[-79.39228,43.97371],[-79.39265,43.97756],[-79.39437,43.98484],[-79.39572,43.99414],[-79.39639,43.9964],[-79.39811,43.99918],[-79.40328,44.00433],[-79.40426,44.00581],[-79.40503,44.00751],[-79.40573,44.01049],[-79.40571,44.01168],[-79.40546,44.01236],[-79.40431,44.01339],[-79.40448,44.01426],[-79.41391,44.01211],[-79.4196,44.01059],[-79.43318,44.00768],[-79.44337,44.00524]],[[-79.4222,43.83715],[-79.43223,43.83316]],[[-79.40866,44.0129],[-79.4086,44.01279],[-79.40783,44.01308],[-79.40746,44.013],[-79.40727,44.01246],[-79.40775,44.01205],[-79.40842,44.01239],[-79.40868,44.01289]],[[-79.40754,44.01171],[-79.40647,44.01076],[-79.40546,44.00758]],[[-79.40315,44.00364],[-79.39991,44.00041]],[[-79.39558,43.8372],[-79.3994,43.83759]],[[-79.39849,43.99899],[-79.39769,43.99773]],[[-79.39614,43.99416],[-79.39478,43.98485]],[[-79.3932,43.97816],[-79.39296,43.97665]],[[-79.39276,43.97452],[-79.39271,43.97318],[-79.39312,43.95912]],[[-79.39309,43.95839],[-79.39293,43.95441]],[[-79.39232,43.95006],[-79.3922,43.94922],[-79.39011,43.94101],[-79.38967,43.93786]],[[-79.38853,43.83691],[-79.39024,43.83694]],[[-79.38968,43.93715],[-79.38974,43.93552],[-79.39055,43.92885],[-79.39021,43.92494]],[[-79.38966,43.9227],[-79.37269,43.85323],[-79.37125,43.84793]],[[-79.38524,43.63977],[-79.38436,43.63991],[-79.38113,43.64094]],[[-79.37113,43.84597],[-79.37111,43.84382],[-79.37153,43.84146],[-79.37193,43.84065],[-79.37256,43.83994],[-79.37413,43.83898],[-79.37804,43.83779],[-79.38297,43.83707]],[[-79.38089,43.64142],[-79.38073,43.64102],[-79.37746,43.64212],[-79.37767,43.64287],[-79.37758,43.64305]],[[-79.37708,43.64223],[-79.37587,43.64274],[-79.37543,43.64344],[-79.37556,43.64374]],[[-79.37633,43.64382],[-79.3751,43.6444],[-79.37304,43.64507],[-79.36297,43.64724],[-79.3572,43.64897],[-79.35331,43.64888],[-79.35199,43.64903],[-79.34958,43.64996],[-79.34853,43.6508],[-79.34825,43.65134],[-79.34817,43.65204],[-79.34857,43.65298],[-79.3497,43.65434],[-79.35289,43.65715],[-79.35394,43.65851],[-79.35732,43.66959],[-79.3579,43.67054],[-79.36039,43.67333],[-79.36107,43.67449],[-79.36175,43.67641],[-79.36223,43.6787],[-79.36246,43.68173],[-79.36101,43.68526],[-79.36078,43.68779],[-79.36046,43.68903],[-79.35983,43.69038],[-79.35836,43.69222],[-79.35336,43.69648],[-79.35214,43.69723],[-79.34969,43.69786],[-79.34422,43.69732],[-79.34194,43.69758],[-79.34027,43.69829],[-79.33744,43.70026],[-79.33342,43.7021],[-79.33253,43.70294],[-79.33206,43.70378],[-79.3313,43.70702],[-79.33084,43.70803],[-79.33002,43.7089],[-79.32595,43.71203],[-79.32518,43.71329],[-79.32503,43.71476],[-79.32555,43.71603],[-79.32867,43.71967],[-79.32948,43.72115],[-79.32994,43.72247],[-79.3302,43.72397],[-79.33051,43.72964],[-79.33203,43.7371],[-79.33217,43.74222],[-79.33318,43.74699],[-79.33379,43.75233],[-79.33439,43.75462],[-79.33544,43.75756],[-79.33678,43.76304],[-79.33727,43.76781],[-79.33857,43.7716],[-79.34023,43.78043],[-79.34656,43.80906],[-79.34735,43.81047],[-79.34871,43.81167],[-79.35576,43.81478],[-79.3577,43.81604],[-79.35932,43.81785],[-79.36572,43.83286],[-79.36767,43.83812]],[[-79.37109,43.84736],[-79.37033,43.84463]],[[-79.36831,43.83986],[-79.36996,43.84478]],[[-79.36923,43.84119],[-79.36835,43.83882]],[[-79.36739,43.83858],[-79.36603,43.83882],[-79.36517,43.83866],[-79.36485,43.83803],[-79.36524,43.83757],[-79.36615,43.8375],[-79.36678,43.83788],[-79.36739,43.83858]],[[-79.36405,43.82794],[-79.36347,43.82655]],[[-79.34867,43.65219],[-79.34861,43.65179],[-79.34896,43.65097]],[[-79.34069,43.78067],[-79.3401,43.77615],[-79.33922,43.77187],[-79.33912,43.76969],[-79.33874,43.76745],[-79.33723,43.76355]],[[-79.32671,43.71676],[-79.32613,43.71601],[-79.32559,43.71485],[-79.3256,43.71343],[-79.32579,43.71306]]]}},{"type":"Feature","properties":{"r":"GO 67","n":"Keswick / North York","m":"go","f":[],"day":true,"h":null,"in":true},"geometry":{"type":"MultiLineString","coordinates":[[[-79.46244,44.2129],[-79.46499,44.21226],[-79.46553,44.21076],[-79.46739,44.20781],[-79.46767,44.20704],[-79.46559,44.19776],[-79.46437,44.19329],[-79.44004,44.19863]],[[-79.41512,43.78218],[-79.41441,43.78242],[-79.41422,43.78208],[-79.41608,43.78163],[-79.416,43.78085],[-79.41489,43.77719],[-79.41509,43.77716],[-79.41489,43.77719],[-79.4146,43.77606],[-79.41414,43.77421],[-79.41433,43.77418],[-79.41414,43.77421],[-79.4137,43.77246],[-79.41393,43.77242],[-79.4137,43.77246],[-79.4133,43.77093],[-79.41309,43.76942],[-79.41235,43.76686],[-79.41247,43.76684],[-79.41235,43.76686],[-79.41105,43.76162],[-79.4112,43.76161],[-79.41105,43.76162],[-79.40971,43.7564],[-79.40862,43.75413],[-79.40824,43.75265],[-79.40802,43.75252],[-79.40714,43.75268],[-79.40641,43.75304],[-79.4061,43.75427],[-79.40521,43.75509],[-79.39866,43.75922],[-79.39594,43.76058],[-79.39225,43.76188],[-79.38105,43.76422],[-79.37493,43.76528],[-79.37118,43.76564],[-79.34758,43.76658],[-79.34314,43.76651],[-79.33924,43.76561],[-79.33812,43.76585],[-79.33756,43.76654],[-79.33768,43.76819],[-79.33856,43.77088],[-79.3395,43.77521],[-79.34023,43.78043],[-79.34656,43.80906],[-79.34726,43.81035],[-79.34843,43.81148],[-79.34954,43.81215],[-79.35658,43.81526],[-79.35823,43.81652],[-79.35966,43.81843],[-79.36572,43.83286],[-79.36917,43.84218],[-79.37019,43.84541],[-79.37842,43.87846],[-79.3786,43.88081],[-79.37772,43.88259],[-79.37772,43.88315],[-79.37799,43.88371],[-79.3817,43.88287],[-79.38152,43.88248],[-79.38044,43.8828],[-79.38039,43.88265],[-79.38058,43.88262],[-79.38039,43.88265],[-79.38006,43.88161],[-79.38109,43.88145],[-79.38165,43.88279],[-79.37888,43.88335],[-79.3782,43.88325],[-79.37793,43.88289],[-79.37826,43.88242],[-79.37894,43.8824],[-79.37924,43.88264],[-79.37963,43.8835],[-79.38946,43.92352],[-79.39006,43.92659],[-79.39012,43.92905],[-79.38932,43.93528],[-79.38926,43.93829],[-79.38956,43.94047],[-79.39216,43.95128],[-79.39256,43.95463],[-79.39272,43.95902],[-79.3921,43.97545],[-79.39184,43.97626],[-79.39065,43.97726],[-79.39049,43.97771],[-79.39074,43.97826],[-79.3951,43.97724],[-79.395,43.97668],[-79.39391,43.9763],[-79.39372,43.97582],[-79.39398,43.97561],[-79.39408,43.97513],[-79.39453,43.97497],[-79.39757,43.97512],[-79.39783,43.97541],[-79.39758,43.97554],[-79.39782,43.97554],[-79.39777,43.97619],[-79.39738,43.97642],[-79.39431,43.97626],[-79.39398,43.97561],[-79.39372,43.97582],[-79.39391,43.9763],[-79.395,43.97668],[-79.39505,43.97715],[-79.39179,43.97784],[-79.39136,43.97767],[-79.3912,43.9773],[-79.39154,43.97687],[-79.39217,43.97693],[-79.39242,43.97722],[-79.39279,43.9783],[-79.39452,43.98561],[-79.39599,43.9953],[-79.39665,43.99695],[-79.39771,43.99868],[-79.40283,44.00379],[-79.40459,44.00644],[-79.40515,44.00791],[-79.40573,44.01049],[-79.4056,44.01215],[-79.40429,44.01344],[-79.40448,44.01426],[-79.40888,44.01328],[-79.4086,44.01279],[-79.40783,44.01308],[-79.40746,44.013],[-79.40727,44.01246],[-79.40779,44.01205],[-79.40842,44.01239],[-79.4088,44.01318],[-79.40567,44.01385],[-79.40519,44.01373],[-79.40494,44.0133],[-79.40522,44.01287],[-79.40595,44.01292],[-79.40618,44.01321],[-79.40656,44.01431],[-79.4103,44.03189],[-79.41553,44.04724],[-79.41676,44.05155],[-79.41944,44.06456],[-79.41945,44.06656],[-79.41904,44.06721],[-79.41814,44.06795],[-79.41805,44.06841],[-79.41823,44.06891],[-79.42267,44.06796],[-79.42245,44.06747],[-79.42144,44.06756],[-79.42143,44.06735],[-79.42202,44.06722],[-79.42223,44.06751],[-79.42245,44.06747],[-79.42261,44.06784],[-79.41945,44.06849],[-79.41888,44.06841],[-79.4186,44.06802],[-79.41901,44.06757],[-79.41969,44.06766],[-79.41996,44.06796],[-79.42038,44.06914],[-79.42117,44.07344],[-79.42119,44.07769],[-79.42139,44.0794],[-79.42337,44.08702],[-79.42398,44.09047],[-79.42396,44.09165],[-79.42354,44.09389],[-79.42296,44.09534],[-79.42115,44.09874],[-79.42044,44.10097],[-79.42026,44.10408],[-79.4208,44.10687],[-79.42244,44.1135],[-79.42348,44.11624],[-79.42497,44.11852],[-79.43155,44.12561],[-79.43294,44.1276],[-79.43421,44.13009],[-79.43585,44.13568],[-79.43632,44.1383],[-79.43628,44.13916],[-79.4354,44.14091],[-79.43574,44.14202],[-79.4361,44.14207],[-79.4405,44.14113],[-79.44065,44.14152],[-79.44016,44.14162],[-79.44031,44.14188],[-79.44083,44.14196],[-79.44078,44.1421],[-79.44105,44.142],[-79.44064,44.14099],[-79.43599,44.14197],[-79.43573,44.14113],[-79.43615,44.14078],[-79.43679,44.14082],[-79.43712,44.14114],[-79.43747,44.14203],[-79.43994,44.15123],[-79.44452,44.16433],[-79.44799,44.17499],[-79.44826,44.17777],[-79.44795,44.18061],[-79.44721,44.18305],[-79.44559,44.18613],[-79.44365,44.18853],[-79.44167,44.19025],[-79.44003,44.19092],[-79.43692,44.19156],[-79.43679,44.19172],[-79.43698,44.19226],[-79.43742,44.19221],[-79.43736,44.19192],[-79.43686,44.19197],[-79.43679,44.19169],[-79.43771,44.19139],[-79.44443,44.21681],[-79.46205,44.213]],[[-79.44042,44.14063],[-79.43997,44.13965],[-79.43799,44.13848],[-79.43716,44.13761],[-79.43483,44.13017],[-79.43289,44.12653],[-79.43079,44.12388],[-79.42577,44.11865],[-79.4241,44.11619],[-79.42313,44.11373],[-79.42117,44.10589],[-79.42085,44.10352],[-79.42117,44.10056],[-79.42202,44.09825],[-79.42396,44.09432],[-79.42435,44.09296],[-79.42454,44.09106],[-79.42438,44.08917],[-79.42195,44.0797],[-79.42171,44.07803],[-79.4215,44.07073],[-79.42185,44.06996],[-79.4228,44.069],[-79.42292,44.06864],[-79.4228,44.06834]],[[-79.43796,44.14113],[-79.43788,44.14059],[-79.43802,44.14006],[-79.4389,44.13963],[-79.43979,44.13986],[-79.44021,44.14067]],[[-79.43878,44.19388],[-79.43922,44.1937],[-79.44362,44.18938],[-79.44594,44.18666],[-79.4475,44.18392],[-79.44847,44.18104],[-79.44883,44.17856],[-79.44868,44.17545],[-79.44814,44.17321],[-79.44025,44.15022],[-79.43809,44.14204]],[[-79.42183,44.06685],[-79.4207,44.06609],[-79.42025,44.06542],[-79.41758,44.05353]],[[-79.41696,44.05081],[-79.41647,44.04861],[-79.41072,44.03179],[-79.40768,44.01724],[-79.40774,44.01535],[-79.40899,44.0141],[-79.40904,44.01365]],[[-79.33983,43.77484],[-79.3395,43.77325],[-79.33933,43.77152],[-79.33944,43.7702],[-79.33987,43.76877],[-79.3409,43.76826],[-79.34909,43.76728],[-79.3719,43.76613],[-79.37817,43.76545],[-79.39205,43.76246],[-79.39462,43.76172],[-79.3985,43.76004],[-79.40364,43.75683],[-79.4056,43.75582],[-79.40848,43.75534],[-79.40887,43.75557]],[[-79.40756,44.01173],[-79.40647,44.01076],[-79.40517,44.00684]],[[-79.40477,44.00598],[-79.40451,44.00544],[-79.40365,44.00431]],[[-79.39809,43.99849],[-79.39698,43.99671]],[[-79.39691,43.99651],[-79.39632,43.99481]],[[-79.39483,43.98518],[-79.39397,43.9813],[-79.39383,43.97976],[-79.394,43.97908],[-79.39514,43.97812],[-79.39526,43.97761]],[[-79.39515,43.9871],[-79.39492,43.98561]],[[-79.39349,43.97633],[-79.39325,43.97605],[-79.39302,43.9753],[-79.39271,43.97318],[-79.39312,43.95911]],[[-79.39239,43.95054],[-79.3922,43.94922],[-79.39011,43.94101],[-79.38967,43.93786]],[[-79.38968,43.93715],[-79.38974,43.93552],[-79.39055,43.92885],[-79.39047,43.92716]],[[-79.39044,43.92646],[-79.39021,43.92526]],[[-79.38457,43.90193],[-79.38104,43.88733],[-79.38105,43.88557],[-79.38196,43.8835],[-79.38185,43.88324]],[[-79.38069,43.88111],[-79.3796,43.88019],[-79.37878,43.87812],[-79.37269,43.85323],[-79.3716,43.8494]],[[-79.36932,43.84143],[-79.36878,43.83996]],[[-79.35568,43.81443],[-79.35148,43.81257]],[[-79.34069,43.78067],[-79.3399,43.77519]]]}},{"type":"Feature","properties":{"r":"GO 68","n":"Barrie / Newmarket","m":"go","f":[],"day":true,"h":null,"in":true},"geometry":{"type":"MultiLineString","coordinates":[[[-79.45941,43.99978],[-79.45866,43.99946],[-79.45818,43.99987],[-79.45642,44.00024],[-79.45629,44.00063],[-79.45679,44.00203],[-79.44373,44.00502],[-79.44467,44.00928],[-79.44454,44.0093],[-79.44473,44.00951],[-79.4473,44.02067],[-79.44769,44.02347],[-79.44803,44.02413],[-79.45176,44.04105],[-79.45212,44.04195],[-79.45341,44.04744],[-79.45289,44.04935],[-79.45321,44.05188],[-79.45341,44.05688],[-79.4539,44.05972],[-79.45426,44.06077],[-79.46122,44.05921],[-79.46318,44.0634],[-79.4631,44.06406],[-79.46269,44.06464],[-79.46066,44.06551],[-79.45987,44.06623],[-79.45968,44.06688],[-79.45983,44.06843],[-79.45869,44.07093],[-79.45868,44.0717],[-79.46033,44.07822],[-79.45786,44.07871],[-79.45767,44.07818],[-79.45667,44.07823],[-79.45607,44.07848],[-79.45602,44.07873],[-79.45628,44.07883],[-79.45713,44.07863],[-79.45767,44.07818],[-79.45791,44.07886],[-79.46094,44.07826],[-79.48052,44.0739],[-79.48114,44.07391],[-79.48475,44.07298],[-79.48651,44.08021],[-79.48751,44.08236],[-79.48716,44.08293],[-79.48975,44.08471],[-79.49094,44.08596],[-79.49218,44.08682],[-79.49244,44.08725],[-79.49238,44.08792],[-79.48974,44.09146],[-79.48942,44.09241],[-79.48997,44.09528],[-79.49155,44.10144],[-79.49723,44.1002],[-79.5013,44.10216],[-79.51362,44.10539],[-79.5149,44.10501],[-79.51795,44.10583],[-79.51879,44.10503],[-79.52057,44.10622],[-79.52268,44.10712],[-79.54553,44.11322],[-79.55613,44.11568],[-79.55556,44.11641],[-79.5571,44.11787],[-79.55777,44.11775],[-79.55729,44.11587],[-79.55994,44.1155],[-79.56482,44.11428],[-79.5652,44.11562],[-79.565,44.11565],[-79.5652,44.11562],[-79.56526,44.11582],[-79.56645,44.12054],[-79.56627,44.12056],[-79.56645,44.12054],[-79.57004,44.13462],[-79.57462,44.15418],[-79.57838,44.16888],[-79.58593,44.20114],[-79.58857,44.21146],[-79.58938,44.21363],[-79.59039,44.21557],[-79.59021,44.21562],[-79.59039,44.21557],[-79.59289,44.22059],[-79.59393,44.22367],[-79.59835,44.24081],[-79.60094,44.25142],[-79.60079,44.25144],[-79.60094,44.25142],[-79.60239,44.25756],[-79.61342,44.29941],[-79.61326,44.29956],[-79.61347,44.29963],[-79.61626,44.31288],[-79.61906,44.3233],[-79.61928,44.32417],[-79.61916,44.32419],[-79.61928,44.32417],[-79.62033,44.32803],[-79.62021,44.32805],[-79.62033,44.32803],[-79.6209,44.33005],[-79.62072,44.33007],[-79.6209,44.33005],[-79.62278,44.33695],[-79.62448,44.34419],[-79.62525,44.34581],[-79.62702,44.34817],[-79.62878,44.3497],[-79.63008,44.35048],[-79.6295,44.35128],[-79.62831,44.35091],[-79.62785,44.35149],[-79.62806,44.35138],[-79.62888,44.35186],[-79.62921,44.35141],[-79.62912,44.3512],[-79.6295,44.35128],[-79.63008,44.35048],[-79.63284,44.35169],[-79.6438,44.35547],[-79.64976,44.35775],[-79.6552,44.36056],[-79.66246,44.36647],[-79.668,44.36981],[-79.67115,44.37052],[-79.67366,44.37074],[-79.67742,44.3716],[-79.6792,44.37162],[-79.68582,44.37106],[-79.69069,44.37161],[-79.69207,44.37212],[-79.69031,44.37466],[-79.68876,44.37489],[-79.68887,44.37431],[-79.68926,44.37441]],[[-79.68407,44.33566],[-79.68602,44.33522],[-79.68482,44.33349],[-79.6839,44.33126]],[[-79.52445,43.78308],[-79.52569,43.78292],[-79.52548,43.78317],[-79.52365,43.78343],[-79.52266,43.78196],[-79.52148,43.78227],[-79.52371,43.7874],[-79.52389,43.79113],[-79.52451,43.79423],[-79.53316,43.79237],[-79.53647,43.79187],[-79.53794,43.79203],[-79.53868,43.79248],[-79.53983,43.79542],[-79.54232,43.80528],[-79.54306,43.80743],[-79.54484,43.81516],[-79.54747,43.84145],[-79.54798,43.84459],[-79.56822,43.93037],[-79.58385,43.99541],[-79.58979,44.01327],[-79.59529,44.03432],[-79.59612,44.03661],[-79.59734,44.03863],[-79.59867,44.04035],[-79.62104,44.06605],[-79.62232,44.06788],[-79.6234,44.07027],[-79.64183,44.14464],[-79.64216,44.14725],[-79.64424,44.17699],[-79.64507,44.1815],[-79.64678,44.18586],[-79.65788,44.20631],[-79.65955,44.21019],[-79.68366,44.30047],[-79.68386,44.30329],[-79.68261,44.32558],[-79.68281,44.32784],[-79.68375,44.33254],[-79.68368,44.33557],[-79.6631,44.34042],[-79.62785,44.34836]],[[-79.6086,44.05115],[-79.59756,44.03823]],[[-79.59732,44.03782],[-79.59618,44.03528],[-79.59314,44.02453]],[[-79.54501,43.8141],[-79.54453,43.81123],[-79.54101,43.79604],[-79.54086,43.79397],[-79.54179,43.79223],[-79.54183,43.79148],[-79.5415,43.79078],[-79.53755,43.79159]],[[-79.52461,43.79462],[-79.52958,43.81797],[-79.53259,43.83085],[-79.52845,43.83205],[-79.5064,43.83674],[-79.50061,43.83894],[-79.50028,43.83861]],[[-79.50028,43.83861],[-79.50067,43.83904],[-79.50513,43.83724],[-79.50803,43.8365],[-79.51237,43.85487],[-79.51161,43.85506],[-79.51043,43.8559],[-79.49874,43.85849],[-79.49992,43.86137],[-79.50385,43.86045]],[[-79.50385,43.86045],[-79.50493,43.86297],[-79.51378,43.86101],[-79.5193,43.88464],[-79.52362,43.90391],[-79.52374,43.9052],[-79.52298,43.90887],[-79.52308,43.91008],[-79.5282,43.92871],[-79.51013,43.9327],[-79.50137,43.93483],[-79.45467,43.94455],[-79.46295,43.9809],[-79.46756,43.99966],[-79.45718,44.00194]],[[-79.50385,43.86045],[-79.50578,43.85997],[-79.50635,43.86004],[-79.50646,43.85984],[-79.50385,43.86045]],[[-79.50028,43.83861],[-79.49926,43.83871],[-79.49924,43.83862],[-79.49892,43.83889],[-79.49908,43.83913],[-79.50028,43.83861]],[[-79.45615,43.99995],[-79.45588,43.99897],[-79.45848,43.99842],[-79.45859,43.99907]]]}},{"type":"Feature","properties":{"r":"GO 70","n":"Uxbridge / Mount Joy","m":"go","f":[],"day":true,"h":null},"geometry":{"type":"MultiLineString","coordinates":[[[-79.26599,43.89993],[-79.26158,43.88126],[-79.26314,43.88082],[-79.26411,43.88001],[-79.26462,43.87916],[-79.26527,43.87875],[-79.27159,43.87728],[-79.27259,43.87635],[-79.27947,43.87475],[-79.28161,43.87376],[-79.28648,43.87269],[-79.28814,43.87206],[-79.28951,43.87017],[-79.29219,43.86937],[-79.29289,43.86876],[-79.29304,43.86815],[-79.29197,43.86565],[-79.29213,43.86562],[-79.29191,43.86549],[-79.3038,43.86273],[-79.3027,43.86025],[-79.30286,43.85888],[-79.30341,43.85803],[-79.30689,43.85437],[-79.3076,43.85341],[-79.30857,43.85358],[-79.31453,43.85202]],[[-79.26353,43.90048],[-79.26353,43.9008],[-79.26586,43.90031],[-79.2675,43.90716],[-79.26765,43.90725],[-79.26854,43.91196],[-79.27191,43.92536],[-79.27356,43.93249],[-79.27341,43.93251],[-79.27356,43.93249],[-79.27443,43.93575],[-79.2777,43.94356],[-79.27795,43.94502],[-79.27841,43.95213],[-79.27928,43.95657],[-79.27916,43.95659],[-79.27928,43.95657],[-79.28084,43.96133],[-79.28097,43.96254],[-79.28076,43.96374],[-79.23119,43.97485],[-79.23467,43.98975],[-79.23686,43.98917],[-79.23694,43.98981],[-79.23746,43.9899],[-79.23732,43.98987],[-79.23772,43.98899],[-79.23467,43.98975],[-79.23908,44.00904],[-79.23893,44.01062],[-79.2379,44.0126],[-79.23782,44.01402],[-79.23723,44.0145],[-79.21989,44.02429],[-79.20221,44.03374],[-79.17037,44.05138],[-79.16803,44.05224],[-79.15693,44.05488],[-79.15507,44.05582],[-79.15429,44.05669],[-79.15384,44.05771],[-79.15319,44.05964],[-79.15327,44.06049],[-79.16063,44.0773],[-79.16081,44.07865],[-79.16036,44.07991],[-79.15919,44.08112],[-79.15763,44.08189],[-79.13829,44.08634],[-79.1364,44.08711],[-79.13528,44.08791],[-79.13461,44.08867],[-79.13445,44.0886],[-79.13461,44.08867],[-79.12804,44.09777],[-79.12599,44.10088],[-79.12558,44.10191],[-79.12544,44.1034],[-79.12275,44.10813],[-79.12233,44.11075],[-79.12446,44.11022],[-79.12521,44.10956]],[[-79.12535,44.10919],[-79.12546,44.10891],[-79.12294,44.10946]]]}},{"type":"Feature","properties":{"r":"GO 71","n":"Stouffville","m":"go","f":[],"day":true,"h":null,"in":true},"geometry":{"type":"MultiLineString","coordinates":[[[-79.37716,43.64395],[-79.37738,43.64426],[-79.37689,43.64436],[-79.3768,43.64414],[-79.37722,43.64406],[-79.3773,43.64423],[-79.37688,43.64432],[-79.37671,43.64393],[-79.38101,43.64172],[-79.38073,43.64102],[-79.37746,43.64212],[-79.37767,43.64287],[-79.37748,43.64327],[-79.3751,43.6444],[-79.37304,43.64507],[-79.36297,43.64724],[-79.3572,43.64897],[-79.35331,43.64888],[-79.35199,43.64903],[-79.34958,43.64996],[-79.34853,43.6508],[-79.34825,43.65134],[-79.34817,43.65204],[-79.34857,43.65298],[-79.3497,43.65434],[-79.35289,43.65715],[-79.35394,43.65851],[-79.35732,43.66959],[-79.3579,43.67054],[-79.36039,43.67333],[-79.36107,43.67449],[-79.36175,43.67641],[-79.36223,43.6787],[-79.36246,43.68173],[-79.36101,43.68526],[-79.36078,43.68779],[-79.36046,43.68903],[-79.35983,43.69038],[-79.35836,43.69222],[-79.35336,43.69648],[-79.35214,43.69723],[-79.34969,43.69786],[-79.34422,43.69732],[-79.34194,43.69758],[-79.34027,43.69829],[-79.33744,43.70026],[-79.33342,43.7021],[-79.33253,43.70294],[-79.33206,43.70378],[-79.3313,43.70702],[-79.33084,43.70803],[-79.33002,43.7089],[-79.32595,43.71203],[-79.32534,43.71292],[-79.325,43.71413],[-79.32511,43.71509],[-79.32545,43.71587],[-79.32841,43.71926],[-79.3294,43.72098],[-79.32994,43.72247],[-79.3302,43.72397],[-79.33051,43.72964],[-79.33203,43.7371],[-79.33217,43.74222],[-79.33318,43.74699],[-79.33379,43.75233],[-79.33439,43.75462],[-79.33544,43.75756],[-79.33678,43.76304],[-79.33727,43.76781],[-79.33857,43.7716],[-79.34023,43.78043],[-79.34656,43.80906],[-79.34735,43.81047],[-79.34871,43.81167],[-79.35576,43.81478],[-79.3577,43.81604],[-79.35924,43.81772],[-79.36278,43.82576],[-79.3642,43.82927],[-79.36476,43.83114],[-79.36516,43.8338],[-79.36468,43.83633],[-79.36392,43.83739],[-79.36283,43.83819],[-79.35703,43.84047],[-79.3509,43.84159],[-79.33944,43.84323],[-79.32337,43.84646],[-79.31373,43.8487],[-79.31077,43.84912],[-79.30805,43.84866],[-79.30686,43.84902],[-79.30762,43.85037],[-79.30789,43.85126],[-79.30787,43.8523],[-79.30746,43.85337],[-79.30854,43.85349],[-79.30857,43.85358],[-79.30854,43.85349],[-79.31453,43.85202],[-79.31436,43.85185],[-79.31228,43.85262],[-79.30879,43.85346],[-79.30746,43.85337],[-79.30676,43.85442],[-79.30392,43.85739],[-79.30286,43.85888],[-79.3027,43.86025],[-79.30361,43.86265],[-79.29186,43.86538],[-79.29302,43.86803],[-79.29285,43.86882],[-79.29219,43.86937],[-79.28951,43.87017],[-79.28817,43.87192],[-79.28754,43.87235],[-79.28172,43.87373],[-79.27978,43.87464],[-79.27259,43.87635],[-79.27159,43.87728],[-79.26527,43.87875],[-79.26462,43.87916],[-79.26411,43.88001],[-79.26314,43.88082],[-79.26158,43.88126],[-79.26583,43.90019],[-79.26397,43.90066],[-79.26353,43.90048]],[[-79.35197,43.8418],[-79.35723,43.84109],[-79.36307,43.84112],[-79.36466,43.84072],[-79.36714,43.83958],[-79.36931,43.83923]],[[-79.36931,43.83923],[-79.37073,43.83903],[-79.37183,43.83924],[-79.37204,43.8399],[-79.37148,43.84036],[-79.37063,43.84032],[-79.36931,43.83923]],[[-79.36931,43.83923],[-79.3664,43.83349],[-79.36462,43.82929]],[[-79.36102,43.82078],[-79.35992,43.81827]],[[-79.34867,43.65219],[-79.34861,43.65179],[-79.34896,43.65097]],[[-79.34069,43.78067],[-79.3401,43.77615],[-79.33922,43.77187],[-79.33912,43.76969],[-79.33874,43.76745],[-79.33723,43.76355]],[[-79.3266,43.71657],[-79.3259,43.71565],[-79.32559,43.71485],[-79.32552,43.71394],[-79.32572,43.71308]],[[-79.32086,43.84745],[-79.3237,43.8468]],[[-79.30825,43.85106],[-79.30882,43.85051],[-79.31364,43.84912]],[[-79.31052,43.84948],[-79.30792,43.85008]],[[-79.3071,43.85027],[-79.28404,43.85556],[-79.27137,43.85803],[-79.26726,43.85921],[-79.26072,43.8616],[-79.25678,43.86156],[-79.25898,43.87005],[-79.25947,43.87226],[-79.25947,43.87315],[-79.26029,43.87569],[-79.26146,43.88088]],[[-79.26594,43.90057],[-79.2675,43.90716],[-79.26765,43.90725],[-79.26854,43.91196],[-79.27443,43.93575],[-79.2777,43.94356],[-79.27795,43.94502],[-79.27841,43.95213],[-79.27928,43.95657],[-79.28084,43.96133],[-79.28097,43.96254],[-79.28076,43.96374],[-79.23119,43.97485],[-79.23467,43.98975]],[[-79.25803,43.8648],[-79.25802,43.86441],[-79.25848,43.86365],[-79.25922,43.86311],[-79.26567,43.86022]],[[-79.23467,43.98975],[-79.23908,44.00904],[-79.23893,44.01062],[-79.2379,44.0126],[-79.23782,44.01402],[-79.23723,44.0145],[-79.21989,44.02429],[-79.20221,44.03374],[-79.17037,44.05138],[-79.16803,44.05224],[-79.15693,44.05488],[-79.15507,44.05582],[-79.15429,44.05669],[-79.15384,44.05771],[-79.15319,44.05964],[-79.15327,44.06049],[-79.16063,44.0773],[-79.16081,44.07865],[-79.16036,44.07991],[-79.15919,44.08112],[-79.15763,44.08189],[-79.13829,44.08634],[-79.1364,44.08711],[-79.13528,44.08791],[-79.13461,44.08867],[-79.12804,44.09777],[-79.12599,44.10088],[-79.12558,44.10191],[-79.12544,44.1034],[-79.12275,44.10813],[-79.12233,44.11075],[-79.12446,44.11022],[-79.12521,44.10956]],[[-79.23467,43.98975],[-79.23686,43.98917],[-79.23694,43.98981],[-79.23746,43.9899],[-79.23732,43.98987],[-79.23772,43.98899],[-79.23467,43.98975]],[[-79.12535,44.10919],[-79.12546,44.10891],[-79.12294,44.10946]]]}},{"type":"Feature","properties":{"r":"GO 88","n":"Peterborough / Oshawa","m":"go","f":[],"day":true,"h":null},"geometry":{"type":"MultiLineString","coordinates":[[[-78.88572,43.87103],[-78.88712,43.87042],[-78.88743,43.87049],[-78.88815,43.87205],[-78.88814,43.87279],[-78.87826,43.87506],[-78.87506,43.87606],[-78.87434,43.87602],[-78.8742,43.87577],[-78.87431,43.87547],[-78.87509,43.87498],[-78.87536,43.87588],[-78.87525,43.87618],[-78.87498,43.87643],[-78.86832,43.87862],[-78.83487,43.88628],[-78.83077,43.88687],[-78.8265,43.88703],[-78.8219,43.88673],[-78.81857,43.88616],[-78.81514,43.88524],[-78.81242,43.88425],[-78.80936,43.8828],[-78.80247,43.8783],[-78.79981,43.87699],[-78.79598,43.87584],[-78.79125,43.87536],[-78.78796,43.87557],[-78.70963,43.88564],[-78.70663,43.88645],[-78.70428,43.88734],[-78.694,43.89234],[-78.69204,43.89312],[-78.69095,43.8933],[-78.69001,43.89275],[-78.68886,43.89324],[-78.69075,43.89755],[-78.69059,43.89759],[-78.69075,43.89755],[-78.69197,43.89956],[-78.69285,43.90049],[-78.69738,43.90264],[-78.69904,43.90422],[-78.70098,43.90848],[-78.702,43.91123],[-78.70577,43.91014],[-78.70771,43.90978],[-78.70671,43.90743],[-78.70517,43.90783],[-78.70503,43.90771],[-78.70446,43.9081],[-78.7059,43.90908],[-78.70637,43.90989],[-78.69822,43.9124],[-78.69685,43.91271],[-78.69194,43.91289],[-78.68975,43.91245],[-78.68496,43.91103],[-78.68106,43.91038],[-78.67038,43.91242],[-78.66533,43.91242],[-78.65948,43.91125],[-78.65754,43.91114],[-78.65573,43.91127],[-78.64871,43.91249],[-78.63919,43.91245],[-78.62223,43.91304],[-78.61992,43.91293],[-78.61441,43.91223],[-78.61192,43.91224],[-78.61215,43.91301],[-78.61297,43.91291],[-78.61311,43.91263],[-78.61281,43.91252],[-78.61249,43.91295],[-78.61215,43.91301],[-78.61192,43.91224],[-78.61263,43.9122],[-78.61365,43.91246],[-78.61363,43.91321],[-78.61325,43.91403],[-78.61202,43.91541],[-78.60103,43.92568],[-78.60012,43.92694],[-78.59945,43.92828],[-78.59888,43.93071],[-78.59894,43.93244],[-78.59936,43.93401],[-78.60556,43.94821],[-78.60637,43.95242],[-78.61053,43.96185],[-78.61087,43.96355],[-78.61089,43.96507],[-78.60993,43.96997],[-78.60995,43.97161],[-78.61106,43.97626],[-78.61446,43.98383],[-78.61482,43.98542],[-78.61471,43.98721],[-78.61392,43.98917],[-78.60562,43.99873],[-78.60496,44.00009],[-78.60485,44.00153],[-78.60513,44.0026],[-78.6104,44.01545],[-78.61112,44.01928],[-78.61462,44.02757],[-78.61453,44.02947],[-78.61319,44.03259],[-78.61317,44.0337],[-78.6134,44.0346],[-78.61832,44.0459],[-78.61983,44.05037],[-78.62311,44.05477],[-78.62379,44.05617],[-78.62386,44.05787],[-78.62307,44.05959],[-78.62224,44.06049],[-78.62143,44.06105],[-78.62081,44.06109],[-78.62043,44.06077],[-78.62046,44.06048],[-78.62081,44.06022],[-78.62164,44.06038],[-78.62408,44.06248],[-78.62544,44.06399],[-78.626,44.06376],[-78.62602,44.06448],[-78.62571,44.0645],[-78.6249,44.0633],[-78.6219,44.06049],[-78.62121,44.06014],[-78.6206,44.06024],[-78.62036,44.0605],[-78.62033,44.06073],[-78.62075,44.06173],[-78.61983,44.06299],[-78.61685,44.06607],[-78.61458,44.06805],[-78.6,44.08307],[-78.59879,44.08412],[-78.59699,44.08525],[-78.58499,44.09116],[-78.58222,44.09288],[-78.57982,44.09495],[-78.56813,44.1067],[-78.53431,44.13079],[-78.53151,44.13241],[-78.51086,44.14223],[-78.50842,44.14354],[-78.48417,44.16144],[-78.47513,44.16962],[-78.47019,44.17726],[-78.46674,44.18122],[-78.46504,44.18261],[-78.4618,44.1834],[-78.46367,44.18784],[-78.46466,44.18747],[-78.46491,44.18705],[-78.46459,44.18702],[-78.4644,44.18722],[-78.46459,44.18751],[-78.46445,44.1876],[-78.46363,44.18777],[-78.46184,44.18349],[-78.46334,44.18327],[-78.46382,44.1835],[-78.464,44.184],[-78.46335,44.18505],[-78.44647,44.20397],[-78.44444,44.20579],[-78.44308,44.20662],[-78.4411,44.20748],[-78.39476,44.22336],[-78.3917,44.22456],[-78.39011,44.2255],[-78.35632,44.25029],[-78.35478,44.25175],[-78.35343,44.25349],[-78.3524,44.25524],[-78.35011,44.26023],[-78.34934,44.26149],[-78.34753,44.26373],[-78.34744,44.26438],[-78.34776,44.26603],[-78.34743,44.26685],[-78.35089,44.2663],[-78.35088,44.26723],[-78.34916,44.26798],[-78.34957,44.26872],[-78.3496,44.27005],[-78.34936,44.27102],[-78.34648,44.27175],[-78.34616,44.27053],[-78.34573,44.26981],[-78.34529,44.2695],[-78.34052,44.27396],[-78.34043,44.27494],[-78.3438,44.2823],[-78.3175,44.28888],[-78.31906,44.29248],[-78.31972,44.30078],[-78.31881,44.30092],[-78.31903,44.30207],[-78.31877,44.30327],[-78.31884,44.30473],[-78.32327,44.30452],[-78.323,44.30065],[-78.31881,44.30092],[-78.31903,44.30207],[-78.31875,44.3035],[-78.3196,44.31597],[-78.31065,44.3182],[-78.30966,44.32364],[-78.3101,44.32717],[-78.30921,44.32953],[-78.30834,44.33122],[-78.30849,44.33406],[-78.30908,44.33762],[-78.30874,44.33826],[-78.30719,44.33964],[-78.30597,44.34117],[-78.30532,44.34249],[-78.30561,44.34408],[-78.30499,44.34536],[-78.30299,44.34642],[-78.30075,44.34833],[-78.29925,44.35012],[-78.29781,44.35091],[-78.29653,44.3513],[-78.29548,44.35016],[-78.29379,44.34959],[-78.29224,44.34951],[-78.29115,44.34987],[-78.29051,44.35071],[-78.2908,44.35186],[-78.28978,44.35241],[-78.28652,44.35317],[-78.286,44.35527],[-78.28626,44.35542],[-78.2869,44.35658],[-78.28691,44.3572],[-78.28666,44.3576],[-78.28688,44.35758],[-78.28702,44.357]],[[-78.87059,43.87829],[-78.87288,43.87777],[-78.874,43.87769],[-78.87572,43.87809],[-78.87684,43.87798],[-78.87648,43.87694],[-78.87603,43.87617]],[[-78.85605,43.88102],[-78.85582,43.8805],[-78.87359,43.87647]],[[-78.84888,43.88348],[-78.84928,43.88365],[-78.85033,43.88585],[-78.8514,43.88546],[-78.85744,43.88408],[-78.85639,43.88176]],[[-78.76398,43.87978],[-78.76681,43.8788],[-78.76824,43.87851]],[[-78.76687,43.88627],[-78.76959,43.88568],[-78.76929,43.88562],[-78.76687,43.88627]],[[-78.76687,43.88627],[-78.76398,43.87978]],[[-78.76398,43.87978],[-78.76687,43.88627]],[[-78.74628,43.88133],[-78.74977,43.88168],[-78.75264,43.88074],[-78.76103,43.87974],[-78.76285,43.87997],[-78.76398,43.87978]],[[-78.69014,43.89517],[-78.69015,43.89505],[-78.69165,43.89398],[-78.69332,43.89304]],[[-78.69111,43.89368],[-78.68974,43.89426]],[[-78.68901,43.89457],[-78.68716,43.89535],[-78.68082,43.89739],[-78.67355,43.89898],[-78.66673,43.89984],[-78.63688,43.90195],[-78.63159,43.90213],[-78.62835,43.90146],[-78.62715,43.90166],[-78.6263,43.90211],[-78.61568,43.91199]],[[-78.6253,43.90358],[-78.62632,43.90316],[-78.63146,43.90251]],[[-78.62098,44.0621],[-78.62151,44.06166],[-78.62223,44.06142]],[[-78.61318,43.91471],[-78.61394,43.91414],[-78.61626,43.91356],[-78.61666,43.91322],[-78.61675,43.91293]],[[-78.61492,43.9127],[-78.61384,43.9137]],[[-78.56936,44.10604],[-78.57172,44.10366]],[[-78.46389,44.18494],[-78.46661,44.18184]],[[-78.45416,44.19597],[-78.46019,44.18924],[-78.46131,44.18844],[-78.46327,44.18794]],[[-78.46323,44.18785],[-78.46231,44.18786],[-78.46203,44.18748],[-78.46252,44.18658]],[[-78.44933,44.20135],[-78.4508,44.19972]],[[-78.34809,44.26562],[-78.35289,44.2552]],[[-78.34717,44.26715],[-78.34686,44.26786],[-78.34551,44.26916]],[[-78.31999,44.31587],[-78.3207,44.31569],[-78.31998,44.30508]]]}},{"type":"Feature","properties":{"r":"GO 90","n":"Lakeshore East","m":"go","f":[],"day":false,"h":null,"in":true},"geometry":{"type":"MultiLineString","coordinates":[[[-79.37716,43.64395],[-79.37738,43.64426],[-79.37689,43.64436],[-79.3768,43.64414],[-79.37722,43.64406],[-79.3773,43.64423],[-79.37688,43.64432],[-79.37671,43.64393],[-79.38101,43.64172],[-79.38073,43.64102],[-79.37746,43.64212],[-79.37767,43.64287],[-79.37748,43.64327],[-79.3751,43.6444],[-79.37304,43.64507],[-79.36297,43.64724],[-79.3572,43.64897],[-79.35331,43.64888],[-79.35199,43.64903],[-79.34958,43.64996],[-79.34853,43.6508],[-79.34825,43.65134],[-79.34817,43.65204],[-79.34857,43.65298],[-79.3497,43.65434],[-79.35289,43.65715],[-79.35394,43.65851],[-79.35732,43.66959],[-79.3579,43.67054],[-79.36039,43.67333],[-79.36107,43.67449],[-79.36175,43.67641],[-79.36223,43.6787],[-79.36246,43.68173],[-79.36101,43.68526],[-79.36078,43.68779],[-79.36046,43.68903],[-79.35983,43.69038],[-79.35836,43.69222],[-79.35336,43.69648],[-79.35214,43.69723],[-79.34969,43.69786],[-79.34422,43.69732],[-79.34194,43.69758],[-79.34027,43.69829],[-79.33744,43.70026],[-79.33342,43.7021],[-79.33253,43.70294],[-79.33206,43.70378],[-79.3313,43.70702],[-79.33078,43.70811],[-79.32982,43.70907],[-79.32625,43.71175],[-79.32549,43.71261],[-79.32518,43.71329],[-79.32501,43.71466],[-79.32538,43.71575],[-79.32867,43.71967],[-79.32963,43.72152],[-79.33008,43.72312],[-79.33047,43.72929],[-79.33203,43.7371],[-79.33217,43.74222],[-79.33318,43.74699],[-79.33358,43.75111],[-79.33414,43.7538],[-79.33544,43.75756],[-79.33672,43.76281],[-79.33661,43.76667],[-79.33601,43.76736],[-79.32938,43.76799],[-79.3147,43.76825],[-79.31043,43.76882],[-79.27383,43.77733],[-79.24681,43.78263],[-79.24031,43.78411],[-79.23319,43.78608],[-79.22948,43.78731],[-79.22689,43.78836],[-79.21936,43.79216],[-79.21552,43.79339],[-79.21292,43.79387],[-79.1961,43.79617],[-79.17634,43.79915],[-79.17107,43.79965],[-79.16852,43.79955],[-79.16619,43.79917],[-79.15645,43.7959],[-79.15486,43.79552],[-79.15184,43.79526],[-79.14859,43.79565],[-79.14635,43.79635],[-79.14408,43.7975],[-79.1348,43.80382],[-79.12063,43.81232],[-79.11029,43.81903],[-79.1061,43.82203],[-79.09733,43.82624],[-79.07998,43.83423],[-79.07022,43.83848],[-79.06852,43.83472],[-79.06798,43.83328],[-79.06815,43.83301],[-79.0832,43.82962],[-79.08384,43.83107],[-79.08455,43.83099],[-79.08479,43.83067],[-79.08441,43.83061],[-79.08433,43.83104],[-79.08384,43.83107],[-79.0832,43.82962],[-79.0677,43.83299],[-79.07007,43.83854],[-79.06516,43.84126],[-79.056,43.84548],[-79.05363,43.84637],[-79.04044,43.84874],[-79.03929,43.84661],[-79.04041,43.8462],[-79.0409,43.8461],[-79.04132,43.84699],[-79.04096,43.84735],[-79.04105,43.84755],[-79.04127,43.84754],[-79.04132,43.84699],[-79.0409,43.8461],[-79.03915,43.84666],[-79.0403,43.84876],[-79.01502,43.85475],[-79.00343,43.85717],[-78.98814,43.86095],[-78.97686,43.86404],[-78.97139,43.86511],[-78.96197,43.86652],[-78.95766,43.86707],[-78.95439,43.86716],[-78.93601,43.86614],[-78.93468,43.86582],[-78.93445,43.86551],[-78.93452,43.86519],[-78.93493,43.86493],[-78.9368,43.8649],[-78.93709,43.86505],[-78.9374,43.86572],[-78.9376,43.86588],[-78.93794,43.86573],[-78.93805,43.86543],[-78.93793,43.86508],[-78.93753,43.86506],[-78.93796,43.86558],[-78.9376,43.86588],[-78.93698,43.86496],[-78.93647,43.86484],[-78.93518,43.86483],[-78.93466,43.86492],[-78.93387,43.86572],[-78.93336,43.86585],[-78.92416,43.86552],[-78.92048,43.86575],[-78.91167,43.86762],[-78.90737,43.86826],[-78.90552,43.86784],[-78.90453,43.868],[-78.90373,43.86574],[-78.89933,43.86741],[-78.8962,43.8689],[-78.89284,43.8713],[-78.89092,43.8721],[-78.88814,43.87279],[-78.88815,43.87205],[-78.88743,43.87049],[-78.88672,43.87051],[-78.8859,43.87079],[-78.88572,43.87103]],[[-79.34867,43.65219],[-79.34861,43.65179],[-79.34896,43.65097]],[[-79.33106,43.76823],[-79.33246,43.76832],[-79.33655,43.7696],[-79.33783,43.7694],[-79.33858,43.76862],[-79.33857,43.7673],[-79.33711,43.76322]],[[-79.32688,43.71691],[-79.32582,43.71549],[-79.32552,43.71428],[-79.32566,43.71321],[-79.32608,43.71254]],[[-79.0886,43.83096],[-79.10682,43.8225],[-79.11403,43.81735],[-79.12113,43.81276],[-79.13936,43.80186],[-79.14468,43.79789],[-79.14701,43.79672],[-79.14914,43.79608],[-79.15189,43.79581],[-79.15514,43.79613],[-79.16571,43.7997],[-79.1681,43.80022],[-79.17072,43.8003],[-79.17352,43.80006],[-79.20308,43.79562]],[[-79.0886,43.83096],[-79.08869,43.83173],[-79.08842,43.83205],[-79.08782,43.83202],[-79.08764,43.83161],[-79.0886,43.83096]],[[-79.0836,43.82954],[-79.08733,43.82882],[-79.08811,43.83005]],[[-79.06601,43.84125],[-79.06801,43.84058],[-79.07007,43.84069],[-79.07105,43.84046],[-79.07034,43.83886]],[[-79.03516,43.85039],[-79.03735,43.85012],[-79.03979,43.8507],[-79.04081,43.85069],[-79.04058,43.8493],[-79.04113,43.84908],[-79.04341,43.84861]],[[-78.93179,43.86619],[-78.93301,43.86635],[-78.93358,43.86677],[-78.93366,43.86805],[-78.93695,43.86749],[-78.9366,43.86657]],[[-78.93638,43.86656],[-78.93675,43.86741],[-78.93387,43.86794],[-78.93384,43.86698],[-78.93411,43.86658],[-78.93541,43.86641]],[[-78.90503,43.86943],[-78.90918,43.86839]],[[-78.90503,43.86943],[-78.90508,43.87023],[-78.90456,43.87049],[-78.90406,43.87031],[-78.90406,43.86986],[-78.90503,43.86943]],[[-79.04045,43.84933],[-79.04036,43.85026],[-79.03967,43.85049],[-79.03915,43.85017],[-79.03926,43.84976],[-79.04045,43.84933]]]}},{"type":"Feature","properties":{"r":"GO 92","n":"Oshawa / Yorkdale","m":"go","f":[],"day":true,"h":60,"in":true},"geometry":{"type":"MultiLineString","coordinates":[[[-79.33809,43.76778],[-79.34279,43.76777],[-79.35559,43.76685],[-79.37291,43.76605],[-79.37774,43.76554],[-79.39363,43.76203],[-79.39792,43.76034],[-79.40545,43.7559],[-79.40808,43.75526],[-79.40892,43.7548],[-79.4085,43.75382],[-79.41544,43.74924],[-79.41785,43.74638],[-79.41862,43.7457],[-79.4264,43.7407],[-79.43717,43.73433],[-79.44045,43.73266],[-79.44291,43.73217],[-79.44634,43.73091],[-79.44935,43.73026]],[[-79.44935,43.73026],[-79.44997,43.73014],[-79.45053,43.73038],[-79.45045,43.73082],[-79.44982,43.73092],[-79.44939,43.73055],[-79.44935,43.73026]],[[-79.44935,43.73026],[-79.44894,43.72795],[-79.44907,43.72768],[-79.44945,43.72756],[-79.4488,43.72602]],[[-79.44884,43.72494],[-79.44929,43.7248],[-79.44943,43.72536],[-79.44863,43.72566],[-79.44714,43.72582],[-79.44671,43.72609],[-79.44667,43.72662],[-79.44742,43.7272],[-79.44756,43.72758],[-79.4456,43.72942],[-79.44174,43.7307],[-79.43829,43.73301],[-79.42603,43.74024],[-79.41827,43.74522],[-79.41426,43.74914],[-79.41145,43.75109],[-79.40972,43.75203],[-79.40898,43.75224],[-79.40849,43.75201],[-79.40838,43.75038],[-79.40694,43.74508],[-79.40618,43.74519],[-79.40624,43.74542],[-79.40699,43.74533],[-79.40801,43.74999],[-79.40805,43.75254],[-79.40648,43.75298],[-79.40624,43.75334],[-79.4061,43.75427],[-79.40521,43.75509],[-79.39923,43.75888],[-79.39594,43.76058],[-79.3931,43.76165],[-79.38038,43.76435],[-79.37493,43.76528],[-79.37184,43.76559],[-79.34326,43.76674],[-79.33657,43.76757],[-79.33071,43.76794],[-79.31545,43.76822],[-79.31261,43.76844],[-79.30154,43.77089],[-79.29647,43.77181],[-79.27464,43.77694],[-79.26625,43.77835],[-79.26511,43.77821],[-79.26425,43.77761],[-79.26239,43.77333],[-79.26104,43.77363],[-79.26112,43.7741],[-79.26088,43.77486],[-79.2618,43.7758],[-79.2611,43.7775],[-79.26038,43.77809],[-79.25696,43.77882],[-79.25603,43.77873],[-79.25545,43.77843],[-79.2547,43.77888],[-79.2534,43.77917],[-79.25361,43.7798],[-79.25353,43.78028],[-79.25308,43.78074],[-79.25243,43.78102],[-79.23988,43.78399],[-79.22927,43.78717],[-79.22645,43.78834],[-79.21929,43.79201],[-79.2156,43.79336],[-79.17634,43.79915],[-79.17107,43.79965],[-79.16705,43.79934],[-79.16486,43.79878],[-79.15608,43.79562],[-79.15249,43.79483],[-79.14149,43.80191],[-79.13575,43.805],[-79.13127,43.80845],[-79.12571,43.81109],[-79.12285,43.81362],[-79.11093,43.82228],[-79.10958,43.82285],[-79.10677,43.8236],[-79.10671,43.82348],[-79.10677,43.8236],[-79.10299,43.8246],[-79.10148,43.82532],[-79.10043,43.82627],[-79.09769,43.83007],[-79.09667,43.83092],[-79.09651,43.83082],[-79.09667,43.83092],[-79.09252,43.83418],[-79.08641,43.83869],[-79.08129,43.8431],[-79.07345,43.84813],[-79.06999,43.85066],[-79.06845,43.85141],[-79.04716,43.8564],[-79.01523,43.86345],[-79.00199,43.86662],[-78.9814,43.87107],[-78.97618,43.8724],[-78.96365,43.87495],[-78.86576,43.8971],[-78.86518,43.89621],[-78.86534,43.89617],[-78.86518,43.89621],[-78.86234,43.89005],[-78.88017,43.88607],[-78.87837,43.88218],[-78.87637,43.87674],[-78.87521,43.87494],[-78.87426,43.87555],[-78.87427,43.87629],[-78.8775,43.87526],[-78.88814,43.87279],[-78.88815,43.87205],[-78.88743,43.87049],[-78.88672,43.87051],[-78.8859,43.87079],[-78.88572,43.87103]],[[-79.26482,43.77968],[-79.27718,43.77695],[-79.29608,43.77255],[-79.29901,43.77176]],[[-79.26482,43.77968],[-79.26491,43.78043],[-79.2644,43.78071],[-79.26385,43.7805],[-79.26389,43.78002],[-79.26482,43.77968]],[[-79.26417,43.77804],[-79.26482,43.77968]],[[-79.25391,43.77865],[-79.2538,43.77716],[-79.25416,43.77702],[-79.25454,43.77715],[-79.25509,43.77818]],[[-79.15038,43.79667],[-79.15115,43.7966],[-79.15281,43.79618],[-79.15514,43.79629],[-79.15753,43.79688],[-79.16597,43.79977],[-79.16851,43.80027],[-79.17172,43.8004],[-79.19384,43.79735],[-79.21593,43.79395],[-79.21786,43.7934],[-79.2212,43.79203],[-79.22576,43.78939],[-79.22833,43.78816],[-79.23527,43.78584],[-79.24088,43.78433],[-79.25037,43.78236],[-79.25243,43.78212],[-79.25325,43.78231],[-79.25427,43.78287],[-79.25554,43.78272],[-79.25499,43.78101],[-79.25425,43.77939]],[[-78.98139,43.87148],[-78.98355,43.87643],[-78.98161,43.87678]],[[-78.86195,43.89014],[-78.86036,43.89051],[-78.86404,43.89844],[-78.87462,43.89625],[-78.87943,43.89492],[-78.88434,43.89387],[-78.88599,43.89293]],[[-79.40839,43.75389],[-79.4085,43.75469],[-79.40809,43.75514],[-79.40748,43.75494],[-79.40766,43.75441],[-79.40839,43.75389]]]}},{"type":"Feature","properties":{"r":"GO 94","n":"Pickering / Square One","m":"go","f":[],"day":true,"h":60,"in":true},"geometry":{"type":"MultiLineString","coordinates":[[[-79.64766,43.59455],[-79.6471,43.59431],[-79.64394,43.59727],[-79.64154,43.59877],[-79.64231,43.59934],[-79.64281,43.60021],[-79.64266,43.60101],[-79.64222,43.60181],[-79.6385,43.60569],[-79.6312,43.61223],[-79.63069,43.61306],[-79.63002,43.61519],[-79.62959,43.61572],[-79.62433,43.62096],[-79.62035,43.62458],[-79.61694,43.6282],[-79.60885,43.63476],[-79.60688,43.63575],[-79.60681,43.63656],[-79.60724,43.63713],[-79.61365,43.64108],[-79.61394,43.64153],[-79.61388,43.64233],[-79.61031,43.64551],[-79.6087,43.6466],[-79.60621,43.64937],[-79.6042,43.65098],[-79.59326,43.66104],[-79.59272,43.66189],[-79.59169,43.66287],[-79.58913,43.66491],[-79.58821,43.66596],[-79.58728,43.66793],[-79.58788,43.66787],[-79.58889,43.66645],[-79.59007,43.66699],[-79.59114,43.66857],[-79.59329,43.67222],[-79.59238,43.6725],[-79.59215,43.67284],[-79.59312,43.6752],[-79.59367,43.67959],[-79.59446,43.68101],[-79.5959,43.68221],[-79.59806,43.68314],[-79.60236,43.68454],[-79.60357,43.68444],[-79.60531,43.6838],[-79.60524,43.68359],[-79.60479,43.6835],[-79.60219,43.68493],[-79.60207,43.68546],[-79.60278,43.68588],[-79.60794,43.68543],[-79.61134,43.68581],[-79.61384,43.68645],[-79.61438,43.68619],[-79.61531,43.68489],[-79.61532,43.68444],[-79.61356,43.6831],[-79.61301,43.68229],[-79.61219,43.68188],[-79.61083,43.68191],[-79.6099,43.68267],[-79.60959,43.68398],[-79.60969,43.68531],[-79.61021,43.68562],[-79.61213,43.6858],[-79.6128,43.68644],[-79.61296,43.6869],[-79.61156,43.6916],[-79.61042,43.6944],[-79.60967,43.69577],[-79.60848,43.69664],[-79.60717,43.69706],[-79.60587,43.69718],[-79.59754,43.69657],[-79.59448,43.69662],[-79.59046,43.69712],[-79.58465,43.69837],[-79.57863,43.69839],[-79.57476,43.69884],[-79.57174,43.69958],[-79.56807,43.70103],[-79.56596,43.70222],[-79.56204,43.70493],[-79.56088,43.70517],[-79.55832,43.70509],[-79.55725,43.70535],[-79.55642,43.70583],[-79.55463,43.70761],[-79.55315,43.7087],[-79.55206,43.70924],[-79.55054,43.70965],[-79.5343,43.71352],[-79.52575,43.71536],[-79.5077,43.71744],[-79.50165,43.71751],[-79.50004,43.71784],[-79.49688,43.7189],[-79.49178,43.71982],[-79.48657,43.72107],[-79.48376,43.72148],[-79.48215,43.72106],[-79.48145,43.72111],[-79.48083,43.72125],[-79.48097,43.72185],[-79.48078,43.72212],[-79.47612,43.72362],[-79.4636,43.72644],[-79.46053,43.72686],[-79.45769,43.72667],[-79.45695,43.72694],[-79.45553,43.72789],[-79.45215,43.72863],[-79.45139,43.72851],[-79.44932,43.72744],[-79.44872,43.72606],[-79.44846,43.72498],[-79.44929,43.7248],[-79.44945,43.72532],[-79.44863,43.72566],[-79.44714,43.72582],[-79.44671,43.72609],[-79.44667,43.72662],[-79.44742,43.7272],[-79.44756,43.72758],[-79.4456,43.72942],[-79.44174,43.7307],[-79.43829,43.73301],[-79.42603,43.74024],[-79.41798,43.74544],[-79.41373,43.74955],[-79.41145,43.75109],[-79.40972,43.75203],[-79.40772,43.75285],[-79.40703,43.75331],[-79.40669,43.75394],[-79.40674,43.75467],[-79.40746,43.75543],[-79.40939,43.75635],[-79.41048,43.76004],[-79.41215,43.7596],[-79.41251,43.7604],[-79.41315,43.76104],[-79.41102,43.76149],[-79.41075,43.76005],[-79.41066,43.76007],[-79.40971,43.7564],[-79.40862,43.75413],[-79.40824,43.75265],[-79.40788,43.75252],[-79.40641,43.75304],[-79.4061,43.75427],[-79.40521,43.75509],[-79.39803,43.75959],[-79.39505,43.76096],[-79.39151,43.76205],[-79.38105,43.76422],[-79.37493,43.76528],[-79.36431,43.76597],[-79.34326,43.76674],[-79.33657,43.76757],[-79.33071,43.76794],[-79.31545,43.76822],[-79.31261,43.76844],[-79.30154,43.77089],[-79.29647,43.77181],[-79.27464,43.77694],[-79.26625,43.77835],[-79.26511,43.77821],[-79.26425,43.77761],[-79.26239,43.77333],[-79.26104,43.77363],[-79.26112,43.7741],[-79.26088,43.77486],[-79.2618,43.7758],[-79.2611,43.7775],[-79.26028,43.77813],[-79.25696,43.77882],[-79.25603,43.77873],[-79.25545,43.77843],[-79.2547,43.77888],[-79.2534,43.77917],[-79.25355,43.78023],[-79.25268,43.78093],[-79.24045,43.78385],[-79.23223,43.78618],[-79.22681,43.78817],[-79.21829,43.79242],[-79.21552,43.79339],[-79.21292,43.79387],[-79.1961,43.79617],[-79.17634,43.79915],[-79.17107,43.79965],[-79.16852,43.79955],[-79.16619,43.79917],[-79.15645,43.7959],[-79.15449,43.79546],[-79.15138,43.79527],[-79.14819,43.79574],[-79.14605,43.79647],[-79.14408,43.7975],[-79.1348,43.80382],[-79.12907,43.80713],[-79.11962,43.81297],[-79.11695,43.81436],[-79.11384,43.8149],[-79.11541,43.81894],[-79.11037,43.82256],[-79.10299,43.8246],[-79.10148,43.82532],[-79.10043,43.82627],[-79.09769,43.83007],[-79.09667,43.83092],[-79.09651,43.83082],[-79.09667,43.83092],[-79.09101,43.83524],[-79.09037,43.83519],[-79.08921,43.83271],[-79.08849,43.8303],[-79.08742,43.82868],[-79.0832,43.82962],[-79.08384,43.83107],[-79.08455,43.83099]],[[-79.61406,43.6859],[-79.61487,43.6846]],[[-79.61262,43.68944],[-79.61301,43.68856],[-79.61341,43.68681]],[[-79.61051,43.69507],[-79.61124,43.69407],[-79.6117,43.69232]],[[-79.60936,43.68321],[-79.60912,43.68344],[-79.60845,43.68372],[-79.60568,43.68365]],[[-79.59366,43.67628],[-79.59408,43.67611],[-79.59462,43.67561],[-79.59483,43.67506],[-79.59474,43.67443],[-79.59359,43.67248]],[[-79.44663,43.73084],[-79.44737,43.73144],[-79.44811,43.73167],[-79.44914,43.73169],[-79.45033,43.73135],[-79.45263,43.73017],[-79.45558,43.72898],[-79.45796,43.72828],[-79.478,43.72391],[-79.47895,43.72396],[-79.48042,43.72453],[-79.4817,43.72438],[-79.48174,43.7234],[-79.48233,43.72295],[-79.48747,43.72142],[-79.49121,43.72055],[-79.49342,43.72019],[-79.49849,43.71988],[-79.50258,43.71872],[-79.50475,43.71835],[-79.52509,43.71609],[-79.54078,43.71254],[-79.54514,43.71178],[-79.55438,43.70916],[-79.55549,43.70842],[-79.55734,43.70624],[-79.55825,43.70568],[-79.55921,43.70552]],[[-79.44663,43.73084],[-79.44935,43.73026]],[[-79.44935,43.73026],[-79.44997,43.73014],[-79.45053,43.73038],[-79.45045,43.73082],[-79.44982,43.73092],[-79.44939,43.73055],[-79.44935,43.73026]],[[-79.44935,43.73026],[-79.44894,43.72795],[-79.44905,43.72773]],[[-79.44735,43.72833],[-79.44661,43.72919],[-79.44636,43.73018],[-79.44663,43.73084]],[[-79.40927,43.75455],[-79.40924,43.75397],[-79.40974,43.75317],[-79.41544,43.74924],[-79.41785,43.74638],[-79.41872,43.74563],[-79.4264,43.7407],[-79.43717,43.73433],[-79.44045,43.73266],[-79.44291,43.73217],[-79.44663,43.73084]],[[-79.3186,43.76856],[-79.33234,43.76848],[-79.35417,43.76693],[-79.3719,43.76613],[-79.37774,43.76554],[-79.39205,43.76246],[-79.39462,43.76172],[-79.3985,43.76004],[-79.40364,43.75683],[-79.40545,43.7559],[-79.40699,43.75552]],[[-79.26482,43.77968],[-79.3068,43.77013]],[[-79.26482,43.77968],[-79.26491,43.78043],[-79.2644,43.78071],[-79.26385,43.7805],[-79.26389,43.78002],[-79.26482,43.77968]],[[-79.26417,43.77804],[-79.26482,43.77968]],[[-79.25391,43.77865],[-79.2538,43.77716],[-79.25416,43.77702],[-79.25454,43.77715],[-79.25509,43.77818]],[[-79.11498,43.81674],[-79.12232,43.81202],[-79.1388,43.80223],[-79.14468,43.79789],[-79.14651,43.79692],[-79.14852,43.79623],[-79.15095,43.79583],[-79.15438,43.79599],[-79.157,43.79668],[-79.16597,43.79977],[-79.16851,43.80027],[-79.17172,43.8004],[-79.19384,43.79735],[-79.21593,43.79395],[-79.21786,43.7934],[-79.2212,43.79203],[-79.22576,43.78939],[-79.22833,43.78816],[-79.23527,43.78584],[-79.24088,43.78433],[-79.25037,43.78236],[-79.25243,43.78212],[-79.25325,43.78231],[-79.25427,43.78287],[-79.25554,43.78272],[-79.25499,43.78101],[-79.25425,43.77939]],[[-79.11086,43.82171],[-79.11015,43.82117],[-79.11002,43.82082],[-79.11015,43.82043],[-79.11183,43.81892],[-79.1143,43.81718]]]}},{"type":"Feature","properties":{"r":"GO 96","n":"Oshawa / Finch Express","m":"go","f":[],"day":true,"h":null,"in":true},"geometry":{"type":"MultiLineString","coordinates":[[[-79.41512,43.78218],[-79.41441,43.78242],[-79.41422,43.78208],[-79.41608,43.78163],[-79.416,43.78085],[-79.41489,43.77719],[-79.41509,43.77716],[-79.41489,43.77719],[-79.4146,43.77606],[-79.41414,43.77421],[-79.41433,43.77418],[-79.41414,43.77421],[-79.4137,43.77246],[-79.41393,43.77242],[-79.4137,43.77246],[-79.4133,43.77093],[-79.41309,43.76942],[-79.41235,43.76686],[-79.41247,43.76684],[-79.41235,43.76686],[-79.41105,43.76162],[-79.4112,43.76161],[-79.41105,43.76162],[-79.40971,43.7564],[-79.40862,43.75413],[-79.40824,43.75265],[-79.40795,43.75251],[-79.40641,43.75304],[-79.4061,43.75427],[-79.40521,43.75509],[-79.39803,43.75959],[-79.39505,43.76096],[-79.39151,43.76205],[-79.38105,43.76422],[-79.37493,43.76528],[-79.36431,43.76597],[-79.34326,43.76674],[-79.33657,43.76757],[-79.33071,43.76794],[-79.31545,43.76822],[-79.31261,43.76844],[-79.30154,43.77089],[-79.29647,43.77181],[-79.27464,43.77694],[-79.26625,43.77835],[-79.26511,43.77821],[-79.26425,43.77761],[-79.26239,43.77333],[-79.26104,43.77363],[-79.26112,43.7741],[-79.26088,43.77486],[-79.2618,43.7758],[-79.2611,43.7775],[-79.26038,43.77809],[-79.25696,43.77882],[-79.25603,43.77873],[-79.25545,43.77843],[-79.2547,43.77888],[-79.2534,43.77917],[-79.25361,43.7798],[-79.25353,43.78028],[-79.25308,43.78074],[-79.25243,43.78102],[-79.23988,43.78399],[-79.23108,43.78656],[-79.22681,43.78817],[-79.21929,43.79201],[-79.21471,43.79356],[-79.20104,43.79551],[-79.19228,43.79701],[-79.17145,43.79993],[-79.16861,43.79983],[-79.16602,43.79938],[-79.15656,43.79615],[-79.15434,43.79561],[-79.15047,43.79552],[-79.14694,43.79634],[-79.14442,43.79764],[-79.13707,43.80269],[-79.12091,43.81242],[-79.10551,43.82237],[-79.07452,43.83677],[-79.07195,43.83816],[-79.056,43.84548],[-79.05333,43.84645],[-79.04044,43.84874],[-79.03929,43.84661],[-79.04041,43.8462],[-79.0409,43.8461],[-79.04132,43.84699],[-79.04096,43.84735],[-79.04105,43.84755],[-79.04127,43.84754],[-79.04132,43.84699],[-79.0409,43.8461],[-79.03915,43.84666],[-79.0403,43.84876],[-79.01502,43.85475],[-79.00343,43.85717],[-78.98814,43.86095],[-78.97686,43.86404],[-78.97139,43.86511],[-78.96197,43.86652],[-78.95766,43.86707],[-78.95439,43.86716],[-78.93601,43.86614],[-78.93468,43.86582],[-78.93445,43.86551],[-78.93452,43.86519],[-78.93493,43.86493],[-78.9368,43.8649],[-78.93709,43.86505],[-78.9374,43.86572],[-78.9376,43.86588],[-78.93794,43.86573],[-78.93805,43.86543],[-78.93793,43.86508],[-78.93753,43.86506],[-78.93796,43.86558],[-78.9376,43.86588],[-78.93698,43.86496],[-78.93647,43.86484],[-78.93518,43.86483],[-78.93466,43.86492],[-78.93387,43.86572],[-78.93336,43.86585],[-78.92416,43.86552],[-78.92048,43.86575],[-78.91167,43.86762],[-78.90737,43.86826],[-78.90552,43.86784],[-78.90453,43.868],[-78.90373,43.86574],[-78.89933,43.86741],[-78.8962,43.8689],[-78.89284,43.8713],[-78.89092,43.8721],[-78.88814,43.87279],[-78.88815,43.87205],[-78.88743,43.87049],[-78.88672,43.87051],[-78.8859,43.87079],[-78.88572,43.87103]],[[-79.3186,43.76856],[-79.33234,43.76848],[-79.35417,43.76693],[-79.3719,43.76613],[-79.37774,43.76554],[-79.39205,43.76246],[-79.39462,43.76172],[-79.3985,43.76004],[-79.40364,43.75683],[-79.40545,43.7559],[-79.40835,43.75533],[-79.40888,43.7556]],[[-79.26482,43.77968],[-79.3068,43.77013]],[[-79.26482,43.77968],[-79.26494,43.78037],[-79.2645,43.7807],[-79.2639,43.78055],[-79.26377,43.78029],[-79.26389,43.78002],[-79.26482,43.77968]],[[-79.26417,43.77804],[-79.26482,43.77968]],[[-79.25391,43.77865],[-79.2538,43.77716],[-79.25416,43.77702],[-79.25454,43.77715],[-79.25509,43.77818]],[[-79.16629,43.79983],[-79.16851,43.80027],[-79.17172,43.8004],[-79.19384,43.79735],[-79.21593,43.79395],[-79.21786,43.7934],[-79.2212,43.79203],[-79.22576,43.78939],[-79.22833,43.78816],[-79.23527,43.78584],[-79.24088,43.78433],[-79.25037,43.78236],[-79.25243,43.78212],[-79.25325,43.78231],[-79.25427,43.78287],[-79.25554,43.78272],[-79.25499,43.78101],[-79.25425,43.77939]],[[-79.13869,43.80206],[-79.14289,43.79918]],[[-79.1061,43.82246],[-79.10884,43.8207]],[[-79.09314,43.82856],[-79.10542,43.82285]],[[-79.03516,43.85039],[-79.03735,43.85012],[-79.03979,43.8507],[-79.04081,43.85069],[-79.04058,43.8493],[-79.04113,43.84908],[-79.04392,43.84853]],[[-78.93179,43.86619],[-78.93301,43.86635],[-78.93358,43.86677],[-78.93366,43.86805],[-78.93695,43.86749],[-78.9366,43.86657]],[[-78.93638,43.86656],[-78.93675,43.86741],[-78.93387,43.86794],[-78.93384,43.86698],[-78.93411,43.86658],[-78.93541,43.86641]],[[-78.90503,43.86943],[-78.90918,43.86839]],[[-78.90503,43.86943],[-78.90508,43.87023],[-78.90456,43.87049],[-78.90406,43.87031],[-78.90406,43.86986],[-78.90503,43.86943]],[[-79.04045,43.84933],[-79.04039,43.85021],[-79.03977,43.8505],[-79.0392,43.85024],[-79.03926,43.84976],[-79.04045,43.84933]]]}}]}