{"type":"FeatureCollection","features":[{"type":"Feature","properties":{"route":"11","name":"Brock University","dir":"0","shape":"447123","trips":8,"toronto":false},"geometry":{"type":"LineString","coordinates":[[-79.24932,43.11814],[-79.24924,43.11755],[-79.24987,43.11675],[-79.24937,43.11597],[-79.24736,43.11641],[-79.24526,43.11641],[-79.23935,43.11836],[-79.22982,43.12181],[-79.22901,43.12209],[-79.22884,43.12212],[-79.22822,43.12231],[-79.22678,43.12223],[-79.22642,43.12179],[-79.22651,43.1213],[-79.2275,43.12093],[-79.22836,43.1214],[-79.22883,43.12209],[-79.22884,43.12212],[-79.22886,43.12221],[-79.22891,43.12241],[-79.22876,43.12376],[-79.22797,43.12481],[-79.22365,43.12847],[-79.22223,43.13024],[-79.221,43.13312],[-79.22077,43.13655],[-79.22089,43.13956],[-79.22141,43.14147],[-79.2242,43.14606],[-79.22697,43.15267],[-79.2285,43.15414],[-79.23326,43.15623],[-79.23569,43.15786],[-79.23944,43.1592],[-79.24024,43.15904],[-79.24127,43.15801],[-79.24304,43.15917],[-79.24363,43.15944],[-79.24394,43.15962],[-79.24431,43.15985],[-79.24322,43.16096],[-79.24287,43.16078],[-79.24394,43.15962],[-79.24127,43.15801],[-79.24343,43.15604],[-79.24317,43.15573],[-79.24418,43.15384],[-79.24624,43.15293],[-79.25152,43.15401],[-79.25489,43.15649],[-79.25745,43.15736],[-79.27472,43.15698],[-79.27819,43.15771],[-79.28007,43.15892],[-79.28127,43.16056],[-79.28158,43.16194],[-79.28148,43.16681],[-79.2845,43.17156],[-79.28505,43.17776],[-79.2858,43.17867],[-79.28699,43.17923],[-79.28849,43.17931],[-79.29238,43.17849],[-79.2952,43.17849],[-79.31818,43.18026],[-79.35654,43.17945],[-79.363,43.18075],[-79.37558,43.18559],[-79.37877,43.18628],[-79.38333,43.18675],[-79.39552,43.18658],[-79.47046,43.18896],[-79.47375,43.1893],[-79.4764,43.1903],[-79.47708,43.19011],[-79.47705,43.18927],[-79.47704,43.18915],[-79.47697,43.18692],[-79.47696,43.18644],[-79.47683,43.18644],[-79.47653,43.18646],[-79.47629,43.18647],[-79.47614,43.18648],[-79.4757,43.18664],[-79.47482,43.18766],[-79.47596,43.18818],[-79.47611,43.18812],[-79.47482,43.18766],[-79.47538,43.18692],[-79.4757,43.18664],[-79.47683,43.18644],[-79.47693,43.18928],[-79.47692,43.18946],[-79.4767,43.18999],[-79.4761,43.19014],[-79.47569,43.18977],[-79.47601,43.18937],[-79.47633,43.18932],[-79.47693,43.18928],[-79.47705,43.18927],[-79.47732,43.18927],[-79.47777,43.18926],[-79.47841,43.18921],[-79.48732,43.18947],[-79.51741,43.18933],[-79.52064,43.18959],[-79.53096,43.19145],[-79.58831,43.2054],[-79.59233,43.20664],[-79.59453,43.20828],[-79.59551,43.20801],[-79.59546,43.20741],[-79.59544,43.20719],[-79.59542,43.20683],[-79.59513,43.20454],[-79.59635,43.20481],[-79.59685,43.20455],[-79.59513,43.20454],[-79.5953,43.20719],[-79.59528,43.20737],[-79.59525,43.20777],[-79.59478,43.20814],[-79.59421,43.208],[-79.59414,43.20748],[-79.59485,43.20728],[-79.59495,43.2073],[-79.59506,43.20732],[-79.59528,43.20737],[-79.59532,43.20739],[-79.59546,43.20741],[-79.59767,43.20796],[-79.59868,43.20819],[-79.59878,43.20822],[-79.60586,43.20965],[-79.74275,43.24278],[-79.75434,43.24585],[-79.75464,43.24633],[-79.75416,43.24703],[-79.75455,43.24745],[-79.75472,43.24762],[-79.75497,43.24785],[-79.75515,43.248],[-79.75529,43.24809],[-79.75579,43.24834],[-79.7568,43.24661],[-79.75692,43.24629],[-79.75704,43.24602],[-79.75726,43.24544],[-79.75788,43.24339],[-79.75804,43.24316],[-79.75862,43.24294],[-79.75998,43.24317],[-79.76035,43.24225],[-79.76031,43.24218],[-79.75975,43.24212],[-79.76016,43.24273],[-79.75998,43.24317],[-79.75797,43.24271],[-79.75686,43.24618],[-79.75682,43.24627],[-79.7566,43.24677],[-79.75632,43.24728],[-79.75589,43.24792],[-79.75507,43.24793],[-79.75447,43.24717],[-79.75526,43.24634],[-79.75665,43.24625],[-79.75682,43.24627],[-79.75692,43.24629],[-79.75715,43.24635],[-79.75764,43.24642],[-79.75865,43.24681],[-79.76024,43.24785],[-79.76489,43.25428],[-79.76598,43.25645],[-79.76571,43.25837],[-79.76656,43.25897],[-79.7735,43.25885],[-79.77849,43.25726],[-79.78026,43.25702],[-79.79714,43.25686],[-79.80238,43.25795],[-79.80802,43.25962],[-79.81168,43.26232],[-79.82127,43.2648],[-79.82254,43.26488],[-79.82446,43.26411],[-79.82583,43.26405],[-79.83445,43.26599],[-79.85195,43.27057],[-79.86205,43.27274],[-79.86514,43.26563],[-79.86853,43.26684],[-79.87001,43.26519],[-79.86581,43.26412],[-79.86796,43.25919],[-79.86898,43.25688],[-79.86907,43.2567],[-79.86925,43.2563],[-79.87063,43.25312],[-79.86801,43.25238],[-79.86655,43.25586],[-79.86725,43.25622],[-79.86731,43.25612],[-79.8678,43.25628],[-79.86907,43.2567],[-79.86927,43.25677],[-79.87182,43.25748],[-79.87174,43.25766],[-79.88034,43.25985],[-79.88759,43.26227],[-79.89226,43.26283],[-79.89256,43.2633],[-79.89264,43.26517],[-79.89233,43.27078],[-79.89273,43.27605],[-79.89203,43.2805],[-79.89272,43.28211],[-79.89671,43.2862],[-79.89702,43.28805],[-79.89628,43.2898],[-79.88954,43.29472],[-79.88242,43.29713],[-79.88041,43.29809],[-79.86871,43.30531],[-79.86289,43.30936],[-79.85929,43.31109],[-79.85824,43.31198],[-79.85746,43.31326],[-79.85674,43.31269],[-79.85595,43.31301]]}},{"type":"Feature","properties":{"route":"11","name":"Brock University","dir":"1","shape":"447122","trips":8,"toronto":false},"geometry":{"type":"LineString","coordinates":[[-79.85595,43.31301],[-79.85604,43.31332],[-79.85682,43.31273],[-79.85746,43.31326],[-79.85889,43.31139],[-79.86205,43.31361],[-79.86275,43.31279],[-79.86214,43.31148],[-79.86241,43.31071],[-79.86862,43.30567],[-79.88129,43.29789],[-79.89181,43.29421],[-79.8963,43.29014],[-79.89724,43.2882],[-79.89698,43.28617],[-79.89606,43.2849],[-79.89278,43.28182],[-79.89225,43.28035],[-79.893,43.27626],[-79.8926,43.27107],[-79.89344,43.26188],[-79.89376,43.26117],[-79.89401,43.26079],[-79.89427,43.26051],[-79.89439,43.26038],[-79.89576,43.25947],[-79.90168,43.258],[-79.90587,43.25639],[-79.90709,43.25664],[-79.90728,43.25705],[-79.90703,43.25843],[-79.90023,43.25939],[-79.89667,43.26025],[-79.89458,43.26048],[-79.89427,43.26051],[-79.89347,43.26059],[-79.89246,43.26061],[-79.86965,43.25536],[-79.87063,43.25312],[-79.86801,43.25238],[-79.86321,43.26342],[-79.86574,43.26407],[-79.86514,43.26563],[-79.86853,43.26684],[-79.86755,43.2679],[-79.86456,43.26695],[-79.86205,43.27274],[-79.8373,43.26683],[-79.8341,43.2656],[-79.82595,43.26389],[-79.79912,43.25693],[-79.7967,43.25669],[-79.78101,43.25674],[-79.77831,43.25719],[-79.7738,43.25866],[-79.7693,43.25871],[-79.76807,43.25796],[-79.76119,43.24816],[-79.75875,43.24503],[-79.75774,43.24433],[-79.7581,43.2431],[-79.75998,43.24317],[-79.76035,43.24225],[-79.76031,43.24218],[-79.75975,43.24212],[-79.76016,43.24273],[-79.75998,43.24317],[-79.75797,43.24271],[-79.75728,43.24477],[-79.75643,43.24522],[-79.75184,43.24458],[-79.74277,43.24259],[-79.60205,43.20853],[-79.59854,43.20745],[-79.59664,43.20581],[-79.59533,43.20542],[-79.59513,43.20454],[-79.59635,43.20481],[-79.59685,43.20455],[-79.59513,43.20454],[-79.59494,43.20581],[-79.59407,43.2062],[-79.58727,43.20495],[-79.53163,43.19139],[-79.52383,43.18988],[-79.51719,43.18916],[-79.48369,43.18919],[-79.48018,43.18885],[-79.47808,43.1879],[-79.477,43.18789],[-79.47696,43.18644],[-79.47683,43.18644],[-79.47653,43.18646],[-79.47629,43.18647],[-79.47614,43.18648],[-79.4757,43.18664],[-79.47482,43.18766],[-79.47596,43.18818],[-79.47611,43.18812],[-79.47482,43.18766],[-79.47538,43.18692],[-79.4757,43.18664],[-79.47683,43.18644],[-79.47669,43.18796],[-79.47602,43.18851],[-79.46975,43.18876],[-79.39518,43.18639],[-79.38271,43.18654],[-79.37896,43.18613],[-79.37505,43.18526],[-79.36271,43.18047],[-79.35661,43.17928],[-79.31651,43.18002],[-79.29023,43.17792],[-79.28798,43.17752],[-79.28637,43.1769],[-79.28542,43.17583],[-79.28469,43.17129],[-79.28174,43.16676],[-79.28186,43.16215],[-79.28158,43.16065],[-79.28037,43.15888],[-79.27835,43.15754],[-79.2748,43.15678],[-79.25767,43.15727],[-79.2552,43.15649],[-79.25174,43.15395],[-79.24619,43.15279],[-79.24441,43.15343],[-79.24253,43.15597],[-79.24115,43.15703],[-79.24017,43.15745],[-79.23986,43.15754],[-79.23965,43.15759],[-79.23959,43.15761],[-79.23904,43.15771],[-79.2375,43.15772],[-79.23732,43.15745],[-79.2393,43.15661],[-79.23947,43.15707],[-79.23953,43.15724],[-79.23965,43.15759],[-79.23967,43.15763],[-79.23983,43.15919],[-79.24013,43.1591],[-79.24024,43.15904],[-79.24033,43.15898],[-79.24049,43.15885],[-79.24056,43.1588],[-79.24062,43.15874],[-79.24071,43.15863],[-79.24086,43.15848],[-79.24114,43.15815],[-79.24127,43.15801],[-79.24304,43.15917],[-79.24363,43.15944],[-79.24394,43.15962],[-79.24431,43.15985],[-79.24322,43.16096],[-79.24287,43.16078],[-79.24394,43.15962],[-79.24127,43.15801],[-79.23997,43.15904],[-79.23967,43.15763],[-79.23965,43.15759],[-79.23961,43.15747],[-79.23953,43.15724],[-79.2393,43.15661],[-79.23661,43.15755],[-79.22899,43.15416],[-79.22733,43.15274],[-79.22446,43.14597],[-79.22212,43.14233],[-79.22123,43.13992],[-79.22114,43.13378],[-79.22256,43.13029],[-79.2247,43.12787],[-79.22996,43.12409],[-79.23336,43.12092],[-79.2351,43.12],[-79.24455,43.1168],[-79.24781,43.11685],[-79.24847,43.11719],[-79.24868,43.11824],[-79.24932,43.11814]]}},{"type":"Feature","properties":{"route":"12","name":"Niagara Falls / Burlington","dir":"0","shape":"447125","trips":18,"toronto":false},"geometry":{"type":"LineString","coordinates":[[-79.0637,43.10846],[-79.08596,43.10851],[-79.0853,43.09624],[-79.10955,43.0958],[-79.11233,43.09621],[-79.11496,43.09701],[-79.11767,43.09845],[-79.1189,43.10039],[-79.11961,43.10489],[-79.12046,43.11989],[-79.12111,43.12269],[-79.12218,43.12497],[-79.12358,43.12695],[-79.12681,43.13038],[-79.14365,43.14745],[-79.14749,43.15053],[-79.15096,43.15233],[-79.16179,43.15646],[-79.16247,43.1571],[-79.16257,43.15827],[-79.16346,43.15871],[-79.16525,43.15599],[-79.16637,43.15448],[-79.16785,43.1536],[-79.16767,43.15072],[-79.1671,43.15072],[-79.1669,43.15073],[-79.16662,43.15076],[-79.1656,43.15098],[-79.16654,43.15249],[-79.16692,43.15227],[-79.1669,43.15073],[-79.16767,43.15072],[-79.16784,43.15348],[-79.16612,43.15461],[-79.16346,43.15871],[-79.16432,43.15893],[-79.16636,43.15819],[-79.1685,43.1587],[-79.18951,43.16686],[-79.1925,43.16732],[-79.20453,43.16742],[-79.20841,43.16783],[-79.22993,43.17301],[-79.2481,43.17657],[-79.25152,43.17749],[-79.25262,43.17844],[-79.25177,43.17915],[-79.25121,43.17914],[-79.25114,43.17913],[-79.25072,43.17905],[-79.2505,43.179],[-79.25024,43.17896],[-79.24965,43.17898],[-79.24898,43.17713],[-79.2467,43.17651],[-79.24609,43.17819],[-79.24516,43.17886],[-79.24563,43.17922],[-79.24827,43.1794],[-79.24965,43.17898],[-79.24996,43.17895],[-79.25006,43.17895],[-79.25024,43.17896],[-79.25033,43.17897],[-79.2505,43.179],[-79.25053,43.179],[-79.25121,43.17914],[-79.25146,43.17916],[-79.25177,43.17915],[-79.25281,43.17849],[-79.25274,43.17794],[-79.25351,43.17777],[-79.26459,43.17971],[-79.26706,43.17979],[-79.26999,43.17933],[-79.27717,43.17733],[-79.27892,43.17717],[-79.31709,43.18024],[-79.35478,43.17936],[-79.35834,43.17965],[-79.36148,43.1803],[-79.3746,43.18531],[-79.37877,43.18628],[-79.38243,43.1867],[-79.39552,43.18658],[-79.47046,43.18896],[-79.47375,43.1893],[-79.4764,43.1903],[-79.47708,43.19011],[-79.47705,43.18927],[-79.47704,43.18915],[-79.47697,43.18692],[-79.47696,43.18644],[-79.47683,43.18644],[-79.47653,43.18646],[-79.47629,43.18647],[-79.47614,43.18648],[-79.4757,43.18664],[-79.47482,43.18766],[-79.47596,43.18818],[-79.47611,43.18812],[-79.47482,43.18766],[-79.47538,43.18692],[-79.4757,43.18664],[-79.47683,43.18644],[-79.47693,43.18928],[-79.47692,43.18946],[-79.4767,43.18999],[-79.4761,43.19014],[-79.47569,43.18977],[-79.47601,43.18937],[-79.47633,43.18932],[-79.47693,43.18928],[-79.47705,43.18927],[-79.47732,43.18927],[-79.47777,43.18926],[-79.47841,43.18921],[-79.48732,43.18947],[-79.51741,43.18933],[-79.52064,43.18959],[-79.53096,43.19145],[-79.58831,43.2054],[-79.59233,43.20664],[-79.59453,43.20828],[-79.59551,43.20801],[-79.59546,43.20741],[-79.59544,43.20719],[-79.59542,43.20683],[-79.59513,43.20454],[-79.59635,43.20481],[-79.59685,43.20455],[-79.59513,43.20454],[-79.5953,43.20719],[-79.59528,43.20737],[-79.59525,43.20777],[-79.59478,43.20814],[-79.59421,43.208],[-79.59414,43.20748],[-79.59485,43.20728],[-79.59495,43.2073],[-79.59506,43.20732],[-79.59528,43.20737],[-79.59532,43.20739],[-79.59546,43.20741],[-79.59767,43.20796],[-79.59868,43.20819],[-79.59878,43.20822],[-79.60586,43.20965],[-79.74275,43.24278],[-79.75434,43.24585],[-79.75464,43.24633],[-79.75416,43.24703],[-79.75455,43.24745],[-79.75472,43.24762],[-79.75497,43.24785],[-79.75515,43.248],[-79.75529,43.24809],[-79.75579,43.24834],[-79.7568,43.24661],[-79.75692,43.24629],[-79.75704,43.24602],[-79.75726,43.24544],[-79.75788,43.24339],[-79.75804,43.24316],[-79.75862,43.24294],[-79.75998,43.24317],[-79.76035,43.24225],[-79.76031,43.24218],[-79.75975,43.24212],[-79.76016,43.24273],[-79.75998,43.24317],[-79.75797,43.24271],[-79.75686,43.24618],[-79.75682,43.24627],[-79.7566,43.24677],[-79.75599,43.24783],[-79.75543,43.24806],[-79.75472,43.24762],[-79.75448,43.24703],[-79.7549,43.24655],[-79.75643,43.24623],[-79.75665,43.24625],[-79.75682,43.24627],[-79.75692,43.24629],[-79.75715,43.24635],[-79.75764,43.24642],[-79.75865,43.24681],[-79.76024,43.24785],[-79.77058,43.26207],[-79.78564,43.27784],[-79.78937,43.28513],[-79.80323,43.30913],[-79.8054,43.31341],[-79.80732,43.31513],[-79.8212,43.32392],[-79.82315,43.3259],[-79.82319,43.32742],[-79.82362,43.32821],[-79.81942,43.32951],[-79.81821,43.33028],[-79.81454,43.33423],[-79.80879,43.33926],[-79.80958,43.33991],[-79.80911,43.34027],[-79.80911,43.3407],[-79.80967,43.34069],[-79.80973,43.34022],[-79.80958,43.33991],[-79.80879,43.33926],[-79.81228,43.33628],[-79.8131,43.33617],[-79.81848,43.33901],[-79.85218,43.36307],[-79.85337,43.36351],[-79.85575,43.36376],[-79.82715,43.38916],[-79.82804,43.38975],[-79.82872,43.38976],[-79.82896,43.38967],[-79.82808,43.38916],[-79.82851,43.38874]]}},{"type":"Feature","properties":{"route":"12","name":"Niagara Falls / Burlington","dir":"1","shape":"447124","trips":18,"toronto":false},"geometry":{"type":"LineString","coordinates":[[-79.82851,43.38874],[-79.82906,43.38817],[-79.83005,43.38871],[-79.82855,43.3898],[-79.8273,43.38927],[-79.83976,43.37775],[-79.82306,43.36531],[-79.81785,43.3621],[-79.79775,43.34726],[-79.79851,43.34629],[-79.80487,43.34159],[-79.80879,43.33926],[-79.80958,43.33991],[-79.80911,43.34027],[-79.80911,43.3407],[-79.80967,43.34069],[-79.80958,43.33991],[-79.80879,43.33926],[-79.81432,43.33443],[-79.81882,43.32981],[-79.82504,43.32786],[-79.82544,43.32771],[-79.82571,43.32757],[-79.82589,43.32746],[-79.82653,43.32725],[-79.82738,43.32755],[-79.82691,43.32813],[-79.8258,43.32769],[-79.82571,43.32757],[-79.82531,43.32709],[-79.825,43.32674],[-79.8239,43.32561],[-79.82177,43.32394],[-79.80738,43.31499],[-79.80543,43.31323],[-79.80332,43.30883],[-79.78981,43.2854],[-79.78631,43.27835],[-79.77073,43.26184],[-79.76119,43.24816],[-79.75875,43.24503],[-79.75774,43.24433],[-79.7581,43.2431],[-79.75998,43.24317],[-79.76035,43.24225],[-79.76031,43.24218],[-79.75975,43.24212],[-79.76016,43.24273],[-79.75998,43.24317],[-79.75797,43.24271],[-79.75728,43.24477],[-79.75643,43.24522],[-79.75184,43.24458],[-79.74277,43.24259],[-79.60205,43.20853],[-79.59854,43.20745],[-79.59664,43.20581],[-79.59533,43.20542],[-79.59513,43.20454],[-79.59635,43.20481],[-79.59685,43.20455],[-79.59513,43.20454],[-79.59494,43.20581],[-79.59407,43.2062],[-79.58727,43.20495],[-79.53163,43.19139],[-79.52021,43.18936],[-79.48369,43.18919],[-79.48018,43.18885],[-79.47808,43.1879],[-79.477,43.18789],[-79.47696,43.18644],[-79.47683,43.18644],[-79.47653,43.18646],[-79.47629,43.18647],[-79.47614,43.18648],[-79.4757,43.18664],[-79.47482,43.18766],[-79.47596,43.18818],[-79.47611,43.18812],[-79.47482,43.18766],[-79.47538,43.18692],[-79.4757,43.18664],[-79.47683,43.18644],[-79.47669,43.18796],[-79.47602,43.18851],[-79.46975,43.18876],[-79.39518,43.18639],[-79.38271,43.18654],[-79.37896,43.18613],[-79.37505,43.18526],[-79.36271,43.18047],[-79.35661,43.17928],[-79.31651,43.18002],[-79.27923,43.17702],[-79.27712,43.17723],[-79.26926,43.17934],[-79.26593,43.17964],[-79.25385,43.17751],[-79.25326,43.17731],[-79.25199,43.17702],[-79.2515,43.17688],[-79.25117,43.1768],[-79.25103,43.17676],[-79.25072,43.17669],[-79.25055,43.17664],[-79.2499,43.17607],[-79.25013,43.17562],[-79.25126,43.17533],[-79.25117,43.1768],[-79.25118,43.17699],[-79.25118,43.17718],[-79.25143,43.17853],[-79.25144,43.17876],[-79.25123,43.17903],[-79.25095,43.17909],[-79.24965,43.17898],[-79.24898,43.17713],[-79.2467,43.17651],[-79.24609,43.17819],[-79.24516,43.17886],[-79.24563,43.17922],[-79.24827,43.1794],[-79.24965,43.17898],[-79.24996,43.17895],[-79.25033,43.17897],[-79.25053,43.179],[-79.25072,43.17905],[-79.25095,43.17909],[-79.25114,43.17913],[-79.25146,43.17916],[-79.25144,43.17876],[-79.25143,43.17853],[-79.25124,43.17757],[-79.25118,43.17718],[-79.25117,43.1768],[-79.25125,43.1757],[-79.25126,43.17533],[-79.25089,43.1754],[-79.24962,43.17577],[-79.24963,43.17624],[-79.24908,43.17642],[-79.24541,43.1759],[-79.23052,43.17299],[-79.20757,43.16757],[-79.19272,43.16721],[-79.18993,43.16683],[-79.16595,43.15729],[-79.16541,43.15639],[-79.16577,43.15531],[-79.16653,43.15433],[-79.16785,43.1536],[-79.16767,43.15072],[-79.1671,43.15072],[-79.1669,43.15073],[-79.16662,43.15076],[-79.1656,43.15098],[-79.16654,43.15249],[-79.16692,43.15227],[-79.1669,43.15073],[-79.16767,43.15072],[-79.16784,43.15348],[-79.16665,43.1541],[-79.16554,43.15517],[-79.16228,43.15611],[-79.15456,43.15345],[-79.14632,43.14944],[-79.14441,43.14792],[-79.1406,43.14373],[-79.12525,43.12853],[-79.12238,43.125],[-79.12131,43.12276],[-79.12071,43.12033],[-79.11999,43.10605],[-79.11907,43.10024],[-79.11779,43.09834],[-79.11495,43.09683],[-79.1119,43.09597],[-79.10854,43.09561],[-79.08529,43.0961],[-79.08596,43.10851],[-79.06344,43.10865],[-79.06346,43.10765],[-79.06378,43.10764],[-79.0637,43.10846]]}},{"type":"Feature","properties":{"route":"15","name":"Brantford / Aldershot","dir":"0","shape":"447132","trips":13,"toronto":false},"geometry":{"type":"LineString","coordinates":[[-80.265,43.14032],[-80.26595,43.14015],[-80.26573,43.13836],[-80.24409,43.13983],[-80.24006,43.14048],[-80.23427,43.142],[-80.24279,43.16337],[-80.24281,43.1643],[-80.24242,43.16494],[-80.24003,43.1659],[-80.23413,43.16671],[-80.18561,43.16808],[-80.18044,43.16864],[-80.11167,43.18636],[-80.09904,43.1924],[-80.09648,43.19327],[-80.09145,43.19389],[-80.07662,43.19304],[-80.06901,43.19389],[-80.0212,43.20795],[-80.01719,43.20822],[-80.01314,43.20777],[-80.01053,43.20709],[-80.00605,43.2053],[-80.00359,43.20474],[-79.99157,43.20442],[-79.9877,43.20463],[-79.9806,43.20573],[-79.97458,43.20748],[-79.97123,43.20924],[-79.9679,43.21193],[-79.95619,43.22617],[-79.94957,43.23329],[-79.94853,43.23559],[-79.9483,43.24002],[-79.94757,43.24123],[-79.94643,43.24221],[-79.93631,43.24569],[-79.91969,43.24814],[-79.91765,43.24919],[-79.91479,43.25246],[-79.91311,43.25354],[-79.91016,43.25436],[-79.90668,43.25485],[-79.90273,43.2535],[-79.90131,43.25644],[-79.90153,43.25738],[-79.90162,43.25753],[-79.90178,43.25782],[-79.90185,43.25795],[-79.90198,43.25823],[-79.90237,43.25892],[-79.90243,43.25913],[-79.90624,43.25859],[-79.90638,43.25861],[-79.90769,43.25843],[-79.91139,43.25802],[-79.92161,43.25791],[-79.92311,43.25935],[-79.92336,43.26232],[-79.92306,43.26242],[-79.92315,43.2614],[-79.92274,43.26143],[-79.92266,43.2618],[-79.92306,43.2621],[-79.92306,43.26241],[-79.92331,43.26336],[-79.92559,43.26321],[-79.92528,43.26267],[-79.92395,43.26256],[-79.92322,43.25923],[-79.92224,43.25763],[-79.9117,43.25792],[-79.90769,43.25843],[-79.90709,43.25814],[-79.90754,43.25613],[-79.90629,43.2554],[-79.90525,43.25563],[-79.90228,43.25765],[-79.90178,43.25782],[-79.89617,43.2591],[-79.89428,43.26017],[-79.89345,43.26119],[-79.89307,43.26244],[-79.89233,43.27078],[-79.89273,43.27631],[-79.89201,43.2803],[-79.89272,43.28211],[-79.89671,43.2862],[-79.89702,43.28805],[-79.89628,43.2898],[-79.88954,43.29472],[-79.88242,43.29713],[-79.88041,43.29809],[-79.86871,43.30531],[-79.86289,43.30936],[-79.85929,43.31109],[-79.85824,43.31198],[-79.85746,43.31326],[-79.85674,43.31269],[-79.85595,43.31301]]}},{"type":"Feature","properties":{"route":"15","name":"Brantford / Aldershot","dir":"1","shape":"447131","trips":11,"toronto":false},"geometry":{"type":"LineString","coordinates":[[-79.85595,43.31301],[-79.85604,43.31332],[-79.85682,43.31273],[-79.85746,43.31326],[-79.85889,43.31139],[-79.86205,43.31361],[-79.86275,43.31279],[-79.86214,43.31148],[-79.86241,43.31071],[-79.86862,43.30567],[-79.88129,43.29789],[-79.89199,43.29411],[-79.89651,43.28986],[-79.89724,43.2882],[-79.89698,43.28617],[-79.89606,43.2849],[-79.89278,43.28182],[-79.89225,43.28035],[-79.893,43.27626],[-79.8926,43.27107],[-79.89333,43.26249],[-79.8937,43.26126],[-79.89439,43.26038],[-79.89589,43.25943],[-79.90168,43.258],[-79.9021,43.25787],[-79.90269,43.25766],[-79.90567,43.25646],[-79.90638,43.25635],[-79.90725,43.25688],[-79.90697,43.25824],[-79.907,43.25837],[-79.90703,43.25843],[-79.90707,43.25852],[-79.90769,43.25843],[-79.91139,43.25802],[-79.92173,43.25795],[-79.92311,43.25935],[-79.92336,43.26232],[-79.92306,43.26242],[-79.92315,43.2614],[-79.92274,43.26143],[-79.92266,43.2618],[-79.92306,43.2621],[-79.92306,43.26241],[-79.92331,43.26336],[-79.92559,43.26321],[-79.92528,43.26267],[-79.92395,43.26256],[-79.92322,43.25923],[-79.92224,43.25763],[-79.9117,43.25792],[-79.91139,43.25802],[-79.91048,43.25813],[-79.90769,43.25843],[-79.90752,43.25838],[-79.90703,43.25843],[-79.90652,43.25849],[-79.9062,43.2586],[-79.90617,43.25851],[-79.90243,43.25913],[-79.90237,43.25892],[-79.90198,43.25823],[-79.90193,43.25813],[-79.90185,43.25795],[-79.9015,43.25731],[-79.90143,43.25639],[-79.90254,43.25393],[-79.90296,43.25373],[-79.90822,43.25593],[-79.90901,43.25594],[-79.91071,43.2546],[-79.91452,43.25297],[-79.91756,43.24955],[-79.91977,43.24829],[-79.93676,43.24576],[-79.94659,43.24234],[-79.94792,43.24118],[-79.94857,43.24003],[-79.94878,43.23575],[-79.94974,43.23363],[-79.95647,43.22637],[-79.96821,43.21208],[-79.97105,43.20974],[-79.97469,43.20772],[-79.98082,43.20594],[-79.98801,43.20485],[-79.99158,43.20468],[-80.00354,43.20498],[-80.00595,43.2055],[-80.01054,43.20734],[-80.01361,43.20813],[-80.01775,43.20847],[-80.02165,43.20815],[-80.06988,43.19399],[-80.07706,43.1933],[-80.09097,43.19414],[-80.0962,43.19363],[-80.09945,43.19254],[-80.11006,43.18724],[-80.11233,43.18641],[-80.18126,43.1687],[-80.18552,43.16829],[-80.23347,43.16696],[-80.24071,43.16608],[-80.24305,43.167],[-80.24427,43.16703],[-80.23782,43.15001],[-80.23446,43.14207],[-80.24225,43.14014],[-80.24498,43.14064],[-80.2589,43.13972],[-80.25903,43.14062],[-80.265,43.14032]]}},{"type":"Feature","properties":{"route":"16","name":"Hamilton / Toronto Express","dir":"0","shape":"447138","trips":13,"toronto":true},"geometry":{"type":"LineString","coordinates":[[-79.87008,43.2531],[-79.86801,43.25238],[-79.86655,43.25586],[-79.87174,43.25766],[-79.87896,43.25944],[-79.88759,43.26227],[-79.88985,43.26274],[-79.8918,43.26266],[-79.89241,43.26296],[-79.89265,43.26679],[-79.89233,43.27078],[-79.89273,43.27631],[-79.89203,43.2805],[-79.89272,43.28211],[-79.89604,43.28527],[-79.89678,43.28636],[-79.89699,43.28829],[-79.89619,43.28991],[-79.88936,43.29481],[-79.88242,43.29713],[-79.88041,43.29809],[-79.86871,43.30531],[-79.86226,43.30996],[-79.84282,43.32832],[-79.83669,43.33368],[-79.83409,43.33505],[-79.83002,43.33588],[-79.82812,43.33662],[-79.8267,43.33764],[-79.82493,43.33978],[-79.82367,43.34075],[-79.81022,43.34726],[-79.80511,43.35069],[-79.72662,43.42257],[-79.68868,43.45662],[-79.67753,43.46699],[-79.67559,43.46893],[-79.67393,43.47124],[-79.67245,43.47533],[-79.6723,43.47819],[-79.67354,43.49807],[-79.67317,43.49995],[-79.67202,43.50191],[-79.62282,43.54697],[-79.61976,43.54905],[-79.61521,43.55117],[-79.61271,43.55297],[-79.60414,43.56408],[-79.55203,43.61179],[-79.54964,43.61326],[-79.54702,43.61414],[-79.53816,43.61542],[-79.50505,43.62192],[-79.48229,43.62728],[-79.48006,43.62837],[-79.4754,43.63193],[-79.46953,43.63528],[-79.46462,43.63737],[-79.46024,43.6385],[-79.45478,43.63888],[-79.44828,43.6381],[-79.44417,43.63691],[-79.43476,43.63293],[-79.43119,43.63241],[-79.42892,43.63277],[-79.41234,43.63728],[-79.40265,43.63791],[-79.39701,43.63787],[-79.38436,43.63991],[-79.37655,43.6424],[-79.37552,43.64317],[-79.37584,43.64439],[-79.37713,43.64371],[-79.37716,43.64395]]}},{"type":"Feature","properties":{"route":"16","name":"Hamilton / Toronto Express","dir":"1","shape":"447137","trips":12,"toronto":true},"geometry":{"type":"LineString","coordinates":[[-79.37716,43.64395],[-79.37738,43.64426],[-79.37689,43.64436],[-79.3768,43.64414],[-79.37722,43.64406],[-79.3773,43.64423],[-79.37688,43.64432],[-79.37671,43.64393],[-79.38283,43.64091],[-79.38679,43.63972],[-79.39717,43.63797],[-79.40257,43.63807],[-79.41218,43.63743],[-79.43111,43.63255],[-79.43466,43.63304],[-79.44424,43.63709],[-79.44858,43.63829],[-79.4557,43.63903],[-79.46075,43.63854],[-79.46463,43.63751],[-79.46927,43.63558],[-79.47517,43.63224],[-79.48057,43.62828],[-79.48274,43.62737],[-79.50547,43.62202],[-79.53853,43.61557],[-79.54679,43.61438],[-79.54912,43.6137],[-79.55188,43.61215],[-79.60244,43.56601],[-79.60535,43.56304],[-79.6128,43.5531],[-79.61467,43.55167],[-79.62017,43.54902],[-79.62314,43.54694],[-79.67277,43.50161],[-79.67389,43.49929],[-79.67403,43.49662],[-79.67314,43.48758],[-79.67264,43.47579],[-79.67314,43.47366],[-79.67423,43.47126],[-79.67527,43.46972],[-79.67766,43.46721],[-79.73664,43.41381],[-79.74199,43.4085],[-79.75374,43.39802],[-79.78102,43.37275],[-79.80631,43.35004],[-79.81127,43.34697],[-79.82659,43.34012],[-79.83432,43.33608],[-79.83863,43.33277],[-79.86195,43.31052],[-79.86917,43.30531],[-79.88109,43.298],[-79.89199,43.29411],[-79.8963,43.29014],[-79.89724,43.2882],[-79.89698,43.28617],[-79.89606,43.2849],[-79.89278,43.28182],[-79.89225,43.28035],[-79.893,43.27626],[-79.8926,43.27107],[-79.89344,43.26188],[-79.89376,43.26117],[-79.89401,43.26079],[-79.89427,43.26051],[-79.89439,43.26038],[-79.89576,43.25947],[-79.90168,43.258],[-79.90599,43.25636],[-79.90716,43.25672],[-79.90703,43.25843],[-79.90023,43.25939],[-79.89667,43.26025],[-79.89458,43.26048],[-79.89427,43.26051],[-79.89347,43.26059],[-79.89246,43.26061],[-79.86965,43.25536],[-79.87063,43.25312],[-79.87008,43.2531]]}},{"type":"Feature","properties":{"route":"17","name":"Waterloo / Hamilton","dir":"0","shape":"447140","trips":14,"toronto":false},"geometry":{"type":"LineString","coordinates":[[-79.87008,43.2531],[-79.86801,43.25238],[-79.86655,43.25586],[-79.87174,43.25766],[-79.87847,43.2593],[-79.88953,43.26269],[-79.89041,43.26273],[-79.89262,43.26227],[-79.89296,43.26218],[-79.89311,43.26212],[-79.89321,43.26209],[-79.89433,43.26184],[-79.89513,43.26176],[-79.89861,43.26247],[-79.9001,43.2597],[-79.90129,43.2593],[-79.90624,43.25859],[-79.90638,43.25861],[-79.90769,43.25843],[-79.91139,43.25802],[-79.92094,43.25779],[-79.92211,43.25815],[-79.92305,43.2592],[-79.92336,43.26232],[-79.92306,43.26242],[-79.92315,43.2614],[-79.92274,43.26143],[-79.92266,43.2618],[-79.92306,43.2621],[-79.92306,43.26241],[-79.92331,43.26336],[-79.92559,43.26321],[-79.92528,43.26267],[-79.92395,43.26256],[-79.92322,43.25923],[-79.92224,43.25763],[-79.9117,43.25792],[-79.90769,43.25843],[-79.90709,43.25814],[-79.90754,43.25613],[-79.90644,43.25541],[-79.90532,43.2556],[-79.90228,43.25765],[-79.89632,43.25905],[-79.89466,43.25987],[-79.89358,43.26098],[-79.89311,43.26212],[-79.89235,43.27031],[-79.89273,43.27631],[-79.89201,43.2803],[-79.89272,43.28211],[-79.89671,43.2862],[-79.89702,43.28805],[-79.89628,43.2898],[-79.89005,43.29443],[-79.88063,43.29796],[-79.86871,43.30531],[-79.86289,43.30936],[-79.85929,43.31109],[-79.85889,43.31139],[-79.85824,43.31198],[-79.85809,43.3122],[-79.85771,43.313],[-79.85746,43.31326],[-79.85681,43.31273],[-79.85671,43.31269],[-79.85587,43.31328],[-79.85682,43.31273],[-79.85746,43.31326],[-79.85756,43.31317],[-79.85771,43.313],[-79.85782,43.31283],[-79.85809,43.3122],[-79.8582,43.31203],[-79.85824,43.31198],[-79.85831,43.31189],[-79.85837,43.31183],[-79.85889,43.31139],[-79.86205,43.31361],[-79.86275,43.31279],[-79.86217,43.31162],[-79.86224,43.31097],[-79.8658,43.30772],[-79.86955,43.30507],[-79.88177,43.29766],[-79.8916,43.29458],[-79.89301,43.29461],[-79.8944,43.29522],[-79.89853,43.29856],[-79.94131,43.32935],[-79.99608,43.36964],[-80.02816,43.3935],[-80.03406,43.39893],[-80.0474,43.40824],[-80.0495,43.40941],[-80.05384,43.41046],[-80.05562,43.4112],[-80.05683,43.41206],[-80.06287,43.41801],[-80.06837,43.42059],[-80.07198,43.42268],[-80.09541,43.43195],[-80.09775,43.4332],[-80.10497,43.43852],[-80.10816,43.4421],[-80.11006,43.44366],[-80.12567,43.45395],[-80.13373,43.45979],[-80.13323,43.4605],[-80.13468,43.4615],[-80.13527,43.4611],[-80.13685,43.4623],[-80.14474,43.46926],[-80.15398,43.4739],[-80.16069,43.4796],[-80.19178,43.50242],[-80.19388,43.50472],[-80.19691,43.51161],[-80.1997,43.5139],[-80.1995,43.51403],[-80.1995,43.51403],[-80.1995,43.51403],[-80.1995,43.51403],[-80.1997,43.5139],[-80.20334,43.51653],[-80.20312,43.51668],[-80.20312,43.51668],[-80.20312,43.51668],[-80.20312,43.51668],[-80.20334,43.51653],[-80.20781,43.51968],[-80.21312,43.52246],[-80.21784,43.52455],[-80.22507,43.52686],[-80.22643,43.52779],[-80.22553,43.52842],[-80.22427,43.52941],[-80.22547,43.5303],[-80.22594,43.52998],[-80.22472,43.52908],[-80.22643,43.52779],[-80.24206,43.53888],[-80.24366,43.5404],[-80.24859,43.5421],[-80.25042,43.54363],[-80.24875,43.5445],[-80.24811,43.54481],[-80.24768,43.54435],[-80.24649,43.54488],[-80.24559,43.54559],[-80.24579,43.54598],[-80.24875,43.5445],[-80.24977,43.54395],[-80.25042,43.54363],[-80.2487,43.54216],[-80.24859,43.5421],[-80.24774,43.54179],[-80.24665,43.54143],[-80.24468,43.54066],[-80.24598,43.53805],[-80.25122,43.5363],[-80.25684,43.53215],[-80.26065,43.52886],[-80.26251,43.52801],[-80.26507,43.5275],[-80.26654,43.52785],[-80.26765,43.52851],[-80.29798,43.55015],[-80.34694,43.51465],[-80.41164,43.49186],[-80.41367,43.49058],[-80.41644,43.48734],[-80.41816,43.48235],[-80.41992,43.48067],[-80.42587,43.47823],[-80.43059,43.47548],[-80.44987,43.4688],[-80.46964,43.46254],[-80.46901,43.46148],[-80.46992,43.46118],[-80.47049,43.4612],[-80.47091,43.4616],[-80.47111,43.46436],[-80.47472,43.47098],[-80.47558,43.47198],[-80.47741,43.47326],[-80.47936,43.47394],[-80.48143,43.47419],[-80.49023,43.47323],[-80.49278,43.47378],[-80.49492,43.47499],[-80.49613,43.47645],[-80.49976,43.48372],[-80.50055,43.48516],[-80.50112,43.486],[-80.50124,43.48624],[-80.50131,43.48637],[-80.50181,43.48714],[-80.50162,43.48795],[-80.50057,43.48819],[-80.49997,43.4879],[-80.49976,43.48741],[-80.50071,43.48646],[-80.50099,43.48634],[-80.50124,43.48624],[-80.50425,43.48498],[-80.50437,43.48494],[-80.50781,43.4835],[-80.50906,43.48299],[-80.51679,43.47913],[-80.53626,43.47206],[-80.53992,43.47698],[-80.54202,43.47623],[-80.54122,43.47525],[-80.5405,43.47505],[-80.54027,43.47451]]}},{"type":"Feature","properties":{"route":"17","name":"Waterloo / Hamilton","dir":"1","shape":"447139","trips":14,"toronto":false},"geometry":{"type":"LineString","coordinates":[[-80.53918,43.47457],[-80.5384,43.47491],[-80.53626,43.47206],[-80.51726,43.47893],[-80.50906,43.48299],[-80.50425,43.48498],[-80.50201,43.48536],[-80.50102,43.48475],[-80.49944,43.4824],[-80.49591,43.47565],[-80.49365,43.47389],[-80.49158,43.4732],[-80.48933,43.47299],[-80.48082,43.47394],[-80.47856,43.47348],[-80.47678,43.47258],[-80.47512,43.47064],[-80.47143,43.46356],[-80.47137,43.46282],[-80.4714,43.46225],[-80.47143,43.46194],[-80.47147,43.46142],[-80.47184,43.46066],[-80.47443,43.45978],[-80.47546,43.46073],[-80.47204,43.46174],[-80.47143,43.46194],[-80.47126,43.462],[-80.47075,43.46218],[-80.46644,43.4636],[-80.46214,43.46495],[-80.45739,43.46618],[-80.43144,43.47517],[-80.42873,43.47633],[-80.42581,43.47814],[-80.41978,43.48066],[-80.41801,43.48233],[-80.41599,43.48792],[-80.41367,43.49058],[-80.41164,43.49186],[-80.34694,43.51465],[-80.29852,43.54964],[-80.29776,43.54969],[-80.26906,43.52921],[-80.26741,43.52779],[-80.26672,43.52642],[-80.26579,43.5259],[-80.26451,43.52696],[-80.26038,43.52888],[-80.25719,43.53187],[-80.25146,43.53616],[-80.24592,43.53811],[-80.24569,43.53846],[-80.24496,43.54009],[-80.24468,43.54066],[-80.24461,43.54078],[-80.2487,43.54216],[-80.25042,43.54363],[-80.24875,43.5445],[-80.24811,43.54481],[-80.24768,43.54435],[-80.24649,43.54488],[-80.24559,43.54559],[-80.24579,43.54598],[-80.24875,43.5445],[-80.24977,43.54395],[-80.25042,43.54363],[-80.24905,43.54238],[-80.2487,43.54216],[-80.24665,43.54143],[-80.24567,43.54102],[-80.24468,43.54066],[-80.24398,43.54042],[-80.24355,43.54023],[-80.24272,43.53936],[-80.22652,43.52771],[-80.22553,43.52842],[-80.22427,43.52941],[-80.22547,43.5303],[-80.22594,43.52998],[-80.22472,43.52908],[-80.22652,43.52771],[-80.2251,43.52672],[-80.21721,43.5243],[-80.20827,43.51993],[-80.20606,43.51852],[-80.1971,43.51184],[-80.19618,43.51024],[-80.19434,43.50491],[-80.19159,43.50206],[-80.16069,43.4796],[-80.15403,43.47379],[-80.14986,43.47173],[-80.15002,43.47154],[-80.15002,43.47154],[-80.15002,43.47154],[-80.15002,43.47154],[-80.14986,43.47173],[-80.14474,43.46926],[-80.14149,43.46636],[-80.14176,43.4662],[-80.14176,43.4662],[-80.14176,43.4662],[-80.14176,43.4662],[-80.14149,43.46636],[-80.13539,43.46101],[-80.13468,43.4615],[-80.13446,43.46085],[-80.13353,43.46038],[-80.1337,43.4609],[-80.13468,43.4615],[-80.13527,43.4611],[-80.13539,43.46101],[-80.13409,43.45998],[-80.12567,43.45395],[-80.11006,43.44366],[-80.10816,43.4421],[-80.10497,43.43852],[-80.09869,43.43387],[-80.09541,43.43195],[-80.07198,43.42268],[-80.06837,43.42059],[-80.06287,43.41801],[-80.05683,43.41206],[-80.05562,43.4112],[-80.05384,43.41046],[-80.0495,43.40941],[-80.0474,43.40824],[-80.03406,43.39893],[-80.02908,43.39422],[-80.00078,43.37295],[-79.94233,43.32995],[-79.8987,43.29855],[-79.89403,43.29454],[-79.89258,43.29408],[-79.89209,43.29405],[-79.89172,43.29406],[-79.89106,43.29416],[-79.88131,43.29761],[-79.86871,43.30531],[-79.86289,43.30936],[-79.85929,43.31109],[-79.85889,43.31139],[-79.85824,43.31198],[-79.85809,43.3122],[-79.85771,43.313],[-79.85746,43.31326],[-79.85681,43.31273],[-79.85671,43.31269],[-79.85587,43.31328],[-79.85682,43.31273],[-79.85746,43.31326],[-79.85756,43.31317],[-79.85771,43.313],[-79.85782,43.31283],[-79.85809,43.3122],[-79.8582,43.31203],[-79.85824,43.31198],[-79.85831,43.31189],[-79.85837,43.31183],[-79.85889,43.31139],[-79.86205,43.31361],[-79.86275,43.31279],[-79.86214,43.31148],[-79.86241,43.31071],[-79.86862,43.30567],[-79.88129,43.29789],[-79.89199,43.29411],[-79.89209,43.29405],[-79.89256,43.2937],[-79.89296,43.29337],[-79.89651,43.28986],[-79.89724,43.2882],[-79.89698,43.28617],[-79.89606,43.2849],[-79.89278,43.28182],[-79.89225,43.28035],[-79.893,43.27626],[-79.8926,43.27107],[-79.89333,43.26249],[-79.89376,43.26117],[-79.89401,43.26079],[-79.89427,43.26051],[-79.89439,43.26038],[-79.89494,43.25993],[-79.89657,43.25921],[-79.9021,43.25787],[-79.90613,43.25634],[-79.90725,43.25688],[-79.90697,43.25824],[-79.907,43.25837],[-79.90703,43.25843],[-79.90707,43.25852],[-79.90769,43.25843],[-79.91139,43.25802],[-79.92094,43.25779],[-79.92211,43.25815],[-79.92305,43.2592],[-79.92336,43.26232],[-79.92306,43.26242],[-79.92315,43.2614],[-79.92274,43.26143],[-79.92266,43.2618],[-79.92306,43.2621],[-79.92306,43.26241],[-79.92331,43.26336],[-79.92559,43.26321],[-79.92528,43.26267],[-79.92395,43.26256],[-79.92322,43.25923],[-79.92224,43.25763],[-79.91161,43.25793],[-79.91139,43.25802],[-79.91048,43.25813],[-79.90769,43.25843],[-79.90752,43.25838],[-79.90703,43.25843],[-79.90652,43.25849],[-79.9062,43.2586],[-79.90617,43.25851],[-79.90023,43.25939],[-79.89667,43.26025],[-79.89458,43.26048],[-79.89427,43.26051],[-79.89347,43.26059],[-79.89246,43.26061],[-79.86965,43.25536],[-79.87063,43.25312],[-79.87008,43.2531]]}},{"type":"Feature","properties":{"route":"18","name":"Lakeshore West","dir":"0","shape":"447155","trips":2,"toronto":true},"geometry":{"type":"LineString","coordinates":[[-79.866,43.26608],[-79.86853,43.26684],[-79.87142,43.2636],[-79.87217,43.26186],[-79.87711,43.26291],[-79.88505,43.2679],[-79.88613,43.26991],[-79.88693,43.27238],[-79.89035,43.27791],[-79.89111,43.28002],[-79.89145,43.28215],[-79.89475,43.28404],[-79.89671,43.2862],[-79.89702,43.28805],[-79.89619,43.28991],[-79.88936,43.29481],[-79.88242,43.29713],[-79.88041,43.29809],[-79.86871,43.30531],[-79.86289,43.30936],[-79.85929,43.31109],[-79.85824,43.31198],[-79.85746,43.31326],[-79.85681,43.31273],[-79.85674,43.31269],[-79.85595,43.31301],[-79.85604,43.31332],[-79.85682,43.31273],[-79.85746,43.31326],[-79.85543,43.31453],[-79.85576,43.31542],[-79.85451,43.31711],[-79.84282,43.32832],[-79.83686,43.33355],[-79.83394,43.33473],[-79.83225,43.33458],[-79.83093,43.33392],[-79.82773,43.3303],[-79.82743,43.32927],[-79.82771,43.32756],[-79.82681,43.32668],[-79.82471,43.32793],[-79.82148,43.32875],[-79.81862,43.32995],[-79.81432,43.33443],[-79.80879,43.33926],[-79.80958,43.33991],[-79.80911,43.34027],[-79.80911,43.3407],[-79.80967,43.34069],[-79.80958,43.33991],[-79.80879,43.33926],[-79.81228,43.33628],[-79.8131,43.33617],[-79.81805,43.33875],[-79.8203,43.34033],[-79.82092,43.3412],[-79.82074,43.34184],[-79.81702,43.34409],[-79.8089,43.34798],[-79.80618,43.34982],[-79.77659,43.3766],[-79.77333,43.37922],[-79.77123,43.37944],[-79.77053,43.37987],[-79.76229,43.37357],[-79.7622,43.37364],[-79.76198,43.37383],[-79.7616,43.37413],[-79.76093,43.37472],[-79.75792,43.37806],[-79.76053,43.37934],[-79.76046,43.37912],[-79.75792,43.37806],[-79.75902,43.37655],[-79.76093,43.37472],[-79.7622,43.37364],[-79.76945,43.37917],[-79.77063,43.38083],[-79.7705,43.38176],[-79.76707,43.38533],[-79.74056,43.40962],[-79.73897,43.41072],[-79.73763,43.41059],[-79.73731,43.41017],[-79.73747,43.40957],[-79.73891,43.40881],[-79.73815,43.40792],[-79.73628,43.40664],[-79.73331,43.40953],[-79.73273,43.41142],[-79.72624,43.41766],[-79.72587,43.41743],[-79.72465,43.41675],[-79.72423,43.41629],[-79.72429,43.41572],[-79.72399,43.41561],[-79.72385,43.41576],[-79.72398,43.41597],[-79.72423,43.41629],[-79.72437,43.41646],[-79.72465,43.41675],[-79.72624,43.41766],[-79.72177,43.42191],[-79.7241,43.42342],[-79.72427,43.42396],[-79.72395,43.42452],[-79.72063,43.42797],[-79.6868,43.45838],[-79.68532,43.45936],[-79.68351,43.45957],[-79.68289,43.45996],[-79.68143,43.45721],[-79.68377,43.45634],[-79.68296,43.45575],[-79.68287,43.45571],[-79.68282,43.45571],[-79.68276,43.4557],[-79.6827,43.4557],[-79.68204,43.45577],[-79.6814,43.45636],[-79.68179,43.45665],[-79.68276,43.4557],[-79.68377,43.45634],[-79.68125,43.45726],[-79.68262,43.46036],[-79.6826,43.46182],[-79.67492,43.46976],[-79.67341,43.47225],[-79.67255,43.47481],[-79.67227,43.47742],[-79.67354,43.49807],[-79.67317,43.49995],[-79.67194,43.502],[-79.65161,43.52067],[-79.64956,43.52217],[-79.6472,43.5227],[-79.64651,43.52314],[-79.63233,43.51273],[-79.63278,43.51258],[-79.6333,43.51302],[-79.63325,43.51274],[-79.63294,43.5126],[-79.6328,43.51258],[-79.63273,43.51257],[-79.63258,43.51258],[-79.63243,43.51265],[-79.63222,43.51282],[-79.64645,43.52328],[-79.64685,43.52399],[-79.64672,43.52466],[-79.64346,43.52815],[-79.62268,43.54709],[-79.61976,43.54905],[-79.61521,43.55117],[-79.61271,43.55297],[-79.605,43.56317],[-79.60165,43.56604],[-79.59949,43.5666],[-79.59861,43.56723],[-79.58394,43.5568],[-79.58469,43.55611],[-79.58578,43.55674],[-79.58668,43.55589],[-79.58746,43.5556],[-79.58728,43.55549],[-79.58764,43.55508],[-79.58651,43.55441],[-79.58394,43.5568],[-79.59861,43.56738],[-79.59911,43.56794],[-79.59908,43.56842],[-79.59311,43.57428],[-79.55192,43.61187],[-79.54964,43.61326],[-79.54702,43.61414],[-79.53816,43.61542],[-79.50505,43.62192],[-79.48229,43.62728],[-79.48006,43.62837],[-79.4754,43.63193],[-79.46953,43.63528],[-79.46462,43.63737],[-79.46024,43.6385],[-79.45478,43.63888],[-79.44828,43.6381],[-79.44417,43.63691],[-79.43476,43.63293],[-79.43119,43.63241],[-79.42892,43.63277],[-79.41234,43.63728],[-79.40265,43.63791],[-79.39701,43.63787],[-79.38436,43.63991],[-79.37655,43.6424],[-79.37552,43.64317],[-79.37584,43.64439],[-79.37713,43.64371],[-79.37716,43.64395]]}},{"type":"Feature","properties":{"route":"18","name":"Lakeshore West","dir":"1","shape":"447145","trips":5,"toronto":true},"geometry":{"type":"LineString","coordinates":[[-79.85595,43.31301],[-79.85604,43.31332],[-79.85682,43.31273],[-79.85746,43.31326],[-79.85889,43.31139],[-79.86205,43.31361],[-79.86275,43.31279],[-79.86214,43.31148],[-79.86241,43.31071],[-79.86862,43.30567],[-79.88129,43.29789],[-79.89181,43.29421],[-79.8963,43.29014],[-79.89724,43.2882],[-79.89698,43.28617],[-79.89606,43.2849],[-79.89278,43.28182],[-79.89225,43.28035],[-79.893,43.27626],[-79.8926,43.27107],[-79.89344,43.26188],[-79.89376,43.26117],[-79.89401,43.26079],[-79.89427,43.26051],[-79.89439,43.26038],[-79.89589,43.25943],[-79.90168,43.258],[-79.90599,43.25636],[-79.90689,43.2565],[-79.90728,43.25716],[-79.90703,43.25843],[-79.90023,43.25939],[-79.89667,43.26025],[-79.89458,43.26048],[-79.89427,43.26051],[-79.89347,43.26059],[-79.89246,43.26061],[-79.86965,43.25536],[-79.87063,43.25312],[-79.87008,43.2531]]}},{"type":"Feature","properties":{"route":"19","name":"Mississauga / North York","dir":"0","shape":"447169","trips":34,"toronto":true},"geometry":{"type":"LineString","coordinates":[[-79.64766,43.59455],[-79.6471,43.59431],[-79.64394,43.59727],[-79.64154,43.59877],[-79.64231,43.59934],[-79.64281,43.60021],[-79.64222,43.60181],[-79.6385,43.60569],[-79.6312,43.61223],[-79.62959,43.61572],[-79.61694,43.6282],[-79.60885,43.63476],[-79.60688,43.63575],[-79.60681,43.63656],[-79.60724,43.63713],[-79.61365,43.64108],[-79.61394,43.64153],[-79.61388,43.64233],[-79.6087,43.6466],[-79.60621,43.64937],[-79.59326,43.66104],[-79.59169,43.66287],[-79.58913,43.66491],[-79.58821,43.66596],[-79.58728,43.66793],[-79.58788,43.66787],[-79.58889,43.66645],[-79.59032,43.66725],[-79.59459,43.67445],[-79.59465,43.67515],[-79.5942,43.67587],[-79.59113,43.67684],[-79.58935,43.67313],[-79.5884,43.67238],[-79.58713,43.67194],[-79.58194,43.6724],[-79.58019,43.67307],[-79.57822,43.67559],[-79.56907,43.69198],[-79.56099,43.70112],[-79.55383,43.70808],[-79.55171,43.70931],[-79.52575,43.71536],[-79.5077,43.71744],[-79.50165,43.71751],[-79.49688,43.7189],[-79.48657,43.72107],[-79.48376,43.72148],[-79.48145,43.72111],[-79.48083,43.72125],[-79.48078,43.72212],[-79.47612,43.72362],[-79.4636,43.72644],[-79.46053,43.72686],[-79.45769,43.72667],[-79.45553,43.72789],[-79.45215,43.72863],[-79.44932,43.72744],[-79.44872,43.72606],[-79.44876,43.72598],[-79.44863,43.72566],[-79.4486,43.72557],[-79.44845,43.72521],[-79.44846,43.72498],[-79.44929,43.7248],[-79.44945,43.72532],[-79.44863,43.72566],[-79.44714,43.72582],[-79.44671,43.72609],[-79.44667,43.72662],[-79.44756,43.72758],[-79.4456,43.72942],[-79.44174,43.7307],[-79.42603,43.74024],[-79.41798,43.74544],[-79.41373,43.74955],[-79.40683,43.75356],[-79.40667,43.75438],[-79.40703,43.75508],[-79.40915,43.75612],[-79.40968,43.75693],[-79.41591,43.78196]]}},{"type":"Feature","properties":{"route":"19","name":"Mississauga / North York","dir":"1","shape":"447170","trips":36,"toronto":true},"geometry":{"type":"LineString","coordinates":[[-79.41512,43.78218],[-79.41441,43.78242],[-79.41422,43.78208],[-79.41608,43.78163],[-79.416,43.78085],[-79.40928,43.75488],[-79.40937,43.75366],[-79.41093,43.7522],[-79.41551,43.74918],[-79.41872,43.74563],[-79.43717,43.73433],[-79.44045,43.73266],[-79.44291,43.73217],[-79.44634,43.73091],[-79.44663,43.73084],[-79.44692,43.73077],[-79.44917,43.7303],[-79.44935,43.73026],[-79.44953,43.73021],[-79.4497,43.73017],[-79.44997,43.73014],[-79.45053,43.73038],[-79.45045,43.73082],[-79.44982,43.73092],[-79.44939,43.73055],[-79.44935,43.73033],[-79.44935,43.73026],[-79.44933,43.73013],[-79.44929,43.72992],[-79.44927,43.72972],[-79.44894,43.72795],[-79.44945,43.72756],[-79.44872,43.72606],[-79.44876,43.72598],[-79.44863,43.72566],[-79.4486,43.72557],[-79.44845,43.72521],[-79.44846,43.72498],[-79.44929,43.7248],[-79.44945,43.72532],[-79.44863,43.72566],[-79.44714,43.72582],[-79.44665,43.72621],[-79.44672,43.72669],[-79.44759,43.72725],[-79.4478,43.7278],[-79.44661,43.72919],[-79.44636,43.73018],[-79.44651,43.73063],[-79.44663,43.73084],[-79.4467,43.73093],[-79.44737,43.73144],[-79.44914,43.73169],[-79.45558,43.72898],[-79.45796,43.72828],[-79.478,43.72391],[-79.48042,43.72453],[-79.4817,43.72438],[-79.48174,43.7234],[-79.48233,43.72295],[-79.49047,43.72071],[-79.49712,43.7198],[-79.50257,43.71835],[-79.52657,43.71558],[-79.55137,43.70974],[-79.55341,43.709],[-79.55521,43.70785],[-79.56901,43.6925],[-79.57341,43.68535],[-79.57813,43.67643],[-79.58107,43.67342],[-79.58346,43.67228],[-79.58698,43.67198],[-79.58826,43.67239],[-79.58929,43.67323],[-79.59104,43.67699],[-79.59359,43.67634],[-79.59456,43.67568],[-79.59481,43.67463],[-79.59364,43.67238],[-79.59041,43.66714],[-79.58874,43.666],[-79.58925,43.66482],[-79.59146,43.66319],[-79.59326,43.66104],[-79.60621,43.64937],[-79.6087,43.6466],[-79.6139,43.64228],[-79.61365,43.64108],[-79.60724,43.63713],[-79.60681,43.63656],[-79.60688,43.63575],[-79.60885,43.63476],[-79.61694,43.6282],[-79.62959,43.61572],[-79.6312,43.61223],[-79.6385,43.60569],[-79.64222,43.60181],[-79.64281,43.60021],[-79.64164,43.59884],[-79.64427,43.59718],[-79.6471,43.59431],[-79.64752,43.59469]]}},{"type":"Feature","properties":{"route":"21","name":"Milton","dir":"0","shape":"447179","trips":14,"toronto":true},"geometry":{"type":"LineString","coordinates":[[-79.86727,43.5238],[-79.86652,43.52386],[-79.86417,43.52608],[-79.86248,43.52515],[-79.86078,43.52349],[-79.85091,43.51628],[-79.81986,43.54476],[-79.78633,43.57467],[-79.7825,43.57847],[-79.77133,43.58783],[-79.77077,43.58783],[-79.76367,43.58274],[-79.7581,43.5868],[-79.75657,43.58841],[-79.75601,43.58989],[-79.75594,43.59333],[-79.75608,43.59333],[-79.7561,43.59533],[-79.75602,43.59612],[-79.75545,43.59738],[-79.75451,43.5975],[-79.75513,43.5979],[-79.75531,43.59781],[-79.75594,43.59637],[-79.75602,43.59612],[-79.75605,43.59588],[-79.7561,43.59533],[-79.75091,43.59488],[-79.74323,43.59083],[-79.74106,43.59015],[-79.739,43.59575],[-79.73879,43.59836],[-79.74023,43.60139],[-79.7442,43.60456],[-79.74416,43.60546],[-79.74331,43.60625],[-79.73777,43.60876],[-79.63152,43.65044],[-79.617,43.65765],[-79.61298,43.65914],[-79.60859,43.66167],[-79.60534,43.66309],[-79.59496,43.66694],[-79.58083,43.67092],[-79.57851,43.67106],[-79.57657,43.67057],[-79.57505,43.66947],[-79.57363,43.66769],[-79.56934,43.65763],[-79.56252,43.64339],[-79.55711,43.62864],[-79.55132,43.61495],[-79.5506,43.61411],[-79.54902,43.61349],[-79.54689,43.61362],[-79.50505,43.62192],[-79.48274,43.62715],[-79.48046,43.62811],[-79.4754,43.63193],[-79.46895,43.63558],[-79.46426,43.63749],[-79.46024,43.6385],[-79.45478,43.63888],[-79.44828,43.6381],[-79.44417,43.63691],[-79.43476,43.63293],[-79.43119,43.63241],[-79.42892,43.63277],[-79.41234,43.63728],[-79.40265,43.63791],[-79.39701,43.63787],[-79.38436,43.63991],[-79.37655,43.6424],[-79.37552,43.64317],[-79.37584,43.64439],[-79.37713,43.64371],[-79.37716,43.64395]]}},{"type":"Feature","properties":{"route":"21","name":"Milton","dir":"1","shape":"447181","trips":14,"toronto":true},"geometry":{"type":"LineString","coordinates":[[-79.37716,43.64395],[-79.37738,43.64426],[-79.37689,43.64436],[-79.3768,43.64414],[-79.37722,43.64406],[-79.3773,43.64423],[-79.37688,43.64432],[-79.37671,43.64393],[-79.38283,43.64091],[-79.38679,43.63972],[-79.39717,43.63797],[-79.40257,43.63807],[-79.41218,43.63743],[-79.43111,43.63255],[-79.43466,43.63304],[-79.44424,43.63709],[-79.44858,43.63829],[-79.4548,43.63901],[-79.46029,43.63862],[-79.46441,43.63759],[-79.46927,43.63558],[-79.47517,43.63224],[-79.48057,43.62828],[-79.483,43.62729],[-79.50547,43.62202],[-79.53723,43.61583],[-79.54849,43.6147],[-79.54974,43.61506],[-79.55053,43.61566],[-79.55255,43.61885],[-79.55694,43.62886],[-79.56325,43.64566],[-79.5698,43.65924],[-79.57445,43.67029],[-79.57602,43.67171],[-79.57838,43.6724],[-79.58587,43.67133],[-79.6109,43.66175],[-79.62502,43.65404],[-79.63302,43.65038],[-79.65147,43.64367],[-79.66558,43.63754],[-79.6752,43.63405],[-79.69972,43.62391],[-79.73991,43.6081],[-79.74359,43.60695],[-79.74695,43.60701],[-79.74769,43.60652],[-79.74098,43.60163],[-79.73923,43.59894],[-79.73898,43.59728],[-79.73917,43.5958],[-79.74131,43.59042],[-79.74323,43.59083],[-79.75091,43.59488],[-79.7561,43.59533],[-79.75545,43.59738],[-79.75451,43.5975],[-79.75513,43.5979],[-79.75534,43.59775],[-79.75602,43.59612],[-79.7561,43.59533],[-79.75607,43.59276],[-79.75616,43.59276],[-79.75601,43.59021],[-79.75657,43.58841],[-79.75769,43.58716],[-79.76365,43.58288],[-79.77115,43.5882],[-79.77639,43.58407],[-79.78019,43.58033],[-79.7845,43.57681],[-79.85102,43.51636],[-79.86062,43.52344],[-79.86227,43.52522],[-79.86337,43.52588],[-79.86407,43.52619],[-79.86653,43.52408],[-79.86803,43.52435],[-79.86727,43.5238]]}},{"type":"Feature","properties":{"route":"22","name":"Milton / Oakville","dir":"0","shape":"447187","trips":8,"toronto":false},"geometry":{"type":"LineString","coordinates":[[-79.68172,43.456],[-79.68139,43.45639],[-79.68157,43.45668],[-79.68276,43.4557],[-79.68377,43.45634],[-79.68125,43.45726],[-79.6836,43.46135],[-79.68511,43.46302],[-79.69571,43.47065],[-79.69814,43.46957],[-79.6982,43.46928],[-79.69555,43.47053],[-79.69571,43.47065],[-79.69705,43.47161],[-79.69916,43.47319],[-79.70224,43.47529],[-79.70218,43.47534],[-79.70465,43.47689],[-79.70531,43.47757],[-79.70854,43.4797],[-79.74419,43.50613],[-79.74435,43.50593],[-79.74518,43.50528],[-79.74591,43.50537],[-79.74669,43.50607],[-79.74624,43.50662],[-79.7458,43.50661],[-79.74468,43.50574],[-79.74419,43.50613],[-79.75176,43.51187],[-79.75589,43.51664],[-79.75743,43.51801],[-79.80806,43.55529],[-79.83338,43.5322],[-79.84241,43.52444],[-79.85102,43.51636],[-79.86062,43.52344],[-79.86227,43.52522],[-79.86337,43.52588],[-79.86407,43.52619],[-79.86653,43.52408],[-79.86788,43.52449],[-79.86801,43.52421],[-79.86727,43.5238],[-79.86652,43.52386],[-79.86407,43.52619],[-79.87774,43.5362],[-79.8937,43.52184],[-79.89428,43.5218],[-79.89936,43.52379],[-79.90372,43.52691],[-79.90294,43.5275],[-79.90389,43.52813],[-79.90416,43.52784],[-79.90384,43.52748]]}},{"type":"Feature","properties":{"route":"22","name":"Milton / Oakville","dir":"1","shape":"447186","trips":8,"toronto":false},"geometry":{"type":"LineString","coordinates":[[-79.90384,43.52748],[-79.90335,43.52719],[-79.90386,43.52682],[-79.89957,43.52377],[-79.89403,43.52155],[-79.87763,43.53614],[-79.86417,43.52608],[-79.86653,43.52408],[-79.86788,43.52449],[-79.86801,43.52421],[-79.86727,43.5238],[-79.86658,43.52384],[-79.86417,43.52608],[-79.86248,43.52515],[-79.86078,43.52349],[-79.85091,43.51628],[-79.80815,43.55521],[-79.75743,43.51801],[-79.7554,43.5161],[-79.75197,43.51191],[-79.74561,43.50707],[-79.74539,43.50616],[-79.74468,43.50574],[-79.74424,43.50605],[-79.73863,43.5019],[-79.73879,43.50177],[-79.73706,43.50086],[-79.72037,43.48845],[-79.71308,43.48275],[-79.71256,43.48268],[-79.70512,43.47697],[-79.6997,43.47357],[-79.69571,43.47065],[-79.69814,43.46957],[-79.6982,43.46928],[-79.69555,43.47053],[-79.6851,43.4628],[-79.68389,43.46154],[-79.68143,43.45721],[-79.68377,43.45634],[-79.68287,43.45571],[-79.68172,43.456]]}},{"type":"Feature","properties":{"route":"25","name":"Waterloo / Mississauga","dir":"0","shape":"447188","trips":19,"toronto":false},"geometry":{"type":"LineString","coordinates":[[-80.53918,43.47457],[-80.5384,43.47491],[-80.53626,43.47206],[-80.51708,43.47901],[-80.50906,43.48299],[-80.50437,43.48494],[-80.50186,43.48532],[-80.50102,43.48475],[-80.49944,43.4824],[-80.49615,43.47598],[-80.49504,43.47477],[-80.49365,43.47389],[-80.49158,43.4732],[-80.48933,43.47299],[-80.48082,43.47394],[-80.47856,43.47348],[-80.47678,43.47258],[-80.47512,43.47064],[-80.47157,43.46407],[-80.47137,43.46282],[-80.47166,43.45858],[-80.47092,43.45651],[-80.46532,43.45129],[-80.46217,43.44768],[-80.45678,43.44319],[-80.45622,43.44091],[-80.45691,43.43786],[-80.45638,43.43661],[-80.45503,43.4357],[-80.44129,43.43107],[-80.43928,43.42987],[-80.43609,43.42694],[-80.43409,43.42574],[-80.42066,43.42195],[-80.4139,43.41897],[-80.40759,43.41548],[-80.39782,43.41273],[-80.39266,43.41073],[-80.39083,43.4095],[-80.39136,43.40898],[-80.39295,43.40939],[-80.39361,43.40969],[-80.3935,43.40985],[-80.39315,43.41035],[-80.39309,43.41038],[-80.39234,43.41016],[-80.39262,43.40963],[-80.39361,43.40969],[-80.39276,43.40925],[-80.39145,43.40886],[-80.38896,43.40906],[-80.38661,43.40833],[-80.37929,43.40385],[-80.37748,43.40322],[-80.37577,43.40315],[-80.37389,43.40359],[-80.36778,43.40643],[-80.35893,43.41165],[-80.35577,43.4128],[-80.35291,43.41331],[-80.33782,43.41366],[-80.33306,43.41349],[-80.32908,43.41272],[-80.32716,43.41299],[-80.32666,43.41282],[-80.3266,43.41279],[-80.3263,43.4126],[-80.32494,43.41172],[-80.32479,43.41159],[-80.32333,43.41182],[-80.32245,43.40904],[-80.32801,43.4081],[-80.32832,43.40991],[-80.32782,43.41173],[-80.32741,43.4122],[-80.32708,43.41246],[-80.3266,43.41279],[-80.32636,43.41295],[-80.326,43.4132],[-80.3248,43.4138],[-80.32057,43.41421],[-80.30322,43.41481],[-80.3001,43.41529],[-80.28651,43.41934],[-80.26844,43.42678],[-80.23884,43.43595],[-80.16685,43.44956],[-80.16297,43.44987],[-80.13654,43.44948],[-80.13241,43.45009],[-80.12716,43.45163],[-80.12419,43.4517],[-80.12319,43.45237],[-80.12405,43.45294],[-80.12435,43.45313],[-80.12558,43.45389],[-80.12567,43.45395],[-80.12614,43.45428],[-80.12695,43.45484],[-80.12914,43.45643],[-80.13247,43.45885],[-80.13326,43.45944],[-80.13373,43.45979],[-80.13318,43.46044],[-80.13468,43.4615],[-80.13539,43.46101],[-80.13409,43.45998],[-80.12695,43.45484],[-80.12567,43.45395],[-80.12558,43.45389],[-80.12455,43.45325],[-80.12435,43.45313],[-80.12405,43.45294],[-80.12365,43.45225],[-80.1242,43.45182],[-80.1253,43.45183],[-80.12562,43.45228],[-80.12538,43.45253],[-80.12468,43.45296],[-80.12435,43.45313],[-80.12408,43.45325],[-80.11698,43.45629],[-80.0639,43.47119],[-80.0594,43.47193],[-80.04051,43.4727],[-80.03714,43.47308],[-80.00587,43.48161],[-80.00258,43.48304],[-79.98217,43.49404],[-79.9792,43.49477],[-79.96645,43.49602],[-79.96272,43.49735],[-79.96013,43.49937],[-79.95272,43.5089],[-79.95036,43.51131],[-79.93064,43.52355],[-79.92744,43.52437],[-79.90789,43.52667],[-79.90562,43.52634],[-79.90442,43.52653],[-79.90408,43.52667],[-79.90372,43.52691],[-79.90335,43.52719],[-79.90294,43.5275],[-79.90371,43.52811],[-79.90413,43.52799],[-79.90335,43.52719],[-79.90277,43.52762],[-79.90263,43.52778],[-79.90211,43.5291],[-79.90083,43.52993],[-79.88687,43.53626],[-79.88235,43.53749],[-79.86907,43.5395],[-79.86586,43.54046],[-79.8627,43.54187],[-79.85901,43.54443],[-79.81596,43.583],[-79.81403,43.5844],[-79.81241,43.58502],[-79.81088,43.58512],[-79.80941,43.58481],[-79.80615,43.58291],[-79.79604,43.5755],[-79.79055,43.57185],[-79.78462,43.56714],[-79.77081,43.55705],[-79.76261,43.55191],[-79.75604,43.54626],[-79.74587,43.53884],[-79.73538,43.53293],[-79.73236,43.53044],[-79.72776,43.52906],[-79.72706,43.52872],[-79.72556,43.52791],[-79.72529,43.52776],[-79.72525,43.52773],[-79.72514,43.52768],[-79.72411,43.52679],[-79.7242,43.52634],[-79.72476,43.52601],[-79.72588,43.52628],[-79.72586,43.52709],[-79.72539,43.52766],[-79.72529,43.52776],[-79.72512,43.52795],[-79.72485,43.52828],[-79.71933,43.53419],[-79.71686,43.53669],[-79.71204,43.54062],[-79.70899,43.5413],[-79.70786,43.54206],[-79.70937,43.5432],[-79.70946,43.54325],[-79.70972,43.54346],[-79.71005,43.54369],[-79.71014,43.54376],[-79.71047,43.544],[-79.71121,43.54454],[-79.71221,43.54369],[-79.71122,43.54285],[-79.71396,43.54075],[-79.71211,43.54198],[-79.7122,43.54203],[-79.71183,43.54234],[-79.71059,43.54338],[-79.71023,43.54369],[-79.71014,43.54376],[-79.70953,43.54429],[-79.70839,43.54513],[-79.69998,43.55232],[-79.69933,43.55306],[-79.70018,43.55366],[-79.6988,43.5549],[-79.69483,43.55306],[-79.69476,43.55461],[-79.69446,43.55506],[-79.68413,43.56185],[-79.68055,43.56477],[-79.67794,43.56733],[-79.66996,43.57649],[-79.6623,43.58333],[-79.65927,43.58442],[-79.65789,43.58726],[-79.64911,43.59546],[-79.64766,43.59455]]}},{"type":"Feature","properties":{"route":"25","name":"Waterloo / Mississauga","dir":"1","shape":"447193","trips":20,"toronto":false},"geometry":{"type":"LineString","coordinates":[[-79.64752,43.59469],[-79.64911,43.59546],[-79.64642,43.59785],[-79.6451,43.59798],[-79.64394,43.59727],[-79.64314,43.59783],[-79.64172,43.59867],[-79.64164,43.59872],[-79.64116,43.59898],[-79.64043,43.59902],[-79.63982,43.59854],[-79.64018,43.59804],[-79.64109,43.5983],[-79.64164,43.59872],[-79.64169,43.59876],[-79.64281,43.59958],[-79.64458,43.60082],[-79.64465,43.60088],[-79.64489,43.60106],[-79.64519,43.60128],[-79.64545,43.60178],[-79.64527,43.60216],[-79.6445,43.60231],[-79.64401,43.60186],[-79.6441,43.60153],[-79.64444,43.6011],[-79.64465,43.60088],[-79.64471,43.60083],[-79.64475,43.60078],[-79.64496,43.60047],[-79.66908,43.57781],[-79.67815,43.56741],[-79.68071,43.56488],[-79.68469,43.56176],[-79.69384,43.55629],[-79.695,43.55588],[-79.69809,43.55562],[-79.70029,43.55377],[-79.69935,43.55291],[-79.70037,43.55223],[-79.70026,43.55216],[-79.7122,43.54203],[-79.7123,43.54209],[-79.71311,43.54128],[-79.71394,43.54097],[-79.71396,43.54075],[-79.7136,43.54081],[-79.71122,43.54285],[-79.71175,43.54319],[-79.71229,43.54357],[-79.71221,43.54369],[-79.71129,43.54445],[-79.71064,43.54362],[-79.71059,43.54342],[-79.71059,43.54338],[-79.7106,43.54317],[-79.71075,43.54282],[-79.7217,43.53267],[-79.72358,43.53125],[-79.72508,43.53061],[-79.72786,43.53043],[-79.7313,43.53148],[-79.74444,43.5383],[-79.7554,43.54618],[-79.76254,43.55226],[-79.77069,43.55736],[-79.78427,43.56729],[-79.78929,43.57137],[-79.79614,43.57597],[-79.80684,43.58386],[-79.80928,43.58622],[-79.81,43.5878],[-79.81013,43.58843],[-79.81014,43.58854],[-79.81017,43.58908],[-79.8099,43.59064],[-79.80927,43.59191],[-79.80717,43.59364],[-79.80636,43.59353],[-79.8059,43.593],[-79.80679,43.59152],[-79.80855,43.59002],[-79.80967,43.58895],[-79.81014,43.58854],[-79.81417,43.58491],[-79.81496,43.58423],[-79.85946,43.54431],[-79.86265,43.54213],[-79.86598,43.5406],[-79.86913,43.53966],[-79.88493,43.53705],[-79.88815,43.53592],[-79.90188,43.52983],[-79.90648,43.52958],[-79.90687,43.52908],[-79.90668,43.52893],[-79.90552,43.52803],[-79.90532,43.52789],[-79.90514,43.52773],[-79.90386,43.52682],[-79.90372,43.52691],[-79.90335,43.52719],[-79.90294,43.5275],[-79.90371,43.52811],[-79.90413,43.52799],[-79.90335,43.52719],[-79.90372,43.52691],[-79.90447,43.52743],[-79.90518,43.52795],[-79.90538,43.5281],[-79.90564,43.5283],[-79.90613,43.529],[-79.90543,43.52956],[-79.90431,43.52945],[-79.90411,43.52892],[-79.90509,43.52823],[-79.90538,43.5281],[-79.90552,43.52803],[-79.90572,43.52793],[-79.90649,43.52756],[-79.90681,43.52743],[-79.90944,43.52666],[-79.92754,43.52453],[-79.93096,43.52362],[-79.95024,43.51165],[-79.9527,43.50924],[-79.96036,43.49941],[-79.9629,43.49746],[-79.96701,43.49609],[-79.97972,43.49488],[-79.98215,43.49425],[-80.00274,43.48315],[-80.00595,43.48177],[-80.03742,43.47321],[-80.05898,43.47209],[-80.06378,43.47139],[-80.11593,43.45679],[-80.12172,43.45476],[-80.12602,43.45456],[-80.12701,43.45489],[-80.13373,43.45979],[-80.13318,43.46044],[-80.13468,43.4615],[-80.13539,43.46101],[-80.13409,43.45998],[-80.13393,43.45993],[-80.12695,43.45484],[-80.12558,43.45389],[-80.1244,43.45457],[-80.12347,43.45449],[-80.1233,43.45401],[-80.12977,43.45101],[-80.13563,43.44974],[-80.16291,43.45004],[-80.16705,43.44971],[-80.23894,43.4361],[-80.26942,43.42664],[-80.28709,43.41929],[-80.30029,43.41541],[-80.30318,43.41498],[-80.3208,43.41436],[-80.32428,43.41453],[-80.32664,43.41578],[-80.32799,43.41551],[-80.32802,43.4147],[-80.32803,43.41421],[-80.32803,43.41418],[-80.32803,43.41409],[-80.32804,43.41394],[-80.32806,43.41312],[-80.32807,43.4129],[-80.32799,43.41291],[-80.32792,43.41293],[-80.3278,43.41295],[-80.32757,43.413],[-80.32752,43.41302],[-80.32684,43.4129],[-80.32479,43.41159],[-80.32333,43.41182],[-80.32245,43.40904],[-80.32801,43.4081],[-80.32832,43.40991],[-80.32794,43.41277],[-80.32792,43.41293],[-80.3279,43.41328],[-80.32788,43.41395],[-80.32787,43.41413],[-80.32787,43.41419],[-80.32787,43.41424],[-80.32752,43.41536],[-80.32658,43.41562],[-80.32592,43.41517],[-80.32613,43.41452],[-80.32675,43.4143],[-80.32736,43.41422],[-80.32771,43.41419],[-80.32787,43.41419],[-80.32803,43.41418],[-80.32846,43.41411],[-80.35169,43.41369],[-80.35564,43.41317],[-80.35937,43.41186],[-80.36714,43.40725],[-80.36918,43.40638],[-80.37535,43.40417],[-80.37824,43.40399],[-80.38021,43.40469],[-80.38587,43.40821],[-80.39083,43.41025],[-80.39123,43.41047],[-80.39152,43.4106],[-80.39165,43.41066],[-80.39217,43.4109],[-80.39234,43.41099],[-80.39272,43.41131],[-80.39254,43.41197],[-80.39163,43.412],[-80.39135,43.41131],[-80.39162,43.4107],[-80.39182,43.4104],[-80.39192,43.41026],[-80.39261,43.40929],[-80.39361,43.40969],[-80.3935,43.40985],[-80.39315,43.41035],[-80.39309,43.41038],[-80.39238,43.41019],[-80.39268,43.40959],[-80.39361,43.40969],[-80.39252,43.40916],[-80.39222,43.40961],[-80.3918,43.41018],[-80.39152,43.4106],[-80.39116,43.41112],[-80.39066,43.4118],[-80.3908,43.41186],[-80.39212,43.41224],[-80.39481,43.41198],[-80.4059,43.41515],[-80.40907,43.41643],[-80.41397,43.41922],[-80.42086,43.42225],[-80.43407,43.42596],[-80.43636,43.42739],[-80.4387,43.42969],[-80.44038,43.43084],[-80.4506,43.43438],[-80.45551,43.43657],[-80.45614,43.43797],[-80.45573,43.4414],[-80.45671,43.44359],[-80.46223,43.44804],[-80.46493,43.45124],[-80.47076,43.45693],[-80.47128,43.45862],[-80.47098,43.46288],[-80.47119,43.46411],[-80.47533,43.47158],[-80.47741,43.47326],[-80.48,43.47407],[-80.4826,43.47413],[-80.49004,43.47321],[-80.49241,43.47366],[-80.49449,43.47464],[-80.496,43.47623],[-80.49976,43.48372],[-80.50055,43.48516],[-80.50112,43.486],[-80.50124,43.48624],[-80.50131,43.48637],[-80.50181,43.48714],[-80.50154,43.48801],[-80.5004,43.48814],[-80.49989,43.48782],[-80.49977,43.48732],[-80.50071,43.48646],[-80.50099,43.48634],[-80.50124,43.48624],[-80.50425,43.48498],[-80.50437,43.48494],[-80.50781,43.4835],[-80.50906,43.48299],[-80.51679,43.47913],[-80.53626,43.47206],[-80.53992,43.47698],[-80.54202,43.47623],[-80.54122,43.47525],[-80.5405,43.47505],[-80.54027,43.47451]]}},{"type":"Feature","properties":{"route":"27","name":"Milton / North York","dir":"0","shape":"447197","trips":12,"toronto":true},"geometry":{"type":"LineString","coordinates":[[-79.86727,43.5238],[-79.86652,43.52386],[-79.86417,43.52608],[-79.86248,43.52515],[-79.86078,43.52349],[-79.85091,43.51628],[-79.81986,43.54476],[-79.78633,43.57467],[-79.7825,43.57847],[-79.77133,43.58783],[-79.77077,43.58783],[-79.76367,43.58274],[-79.7581,43.5868],[-79.75657,43.58841],[-79.75601,43.58989],[-79.75594,43.59333],[-79.75608,43.59333],[-79.7561,43.59533],[-79.75602,43.59612],[-79.75545,43.59738],[-79.75451,43.5975],[-79.75513,43.5979],[-79.75531,43.59781],[-79.75594,43.59637],[-79.75602,43.59612],[-79.75605,43.59588],[-79.7561,43.59533],[-79.75091,43.59488],[-79.74323,43.59083],[-79.74106,43.59015],[-79.73878,43.59694],[-79.73879,43.59836],[-79.74023,43.60139],[-79.75041,43.60889],[-79.74953,43.60925],[-79.7481,43.60916],[-79.74758,43.61019],[-79.74923,43.61168],[-79.75113,43.61437],[-79.75297,43.61383],[-79.75414,43.61311],[-79.75435,43.61328],[-79.75435,43.61328],[-79.75435,43.61328],[-79.75435,43.61328],[-79.75414,43.61311],[-79.75472,43.61271],[-79.75545,43.61266],[-79.76023,43.61639],[-79.76062,43.61713],[-79.76042,43.61793],[-79.75705,43.62152],[-79.74944,43.62858],[-79.74181,43.63703],[-79.73423,43.64279],[-79.72387,43.6483],[-79.7188,43.65161],[-79.70924,43.65955],[-79.70037,43.66823],[-79.69798,43.67113],[-79.69518,43.67549],[-79.69389,43.67853],[-79.69156,43.68596],[-79.68953,43.69019],[-79.67629,43.71094],[-79.67529,43.71453],[-79.67481,43.72326],[-79.67415,43.72544],[-79.67322,43.72711],[-79.67155,43.72907],[-79.66916,43.73089],[-79.65023,43.74253],[-79.63838,43.75213],[-79.63433,43.7538],[-79.60918,43.75977],[-79.60157,43.76197],[-79.58493,43.76794],[-79.5653,43.77594],[-79.55875,43.77822],[-79.55255,43.77976],[-79.54564,43.78086],[-79.54332,43.78105],[-79.54045,43.78075],[-79.53883,43.78],[-79.53761,43.77871],[-79.53451,43.76991],[-79.52306,43.72211],[-79.51902,43.71646],[-79.51798,43.71588],[-79.51672,43.71586],[-79.50933,43.71728],[-79.50165,43.71751],[-79.49688,43.7189],[-79.48657,43.72107],[-79.48376,43.72148],[-79.48145,43.72111],[-79.48083,43.72125],[-79.48078,43.72212],[-79.47612,43.72362],[-79.4636,43.72644],[-79.46053,43.72686],[-79.45769,43.72667],[-79.45553,43.72789],[-79.45215,43.72863],[-79.44932,43.72744],[-79.44872,43.72606],[-79.44876,43.72598],[-79.44863,43.72566],[-79.4486,43.72557],[-79.44845,43.72521],[-79.44846,43.72498],[-79.44929,43.7248],[-79.44945,43.72532],[-79.44863,43.72566],[-79.44714,43.72582],[-79.44671,43.72609],[-79.44667,43.72662],[-79.44756,43.72758],[-79.4456,43.72942],[-79.44174,43.7307],[-79.42603,43.74024],[-79.41798,43.74544],[-79.41373,43.74955],[-79.41145,43.75109],[-79.40726,43.75312],[-79.40669,43.75394],[-79.40682,43.75481],[-79.40746,43.75543],[-79.40922,43.75617],[-79.40968,43.75693],[-79.41591,43.78196]]}},{"type":"Feature","properties":{"route":"27","name":"Milton / North York","dir":"1","shape":"447196","trips":12,"toronto":true},"geometry":{"type":"LineString","coordinates":[[-79.41512,43.78218],[-79.41441,43.78242],[-79.41422,43.78208],[-79.41608,43.78163],[-79.416,43.78085],[-79.40928,43.75488],[-79.40937,43.75366],[-79.41093,43.7522],[-79.41551,43.74918],[-79.41872,43.74563],[-79.43717,43.73433],[-79.44045,43.73266],[-79.44291,43.73217],[-79.44634,43.73091],[-79.44663,43.73084],[-79.44692,43.73077],[-79.44917,43.7303],[-79.44935,43.73026],[-79.44953,43.73021],[-79.4497,43.73017],[-79.44997,43.73014],[-79.45053,43.73038],[-79.45045,43.73082],[-79.44982,43.73092],[-79.44939,43.73055],[-79.44935,43.73033],[-79.44935,43.73026],[-79.44933,43.73013],[-79.44929,43.72992],[-79.44927,43.72972],[-79.44894,43.72795],[-79.44945,43.72756],[-79.44917,43.72718],[-79.44872,43.72606],[-79.44876,43.72598],[-79.44863,43.72566],[-79.4486,43.72557],[-79.44845,43.72521],[-79.44846,43.72498],[-79.44929,43.7248],[-79.44935,43.72544],[-79.44863,43.72566],[-79.44714,43.72582],[-79.44661,43.72635],[-79.4478,43.7278],[-79.44661,43.72919],[-79.44636,43.73018],[-79.44651,43.73063],[-79.44663,43.73084],[-79.4467,43.73093],[-79.44811,43.73167],[-79.45017,43.73141],[-79.45716,43.72846],[-79.47549,43.72436],[-79.47835,43.72388],[-79.48042,43.72453],[-79.4817,43.72438],[-79.48174,43.7234],[-79.48233,43.72295],[-79.48747,43.72142],[-79.49299,43.72023],[-79.4981,43.71994],[-79.50353,43.71854],[-79.51268,43.71742],[-79.51589,43.71748],[-79.52,43.71906],[-79.52219,43.72136],[-79.52322,43.72384],[-79.53408,43.76965],[-79.53558,43.7809],[-79.53675,43.7824],[-79.539,43.78326],[-79.54143,43.78311],[-79.56251,43.77742],[-79.58463,43.7684],[-79.60259,43.76202],[-79.60992,43.75995],[-79.63437,43.75413],[-79.63856,43.75243],[-79.65011,43.74302],[-79.66961,43.73107],[-79.67192,43.72924],[-79.67328,43.72771],[-79.67439,43.72591],[-79.6752,43.72352],[-79.67571,43.7147],[-79.67674,43.71094],[-79.6906,43.68917],[-79.69203,43.68595],[-79.6945,43.67819],[-79.69648,43.67418],[-79.69876,43.6709],[-79.70239,43.66665],[-79.71072,43.65877],[-79.71993,43.65122],[-79.72414,43.64852],[-79.73459,43.64299],[-79.74165,43.63768],[-79.7443,43.63507],[-79.75015,43.62833],[-79.75785,43.62127],[-79.76016,43.6197],[-79.76301,43.61959],[-79.76405,43.61895],[-79.75519,43.61222],[-79.75313,43.61375],[-79.75113,43.61437],[-79.74882,43.61104],[-79.74758,43.61019],[-79.74831,43.6085],[-79.74886,43.6081],[-79.74909,43.60788],[-79.74919,43.6078],[-79.74944,43.60759],[-79.75001,43.60703],[-79.75154,43.6079],[-79.75059,43.60878],[-79.74919,43.6078],[-79.74848,43.60724],[-79.74742,43.60627],[-79.74123,43.60186],[-79.73972,43.59999],[-79.7391,43.59844],[-79.73904,43.59647],[-79.74111,43.59059],[-79.74186,43.59037],[-79.74291,43.59068],[-79.75112,43.59495],[-79.7561,43.59533],[-79.75545,43.59738],[-79.75451,43.5975],[-79.75513,43.5979],[-79.75534,43.59775],[-79.75602,43.59612],[-79.7561,43.59533],[-79.75607,43.59276],[-79.75616,43.59276],[-79.75601,43.59021],[-79.75657,43.58841],[-79.75769,43.58716],[-79.76365,43.58288],[-79.77115,43.5882],[-79.77639,43.58407],[-79.78019,43.58033],[-79.7845,43.57681],[-79.85102,43.51636],[-79.86062,43.52344],[-79.86227,43.52522],[-79.86337,43.52588],[-79.86407,43.52619],[-79.86653,43.52408],[-79.86803,43.52435],[-79.86727,43.5238]]}},{"type":"Feature","properties":{"route":"29","name":"Guelph / Mississauga","dir":"0","shape":"447204","trips":15,"toronto":true},"geometry":{"type":"LineString","coordinates":[[-80.24649,43.54488],[-80.24559,43.54559],[-80.24579,43.54598],[-80.25042,43.54363],[-80.2487,43.54216],[-80.24355,43.54023],[-80.24272,43.53936],[-80.22652,43.52771],[-80.22553,43.52842],[-80.22427,43.52941],[-80.22547,43.5303],[-80.22594,43.52998],[-80.22472,43.52908],[-80.22652,43.52771],[-80.22592,43.52719],[-80.22427,43.52638],[-80.21749,43.52442],[-80.20827,43.51993],[-80.19843,43.51298],[-80.1965,43.51097],[-80.19434,43.50491],[-80.19159,43.50206],[-80.16069,43.4796],[-80.15403,43.47379],[-80.14986,43.47173],[-80.15002,43.47154],[-80.15002,43.47154],[-80.15002,43.47154],[-80.15002,43.47154],[-80.14986,43.47173],[-80.14474,43.46926],[-80.14149,43.46636],[-80.14176,43.4662],[-80.14176,43.4662],[-80.14176,43.4662],[-80.14176,43.4662],[-80.14149,43.46636],[-80.13539,43.46101],[-80.13468,43.4615],[-80.13446,43.46085],[-80.13353,43.46038],[-80.1337,43.4609],[-80.13468,43.4615],[-80.13527,43.4611],[-80.13539,43.46101],[-80.13409,43.45998],[-80.12695,43.45484],[-80.12558,43.45389],[-80.12435,43.45313],[-80.12405,43.45294],[-80.12365,43.45225],[-80.12434,43.4518],[-80.1253,43.45183],[-80.12562,43.45228],[-80.12538,43.45253],[-80.12468,43.45296],[-80.12435,43.45313],[-80.12408,43.45325],[-80.11698,43.45629],[-80.0639,43.47119],[-80.0594,43.47193],[-80.04051,43.4727],[-80.03714,43.47308],[-80.00741,43.48113],[-80.00258,43.48304],[-79.98217,43.49404],[-79.9792,43.49477],[-79.96694,43.49594],[-79.96392,43.49677],[-79.96204,43.49775],[-79.96031,43.49918],[-79.95272,43.5089],[-79.95036,43.51131],[-79.9312,43.52331],[-79.92673,43.52446],[-79.90789,43.52667],[-79.90562,43.52634],[-79.90442,43.52653],[-79.90408,43.52667],[-79.90372,43.52691],[-79.90335,43.52719],[-79.90294,43.5275],[-79.90371,43.52811],[-79.90413,43.52799],[-79.90335,43.52719],[-79.90277,43.52762],[-79.90263,43.52778],[-79.90211,43.5291],[-79.90083,43.52993],[-79.88687,43.53626],[-79.88235,43.53749],[-79.86907,43.5395],[-79.86548,43.5406],[-79.86245,43.54201],[-79.85901,43.54443],[-79.81596,43.583],[-79.81403,43.5844],[-79.81241,43.58502],[-79.81088,43.58512],[-79.80941,43.58481],[-79.80615,43.58291],[-79.79604,43.5755],[-79.79055,43.57185],[-79.78462,43.56714],[-79.77081,43.55705],[-79.76261,43.55191],[-79.75604,43.54626],[-79.74587,43.53884],[-79.73538,43.53293],[-79.73236,43.53044],[-79.72776,43.52906],[-79.72706,43.52872],[-79.72556,43.52791],[-79.72529,43.52776],[-79.72525,43.52773],[-79.72514,43.52768],[-79.72412,43.52685],[-79.72418,43.52638],[-79.72468,43.52604],[-79.72582,43.52623],[-79.72586,43.52709],[-79.72539,43.52766],[-79.72529,43.52776],[-79.72512,43.52795],[-79.72485,43.52828],[-79.71933,43.53419],[-79.71686,43.53669],[-79.71204,43.54062],[-79.70899,43.5413],[-79.70786,43.54206],[-79.70937,43.5432],[-79.70946,43.54325],[-79.70972,43.54346],[-79.71005,43.54369],[-79.71014,43.54376],[-79.71047,43.544],[-79.71121,43.54454],[-79.71221,43.54369],[-79.71122,43.54285],[-79.71396,43.54075],[-79.71211,43.54198],[-79.7122,43.54203],[-79.71183,43.54234],[-79.71059,43.54338],[-79.71023,43.54369],[-79.71014,43.54376],[-79.70953,43.54429],[-79.70839,43.54513],[-79.69998,43.55232],[-79.69933,43.55306],[-79.70018,43.55366],[-79.6988,43.5549],[-79.69483,43.55306],[-79.69476,43.55461],[-79.69446,43.55506],[-79.68413,43.56185],[-79.68055,43.56477],[-79.67794,43.56733],[-79.66996,43.57649],[-79.6623,43.58333],[-79.65927,43.58442],[-79.65789,43.58726],[-79.64911,43.59546],[-79.6471,43.59431],[-79.64394,43.59727],[-79.64154,43.59877],[-79.64231,43.59934],[-79.64281,43.60021],[-79.64222,43.60181],[-79.6385,43.60569],[-79.6312,43.61223],[-79.62983,43.61548],[-79.61694,43.6282],[-79.60885,43.63476],[-79.60688,43.63575],[-79.60681,43.63656],[-79.60724,43.63713],[-79.61376,43.64118],[-79.61384,43.64239],[-79.6087,43.6466],[-79.60621,43.64937],[-79.59326,43.66104],[-79.59169,43.66287],[-79.58874,43.66529],[-79.58781,43.66677],[-79.58655,43.66701],[-79.58553,43.66904],[-79.58095,43.67032],[-79.57428,43.67113],[-79.5738,43.67071],[-79.57357,43.66993],[-79.57391,43.66788],[-79.5737,43.66676],[-79.57039,43.65888],[-79.56635,43.65104],[-79.56129,43.63953],[-79.56016,43.63388],[-79.55844,43.63025],[-79.55849,43.62969],[-79.55929,43.62864],[-79.55913,43.62812],[-79.55736,43.62832],[-79.54669,43.63113],[-79.54344,43.63283],[-79.53999,43.63609],[-79.53921,43.63523],[-79.53844,43.63569]]}},{"type":"Feature","properties":{"route":"29","name":"Guelph / Mississauga","dir":"1","shape":"447205","trips":16,"toronto":true},"geometry":{"type":"LineString","coordinates":[[-79.53844,43.63569],[-79.53788,43.63627],[-79.53753,43.63613],[-79.53901,43.63486],[-79.53949,43.63578],[-79.54013,43.63615],[-79.54329,43.63295],[-79.54669,43.63113],[-79.55453,43.62946],[-79.55618,43.62957],[-79.55846,43.63373],[-79.5649,43.64975],[-79.57027,43.66123],[-79.57299,43.66782],[-79.57329,43.66958],[-79.57318,43.66989],[-79.57288,43.67137],[-79.57285,43.67148],[-79.57271,43.67202],[-79.57218,43.67245],[-79.57145,43.67212],[-79.57131,43.6719],[-79.57258,43.67152],[-79.57285,43.67148],[-79.57511,43.67108],[-79.57741,43.6707],[-79.58096,43.67042],[-79.5854,43.66934],[-79.58693,43.66846],[-79.58821,43.66596],[-79.58913,43.66491],[-79.59146,43.66319],[-79.59326,43.66104],[-79.60621,43.64937],[-79.6087,43.6466],[-79.61388,43.64233],[-79.61394,43.64153],[-79.61365,43.64108],[-79.60724,43.63713],[-79.60681,43.63656],[-79.60688,43.63575],[-79.60885,43.63476],[-79.61694,43.6282],[-79.62983,43.61548],[-79.6312,43.61223],[-79.6385,43.60569],[-79.64222,43.60181],[-79.64281,43.60021],[-79.64164,43.59884],[-79.64173,43.59879],[-79.64192,43.59868],[-79.64234,43.59845],[-79.64311,43.598],[-79.64387,43.59749],[-79.64405,43.59735],[-79.64419,43.59723],[-79.64427,43.59718],[-79.6471,43.59431],[-79.64911,43.59546],[-79.64621,43.59793],[-79.6451,43.59798],[-79.64467,43.5978],[-79.64446,43.59766],[-79.64422,43.59748],[-79.64405,43.59735],[-79.64399,43.59731],[-79.64394,43.59727],[-79.64172,43.59867],[-79.64164,43.59872],[-79.64116,43.59898],[-79.64078,43.59907],[-79.63991,43.59868],[-79.63992,43.59819],[-79.64079,43.59813],[-79.64109,43.5983],[-79.64164,43.59872],[-79.64169,43.59876],[-79.64173,43.59879],[-79.6419,43.59891],[-79.64203,43.599],[-79.64234,43.59922],[-79.64281,43.59958],[-79.64458,43.60082],[-79.64465,43.60088],[-79.64489,43.60106],[-79.64519,43.60128],[-79.64539,43.6016],[-79.64527,43.60216],[-79.6445,43.60231],[-79.64401,43.60186],[-79.6441,43.60153],[-79.64444,43.6011],[-79.64465,43.60088],[-79.64471,43.60083],[-79.64475,43.60078],[-79.64496,43.60047],[-79.66908,43.57781],[-79.67815,43.56741],[-79.68071,43.56488],[-79.68469,43.56176],[-79.69384,43.55629],[-79.695,43.55588],[-79.69809,43.55562],[-79.70029,43.55377],[-79.69935,43.55291],[-79.70037,43.55223],[-79.70026,43.55216],[-79.7122,43.54203],[-79.7123,43.54209],[-79.71311,43.54128],[-79.71394,43.54097],[-79.71396,43.54075],[-79.7136,43.54081],[-79.71122,43.54285],[-79.71175,43.54319],[-79.71229,43.54357],[-79.71221,43.54369],[-79.71129,43.54445],[-79.71064,43.54362],[-79.71059,43.54342],[-79.71059,43.54338],[-79.7106,43.54317],[-79.71075,43.54282],[-79.7217,43.53267],[-79.7244,43.53084],[-79.72749,43.53039],[-79.73077,43.53127],[-79.73561,43.5335],[-79.74444,43.5383],[-79.7554,43.54618],[-79.76254,43.55226],[-79.77069,43.55736],[-79.78427,43.56729],[-79.78929,43.57137],[-79.79614,43.57597],[-79.80625,43.58341],[-79.80892,43.58573],[-79.80982,43.58726],[-79.81014,43.58854],[-79.81002,43.59023],[-79.80935,43.59177],[-79.80876,43.59257],[-79.80717,43.59364],[-79.80636,43.59353],[-79.8059,43.593],[-79.80679,43.59152],[-79.80855,43.59002],[-79.80967,43.58895],[-79.81014,43.58854],[-79.81417,43.58491],[-79.81496,43.58423],[-79.85854,43.54513],[-79.86164,43.54272],[-79.86517,43.54091],[-79.86886,43.53972],[-79.8821,43.53768],[-79.88548,43.53689],[-79.90188,43.52983],[-79.90648,43.52958],[-79.90687,43.52908],[-79.90668,43.52893],[-79.90552,43.52803],[-79.90532,43.52789],[-79.90514,43.52773],[-79.90386,43.52682],[-79.90372,43.52691],[-79.90335,43.52719],[-79.90294,43.5275],[-79.90371,43.52811],[-79.90413,43.52799],[-79.90335,43.52719],[-79.90372,43.52691],[-79.90447,43.52743],[-79.90518,43.52795],[-79.90538,43.5281],[-79.90564,43.5283],[-79.90613,43.529],[-79.90543,43.52956],[-79.90431,43.52945],[-79.90411,43.52892],[-79.90509,43.52823],[-79.90538,43.5281],[-79.90552,43.52803],[-79.90572,43.52793],[-79.90649,43.52756],[-79.90838,43.52691],[-79.92754,43.52453],[-79.93137,43.52344],[-79.95024,43.51165],[-79.9527,43.50924],[-79.96036,43.49941],[-79.9636,43.49711],[-79.96701,43.49609],[-79.97972,43.49488],[-79.98185,43.49435],[-80.00494,43.48215],[-80.03505,43.47372],[-80.03999,43.4729],[-80.05898,43.47209],[-80.06321,43.47152],[-80.11593,43.45679],[-80.12172,43.45476],[-80.12602,43.45456],[-80.12701,43.45489],[-80.13373,43.45979],[-80.13316,43.46037],[-80.1337,43.4609],[-80.13468,43.4615],[-80.13527,43.4611],[-80.13685,43.4623],[-80.14474,43.46926],[-80.15398,43.4739],[-80.16069,43.4796],[-80.19178,43.50242],[-80.19388,43.50472],[-80.19691,43.51161],[-80.1997,43.5139],[-80.1995,43.51403],[-80.1995,43.51403],[-80.1995,43.51403],[-80.1995,43.51403],[-80.1997,43.5139],[-80.20334,43.51653],[-80.20312,43.51668],[-80.20312,43.51668],[-80.20312,43.51668],[-80.20312,43.51668],[-80.20334,43.51653],[-80.20781,43.51968],[-80.21312,43.52246],[-80.21784,43.52455],[-80.22507,43.52686],[-80.22643,43.52779],[-80.22553,43.52842],[-80.22427,43.52941],[-80.22547,43.5303],[-80.22594,43.52998],[-80.22472,43.52908],[-80.22643,43.52779],[-80.24206,43.53888],[-80.24366,43.5404],[-80.24859,43.5421],[-80.25042,43.54363],[-80.24811,43.54481],[-80.24768,43.54435],[-80.24649,43.54488]]}},{"type":"Feature","properties":{"route":"30","name":"Kitchener / Vaughan","dir":"0","shape":"447212","trips":18,"toronto":false},"geometry":{"type":"LineString","coordinates":[[-80.53918,43.47457],[-80.5384,43.47491],[-80.53626,43.47206],[-80.51981,43.47802],[-80.51534,43.47262],[-80.51283,43.47025],[-80.51088,43.46858],[-80.50164,43.46306],[-80.4962,43.45833],[-80.49378,43.45481],[-80.49201,43.45539],[-80.49177,43.45549],[-80.49193,43.45574],[-80.49378,43.45481],[-80.49332,43.45449],[-80.47492,43.44627],[-80.47253,43.44628],[-80.46759,43.4443],[-80.46241,43.43968],[-80.45844,43.4382],[-80.4589,43.43683],[-80.44129,43.43107],[-80.43928,43.42987],[-80.43609,43.42694],[-80.43409,43.42574],[-80.42066,43.42195],[-80.4139,43.41897],[-80.40726,43.41534],[-80.39821,43.41286],[-80.38725,43.40861],[-80.37929,43.40385],[-80.37653,43.40312],[-80.37466,43.40333],[-80.37301,43.40399],[-80.36778,43.40643],[-80.35893,43.41165],[-80.35493,43.41299],[-80.35165,43.41338],[-80.33142,43.41382],[-80.30105,43.41507],[-80.28651,43.41934],[-80.26844,43.42678],[-80.23995,43.4357],[-80.1663,43.44964],[-80.16265,43.44987],[-80.13817,43.4494],[-80.13312,43.44994],[-80.12815,43.45141],[-80.11677,43.45636],[-80.0639,43.47119],[-80.0594,43.47193],[-80.04051,43.4727],[-80.03714,43.47308],[-80.00682,43.4813],[-80.00258,43.48304],[-79.98217,43.49404],[-79.9792,43.49477],[-79.96645,43.49602],[-79.96272,43.49735],[-79.96013,43.49937],[-79.95272,43.5089],[-79.95036,43.51131],[-79.93064,43.52355],[-79.92744,43.52437],[-79.90835,43.52672],[-79.88622,43.53649],[-79.88235,43.53749],[-79.86907,43.5395],[-79.86548,43.5406],[-79.86245,43.54201],[-79.85901,43.54443],[-79.80281,43.59481],[-79.7981,43.59782],[-79.79471,43.5991],[-79.79019,43.60004],[-79.75605,43.60268],[-79.74834,43.60416],[-79.74594,43.60394],[-79.74509,43.60429],[-79.74474,43.60455],[-79.75041,43.60889],[-79.74953,43.60925],[-79.7481,43.60916],[-79.74764,43.60985],[-79.74758,43.61019],[-79.74933,43.6118],[-79.75175,43.61044],[-79.75244,43.61041],[-79.7593,43.61542],[-79.76056,43.61689],[-79.76042,43.61793],[-79.75705,43.62152],[-79.74944,43.62858],[-79.74181,43.63703],[-79.73423,43.64279],[-79.72387,43.6483],[-79.7188,43.65161],[-79.70924,43.65955],[-79.70037,43.66823],[-79.69798,43.67113],[-79.69518,43.67549],[-79.69182,43.68425],[-79.68927,43.68634],[-79.70048,43.6947],[-79.70086,43.69537],[-79.69647,43.69892],[-79.69293,43.70255],[-79.6926,43.70235],[-79.6932,43.70155],[-79.69298,43.70157],[-79.69229,43.70172],[-79.69207,43.70178],[-79.68935,43.70234],[-79.68841,43.70247],[-79.68818,43.7026],[-79.68829,43.7027],[-79.68905,43.70239],[-79.68935,43.70234],[-79.69008,43.70219],[-79.69011,43.70227],[-79.69207,43.70178],[-79.6926,43.70235],[-79.69322,43.70156],[-79.6932,43.70155],[-79.69316,43.70155],[-79.69298,43.70157],[-79.69207,43.70178],[-79.68935,43.70234],[-79.68911,43.70238],[-79.68822,43.70311],[-79.68411,43.70008],[-79.68346,43.69959],[-79.6834,43.69954],[-79.68306,43.69929],[-79.6826,43.69879],[-79.68264,43.69835],[-79.68323,43.69818],[-79.68371,43.6985],[-79.68371,43.69887],[-79.68359,43.69915],[-79.6834,43.69954],[-79.68332,43.69966],[-79.68317,43.70002],[-79.67706,43.70949],[-79.67583,43.71211],[-79.67529,43.71453],[-79.67481,43.72326],[-79.67399,43.72579],[-79.67267,43.72783],[-79.67135,43.72926],[-79.66916,43.73089],[-79.65023,43.74253],[-79.63859,43.75201],[-79.63433,43.7538],[-79.60918,43.75977],[-79.60157,43.76197],[-79.58387,43.76835],[-79.56296,43.77684],[-79.55669,43.7788],[-79.53163,43.78397],[-79.52413,43.78422],[-79.52263,43.78454],[-79.5223,43.78388],[-79.52314,43.78366],[-79.5234,43.78305]]}},{"type":"Feature","properties":{"route":"30","name":"Kitchener / Vaughan","dir":"1","shape":"447213","trips":20,"toronto":false},"geometry":{"type":"LineString","coordinates":[[-79.52445,43.78308],[-79.52569,43.78292],[-79.52365,43.78343],[-79.52266,43.78196],[-79.52148,43.78227],[-79.52357,43.78691],[-79.52723,43.78642],[-79.5305,43.78496],[-79.53409,43.78399],[-79.55856,43.77868],[-79.56508,43.77644],[-79.58463,43.7684],[-79.60185,43.76226],[-79.60916,43.76014],[-79.63468,43.75405],[-79.63887,43.75225],[-79.65011,43.74302],[-79.6694,43.7312],[-79.67258,43.72857],[-79.67413,43.7264],[-79.67513,43.72386],[-79.67571,43.7147],[-79.67642,43.71176],[-79.67899,43.70722],[-79.68246,43.70245],[-79.68522,43.70102],[-79.68812,43.70318],[-79.68911,43.70238],[-79.69207,43.70178],[-79.69307,43.70262],[-79.69635,43.69924],[-79.70129,43.69512],[-79.69286,43.68867],[-79.69227,43.68794],[-79.6921,43.68712],[-79.69365,43.68074],[-79.69532,43.67631],[-79.69792,43.67201],[-79.70239,43.66665],[-79.71072,43.65877],[-79.71993,43.65122],[-79.72414,43.64852],[-79.73459,43.64299],[-79.74165,43.63768],[-79.7443,43.63507],[-79.75015,43.62833],[-79.75785,43.62127],[-79.76016,43.6197],[-79.76301,43.61959],[-79.76405,43.61895],[-79.75213,43.60993],[-79.74923,43.61168],[-79.74882,43.61104],[-79.74758,43.61019],[-79.7482,43.60864],[-79.74831,43.6085],[-79.74886,43.6081],[-79.74909,43.60788],[-79.74919,43.6078],[-79.74944,43.60759],[-79.75001,43.60703],[-79.75154,43.6079],[-79.75059,43.60878],[-79.74919,43.6078],[-79.74896,43.60762],[-79.74784,43.60625],[-79.74844,43.60513],[-79.75171,43.60383],[-79.75597,43.60286],[-79.79056,43.60018],[-79.79468,43.59928],[-79.79866,43.59776],[-79.80299,43.5949],[-79.85946,43.54431],[-79.86304,43.54192],[-79.86633,43.54048],[-79.86977,43.53952],[-79.8821,43.53768],[-79.88602,43.53672],[-79.90803,43.52699],[-79.92754,43.52453],[-79.93096,43.52362],[-79.95024,43.51165],[-79.9527,43.50924],[-79.96036,43.49941],[-79.9629,43.49746],[-79.96701,43.49609],[-79.97972,43.49488],[-79.98215,43.49425],[-80.00274,43.48315],[-80.00707,43.48141],[-80.03742,43.47321],[-80.05898,43.47209],[-80.06378,43.47139],[-80.11649,43.45663],[-80.12828,43.45156],[-80.133,43.45014],[-80.13805,43.44958],[-80.16479,43.44996],[-80.18154,43.44701],[-80.24061,43.43571],[-80.26942,43.42664],[-80.28709,43.41929],[-80.30087,43.41528],[-80.30343,43.41497],[-80.32973,43.41406],[-80.35365,43.41354],[-80.35888,43.41209],[-80.36714,43.40725],[-80.36918,43.40638],[-80.37515,43.40424],[-80.37706,43.4039],[-80.37973,43.40443],[-80.38587,43.40821],[-80.39393,43.41147],[-80.39893,43.41334],[-80.4076,43.41574],[-80.41311,43.4188],[-80.42052,43.42212],[-80.43384,43.42586],[-80.43636,43.42739],[-80.43967,43.43042],[-80.4413,43.43128],[-80.45815,43.43674],[-80.4587,43.43716],[-80.45844,43.4382],[-80.46241,43.43968],[-80.46761,43.44441],[-80.4727,43.44632],[-80.47492,43.44627],[-80.49332,43.45449],[-80.49378,43.45481],[-80.49201,43.45539],[-80.49177,43.45549],[-80.49193,43.45574],[-80.49378,43.45481],[-80.4962,43.45833],[-80.50164,43.46306],[-80.51024,43.46818],[-80.51215,43.46967],[-80.51512,43.47237],[-80.51981,43.47802],[-80.53626,43.47206],[-80.53992,43.47698],[-80.54202,43.47623],[-80.54122,43.47525],[-80.5405,43.47505],[-80.54027,43.47451]]}},{"type":"Feature","properties":{"route":"31","name":"Guelph / Toronto","dir":"0","shape":"447234","trips":3,"toronto":true},"geometry":{"type":"LineString","coordinates":[[-79.91828,43.6561],[-79.9175,43.65631],[-79.91493,43.65883],[-79.90364,43.6503],[-79.87114,43.64854],[-79.86878,43.64793],[-79.86518,43.64591],[-79.85754,43.64696],[-79.84964,43.64857],[-79.84656,43.65054],[-79.83638,43.66],[-79.83295,43.66391],[-79.82394,43.67207],[-79.82223,43.67312],[-79.82311,43.67435],[-79.82168,43.67483],[-79.82212,43.67501],[-79.82307,43.67455],[-79.82314,43.67436],[-79.82298,43.67382],[-79.82235,43.67307],[-79.82223,43.67312],[-79.822,43.6732],[-79.82118,43.67355],[-79.81965,43.67415],[-79.81933,43.67429],[-79.81766,43.67543],[-79.81669,43.67661],[-79.81547,43.67946],[-79.81438,43.68079],[-79.80268,43.69154],[-79.79332,43.69955],[-79.78798,43.70477],[-79.78683,43.70551],[-79.76164,43.68715],[-79.76171,43.68709],[-79.76201,43.68682],[-79.76207,43.68677],[-79.76256,43.6863],[-79.76328,43.6868],[-79.76182,43.68719],[-79.76256,43.6863],[-79.76147,43.68546],[-79.75905,43.68402],[-79.7583,43.68469],[-79.73322,43.66582],[-79.7221,43.67607],[-79.72186,43.67592],[-79.72186,43.67592],[-79.72186,43.67592],[-79.72186,43.67592],[-79.7221,43.67607],[-79.70153,43.6948],[-79.69617,43.6992],[-79.69293,43.70255],[-79.6926,43.70235],[-79.6932,43.70155],[-79.69298,43.70157],[-79.69229,43.70172],[-79.69207,43.70178],[-79.68935,43.70234],[-79.68841,43.70247],[-79.68818,43.7026],[-79.68829,43.7027],[-79.68905,43.70239],[-79.68935,43.70234],[-79.69008,43.70219],[-79.69011,43.70227],[-79.69207,43.70178],[-79.6926,43.70235],[-79.69322,43.70156],[-79.6932,43.70155],[-79.69316,43.70155],[-79.69298,43.70157],[-79.69207,43.70178],[-79.68935,43.70234],[-79.68911,43.70238],[-79.68822,43.70311],[-79.66347,43.68474],[-79.64235,43.70357],[-79.64059,43.70576],[-79.63933,43.70668],[-79.63796,43.70589],[-79.63783,43.70515],[-79.63725,43.70522],[-79.63743,43.70558],[-79.63779,43.70579],[-79.63796,43.70589],[-79.63812,43.70598],[-79.63848,43.70616],[-79.63892,43.70641],[-79.63933,43.70668],[-79.63028,43.71474],[-79.62786,43.71599],[-79.62119,43.71776],[-79.62017,43.71728],[-79.61754,43.71355],[-79.60614,43.69512],[-79.60285,43.68898],[-79.60079,43.68584],[-79.59922,43.68436],[-79.59496,43.68209],[-79.59367,43.6807],[-79.59315,43.67956],[-79.59213,43.67437],[-79.59068,43.67225],[-79.58862,43.67065],[-79.58633,43.66998],[-79.58459,43.67003],[-79.57995,43.67105],[-79.57762,43.67092],[-79.57578,43.67009],[-79.57379,43.66796],[-79.56934,43.65763],[-79.56344,43.64554],[-79.56142,43.64072],[-79.55711,43.62864],[-79.55132,43.61495],[-79.55073,43.61421],[-79.54961,43.61362],[-79.54689,43.61362],[-79.50505,43.62192],[-79.48274,43.62715],[-79.48046,43.62811],[-79.4754,43.63193],[-79.46895,43.63558],[-79.46426,43.63749],[-79.46024,43.6385],[-79.45478,43.63888],[-79.44828,43.6381],[-79.44417,43.63691],[-79.43476,43.63293],[-79.43119,43.63241],[-79.42892,43.63277],[-79.41234,43.63728],[-79.40265,43.63791],[-79.39701,43.63787],[-79.38436,43.63991],[-79.37655,43.6424],[-79.37552,43.64317],[-79.37584,43.64439],[-79.37713,43.64371],[-79.37716,43.64395]]}},{"type":"Feature","properties":{"route":"31","name":"Guelph / Toronto","dir":"1","shape":"447224","trips":3,"toronto":true},"geometry":{"type":"LineString","coordinates":[[-79.76285,43.68694],[-79.76171,43.68709],[-79.76223,43.68661],[-79.76271,43.68686],[-79.76304,43.68664],[-79.76256,43.6863],[-79.76164,43.68715],[-79.78689,43.70593],[-79.79341,43.69971],[-79.80311,43.69141],[-79.81414,43.68134],[-79.81573,43.67938],[-79.81692,43.67667],[-79.81813,43.67528],[-79.82201,43.67336],[-79.82253,43.67347],[-79.82311,43.67435],[-79.82168,43.67483],[-79.82212,43.67501],[-79.82307,43.67455],[-79.82314,43.67436],[-79.82305,43.67397],[-79.82245,43.67318],[-79.82407,43.67219],[-79.83068,43.6661],[-79.83638,43.66],[-79.84701,43.65016],[-79.8489,43.64889],[-79.851,43.64816],[-79.86492,43.6459],[-79.86581,43.64611],[-79.86878,43.64793],[-79.87114,43.64854],[-79.89353,43.64995],[-79.90364,43.6503],[-79.90394,43.65069],[-79.91702,43.66043],[-79.92134,43.65642],[-79.92019,43.65577],[-79.91764,43.65624],[-79.91493,43.65883],[-79.9105,43.65546],[-79.91573,43.65091],[-79.92876,43.65158],[-79.93585,43.65676],[-79.93721,43.65704],[-79.93873,43.65653],[-79.94553,43.65051],[-79.94735,43.64985],[-79.94929,43.64986],[-79.9514,43.65071],[-79.97902,43.67129],[-79.98439,43.67341],[-79.98618,43.67352],[-79.98776,43.6732],[-79.98929,43.67236],[-79.99349,43.66873],[-80.03179,43.63418],[-80.03579,43.63463],[-80.04149,43.6297],[-80.0459,43.63302],[-80.04703,43.63332],[-80.08589,43.62811],[-80.08759,43.62708],[-80.11431,43.60324],[-80.11606,43.60224],[-80.11866,43.60192],[-80.12133,43.6028],[-80.13664,43.61354],[-80.13884,43.61454],[-80.14153,43.6171],[-80.14419,43.61884],[-80.14646,43.61687],[-80.14786,43.61494],[-80.1526,43.60987],[-80.15401,43.60912],[-80.16104,43.60667],[-80.16949,43.59927],[-80.18393,43.58328],[-80.18577,43.57976],[-80.21851,43.55584],[-80.21975,43.55605],[-80.22809,43.55554],[-80.23276,43.55474],[-80.24204,43.54774],[-80.24325,43.54783],[-80.24455,43.54664],[-80.25042,43.54363],[-80.2487,43.54216],[-80.24355,43.54023],[-80.24272,43.53936],[-80.22652,43.52771],[-80.22427,43.52941],[-80.22549,43.5303],[-80.22594,43.52999],[-80.22528,43.5294]]}},{"type":"Feature","properties":{"route":"32","name":"Brampton Trinity Common / North York","dir":"0","shape":"447239","trips":20,"toronto":true},"geometry":{"type":"LineString","coordinates":[[-79.76316,43.73134],[-79.76269,43.73195],[-79.75986,43.73029],[-79.76536,43.72549],[-79.766,43.72507],[-79.76682,43.72518],[-79.76698,43.72555],[-79.76669,43.72588],[-79.76567,43.72572],[-79.76536,43.72549],[-79.76525,43.7254],[-79.7645,43.72476],[-79.7604,43.7216],[-79.75549,43.718],[-79.75332,43.71576],[-79.75309,43.71558],[-79.75261,43.71521],[-79.75254,43.71517],[-79.75051,43.71659],[-79.751,43.71692],[-79.75108,43.71696],[-79.7511,43.71698],[-79.75121,43.71702],[-79.75216,43.71699],[-79.75209,43.71652],[-79.75168,43.7163],[-79.75108,43.71696],[-79.75063,43.71668],[-79.75266,43.71525],[-79.75254,43.71517],[-79.75209,43.71482],[-79.75189,43.71469],[-79.74795,43.7124],[-79.71584,43.68863],[-79.71409,43.68701],[-79.71372,43.6853],[-79.71275,43.68459],[-79.70117,43.69511],[-79.69647,43.69892],[-79.69293,43.70255],[-79.6926,43.70235],[-79.6932,43.70155],[-79.69298,43.70157],[-79.69229,43.70172],[-79.69207,43.70178],[-79.68935,43.70234],[-79.68841,43.70247],[-79.68818,43.7026],[-79.68829,43.7027],[-79.68905,43.70239],[-79.68935,43.70234],[-79.69008,43.70219],[-79.69011,43.70227],[-79.69207,43.70178],[-79.6926,43.70235],[-79.69322,43.70156],[-79.6932,43.70155],[-79.69316,43.70155],[-79.69298,43.70157],[-79.69207,43.70178],[-79.68935,43.70234],[-79.68911,43.70238],[-79.68822,43.70311],[-79.68411,43.70008],[-79.68346,43.69959],[-79.6834,43.69954],[-79.68306,43.69929],[-79.6826,43.69879],[-79.68264,43.69835],[-79.68323,43.69818],[-79.68371,43.6985],[-79.68371,43.69887],[-79.68359,43.69915],[-79.6834,43.69954],[-79.68332,43.69966],[-79.68317,43.70002],[-79.67706,43.70949],[-79.67583,43.71211],[-79.67529,43.71453],[-79.67473,43.72362],[-79.67382,43.72613],[-79.67244,43.72811],[-79.66916,43.73089],[-79.65023,43.74253],[-79.63838,43.75213],[-79.63433,43.7538],[-79.60918,43.75977],[-79.60157,43.76197],[-79.58493,43.76794],[-79.5653,43.77594],[-79.55875,43.77822],[-79.5194,43.78681],[-79.49609,43.79261],[-79.4917,43.79413],[-79.4888,43.79557],[-79.4857,43.79767],[-79.48353,43.79968],[-79.48174,43.80208],[-79.48014,43.80599],[-79.47925,43.814],[-79.47844,43.81591],[-79.47728,43.8175],[-79.47502,43.81961],[-79.47283,43.82112],[-79.46793,43.82351],[-79.46341,43.82517],[-79.43534,43.83181],[-79.43193,43.83236],[-79.42835,43.83242],[-79.42263,43.80732],[-79.41983,43.79715],[-79.41751,43.78714],[-79.4163,43.78257],[-79.41589,43.78267],[-79.41512,43.78218]]}},{"type":"Feature","properties":{"route":"32","name":"Brampton Trinity Common / North York","dir":"1","shape":"447240","trips":16,"toronto":true},"geometry":{"type":"LineString","coordinates":[[-79.41512,43.78218],[-79.41441,43.78242],[-79.41628,43.78279],[-79.42291,43.80925],[-79.4258,43.82273],[-79.4269,43.82658],[-79.42805,43.83234],[-79.42814,43.83232],[-79.42852,43.83413],[-79.42857,43.83431],[-79.42858,43.83438],[-79.42862,43.83456],[-79.42868,43.83483],[-79.42852,43.83579],[-79.42763,43.8363],[-79.42688,43.83611],[-79.42688,43.83556],[-79.42728,43.83527],[-79.42856,43.83461],[-79.42862,43.83456],[-79.42874,43.83446],[-79.43269,43.83288],[-79.4498,43.82861],[-79.46215,43.82589],[-79.46813,43.82377],[-79.47345,43.82116],[-79.47679,43.81857],[-79.47914,43.81543],[-79.47994,43.81293],[-79.48068,43.80558],[-79.48162,43.80312],[-79.48282,43.80117],[-79.48467,43.79907],[-79.48709,43.7971],[-79.49298,43.794],[-79.49751,43.79256],[-79.52131,43.78675],[-79.55856,43.77868],[-79.56508,43.77644],[-79.58463,43.7684],[-79.60185,43.76226],[-79.60916,43.76014],[-79.63437,43.75413],[-79.63795,43.75276],[-79.64045,43.75114],[-79.65011,43.74302],[-79.6694,43.7312],[-79.67258,43.72857],[-79.67413,43.7264],[-79.67513,43.72386],[-79.67571,43.7147],[-79.67642,43.71176],[-79.67899,43.70722],[-79.68246,43.70245],[-79.68522,43.70102],[-79.68812,43.70318],[-79.68911,43.70238],[-79.69207,43.70178],[-79.69307,43.70262],[-79.69656,43.69905],[-79.70046,43.69597],[-79.70939,43.68789],[-79.71102,43.68692],[-79.71243,43.68706],[-79.71707,43.69011],[-79.74796,43.71284],[-79.74953,43.71433],[-79.74983,43.71598],[-79.75025,43.71643],[-79.751,43.71692],[-79.75108,43.71696],[-79.7511,43.71698],[-79.75146,43.71704],[-79.75216,43.71699],[-79.75209,43.71652],[-79.75153,43.71632],[-79.75108,43.71696],[-79.75063,43.71668],[-79.75145,43.71623],[-79.75218,43.71634],[-79.76088,43.72242],[-79.76271,43.7242],[-79.76313,43.72614],[-79.76548,43.72751],[-79.76635,43.72848],[-79.76316,43.73134]]}},{"type":"Feature","properties":{"route":"33","name":"Guelph / North York","dir":"0","shape":"447247","trips":18,"toronto":true},"geometry":{"type":"LineString","coordinates":[[-79.82212,43.67501],[-79.82314,43.67444],[-79.82235,43.67307],[-79.81933,43.67429],[-79.81789,43.67522],[-79.81669,43.67661],[-79.81567,43.6791],[-79.81438,43.68079],[-79.80268,43.69154],[-79.79332,43.69955],[-79.78798,43.70477],[-79.78669,43.70549],[-79.76164,43.68715],[-79.76171,43.68709],[-79.76201,43.68682],[-79.76207,43.68677],[-79.76256,43.6863],[-79.76328,43.6868],[-79.76182,43.68719],[-79.76256,43.6863],[-79.76147,43.68546],[-79.75905,43.68402],[-79.7583,43.68469],[-79.73577,43.6676],[-79.71181,43.65008],[-79.70959,43.65188],[-79.71023,43.65235],[-79.71145,43.6518],[-79.71171,43.65206],[-79.71075,43.65267],[-79.71055,43.65258],[-79.70731,43.65026],[-79.70477,43.6495],[-79.70316,43.64862],[-79.69171,43.65934],[-79.69078,43.65999],[-79.68984,43.66004],[-79.68436,43.65682],[-79.66816,43.64473],[-79.66328,43.63987],[-79.66131,43.63909],[-79.65886,43.63907],[-79.65286,43.64102],[-79.64492,43.64488],[-79.62796,43.65176],[-79.61921,43.65592],[-79.61261,43.65999],[-79.60869,43.662],[-79.58472,43.67093],[-79.58144,43.67257],[-79.57967,43.67398],[-79.57822,43.6758],[-79.56907,43.69198],[-79.56099,43.70112],[-79.55383,43.70808],[-79.55224,43.7091],[-79.52575,43.71536],[-79.5077,43.71744],[-79.50165,43.71751],[-79.49688,43.7189],[-79.48657,43.72107],[-79.48376,43.72148],[-79.48145,43.72111],[-79.48083,43.72125],[-79.48078,43.72212],[-79.47612,43.72362],[-79.4636,43.72644],[-79.46053,43.72686],[-79.45769,43.72667],[-79.45553,43.72789],[-79.45215,43.72863],[-79.44932,43.72744],[-79.44872,43.72606],[-79.44876,43.72598],[-79.44863,43.72566],[-79.4486,43.72557],[-79.44845,43.72521],[-79.44846,43.72498],[-79.44929,43.7248],[-79.44945,43.72532],[-79.44863,43.72566],[-79.44714,43.72582],[-79.44671,43.72609],[-79.44667,43.72662],[-79.44756,43.72758],[-79.4456,43.72942],[-79.44174,43.7307],[-79.42603,43.74024],[-79.41827,43.74522],[-79.41426,43.74914],[-79.4093,43.75222],[-79.40849,43.75201],[-79.40838,43.75038],[-79.40694,43.74508],[-79.40648,43.7451]]}},{"type":"Feature","properties":{"route":"33","name":"Guelph / North York","dir":"1","shape":"447246","trips":12,"toronto":true},"geometry":{"type":"LineString","coordinates":[[-79.40648,43.7451],[-79.40624,43.74542],[-79.40699,43.74533],[-79.40801,43.74999],[-79.40803,43.75244],[-79.40828,43.75346],[-79.40833,43.75365],[-79.40836,43.75377],[-79.40837,43.75383],[-79.40845,43.75412],[-79.4085,43.75469],[-79.40804,43.75515],[-79.40746,43.75491],[-79.40766,43.75441],[-79.40802,43.75414],[-79.40823,43.754],[-79.40839,43.75389],[-79.4085,43.75382],[-79.40877,43.75358],[-79.41544,43.74924],[-79.41862,43.7457],[-79.4264,43.7407],[-79.43717,43.73433],[-79.44045,43.73266],[-79.44291,43.73217],[-79.44634,43.73091],[-79.44663,43.73084],[-79.44692,43.73077],[-79.44917,43.7303],[-79.44935,43.73026],[-79.44953,43.73021],[-79.4497,43.73017],[-79.44997,43.73014],[-79.45053,43.73038],[-79.45045,43.73082],[-79.44982,43.73092],[-79.44939,43.73055],[-79.44935,43.73033],[-79.44935,43.73026],[-79.44933,43.73013],[-79.44929,43.72992],[-79.44927,43.72972],[-79.44894,43.72795],[-79.44945,43.72756],[-79.44872,43.72606],[-79.44876,43.72598],[-79.44863,43.72566],[-79.4486,43.72557],[-79.44845,43.72521],[-79.44846,43.72498],[-79.44929,43.7248],[-79.44945,43.72532],[-79.44863,43.72566],[-79.44714,43.72582],[-79.44665,43.72621],[-79.44672,43.72669],[-79.44759,43.72725],[-79.4478,43.7278],[-79.44661,43.72919],[-79.44636,43.73018],[-79.44651,43.73063],[-79.44663,43.73084],[-79.4467,43.73093],[-79.44737,43.73144],[-79.44914,43.73169],[-79.45558,43.72898],[-79.45796,43.72828],[-79.478,43.72391],[-79.48042,43.72453],[-79.4817,43.72438],[-79.48174,43.7234],[-79.48233,43.72295],[-79.49047,43.72071],[-79.49712,43.7198],[-79.50257,43.71835],[-79.52657,43.71558],[-79.55306,43.70915],[-79.5559,43.70717],[-79.56871,43.69289],[-79.57207,43.6877],[-79.57841,43.67593],[-79.58014,43.67389],[-79.58218,43.67237],[-79.58447,43.67123],[-79.61173,43.66123],[-79.62502,43.65404],[-79.63302,43.65038],[-79.64258,43.6467],[-79.65236,43.64404],[-79.6566,43.64198],[-79.65906,43.64137],[-79.66257,43.64174],[-79.66549,43.64334],[-79.68511,43.65789],[-79.6871,43.65968],[-79.68772,43.6619],[-79.6887,43.66276],[-79.69068,43.66102],[-79.69415,43.65706],[-79.70298,43.64902],[-79.70374,43.64895],[-79.70731,43.65026],[-79.71023,43.65235],[-79.7129,43.65111],[-79.7583,43.68469],[-79.75905,43.68402],[-79.76087,43.68505],[-79.76328,43.6868],[-79.76171,43.68709],[-79.76223,43.68661],[-79.76271,43.68686],[-79.76304,43.68664],[-79.76256,43.6863],[-79.76164,43.68715],[-79.78689,43.70593],[-79.79341,43.69971],[-79.80311,43.69141],[-79.81414,43.68134],[-79.81573,43.67938],[-79.81692,43.67667],[-79.81813,43.67528],[-79.82201,43.67336],[-79.82253,43.67347],[-79.82311,43.67435],[-79.82168,43.67483],[-79.82212,43.67501],[-79.82307,43.67455],[-79.82314,43.67436],[-79.82305,43.67397],[-79.82245,43.67318],[-79.82407,43.67219],[-79.83068,43.6661],[-79.83638,43.66],[-79.84676,43.65037],[-79.8489,43.64889],[-79.85024,43.64837],[-79.85787,43.64694],[-79.85794,43.64714],[-79.85803,43.64691],[-79.86518,43.64591],[-79.86878,43.64793],[-79.87114,43.64854],[-79.89353,43.64995],[-79.90364,43.6503],[-79.90394,43.65069],[-79.91702,43.66043],[-79.92134,43.65642],[-79.92019,43.65577],[-79.91764,43.65624],[-79.91493,43.65883],[-79.9105,43.65546],[-79.91573,43.65091],[-79.92876,43.65158],[-79.93585,43.65676],[-79.93721,43.65704],[-79.93873,43.65653],[-79.94553,43.65051],[-79.94735,43.64985],[-79.94929,43.64986],[-79.9514,43.65071],[-79.97902,43.67129],[-79.98403,43.67333],[-79.9858,43.67354],[-79.98726,43.67335],[-79.9891,43.67251],[-79.99349,43.66873],[-80.03179,43.63418],[-80.03579,43.63463],[-80.04149,43.6297],[-80.0459,43.63302],[-80.04703,43.63332],[-80.08589,43.62811],[-80.08759,43.62708],[-80.11431,43.60324],[-80.11606,43.60224],[-80.11866,43.60192],[-80.12133,43.6028],[-80.13664,43.61354],[-80.13884,43.61454],[-80.14153,43.6171],[-80.14419,43.61884],[-80.14646,43.61687],[-80.14786,43.61494],[-80.1526,43.60987],[-80.15401,43.60912],[-80.16104,43.60667],[-80.16949,43.59927],[-80.18393,43.58328],[-80.18577,43.57976],[-80.21851,43.55584],[-80.21975,43.55605],[-80.22809,43.55554],[-80.23276,43.55474],[-80.24204,43.54774],[-80.24325,43.54783],[-80.24455,43.54664],[-80.25042,43.54363],[-80.2487,43.54216],[-80.24355,43.54023],[-80.24272,43.53936],[-80.22652,43.52771],[-80.22427,43.52941],[-80.22549,43.5303],[-80.22594,43.52999],[-80.22528,43.5294]]}},{"type":"Feature","properties":{"route":"36","name":"Brampton / North York Express","dir":"0","shape":"447257","trips":17,"toronto":true},"geometry":{"type":"LineString","coordinates":[[-79.72051,43.71871],[-79.71985,43.71919],[-79.71533,43.71676],[-79.71115,43.71977],[-79.69264,43.70592],[-79.68822,43.70311],[-79.68911,43.70238],[-79.69207,43.70178],[-79.6926,43.70235],[-79.69322,43.70156],[-79.69298,43.70157],[-79.68911,43.70238],[-79.68898,43.70265],[-79.68822,43.70311],[-79.68411,43.70008],[-79.68346,43.69959],[-79.6834,43.69954],[-79.68306,43.69929],[-79.68256,43.69871],[-79.68286,43.69822],[-79.6834,43.69822],[-79.68373,43.69858],[-79.68366,43.699],[-79.6834,43.69954],[-79.68332,43.69966],[-79.68317,43.70002],[-79.67706,43.70949],[-79.67583,43.71211],[-79.67529,43.71453],[-79.67473,43.72362],[-79.67382,43.72613],[-79.6722,43.7284],[-79.66893,43.73105],[-79.65023,43.74253],[-79.63875,43.75168],[-79.63674,43.75248],[-79.63496,43.7525],[-79.63375,43.75209],[-79.63283,43.75138],[-79.63065,43.7482],[-79.62679,43.73081],[-79.62593,43.72839],[-79.60976,43.69953],[-79.60796,43.69798],[-79.6058,43.69711],[-79.59865,43.69659],[-79.59423,43.69664],[-79.58465,43.69837],[-79.57717,43.69848],[-79.57254,43.69934],[-79.56709,43.70154],[-79.56204,43.70493],[-79.55725,43.70535],[-79.55393,43.70817],[-79.55206,43.70924],[-79.52642,43.71524],[-79.5077,43.71744],[-79.50165,43.71751],[-79.49688,43.7189],[-79.48657,43.72107],[-79.48376,43.72148],[-79.48166,43.72107],[-79.48083,43.72125],[-79.48078,43.72212],[-79.47612,43.72362],[-79.4636,43.72644],[-79.46053,43.72686],[-79.45769,43.72667],[-79.45553,43.72789],[-79.45215,43.72863],[-79.44932,43.72744],[-79.44872,43.72606],[-79.44876,43.72598],[-79.44863,43.72566],[-79.4486,43.72557],[-79.44845,43.72521],[-79.44846,43.72498],[-79.44929,43.7248],[-79.44945,43.72532],[-79.44863,43.72566],[-79.44714,43.72582],[-79.44671,43.72609],[-79.44667,43.72662],[-79.44756,43.72758],[-79.4456,43.72942],[-79.44174,43.7307],[-79.42603,43.74024],[-79.41827,43.74522],[-79.41426,43.74914],[-79.4093,43.75222],[-79.40849,43.75201],[-79.40838,43.75038],[-79.40694,43.74508],[-79.40648,43.7451]]}},{"type":"Feature","properties":{"route":"36","name":"Brampton / North York Express","dir":"1","shape":"447258","trips":15,"toronto":true},"geometry":{"type":"LineString","coordinates":[[-79.40648,43.7451],[-79.40624,43.74542],[-79.40699,43.74533],[-79.40801,43.74999],[-79.40803,43.75244],[-79.40828,43.75346],[-79.40833,43.75365],[-79.40836,43.75377],[-79.40837,43.75383],[-79.40845,43.75412],[-79.4085,43.75469],[-79.40804,43.75515],[-79.40746,43.75491],[-79.40766,43.75441],[-79.40802,43.75414],[-79.40823,43.754],[-79.40839,43.75389],[-79.4085,43.75382],[-79.40877,43.75358],[-79.41544,43.74924],[-79.41862,43.7457],[-79.4264,43.7407],[-79.43717,43.73433],[-79.44045,43.73266],[-79.44291,43.73217],[-79.44634,43.73091],[-79.44663,43.73084],[-79.44692,43.73077],[-79.44917,43.7303],[-79.44935,43.73026],[-79.44953,43.73021],[-79.4497,43.73017],[-79.44997,43.73014],[-79.45053,43.73038],[-79.45045,43.73082],[-79.44982,43.73092],[-79.44939,43.73055],[-79.44935,43.73033],[-79.44935,43.73026],[-79.44933,43.73013],[-79.44929,43.72992],[-79.44927,43.72972],[-79.44894,43.72795],[-79.44945,43.72756],[-79.44872,43.72606],[-79.44876,43.72598],[-79.44863,43.72566],[-79.4486,43.72557],[-79.44845,43.72521],[-79.44846,43.72498],[-79.44929,43.7248],[-79.44945,43.72532],[-79.44863,43.72566],[-79.44714,43.72582],[-79.44665,43.72621],[-79.44672,43.72669],[-79.44759,43.72725],[-79.4478,43.7278],[-79.44661,43.72919],[-79.44636,43.73018],[-79.44651,43.73063],[-79.44663,43.73084],[-79.4467,43.73093],[-79.44737,43.73144],[-79.44914,43.73169],[-79.45558,43.72898],[-79.45796,43.72828],[-79.478,43.72391],[-79.48042,43.72453],[-79.4817,43.72438],[-79.48174,43.7234],[-79.48233,43.72295],[-79.49121,43.72055],[-79.49849,43.71988],[-79.50475,43.71835],[-79.52509,43.71609],[-79.54494,43.71183],[-79.55474,43.70901],[-79.55772,43.70594],[-79.55905,43.70544],[-79.5623,43.70497],[-79.56703,43.70179],[-79.57182,43.69974],[-79.57766,43.69859],[-79.58506,43.69848],[-79.59389,43.69683],[-79.59792,43.69674],[-79.60459,43.69763],[-79.60634,43.69828],[-79.60814,43.69942],[-79.60959,43.70116],[-79.61876,43.71624],[-79.62576,43.72883],[-79.62652,43.73118],[-79.62951,43.74535],[-79.63021,43.75212],[-79.63134,43.75359],[-79.63348,43.75445],[-79.63573,43.75438],[-79.63812,43.75329],[-79.65011,43.74302],[-79.6694,43.7312],[-79.67233,43.72884],[-79.67413,43.7264],[-79.67513,43.72386],[-79.67576,43.71425],[-79.67674,43.71094],[-79.68215,43.70276],[-79.68522,43.70102],[-79.68812,43.70318],[-79.68911,43.70238],[-79.69207,43.70178],[-79.6926,43.70235],[-79.69322,43.70156],[-79.69298,43.70157],[-79.68911,43.70238],[-79.68898,43.70265],[-79.68812,43.70318],[-79.69013,43.70471],[-79.69264,43.70592],[-79.71123,43.71983],[-79.71546,43.71681],[-79.71919,43.71904],[-79.71985,43.71919],[-79.72051,43.71871]]}},{"type":"Feature","properties":{"route":"37","name":"Orangeville / Brampton","dir":"0","shape":"447260","trips":5,"toronto":false},"geometry":{"type":"LineString","coordinates":[[-79.76285,43.68694],[-79.76171,43.68709],[-79.76223,43.68661],[-79.76271,43.68686],[-79.76304,43.68664],[-79.76256,43.6863],[-79.76164,43.68715],[-79.777,43.69853],[-79.77683,43.69865],[-79.78327,43.70311],[-79.78753,43.70655],[-79.8309,43.73826],[-79.83165,43.7393],[-79.83177,43.74097],[-79.83169,43.74119],[-79.83168,43.74143],[-79.83166,43.74202],[-79.83151,43.74234],[-79.83053,43.74236],[-79.83038,43.74196],[-79.83082,43.74158],[-79.83152,43.74144],[-79.83168,43.74143],[-79.83178,43.74142],[-79.83235,43.74138],[-79.83275,43.74134],[-79.83373,43.74146],[-79.83588,43.74211],[-79.83838,43.74369],[-79.85124,43.75357],[-79.90486,43.79329],[-79.90872,43.79577],[-79.92227,43.80576],[-79.95822,43.83248],[-79.95804,43.83261],[-79.95804,43.83261],[-79.95804,43.83261],[-79.95804,43.83261],[-79.95822,43.83248],[-79.97733,43.8465],[-79.99548,43.86018],[-80.07095,43.91547],[-80.07524,43.9183],[-80.08135,43.92113],[-80.08491,43.92332],[-80.09164,43.92984],[-80.09863,43.93285],[-80.10006,43.9339],[-80.10086,43.93304],[-80.10035,43.93081],[-80.10382,43.92982],[-80.10762,43.93013],[-80.10943,43.92992],[-80.11049,43.92959],[-80.11437,43.92655],[-80.11703,43.92582],[-80.11449,43.91549],[-80.08714,43.92147],[-80.08604,43.91883],[-80.08606,43.9182],[-80.09082,43.91374],[-80.09068,43.91356]]}},{"type":"Feature","properties":{"route":"37","name":"Orangeville / Brampton","dir":"1","shape":"447259","trips":3,"toronto":false},"geometry":{"type":"LineString","coordinates":[[-80.10226,43.93034],[-80.10382,43.92982],[-80.10762,43.93013],[-80.10943,43.92992],[-80.11049,43.92959],[-80.11437,43.92655],[-80.11703,43.92582],[-80.11449,43.91549],[-80.08714,43.92147],[-80.08603,43.91828],[-80.08631,43.91787],[-80.08732,43.91697],[-80.08814,43.91621],[-80.09029,43.91424],[-80.09082,43.91374],[-80.08933,43.91287],[-80.08918,43.91311],[-80.09082,43.91374],[-80.08631,43.91787],[-80.0861,43.91812],[-80.08603,43.91828],[-80.08604,43.91883],[-80.08714,43.92147],[-80.08304,43.92191],[-80.07433,43.91775],[-80.0102,43.87088],[-79.91583,43.80089],[-79.90372,43.79231],[-79.83698,43.74249],[-79.83213,43.74016],[-79.83114,43.73846],[-79.82551,43.73394],[-79.79723,43.71354],[-79.78814,43.70676],[-79.78619,43.70498],[-79.78059,43.7012],[-79.76164,43.68715],[-79.76256,43.6863],[-79.76328,43.6868],[-79.76285,43.68694]]}},{"type":"Feature","properties":{"route":"38","name":"Bolton / Malton","dir":"0","shape":"447265","trips":2,"toronto":false},"geometry":{"type":"LineString","coordinates":[[-79.63783,43.70515],[-79.63721,43.70537],[-79.63933,43.70668],[-79.62989,43.71503],[-79.62804,43.71593],[-79.62092,43.71815],[-79.62044,43.71822],[-79.61985,43.71838],[-79.6195,43.71848],[-79.61905,43.71858],[-79.6184,43.71823],[-79.61858,43.7178],[-79.61922,43.71774],[-79.61956,43.71799],[-79.61971,43.71818],[-79.61985,43.71838],[-79.61991,43.71847],[-79.62002,43.71865],[-79.62027,43.71896],[-79.62576,43.72883],[-79.62639,43.73175],[-79.62538,43.73367],[-79.62556,43.73454],[-79.6319,43.73314],[-79.63364,43.73332],[-79.64728,43.7427],[-79.64195,43.74801],[-79.63919,43.74983],[-79.63958,43.75021],[-79.63935,43.75033],[-79.63935,43.75033],[-79.63935,43.75033],[-79.63935,43.75033],[-79.63958,43.75021],[-79.64081,43.75167],[-79.64302,43.75765],[-79.65879,43.78563],[-79.66444,43.79481],[-79.68815,43.83602],[-79.69563,43.84844],[-79.69581,43.84866],[-79.69679,43.84805],[-79.69717,43.84759],[-79.69724,43.84743],[-79.69728,43.84734],[-79.69732,43.84721],[-79.69746,43.8468],[-79.69674,43.84688],[-79.69728,43.84734],[-79.69717,43.84759],[-79.69581,43.84866],[-79.69676,43.8496],[-79.71276,43.86154],[-79.74038,43.88111],[-79.75423,43.89146]]}},{"type":"Feature","properties":{"route":"38","name":"Bolton / Malton","dir":"1","shape":"447266","trips":2,"toronto":false},"geometry":{"type":"LineString","coordinates":[[-79.75499,43.8916],[-79.74347,43.88364],[-79.74074,43.8813],[-79.69676,43.8496],[-79.69581,43.84866],[-79.69701,43.84783],[-79.69746,43.8468],[-79.69693,43.84669],[-79.6952,43.84772],[-79.67176,43.80766],[-79.66894,43.8022],[-79.66835,43.80163],[-79.65958,43.78657],[-79.65847,43.78421],[-79.64892,43.76778],[-79.64893,43.76734],[-79.64361,43.75876],[-79.64107,43.75187],[-79.6394,43.74985],[-79.64195,43.74801],[-79.64741,43.74279],[-79.6439,43.74023],[-79.64406,43.74012],[-79.63932,43.73741],[-79.6343,43.73352],[-79.63233,43.73312],[-79.62888,43.73363],[-79.62799,43.73336],[-79.62593,43.72839],[-79.62259,43.72236],[-79.6219,43.72041],[-79.62224,43.71869],[-79.62188,43.71797],[-79.62813,43.71605],[-79.63031,43.71493],[-79.63949,43.70677],[-79.63796,43.70589],[-79.63783,43.70515]]}},{"type":"Feature","properties":{"route":"40","name":"Hamilton / Richmond Hill","dir":"0","shape":"447267","trips":27,"toronto":true},"geometry":{"type":"LineString","coordinates":[[-79.87008,43.2531],[-79.86801,43.25238],[-79.86655,43.25586],[-79.87174,43.25766],[-79.87896,43.25944],[-79.88759,43.26227],[-79.88985,43.26274],[-79.8918,43.26266],[-79.89241,43.26296],[-79.89265,43.26679],[-79.89233,43.27078],[-79.89273,43.27631],[-79.89207,43.28071],[-79.89288,43.28231],[-79.89666,43.28612],[-79.89702,43.28728],[-79.89693,43.28855],[-79.89559,43.29051],[-79.89005,43.29443],[-79.88063,43.29796],[-79.86871,43.30531],[-79.86178,43.31032],[-79.83877,43.33222],[-79.83328,43.33594],[-79.83156,43.33785],[-79.83094,43.3398],[-79.83103,43.34423],[-79.83287,43.38117],[-79.83246,43.38224],[-79.8311,43.38353],[-79.83125,43.38416],[-79.83211,43.38475],[-79.82715,43.38916],[-79.8273,43.38927],[-79.82804,43.38975],[-79.82896,43.38967],[-79.82807,43.38911],[-79.82922,43.38818],[-79.83005,43.38876],[-79.82905,43.38964],[-79.82863,43.38978],[-79.82831,43.38981],[-79.82804,43.38975],[-79.8273,43.38927],[-79.8312,43.38593],[-79.83269,43.38592],[-79.83314,43.38643],[-79.83351,43.38833],[-79.83397,43.39095],[-79.83396,43.39291],[-79.83358,43.39633],[-79.83294,43.39883],[-79.83146,43.40253],[-79.82923,43.4063],[-79.82492,43.41121],[-79.79724,43.43542],[-79.79329,43.43986],[-79.78987,43.44519],[-79.78755,43.45049],[-79.78642,43.45489],[-79.78482,43.46538],[-79.78297,43.46978],[-79.7806,43.473],[-79.77818,43.47532],[-79.76415,43.48561],[-79.762,43.48768],[-79.76025,43.49083],[-79.75871,43.49728],[-79.75741,43.49976],[-79.75572,43.50194],[-79.75307,43.50431],[-79.74957,43.50674],[-79.74729,43.50712],[-79.74641,43.50766],[-79.74561,43.50707],[-79.74539,43.50616],[-79.74468,43.50574],[-79.74435,43.50593],[-79.74419,43.50613],[-79.74657,43.50824],[-79.74663,43.50899],[-79.74622,43.5096],[-79.74169,43.51397],[-79.73224,43.52154],[-79.72581,43.52738],[-79.71625,43.53726],[-79.69742,43.55329],[-79.68413,43.56185],[-79.68055,43.56477],[-79.67794,43.56733],[-79.66996,43.57649],[-79.6623,43.58333],[-79.65927,43.58442],[-79.65789,43.58726],[-79.64911,43.59546],[-79.6471,43.59431],[-79.64394,43.59727],[-79.64154,43.59877],[-79.64231,43.59934],[-79.64281,43.60021],[-79.64222,43.60181],[-79.6385,43.60569],[-79.6312,43.61223],[-79.62983,43.61548],[-79.61694,43.6282],[-79.60885,43.63476],[-79.60688,43.63575],[-79.60681,43.63656],[-79.60724,43.63713],[-79.61376,43.64118],[-79.61384,43.64239],[-79.6087,43.6466],[-79.60621,43.64937],[-79.59326,43.66104],[-79.59169,43.66287],[-79.58874,43.66529],[-79.58781,43.66677],[-79.58741,43.66798],[-79.58788,43.66787],[-79.58889,43.66645],[-79.59023,43.66715],[-79.59329,43.67222],[-79.59215,43.67284],[-79.59312,43.6752],[-79.5936,43.67935],[-79.59427,43.68077],[-79.5957,43.68209],[-79.60236,43.68454],[-79.60255,43.68456],[-79.60273,43.68457],[-79.60287,43.68456],[-79.60357,43.68444],[-79.60531,43.6838],[-79.60524,43.68359],[-79.60479,43.6835],[-79.60273,43.68457],[-79.60219,43.68493],[-79.60207,43.68546],[-79.60278,43.68588],[-79.60794,43.68543],[-79.61134,43.68581],[-79.61231,43.68605],[-79.61258,43.68615],[-79.61281,43.68623],[-79.61339,43.68641],[-79.61384,43.68645],[-79.61438,43.68619],[-79.61534,43.68448],[-79.61229,43.68191],[-79.61105,43.68185],[-79.61003,43.68246],[-79.60966,43.68332],[-79.60969,43.68531],[-79.61021,43.68562],[-79.61213,43.6858],[-79.61258,43.68615],[-79.61296,43.68678],[-79.61156,43.6916],[-79.60951,43.69557],[-79.60689,43.69692],[-79.60679,43.69694],[-79.60645,43.69701],[-79.60636,43.69702],[-79.60581,43.69701],[-79.60518,43.69659],[-79.60546,43.69617],[-79.60611,43.69619],[-79.60639,43.69642],[-79.60661,43.6967],[-79.60679,43.69694],[-79.60687,43.69705],[-79.6074,43.69768],[-79.61769,43.71442],[-79.62589,43.72913],[-79.62951,43.74535],[-79.62973,43.75111],[-79.62877,43.75341],[-79.62719,43.75485],[-79.62536,43.75568],[-79.60751,43.7602],[-79.59951,43.76267],[-79.58493,43.76794],[-79.5653,43.77594],[-79.55875,43.77822],[-79.55255,43.77976],[-79.53132,43.78401],[-79.52413,43.78422],[-79.52263,43.78454],[-79.5223,43.78388],[-79.52346,43.78332],[-79.52295,43.78217],[-79.52394,43.78305],[-79.52569,43.78299],[-79.52359,43.78341],[-79.52346,43.78332],[-79.52341,43.78325],[-79.52266,43.78196],[-79.52148,43.78227],[-79.52201,43.78482],[-79.52149,43.78564],[-79.52051,43.78623],[-79.5135,43.78829],[-79.49609,43.79261],[-79.4917,43.79413],[-79.4888,43.79557],[-79.4857,43.79767],[-79.48353,43.79968],[-79.48217,43.80141],[-79.48095,43.80358],[-79.48017,43.80587],[-79.47948,43.81301],[-79.47888,43.815],[-79.47728,43.8175],[-79.47422,43.82021],[-79.46793,43.82351],[-79.46034,43.82607],[-79.45016,43.82817],[-79.43534,43.83181],[-79.43216,43.83234],[-79.42817,43.83247],[-79.42941,43.83902],[-79.42787,43.83941],[-79.42654,43.83917],[-79.4259,43.84035],[-79.42552,43.84047],[-79.42527,43.84013]]}},{"type":"Feature","properties":{"route":"40","name":"Hamilton / Richmond Hill","dir":"1","shape":"447271","trips":30,"toronto":true},"geometry":{"type":"LineString","coordinates":[[-79.42527,43.84013],[-79.42521,43.83949],[-79.42597,43.84029],[-79.42648,43.83928],[-79.42753,43.83952],[-79.4298,43.83927],[-79.42944,43.83748],[-79.42963,43.83512],[-79.43062,43.834],[-79.43245,43.83312],[-79.43458,43.83235],[-79.44778,43.82909],[-79.46319,43.82559],[-79.46921,43.82329],[-79.47423,43.82064],[-79.47771,43.81762],[-79.4794,43.81486],[-79.47994,43.81293],[-79.48055,43.80608],[-79.48125,43.80393],[-79.48255,43.80155],[-79.48438,43.79936],[-79.48679,43.79732],[-79.49239,43.79424],[-79.49743,43.79258],[-79.51504,43.78831],[-79.52042,43.78735],[-79.52183,43.78714],[-79.52357,43.78691],[-79.52377,43.78688],[-79.5223,43.78388],[-79.52346,43.78332],[-79.52284,43.78226],[-79.52321,43.7822],[-79.52394,43.78305],[-79.52569,43.78292],[-79.52365,43.78343],[-79.52346,43.78332],[-79.52266,43.78196],[-79.52165,43.78222],[-79.52182,43.78315],[-79.52357,43.78691],[-79.52723,43.78642],[-79.5305,43.78496],[-79.53409,43.78399],[-79.55749,43.77896],[-79.5635,43.77706],[-79.58463,43.7684],[-79.60185,43.76226],[-79.61504,43.75875],[-79.62988,43.75609],[-79.63232,43.75462],[-79.63291,43.7535],[-79.63295,43.75229],[-79.63041,43.74753],[-79.62621,43.72902],[-79.61447,43.70832],[-79.61165,43.70307],[-79.60945,43.6979],[-79.60955,43.69644],[-79.6113,43.69309],[-79.61341,43.68678],[-79.61487,43.68475],[-79.61488,43.6842],[-79.61301,43.68229],[-79.61175,43.68179],[-79.61055,43.68207],[-79.60912,43.68344],[-79.60845,43.68372],[-79.60552,43.68365],[-79.60274,43.68446],[-79.59718,43.6828],[-79.59555,43.68199],[-79.59393,43.68023],[-79.59336,43.67796],[-79.59326,43.67645],[-79.59462,43.67561],[-79.59474,43.67443],[-79.59059,43.66738],[-79.58871,43.66579],[-79.58925,43.66482],[-79.59146,43.66319],[-79.59326,43.66104],[-79.60621,43.64937],[-79.6087,43.6466],[-79.61384,43.64239],[-79.61376,43.64118],[-79.60724,43.63713],[-79.60681,43.63656],[-79.60688,43.63575],[-79.60885,43.63476],[-79.61694,43.6282],[-79.62983,43.61548],[-79.6312,43.61223],[-79.6385,43.60569],[-79.64222,43.60181],[-79.64281,43.60021],[-79.64164,43.59884],[-79.64427,43.59718],[-79.6471,43.59431],[-79.64928,43.59557],[-79.65754,43.58764],[-79.65884,43.58622],[-79.6591,43.58525],[-79.6596,43.58537],[-79.66015,43.58578],[-79.66034,43.58591],[-79.66047,43.586],[-79.66056,43.58606],[-79.66092,43.58645],[-79.66119,43.58696],[-79.66102,43.58738],[-79.66003,43.58748],[-79.65973,43.58689],[-79.65984,43.58669],[-79.66012,43.58637],[-79.66047,43.586],[-79.66056,43.58592],[-79.66071,43.5857],[-79.67027,43.5766],[-79.67815,43.56741],[-79.68121,43.56444],[-79.68419,43.56209],[-79.69808,43.55313],[-79.71679,43.53708],[-79.72636,43.52723],[-79.73117,43.52417],[-79.73532,43.51956],[-79.74314,43.513],[-79.74604,43.51096],[-79.74858,43.51055],[-79.74947,43.51008],[-79.74952,43.51001],[-79.7484,43.50916],[-79.74811,43.50894],[-79.74785,43.50874],[-79.74768,43.5086],[-79.74561,43.50707],[-79.74539,43.50616],[-79.74468,43.50574],[-79.74428,43.506],[-79.74419,43.50613],[-79.74743,43.50854],[-79.74751,43.50867],[-79.74765,43.50876],[-79.748,43.50905],[-79.74818,43.50919],[-79.7483,43.50931],[-79.74853,43.51022],[-79.74768,43.51037],[-79.74739,43.50976],[-79.74756,43.5095],[-79.748,43.50905],[-79.74811,43.50894],[-79.74815,43.50891],[-79.74845,43.50859],[-79.74864,43.50836],[-79.75562,43.50237],[-79.7578,43.49958],[-79.75915,43.49667],[-79.76077,43.49017],[-79.76237,43.48753],[-79.76456,43.48553],[-79.77843,43.47537],[-79.78102,43.47282],[-79.78289,43.47031],[-79.7841,43.46808],[-79.78503,43.46545],[-79.78673,43.45448],[-79.78803,43.44984],[-79.79069,43.44409],[-79.79367,43.43974],[-79.79913,43.43394],[-79.82525,43.41114],[-79.82971,43.40597],[-79.83188,43.40221],[-79.83341,43.3981],[-79.83423,43.39259],[-79.8341,43.38563],[-79.83584,43.38341],[-79.83562,43.38288],[-79.83473,43.38227],[-79.83383,43.38312],[-79.8336,43.38333],[-79.83173,43.38511],[-79.83171,43.38519],[-79.83046,43.38635],[-79.82715,43.38916],[-79.8273,43.38927],[-79.82804,43.38975],[-79.82896,43.38967],[-79.82807,43.38911],[-79.82922,43.38818],[-79.83005,43.38876],[-79.82905,43.38964],[-79.82863,43.38978],[-79.82831,43.38981],[-79.82804,43.38975],[-79.8273,43.38927],[-79.83376,43.38335],[-79.83392,43.38327],[-79.83422,43.38304],[-79.83453,43.38287],[-79.83488,43.3828],[-79.83557,43.38333],[-79.83525,43.38372],[-79.83462,43.38376],[-79.83407,43.38346],[-79.83396,43.38334],[-79.83392,43.38327],[-79.83388,43.38323],[-79.83383,43.38312],[-79.83381,43.38308],[-79.83375,43.38294],[-79.83259,43.37249],[-79.83113,43.34072],[-79.83173,43.33822],[-79.83352,43.33609],[-79.83858,43.33273],[-79.86195,43.31052],[-79.86917,43.30531],[-79.88109,43.298],[-79.89199,43.29411],[-79.8963,43.29014],[-79.89724,43.2882],[-79.89698,43.28617],[-79.89606,43.2849],[-79.89278,43.28182],[-79.89225,43.28035],[-79.893,43.27626],[-79.8926,43.27107],[-79.89344,43.26188],[-79.89376,43.26117],[-79.89401,43.26079],[-79.89427,43.26051],[-79.89439,43.26038],[-79.89589,43.25943],[-79.90168,43.258],[-79.90599,43.25636],[-79.90689,43.2565],[-79.90728,43.25716],[-79.90703,43.25843],[-79.90023,43.25939],[-79.89667,43.26025],[-79.89458,43.26048],[-79.89427,43.26051],[-79.89347,43.26059],[-79.89246,43.26061],[-79.86965,43.25536],[-79.87063,43.25312],[-79.87008,43.2531]]}},{"type":"Feature","properties":{"route":"41","name":"Hamilton / Pickering","dir":"0","shape":"447280","trips":29,"toronto":true},"geometry":{"type":"LineString","coordinates":[[-79.87008,43.2531],[-79.86801,43.25238],[-79.86655,43.25586],[-79.87174,43.25766],[-79.87847,43.2593],[-79.88953,43.26269],[-79.89041,43.26273],[-79.89262,43.26227],[-79.89296,43.26218],[-79.89311,43.26212],[-79.89321,43.26209],[-79.89433,43.26184],[-79.89513,43.26176],[-79.89861,43.26247],[-79.9001,43.2597],[-79.90129,43.2593],[-79.90624,43.25859],[-79.90638,43.25861],[-79.90769,43.25843],[-79.91139,43.25802],[-79.92094,43.25779],[-79.92211,43.25815],[-79.92305,43.2592],[-79.92336,43.26232],[-79.92306,43.26242],[-79.92315,43.2614],[-79.92274,43.26143],[-79.92266,43.2618],[-79.92306,43.2621],[-79.92306,43.26241],[-79.92331,43.26336],[-79.92559,43.26321],[-79.92528,43.26267],[-79.92395,43.26256],[-79.92322,43.25923],[-79.92224,43.25763],[-79.9117,43.25792],[-79.90769,43.25843],[-79.90709,43.25814],[-79.90754,43.25613],[-79.90629,43.2554],[-79.90525,43.25563],[-79.90252,43.25755],[-79.896,43.25915],[-79.89387,43.26059],[-79.89311,43.26212],[-79.89259,43.26731],[-79.89233,43.27078],[-79.89273,43.27631],[-79.89201,43.2803],[-79.89272,43.28211],[-79.89604,43.28527],[-79.89678,43.28636],[-79.89699,43.28829],[-79.89619,43.28991],[-79.88936,43.29481],[-79.88242,43.29713],[-79.88041,43.29809],[-79.86871,43.30531],[-79.86226,43.30996],[-79.83877,43.33222],[-79.83328,43.33594],[-79.83156,43.33785],[-79.83094,43.3398],[-79.83103,43.34423],[-79.83287,43.38117],[-79.83246,43.38224],[-79.8311,43.38353],[-79.83125,43.38416],[-79.83211,43.38475],[-79.82715,43.38916],[-79.8273,43.38927],[-79.82804,43.38975],[-79.82896,43.38967],[-79.82807,43.38911],[-79.82922,43.38818],[-79.83005,43.38876],[-79.8291,43.38961],[-79.82905,43.38964],[-79.82872,43.38976],[-79.82831,43.38981],[-79.82804,43.38975],[-79.8273,43.38927],[-79.83129,43.38587],[-79.83243,43.3858],[-79.83314,43.38643],[-79.83397,43.39095],[-79.83393,43.39347],[-79.83339,43.39719],[-79.83241,43.40032],[-79.83092,43.4036],[-79.82923,43.4063],[-79.82492,43.41121],[-79.79724,43.43542],[-79.79104,43.44249],[-79.78814,43.44412],[-79.78941,43.44503],[-79.7897,43.44524],[-79.79008,43.44551],[-79.79032,43.44569],[-79.79165,43.44663],[-79.79257,43.44595],[-79.79231,43.44565],[-79.79202,43.44577],[-79.79211,43.44615],[-79.79162,43.44647],[-79.78976,43.44512],[-79.78929,43.44471],[-79.78886,43.44385],[-79.78972,43.44362],[-79.79009,43.44423],[-79.78976,43.44512],[-79.7897,43.44524],[-79.78956,43.44556],[-79.78945,43.44579],[-79.78937,43.44612],[-79.78835,43.44836],[-79.78711,43.45189],[-79.78482,43.46538],[-79.78357,43.4687],[-79.78175,43.4716],[-79.77818,43.47532],[-79.76415,43.48561],[-79.762,43.48768],[-79.76025,43.49083],[-79.75915,43.4959],[-79.75825,43.49834],[-79.75685,43.50058],[-79.75487,43.50279],[-79.75047,43.50624],[-79.74927,43.50684],[-79.74729,43.50712],[-79.74641,43.50766],[-79.74561,43.50707],[-79.74539,43.50616],[-79.74468,43.50574],[-79.74435,43.50593],[-79.74419,43.50613],[-79.74628,43.50785],[-79.74667,43.50869],[-79.74638,43.50943],[-79.74408,43.51171],[-79.73629,43.5185],[-79.73076,43.52282],[-79.72437,43.52874],[-79.71651,43.53702],[-79.70456,43.54731],[-79.69901,43.55169],[-79.69566,43.55233],[-79.69522,43.55263],[-79.69483,43.55306],[-79.69474,43.55326],[-79.69861,43.55507],[-79.70029,43.55377],[-79.70018,43.55366],[-79.69941,43.55316],[-79.69934,43.55293],[-79.70172,43.55123],[-79.70164,43.55102],[-79.69935,43.55291],[-79.69934,43.55293],[-79.69933,43.55306],[-79.69933,43.55309],[-79.69941,43.55316],[-79.70018,43.55366],[-79.6988,43.5549],[-79.69483,43.55306],[-79.69479,43.55313],[-79.69474,43.55326],[-79.69473,43.55335],[-79.69476,43.55461],[-79.69446,43.55506],[-79.68413,43.56185],[-79.68055,43.56477],[-79.67794,43.56733],[-79.66996,43.57649],[-79.6623,43.58333],[-79.65927,43.58442],[-79.65789,43.58726],[-79.64911,43.59546],[-79.6471,43.59431],[-79.64394,43.59727],[-79.64314,43.59783],[-79.64172,43.59867],[-79.64164,43.59872],[-79.64116,43.59898],[-79.6401,43.59884],[-79.63992,43.59819],[-79.64079,43.59813],[-79.64109,43.5983],[-79.64164,43.59872],[-79.64169,43.59876],[-79.6432,43.59986],[-79.6436,43.60043],[-79.64355,43.60096],[-79.64035,43.60441],[-79.63331,43.61104],[-79.63205,43.61293],[-79.63162,43.61485],[-79.63194,43.6168],[-79.63312,43.61891],[-79.63472,43.62059],[-79.64879,43.63148],[-79.65366,43.6359],[-79.66121,43.63995],[-79.70136,43.67016],[-79.70294,43.67217],[-79.70689,43.68069],[-79.70927,43.68438],[-79.70951,43.68623],[-79.71033,43.68681],[-79.70117,43.69511],[-79.69647,43.69892],[-79.69293,43.70255],[-79.6926,43.70235],[-79.6932,43.70155],[-79.69298,43.70157],[-79.69229,43.70172],[-79.69207,43.70178],[-79.68935,43.70234],[-79.68841,43.70247],[-79.68818,43.7026],[-79.68829,43.7027],[-79.68905,43.70239],[-79.68935,43.70234],[-79.69008,43.70219],[-79.69011,43.70227],[-79.69207,43.70178],[-79.6926,43.70235],[-79.69322,43.70156],[-79.6932,43.70155],[-79.69316,43.70155],[-79.69298,43.70157],[-79.69207,43.70178],[-79.68935,43.70234],[-79.68911,43.70238],[-79.68822,43.70311],[-79.68411,43.70008],[-79.68346,43.69959],[-79.6834,43.69954],[-79.68306,43.69929],[-79.6826,43.69879],[-79.68264,43.69835],[-79.68323,43.69818],[-79.68371,43.6985],[-79.68371,43.69887],[-79.68359,43.69915],[-79.6834,43.69954],[-79.68332,43.69966],[-79.68317,43.70002],[-79.67706,43.70949],[-79.67571,43.7125],[-79.67524,43.71506],[-79.67487,43.72286],[-79.6743,43.72506],[-79.67267,43.72783],[-79.67028,43.73014],[-79.65097,43.74202],[-79.64664,43.74524],[-79.63967,43.75129],[-79.63564,43.75339],[-79.60319,43.76145],[-79.58387,43.76835],[-79.56296,43.77684],[-79.55584,43.77902],[-79.53132,43.78401],[-79.52413,43.78422],[-79.52263,43.78454],[-79.5223,43.78388],[-79.52314,43.78366],[-79.5234,43.78305],[-79.52266,43.78196],[-79.52165,43.78222],[-79.52201,43.78482],[-79.52149,43.78564],[-79.52051,43.78623],[-79.5135,43.78829],[-79.49609,43.79261],[-79.4917,43.79413],[-79.4888,43.79557],[-79.4857,43.79767],[-79.48353,43.79968],[-79.48217,43.80141],[-79.48095,43.80358],[-79.48017,43.80587],[-79.47948,43.81301],[-79.47888,43.815],[-79.47728,43.8175],[-79.47422,43.82021],[-79.46793,43.82351],[-79.46034,43.82607],[-79.45016,43.82817],[-79.43534,43.83181],[-79.43216,43.83234],[-79.42817,43.83247],[-79.42852,43.83413],[-79.42905,43.83646],[-79.4294,43.83816],[-79.42941,43.83902],[-79.42787,43.83941],[-79.42654,43.83917],[-79.42648,43.83928],[-79.42614,43.83972],[-79.42605,43.84021],[-79.42593,43.84033],[-79.42587,43.84038],[-79.4256,43.84047],[-79.42511,43.84001],[-79.42515,43.83951],[-79.42597,43.84029],[-79.42614,43.83972],[-79.42618,43.83966],[-79.42648,43.83928],[-79.42753,43.83952],[-79.4298,43.83927],[-79.42978,43.83846],[-79.42965,43.83848],[-79.42883,43.83442],[-79.42876,43.8342],[-79.42872,43.83405],[-79.42868,43.83391],[-79.42894,43.83279],[-79.43011,43.83255],[-79.43033,43.83317],[-79.42918,43.83386],[-79.42872,43.83405],[-79.42852,43.83413],[-79.42684,43.83484],[-79.42657,43.83495],[-79.42459,43.83582],[-79.42233,43.83673],[-79.41812,43.83793],[-79.41417,43.83849],[-79.41022,43.83846],[-79.39251,43.83657],[-79.38216,43.8367],[-79.37238,43.83766],[-79.37028,43.83737],[-79.36861,43.83656],[-79.36755,43.83549],[-79.3664,43.83349],[-79.36106,43.82075],[-79.35918,43.81707],[-79.3564,43.81476],[-79.34898,43.8115],[-79.34706,43.80941],[-79.34121,43.78323],[-79.34075,43.77954],[-79.34096,43.77905],[-79.34158,43.77873],[-79.34101,43.77761],[-79.34124,43.77612],[-79.33124,43.77506],[-79.3321,43.77344],[-79.33133,43.77087],[-79.33079,43.77046],[-79.32498,43.7709],[-79.32395,43.77154],[-79.32162,43.77192],[-79.3202,43.76907],[-79.32008,43.76883],[-79.32002,43.76866],[-79.31988,43.76837],[-79.31984,43.76827],[-79.31968,43.76792],[-79.31967,43.76788],[-79.31965,43.76783],[-79.31968,43.76724],[-79.32019,43.76699],[-79.32082,43.76731],[-79.32054,43.76782],[-79.32019,43.76789],[-79.31978,43.7679],[-79.31968,43.76792],[-79.31951,43.76793],[-79.31855,43.76796],[-79.31802,43.76804],[-79.31451,43.7681],[-79.31089,43.76856],[-79.27722,43.77638],[-79.26679,43.7783],[-79.26559,43.77833],[-79.26457,43.77793],[-79.26397,43.77718],[-79.26239,43.77333],[-79.26104,43.77363],[-79.26088,43.77486],[-79.2618,43.7758],[-79.2611,43.7775],[-79.26028,43.77813],[-79.25696,43.77882],[-79.25545,43.77843],[-79.25425,43.77901],[-79.24507,43.78093],[-79.24428,43.78076],[-79.24384,43.78015],[-79.24161,43.78059],[-79.23919,43.78066],[-79.23394,43.78176],[-79.23218,43.78292],[-79.2317,43.7839],[-79.2298,43.7843],[-79.22881,43.78498],[-79.22977,43.78645],[-79.23157,43.78568],[-79.23145,43.78465],[-79.23206,43.78488],[-79.232,43.78567],[-79.21929,43.79201],[-79.21471,43.79356],[-79.20417,43.79512],[-79.20033,43.79536],[-79.19796,43.79483],[-79.1966,43.79485],[-79.19574,43.79219],[-79.19434,43.78928],[-79.19146,43.78824],[-79.19089,43.78786],[-79.19089,43.78786],[-79.19089,43.78786],[-79.19089,43.78786],[-79.19084,43.78792],[-79.19063,43.78781],[-79.19045,43.78771],[-79.19007,43.78751],[-79.18985,43.78739],[-79.18919,43.78705],[-79.18871,43.78681],[-79.18832,43.78658],[-79.18786,43.78638],[-79.18591,43.78544],[-79.1855,43.78524],[-79.18491,43.78496],[-79.18555,43.78436],[-79.18534,43.78417],[-79.18471,43.78486],[-79.19042,43.7878],[-79.19042,43.7878],[-79.19042,43.7878],[-79.19042,43.7878],[-79.19049,43.78773],[-79.19063,43.78781],[-79.19116,43.78809],[-79.19146,43.78824],[-79.19168,43.78833],[-79.19434,43.78928],[-79.19586,43.79299],[-79.19618,43.79475],[-79.19587,43.79568],[-79.19021,43.79711],[-79.17634,43.79915],[-79.17083,43.79966],[-79.16619,43.79917],[-79.15449,43.79546],[-79.15109,43.79529],[-79.14729,43.796],[-79.14408,43.7975],[-79.1348,43.80382],[-79.11962,43.81297],[-79.11695,43.81436],[-79.11384,43.8149],[-79.11541,43.81894],[-79.11037,43.82256],[-79.10299,43.8246],[-79.10148,43.82532],[-79.10043,43.82627],[-79.09769,43.83007],[-79.09101,43.83524],[-79.09037,43.83519],[-79.08849,43.8303],[-79.08742,43.82868],[-79.0832,43.82962],[-79.08384,43.83107],[-79.08455,43.83099]]}},{"type":"Feature","properties":{"route":"41","name":"Hamilton / Pickering","dir":"1","shape":"447284","trips":29,"toronto":true},"geometry":{"type":"LineString","coordinates":[[-79.08455,43.83099],[-79.08474,43.83059],[-79.08384,43.83107],[-79.0832,43.82962],[-79.08733,43.82882],[-79.08838,43.83036],[-79.08913,43.83309],[-79.09047,43.83581],[-79.09683,43.83096],[-79.09823,43.82948],[-79.10053,43.82614],[-79.10148,43.82532],[-79.10299,43.8246],[-79.10633,43.82386],[-79.11104,43.82221],[-79.11129,43.82204],[-79.11009,43.82108],[-79.11015,43.82043],[-79.11403,43.81735],[-79.12232,43.81202],[-79.13984,43.80174],[-79.14471,43.7981],[-79.14868,43.79636],[-79.15263,43.79269],[-79.17014,43.78142],[-79.1813,43.78341],[-79.18491,43.78496],[-79.18547,43.78418],[-79.18471,43.78486],[-79.18491,43.78496],[-79.1855,43.78524],[-79.18786,43.78638],[-79.18832,43.78658],[-79.19042,43.7878],[-79.19434,43.78928],[-79.19575,43.79253],[-79.19698,43.79658],[-79.19703,43.7969],[-79.19706,43.797],[-79.19716,43.79739],[-79.19716,43.79754],[-79.19672,43.7979],[-79.19608,43.79773],[-79.19607,43.79723],[-79.19656,43.797],[-79.19703,43.7969],[-79.19726,43.79685],[-79.19791,43.79668],[-79.2171,43.79366],[-79.2212,43.79203],[-79.22761,43.78847],[-79.23223,43.78693],[-79.23282,43.78684],[-79.23346,43.78687],[-79.23595,43.78748],[-79.23695,43.78957],[-79.23416,43.79014],[-79.23331,43.78818],[-79.23292,43.78711],[-79.23282,43.78684],[-79.23266,43.78642],[-79.23237,43.7856],[-79.23206,43.78488],[-79.23184,43.78388],[-79.2298,43.7843],[-79.22881,43.78498],[-79.22977,43.78645],[-79.23152,43.78573],[-79.23163,43.78539],[-79.23088,43.78414],[-79.23184,43.78395],[-79.23184,43.78388],[-79.23184,43.78377],[-79.23186,43.78365],[-79.23181,43.78357],[-79.23201,43.78312],[-79.23342,43.78199],[-79.23494,43.78153],[-79.23919,43.78066],[-79.24161,43.78059],[-79.24384,43.78015],[-79.24428,43.78076],[-79.24507,43.78093],[-79.25409,43.77914],[-79.25546,43.77858],[-79.25696,43.77892],[-79.26037,43.77822],[-79.26126,43.77753],[-79.26191,43.77586],[-79.26239,43.77555],[-79.2627,43.77544],[-79.26299,43.77536],[-79.26309,43.77534],[-79.26317,43.77533],[-79.26326,43.77531],[-79.26239,43.77333],[-79.26104,43.77363],[-79.26088,43.77486],[-79.26139,43.77552],[-79.26191,43.77586],[-79.26309,43.77534],[-79.26344,43.77629],[-79.26448,43.77879],[-79.26478,43.77958],[-79.26482,43.77968],[-79.26485,43.77973],[-79.26491,43.78043],[-79.2644,43.78071],[-79.26385,43.7805],[-79.26389,43.78002],[-79.26427,43.77981],[-79.26442,43.77977],[-79.26482,43.77968],[-79.26495,43.77966],[-79.26559,43.77946],[-79.30933,43.76946],[-79.31498,43.76862],[-79.31736,43.76884],[-79.31912,43.76973],[-79.32025,43.76953],[-79.32144,43.77197],[-79.32395,43.77154],[-79.32517,43.77087],[-79.3309,43.7705],[-79.33138,43.77099],[-79.3321,43.77344],[-79.33121,43.77519],[-79.33768,43.77589],[-79.33764,43.77703],[-79.33948,43.77817],[-79.34023,43.78043],[-79.34673,43.80947],[-79.34764,43.81079],[-79.34871,43.81167],[-79.35576,43.81478],[-79.3577,43.81604],[-79.35919,43.81765],[-79.3642,43.82927],[-79.36567,43.83583],[-79.36652,43.83732],[-79.3678,43.83841],[-79.36975,43.83917],[-79.37192,43.83931],[-79.38162,43.83719],[-79.39054,43.83687],[-79.39524,43.8371],[-79.40981,43.83876],[-79.41305,43.83884],[-79.41812,43.83831],[-79.42494,43.83637],[-79.42905,43.83646],[-79.42934,43.83913],[-79.42762,43.83942],[-79.42654,43.83917],[-79.42648,43.83928],[-79.42614,43.83972],[-79.42605,43.84021],[-79.42593,43.84033],[-79.42587,43.84038],[-79.4256,43.84047],[-79.42511,43.84001],[-79.42515,43.83951],[-79.42597,43.84029],[-79.42614,43.83972],[-79.42618,43.83966],[-79.42648,43.83928],[-79.42753,43.83952],[-79.4298,43.83927],[-79.42944,43.83748],[-79.42963,43.83512],[-79.43062,43.834],[-79.43245,43.83312],[-79.43458,43.83235],[-79.44778,43.82909],[-79.46319,43.82559],[-79.46921,43.82329],[-79.47447,43.82048],[-79.47771,43.81762],[-79.4794,43.81486],[-79.47994,43.81293],[-79.48055,43.80608],[-79.48125,43.80393],[-79.48255,43.80155],[-79.48438,43.79936],[-79.48635,43.79765],[-79.49191,43.79444],[-79.49682,43.79274],[-79.51504,43.78831],[-79.52042,43.78735],[-79.52183,43.78714],[-79.52357,43.78691],[-79.52377,43.78688],[-79.5223,43.78388],[-79.52346,43.78332],[-79.52284,43.78226],[-79.52321,43.7822],[-79.52394,43.78305],[-79.52569,43.78292],[-79.52365,43.78343],[-79.52346,43.78332],[-79.52266,43.78196],[-79.52165,43.78222],[-79.52182,43.78315],[-79.52357,43.78691],[-79.52723,43.78642],[-79.5305,43.78496],[-79.53409,43.78399],[-79.55749,43.77896],[-79.5635,43.77706],[-79.58463,43.7684],[-79.60185,43.76226],[-79.60916,43.76014],[-79.6359,43.75366],[-79.63986,43.7516],[-79.64764,43.74491],[-79.65133,43.74219],[-79.6702,43.73066],[-79.67285,43.72827],[-79.6748,43.72498],[-79.67532,43.72288],[-79.67571,43.7147],[-79.67627,43.71217],[-79.67766,43.70927],[-79.68215,43.70276],[-79.68522,43.70102],[-79.68812,43.70318],[-79.68911,43.70238],[-79.69207,43.70178],[-79.69307,43.70262],[-79.69635,43.69924],[-79.70046,43.69597],[-79.70939,43.68789],[-79.71045,43.68688],[-79.71181,43.68566],[-79.71192,43.68554],[-79.712,43.68545],[-79.71286,43.68507],[-79.71349,43.68538],[-79.71323,43.68593],[-79.71231,43.6858],[-79.7118,43.68546],[-79.71053,43.68454],[-79.70864,43.68252],[-79.7073,43.6803],[-79.70354,43.67219],[-79.70087,43.66914],[-79.63934,43.62322],[-79.63447,43.61994],[-79.63312,43.61844],[-79.63217,43.61655],[-79.63193,43.61494],[-79.63236,43.61309],[-79.63376,43.61101],[-79.64029,43.60486],[-79.6427,43.60299],[-79.6452,43.60243],[-79.64617,43.60182],[-79.6425,43.59885],[-79.6471,43.59431],[-79.64928,43.59557],[-79.65754,43.58764],[-79.65884,43.58622],[-79.6591,43.58525],[-79.6596,43.58537],[-79.66015,43.58578],[-79.66034,43.58591],[-79.66047,43.586],[-79.66056,43.58606],[-79.66092,43.58645],[-79.66119,43.58696],[-79.66102,43.58738],[-79.66003,43.58748],[-79.65973,43.58689],[-79.65984,43.58669],[-79.66012,43.58637],[-79.66047,43.586],[-79.66056,43.58592],[-79.66071,43.5857],[-79.67027,43.5766],[-79.67815,43.56741],[-79.68121,43.56444],[-79.68469,43.56176],[-79.69384,43.55629],[-79.695,43.55588],[-79.69809,43.55562],[-79.70029,43.55377],[-79.70018,43.55366],[-79.69933,43.55309],[-79.69935,43.55291],[-79.70177,43.55112],[-79.70164,43.55102],[-79.69935,43.55291],[-79.70018,43.55366],[-79.6988,43.5549],[-79.69804,43.55409],[-79.69846,43.55316],[-79.71679,43.53708],[-79.72636,43.52723],[-79.73117,43.52417],[-79.73532,43.51956],[-79.74314,43.513],[-79.74604,43.51096],[-79.74858,43.51055],[-79.74947,43.51008],[-79.74952,43.51001],[-79.7484,43.50916],[-79.74811,43.50894],[-79.74785,43.50874],[-79.74768,43.5086],[-79.74561,43.50707],[-79.74539,43.50616],[-79.74468,43.50574],[-79.74428,43.506],[-79.74419,43.50613],[-79.74743,43.50854],[-79.74751,43.50867],[-79.74765,43.50876],[-79.748,43.50905],[-79.74818,43.50919],[-79.7483,43.50931],[-79.74853,43.51022],[-79.74768,43.51037],[-79.74739,43.50976],[-79.74756,43.5095],[-79.748,43.50905],[-79.74811,43.50894],[-79.74815,43.50891],[-79.74845,43.50859],[-79.74864,43.50836],[-79.75562,43.50237],[-79.7578,43.49958],[-79.75915,43.49667],[-79.76077,43.49017],[-79.76237,43.48753],[-79.76456,43.48553],[-79.77806,43.47566],[-79.78176,43.47193],[-79.78366,43.46898],[-79.78487,43.46604],[-79.78673,43.45448],[-79.78789,43.45027],[-79.7892,43.448],[-79.79256,43.44597],[-79.79231,43.44565],[-79.79202,43.44577],[-79.79211,43.44615],[-79.79162,43.44647],[-79.79091,43.4457],[-79.79078,43.44501],[-79.79338,43.44015],[-79.79845,43.43456],[-79.82634,43.41007],[-79.83012,43.40536],[-79.83276,43.40011],[-79.83409,43.39438],[-79.8341,43.38563],[-79.8346,43.38467],[-79.83577,43.38366],[-79.83569,43.38296],[-79.83473,43.38227],[-79.83383,43.38312],[-79.8336,43.38333],[-79.83173,43.38511],[-79.83171,43.38519],[-79.83046,43.38635],[-79.82715,43.38916],[-79.8273,43.38927],[-79.82804,43.38975],[-79.82896,43.38967],[-79.82807,43.38911],[-79.82922,43.38818],[-79.83005,43.38876],[-79.82905,43.38964],[-79.82863,43.38978],[-79.82831,43.38981],[-79.82804,43.38975],[-79.8273,43.38927],[-79.83376,43.38335],[-79.83392,43.38327],[-79.83422,43.38304],[-79.83453,43.38287],[-79.83488,43.3828],[-79.83557,43.38333],[-79.83525,43.38372],[-79.83462,43.38376],[-79.83407,43.38346],[-79.83396,43.38334],[-79.83392,43.38327],[-79.83388,43.38323],[-79.83383,43.38312],[-79.83381,43.38308],[-79.83375,43.38294],[-79.83259,43.37249],[-79.83113,43.34072],[-79.83182,43.33804],[-79.83352,43.33609],[-79.83858,43.33273],[-79.86195,43.31052],[-79.86917,43.30531],[-79.88109,43.298],[-79.89199,43.29411],[-79.8963,43.29014],[-79.89724,43.2882],[-79.89698,43.28617],[-79.89606,43.2849],[-79.89278,43.28182],[-79.89225,43.28035],[-79.893,43.27626],[-79.8926,43.27107],[-79.89333,43.26249],[-79.89401,43.26079],[-79.89427,43.26051],[-79.89439,43.26038],[-79.89483,43.26],[-79.89576,43.25947],[-79.90168,43.258],[-79.90638,43.25635],[-79.90725,43.25688],[-79.90697,43.25824],[-79.907,43.25837],[-79.90703,43.25843],[-79.90707,43.25852],[-79.90769,43.25843],[-79.91139,43.25802],[-79.92173,43.25795],[-79.92311,43.25935],[-79.92336,43.26232],[-79.92306,43.26242],[-79.92315,43.2614],[-79.92274,43.26143],[-79.92266,43.2618],[-79.92306,43.2621],[-79.92306,43.26241],[-79.92331,43.26336],[-79.92559,43.26321],[-79.92528,43.26267],[-79.92395,43.26256],[-79.92322,43.25923],[-79.92224,43.25763],[-79.91161,43.25793],[-79.91139,43.25802],[-79.91048,43.25813],[-79.90769,43.25843],[-79.90752,43.25838],[-79.90703,43.25843],[-79.90652,43.25849],[-79.9062,43.2586],[-79.90617,43.25851],[-79.90023,43.25939],[-79.89667,43.26025],[-79.89458,43.26048],[-79.89427,43.26051],[-79.89347,43.26059],[-79.89246,43.26061],[-79.86965,43.25536],[-79.87063,43.25312],[-79.87008,43.2531]]}},{"type":"Feature","properties":{"route":"43","name":"Mount Pleasant / McMaster","dir":"0","shape":"447288","trips":10,"toronto":false},"geometry":{"type":"LineString","coordinates":[[-79.92266,43.2618],[-79.92306,43.2621],[-79.92333,43.26339],[-79.92559,43.26321],[-79.92528,43.26267],[-79.92395,43.26256],[-79.92322,43.25923],[-79.92224,43.25763],[-79.9117,43.25792],[-79.90769,43.25843],[-79.90709,43.25814],[-79.90754,43.25613],[-79.90629,43.2554],[-79.90525,43.25563],[-79.90228,43.25765],[-79.89632,43.25905],[-79.89436,43.2601],[-79.89311,43.26212],[-79.89235,43.27031],[-79.89273,43.27631],[-79.89201,43.2803],[-79.89272,43.28211],[-79.89604,43.28527],[-79.89678,43.28636],[-79.89699,43.28829],[-79.89619,43.28991],[-79.88936,43.29481],[-79.88242,43.29713],[-79.88041,43.29809],[-79.86871,43.30531],[-79.86226,43.30996],[-79.83865,43.33234],[-79.83349,43.33579],[-79.83204,43.33713],[-79.83121,43.33863],[-79.83092,43.3404],[-79.83287,43.38117],[-79.83246,43.38224],[-79.8311,43.38353],[-79.83125,43.38416],[-79.83211,43.38475],[-79.82715,43.38916],[-79.8273,43.38927],[-79.82804,43.38975],[-79.82896,43.38967],[-79.82807,43.38911],[-79.82922,43.38818],[-79.83005,43.38876],[-79.8291,43.38961],[-79.82905,43.38964],[-79.82872,43.38976],[-79.82831,43.38981],[-79.82804,43.38975],[-79.8273,43.38927],[-79.83129,43.38587],[-79.83243,43.3858],[-79.83314,43.38643],[-79.83397,43.39095],[-79.83383,43.39464],[-79.83294,43.39883],[-79.83092,43.4036],[-79.82856,43.4072],[-79.82492,43.41121],[-79.79724,43.43542],[-79.79451,43.43835],[-79.79074,43.44363],[-79.7878,43.44979],[-79.78642,43.45489],[-79.78477,43.46556],[-79.78357,43.4687],[-79.78175,43.4716],[-79.77818,43.47532],[-79.76268,43.48691],[-79.76052,43.49007],[-79.75871,43.49728],[-79.75741,43.49976],[-79.75606,43.50156],[-79.75307,43.50431],[-79.74957,43.50674],[-79.74729,43.50712],[-79.74641,43.50766],[-79.74561,43.50707],[-79.74539,43.50616],[-79.74468,43.50574],[-79.74435,43.50593],[-79.74419,43.50613],[-79.74652,43.50816],[-79.74648,43.50929],[-79.74169,43.51397],[-79.73092,43.52298],[-79.72975,43.52445],[-79.72922,43.52578],[-79.72914,43.52736],[-79.72945,43.52858],[-79.73115,43.5309],[-79.74226,43.537],[-79.74638,43.5396],[-79.75596,43.54661],[-79.76254,43.55226],[-79.77004,43.5569],[-79.78457,43.56752],[-79.78732,43.57001],[-79.78782,43.57198],[-79.78864,43.57266],[-79.7825,43.57847],[-79.77133,43.58783],[-79.77077,43.58783],[-79.76367,43.58274],[-79.76071,43.58478],[-79.75745,43.58736],[-79.75626,43.58903],[-79.75601,43.58989],[-79.75594,43.59333],[-79.75608,43.59333],[-79.7561,43.59533],[-79.75602,43.59612],[-79.75545,43.59738],[-79.75451,43.5975],[-79.75522,43.59788],[-79.75599,43.59622],[-79.75602,43.59612],[-79.75605,43.59588],[-79.7561,43.59533],[-79.75091,43.59488],[-79.74323,43.59083],[-79.74106,43.59015],[-79.73878,43.59694],[-79.73879,43.59836],[-79.74023,43.60139],[-79.74643,43.60574],[-79.76247,43.61799],[-79.76863,43.62208],[-79.79263,43.63963],[-79.80075,43.6457],[-79.80217,43.64735],[-79.81418,43.6556],[-79.82927,43.66676],[-79.8293,43.66729],[-79.82658,43.66977],[-79.82367,43.67229],[-79.82223,43.67312],[-79.82311,43.67429],[-79.82169,43.67471],[-79.82212,43.67501]]}},{"type":"Feature","properties":{"route":"43","name":"Mount Pleasant / McMaster","dir":"1","shape":"447287","trips":10,"toronto":false},"geometry":{"type":"LineString","coordinates":[[-79.82212,43.67501],[-79.82314,43.67444],[-79.82245,43.67318],[-79.82407,43.67219],[-79.82959,43.66703],[-79.81823,43.65834],[-79.80452,43.64847],[-79.80253,43.64734],[-79.80016,43.64522],[-79.77849,43.62928],[-79.77553,43.62679],[-79.76819,43.62151],[-79.76258,43.61792],[-79.75085,43.60878],[-79.7417,43.60223],[-79.74004,43.60051],[-79.73916,43.59869],[-79.73904,43.59647],[-79.74131,43.59042],[-79.74323,43.59083],[-79.75091,43.59488],[-79.7561,43.59533],[-79.75545,43.59738],[-79.75451,43.5975],[-79.75522,43.59788],[-79.75594,43.59637],[-79.75605,43.59588],[-79.7561,43.59533],[-79.75607,43.59276],[-79.75616,43.59276],[-79.75601,43.59021],[-79.75613,43.58944],[-79.75675,43.58814],[-79.75795,43.58697],[-79.76365,43.58288],[-79.77115,43.5882],[-79.77639,43.58407],[-79.78019,43.58033],[-79.7845,43.57681],[-79.78648,43.57477],[-79.78684,43.57453],[-79.78678,43.57449],[-79.78871,43.57273],[-79.78982,43.57176],[-79.79018,43.57146],[-79.79051,43.57117],[-79.79137,43.57102],[-79.79182,43.57138],[-79.79169,43.57175],[-79.79103,43.5719],[-79.79067,43.57176],[-79.79018,43.57146],[-79.78961,43.57108],[-79.78934,43.57093],[-79.77081,43.55705],[-79.76261,43.55191],[-79.75604,43.54626],[-79.74587,43.53884],[-79.73158,43.53093],[-79.73049,43.52988],[-79.7297,43.52857],[-79.72937,43.52719],[-79.72946,43.52587],[-79.73008,43.52438],[-79.73114,43.52309],[-79.74314,43.513],[-79.74604,43.51096],[-79.74858,43.51055],[-79.74947,43.51008],[-79.74952,43.51001],[-79.7484,43.50916],[-79.74811,43.50894],[-79.74785,43.50874],[-79.74768,43.5086],[-79.74561,43.50707],[-79.74539,43.50616],[-79.74468,43.50574],[-79.74428,43.506],[-79.74419,43.50613],[-79.74743,43.50854],[-79.74751,43.50867],[-79.74765,43.50876],[-79.748,43.50905],[-79.74818,43.50919],[-79.7483,43.50931],[-79.74853,43.51022],[-79.74768,43.51037],[-79.74739,43.50976],[-79.74756,43.5095],[-79.748,43.50905],[-79.74811,43.50894],[-79.74815,43.50891],[-79.74845,43.50859],[-79.74864,43.50836],[-79.75562,43.50237],[-79.7578,43.49958],[-79.75915,43.49667],[-79.76077,43.49017],[-79.76237,43.48753],[-79.76456,43.48553],[-79.77806,43.47566],[-79.78176,43.47193],[-79.78366,43.46898],[-79.78487,43.46604],[-79.78681,43.45407],[-79.78858,43.44835],[-79.79157,43.44267],[-79.79513,43.43796],[-79.79913,43.43394],[-79.82555,43.41085],[-79.82898,43.40701],[-79.83102,43.40387],[-79.83276,43.40011],[-79.83381,43.39643],[-79.83423,43.39259],[-79.83412,43.38551],[-79.83584,43.38341],[-79.83562,43.38288],[-79.83473,43.38227],[-79.83383,43.38312],[-79.8336,43.38333],[-79.83173,43.38511],[-79.83171,43.38519],[-79.83046,43.38635],[-79.82715,43.38916],[-79.8273,43.38927],[-79.82804,43.38975],[-79.82896,43.38967],[-79.82807,43.38911],[-79.82922,43.38818],[-79.83005,43.38876],[-79.82905,43.38964],[-79.82863,43.38978],[-79.82831,43.38981],[-79.82804,43.38975],[-79.8273,43.38927],[-79.83376,43.38335],[-79.83392,43.38327],[-79.83422,43.38304],[-79.83453,43.38287],[-79.83488,43.3828],[-79.83557,43.38333],[-79.83525,43.38372],[-79.83462,43.38376],[-79.83407,43.38346],[-79.83396,43.38334],[-79.83392,43.38327],[-79.83388,43.38323],[-79.83383,43.38312],[-79.83381,43.38308],[-79.83375,43.38294],[-79.83259,43.37249],[-79.83112,43.34044],[-79.83142,43.33893],[-79.8322,43.33745],[-79.83371,43.33594],[-79.83858,43.33273],[-79.86195,43.31052],[-79.86917,43.30531],[-79.88109,43.298],[-79.89199,43.29411],[-79.8963,43.29014],[-79.89724,43.2882],[-79.89698,43.28617],[-79.89606,43.2849],[-79.89278,43.28182],[-79.89225,43.28035],[-79.893,43.27626],[-79.8926,43.27107],[-79.89333,43.26249],[-79.8937,43.26126],[-79.89471,43.2601],[-79.89589,43.25943],[-79.90168,43.258],[-79.90632,43.25634],[-79.90725,43.25688],[-79.90707,43.25852],[-79.91139,43.25802],[-79.92173,43.25795],[-79.92311,43.25935],[-79.92336,43.26232],[-79.92306,43.26242],[-79.92315,43.2614],[-79.92274,43.26143],[-79.92266,43.2618]]}},{"type":"Feature","properties":{"route":"47","name":"Hamilton / Hwy 407 Terminal","dir":"0","shape":"447292","trips":17,"toronto":false},"geometry":{"type":"LineString","coordinates":[[-79.92266,43.2618],[-79.92306,43.2621],[-79.92333,43.26339],[-79.92559,43.26321],[-79.92528,43.26267],[-79.92395,43.26256],[-79.92322,43.25923],[-79.92224,43.25763],[-79.9117,43.25792],[-79.90769,43.25843],[-79.90709,43.25814],[-79.90754,43.25613],[-79.90629,43.2554],[-79.90525,43.25563],[-79.90228,43.25765],[-79.89632,43.25905],[-79.89436,43.2601],[-79.89311,43.26212],[-79.89235,43.27031],[-79.89273,43.27631],[-79.89201,43.2803],[-79.89272,43.28211],[-79.89604,43.28527],[-79.89678,43.28636],[-79.89699,43.28829],[-79.89619,43.28991],[-79.88936,43.29481],[-79.88242,43.29713],[-79.88041,43.29809],[-79.86871,43.30531],[-79.86226,43.30996],[-79.83865,43.33234],[-79.83328,43.33594],[-79.8318,43.33748],[-79.83092,43.3401],[-79.83146,43.35556],[-79.83236,43.37232],[-79.83399,43.39194],[-79.83358,43.39633],[-79.83241,43.40032],[-79.82985,43.40536],[-79.82659,43.40951],[-79.79724,43.43542],[-79.79256,43.44085],[-79.78921,43.44642],[-79.78755,43.45049],[-79.78642,43.45489],[-79.78477,43.46556],[-79.78357,43.4687],[-79.78156,43.47186],[-79.77818,43.47532],[-79.76415,43.48561],[-79.762,43.48768],[-79.76025,43.49083],[-79.75915,43.4959],[-79.75825,43.49834],[-79.75525,43.50242],[-79.73629,43.5185],[-79.73076,43.52282],[-79.72437,43.52874],[-79.71625,43.53726],[-79.69742,43.55329],[-79.68413,43.56185],[-79.68055,43.56477],[-79.67794,43.56733],[-79.66996,43.57649],[-79.6623,43.58333],[-79.65927,43.58442],[-79.65789,43.58726],[-79.64911,43.59546],[-79.6471,43.59431],[-79.64394,43.59727],[-79.64314,43.59783],[-79.64172,43.59867],[-79.64164,43.59872],[-79.64116,43.59898],[-79.6401,43.59884],[-79.63992,43.59819],[-79.64079,43.59813],[-79.64109,43.5983],[-79.64164,43.59872],[-79.64169,43.59876],[-79.6432,43.59986],[-79.6436,43.60043],[-79.64355,43.60096],[-79.64035,43.60441],[-79.63331,43.61104],[-79.63223,43.61254],[-79.63164,43.61457],[-79.63184,43.61653],[-79.63289,43.6186],[-79.63472,43.62059],[-79.64879,43.63148],[-79.65366,43.6359],[-79.66121,43.63995],[-79.70136,43.67016],[-79.70294,43.67217],[-79.70689,43.68069],[-79.70927,43.68438],[-79.70951,43.68623],[-79.71033,43.68681],[-79.70117,43.69511],[-79.69647,43.69892],[-79.69293,43.70255],[-79.6926,43.70235],[-79.6932,43.70155],[-79.69298,43.70157],[-79.69229,43.70172],[-79.69207,43.70178],[-79.68935,43.70234],[-79.68841,43.70247],[-79.68818,43.7026],[-79.68829,43.7027],[-79.68905,43.70239],[-79.68935,43.70234],[-79.69008,43.70219],[-79.69011,43.70227],[-79.69207,43.70178],[-79.6926,43.70235],[-79.69322,43.70156],[-79.6932,43.70155],[-79.69316,43.70155],[-79.69298,43.70157],[-79.69207,43.70178],[-79.68935,43.70234],[-79.68911,43.70238],[-79.68822,43.70311],[-79.68411,43.70008],[-79.68346,43.69959],[-79.6834,43.69954],[-79.68306,43.69929],[-79.6826,43.69879],[-79.68264,43.69835],[-79.68323,43.69818],[-79.68371,43.6985],[-79.68371,43.69887],[-79.68359,43.69915],[-79.6834,43.69954],[-79.68332,43.69966],[-79.68317,43.70002],[-79.67706,43.70949],[-79.67583,43.71211],[-79.67529,43.71453],[-79.67473,43.72362],[-79.67382,43.72613],[-79.67244,43.72811],[-79.66916,43.73089],[-79.65023,43.74253],[-79.64664,43.74524],[-79.64021,43.75086],[-79.63744,43.75264],[-79.63433,43.7538],[-79.60918,43.75977],[-79.60157,43.76197],[-79.58387,43.76835],[-79.56296,43.77684],[-79.55669,43.7788],[-79.53163,43.78397],[-79.52413,43.78422],[-79.52263,43.78454],[-79.5223,43.78388],[-79.52314,43.78366],[-79.5234,43.78305]]}},{"type":"Feature","properties":{"route":"47","name":"Hamilton / Hwy 407 Terminal","dir":"1","shape":"447289","trips":21,"toronto":false},"geometry":{"type":"LineString","coordinates":[[-79.70037,43.55223],[-79.70174,43.55108],[-79.69935,43.55291],[-79.70018,43.55366],[-79.6988,43.5549],[-79.69853,43.55478],[-79.69802,43.55398],[-79.69846,43.55316],[-79.71679,43.53708],[-79.7266,43.52703],[-79.73117,43.52417],[-79.73532,43.51956],[-79.74314,43.513],[-79.74604,43.51096],[-79.74858,43.51055],[-79.74947,43.51008],[-79.74952,43.51001],[-79.7484,43.50916],[-79.74811,43.50894],[-79.74785,43.50874],[-79.74768,43.5086],[-79.74561,43.50707],[-79.74539,43.50616],[-79.74468,43.50574],[-79.74428,43.506],[-79.74419,43.50613],[-79.74743,43.50854],[-79.74751,43.50867],[-79.74765,43.50876],[-79.748,43.50905],[-79.74818,43.50919],[-79.7483,43.50931],[-79.74853,43.51022],[-79.74768,43.51037],[-79.74739,43.50976],[-79.74756,43.5095],[-79.748,43.50905],[-79.74811,43.50894],[-79.74815,43.50891],[-79.74845,43.50859],[-79.74864,43.50836],[-79.75562,43.50237],[-79.7578,43.49958],[-79.75915,43.49667],[-79.76077,43.49017],[-79.76237,43.48753],[-79.76456,43.48553],[-79.77843,43.47537],[-79.78102,43.47282],[-79.78289,43.47031],[-79.7841,43.46808],[-79.78503,43.46545],[-79.7865,43.45567],[-79.78789,43.45027],[-79.7892,43.448],[-79.79256,43.44597],[-79.79231,43.44565],[-79.79202,43.44577],[-79.79211,43.44615],[-79.79162,43.44647],[-79.79091,43.4457],[-79.79078,43.44501],[-79.79367,43.43974],[-79.79913,43.43394],[-79.82555,43.41085],[-79.82831,43.40786],[-79.83051,43.40475],[-79.83223,43.40144],[-79.83363,43.39722],[-79.83423,43.39259],[-79.83408,43.38574],[-79.83446,43.38485],[-79.83584,43.38341],[-79.83562,43.38288],[-79.83473,43.38227],[-79.83383,43.38312],[-79.8336,43.38333],[-79.83173,43.38511],[-79.83171,43.38519],[-79.83046,43.38635],[-79.82715,43.38916],[-79.8273,43.38927],[-79.82804,43.38975],[-79.82896,43.38967],[-79.82807,43.38911],[-79.82922,43.38818],[-79.83005,43.38876],[-79.82905,43.38964],[-79.82863,43.38978],[-79.82831,43.38981],[-79.82804,43.38975],[-79.8273,43.38927],[-79.83376,43.38335],[-79.83392,43.38327],[-79.83422,43.38304],[-79.83453,43.38287],[-79.83488,43.3828],[-79.83557,43.38333],[-79.83525,43.38372],[-79.83462,43.38376],[-79.83407,43.38346],[-79.83396,43.38334],[-79.83392,43.38327],[-79.83388,43.38323],[-79.83383,43.38312],[-79.83381,43.38308],[-79.83375,43.38294],[-79.83259,43.37249],[-79.83112,43.34044],[-79.83142,43.33893],[-79.8322,43.33745],[-79.83371,43.33594],[-79.83858,43.33273],[-79.86195,43.31052],[-79.86917,43.30531],[-79.88109,43.298],[-79.89199,43.29411],[-79.8963,43.29014],[-79.89724,43.2882],[-79.89698,43.28617],[-79.89606,43.2849],[-79.89278,43.28182],[-79.89225,43.28035],[-79.893,43.27626],[-79.8926,43.27107],[-79.89333,43.26249],[-79.8937,43.26126],[-79.89471,43.2601],[-79.89589,43.25943],[-79.90168,43.258],[-79.90632,43.25634],[-79.90725,43.25688],[-79.90707,43.25852],[-79.91139,43.25802],[-79.92173,43.25795],[-79.92311,43.25935],[-79.92336,43.26232],[-79.92306,43.26242],[-79.92315,43.2614],[-79.92274,43.26143],[-79.92266,43.2618]]}},{"type":"Feature","properties":{"route":"48","name":"Guelph / Hwy 407 Terminal","dir":"0","shape":"447300","trips":17,"toronto":false},"geometry":{"type":"LineString","coordinates":[[-80.22528,43.5294],[-80.22472,43.52908],[-80.22652,43.52771],[-80.22592,43.52719],[-80.22427,43.52638],[-80.21749,43.52442],[-80.20827,43.51993],[-80.19803,43.51269],[-80.19644,43.51084],[-80.19434,43.50491],[-80.19159,43.50206],[-80.16069,43.4796],[-80.15403,43.47379],[-80.14986,43.47173],[-80.15002,43.47154],[-80.15002,43.47154],[-80.15002,43.47154],[-80.15002,43.47154],[-80.14986,43.47173],[-80.14474,43.46926],[-80.14149,43.46636],[-80.14176,43.4662],[-80.14176,43.4662],[-80.14176,43.4662],[-80.14176,43.4662],[-80.14149,43.46636],[-80.13539,43.46101],[-80.13468,43.4615],[-80.13446,43.46085],[-80.13353,43.46038],[-80.1337,43.4609],[-80.13468,43.4615],[-80.13527,43.4611],[-80.13539,43.46101],[-80.13409,43.45998],[-80.12695,43.45484],[-80.12558,43.45389],[-80.12435,43.45313],[-80.12405,43.45294],[-80.12368,43.4525],[-80.12389,43.45192],[-80.12521,43.45181],[-80.12559,43.45234],[-80.12468,43.45296],[-80.12435,43.45313],[-80.12408,43.45325],[-80.11937,43.45539],[-80.11698,43.45629],[-80.0639,43.47119],[-80.0594,43.47193],[-80.04051,43.4727],[-80.03714,43.47308],[-80.00909,43.48066],[-80.00314,43.48276],[-79.98217,43.49404],[-79.97944,43.49474],[-79.96734,43.49588],[-79.96435,43.49661],[-79.96223,43.49763],[-79.96031,43.49918],[-79.95272,43.5089],[-79.95036,43.51131],[-79.9312,43.52331],[-79.92673,43.52446],[-79.90789,43.52667],[-79.90562,43.52634],[-79.90442,43.52653],[-79.90408,43.52667],[-79.90372,43.52691],[-79.90335,43.52719],[-79.90294,43.5275],[-79.90371,43.52811],[-79.90413,43.52799],[-79.90335,43.52719],[-79.90277,43.52762],[-79.90263,43.52778],[-79.90211,43.5291],[-79.90083,43.52993],[-79.88687,43.53626],[-79.88235,43.53749],[-79.86907,43.5395],[-79.86548,43.5406],[-79.86245,43.54201],[-79.85901,43.54443],[-79.81764,43.58153],[-79.81336,43.58474],[-79.81165,43.58512],[-79.80988,43.58496],[-79.80615,43.58291],[-79.793,43.57329],[-79.79235,43.57253],[-79.79198,43.57112],[-79.79112,43.57054],[-79.78633,43.57467],[-79.7825,43.57847],[-79.77133,43.58783],[-79.77077,43.58783],[-79.76367,43.58274],[-79.76071,43.58478],[-79.75745,43.58736],[-79.75626,43.58903],[-79.75601,43.58989],[-79.75594,43.59333],[-79.75608,43.59333],[-79.7561,43.59533],[-79.75602,43.59612],[-79.75545,43.59738],[-79.75451,43.5975],[-79.75522,43.59788],[-79.75599,43.59622],[-79.75602,43.59612],[-79.75605,43.59588],[-79.7561,43.59533],[-79.75091,43.59488],[-79.74323,43.59083],[-79.74106,43.59015],[-79.73878,43.59694],[-79.73879,43.59836],[-79.74023,43.60139],[-79.7593,43.61542],[-79.7605,43.61676],[-79.7605,43.6178],[-79.75705,43.62152],[-79.74944,43.62858],[-79.74284,43.63609],[-79.73471,43.64247],[-79.71852,43.65143],[-79.71623,43.65183],[-79.71509,43.65253],[-79.71181,43.65008],[-79.70959,43.65188],[-79.71023,43.65235],[-79.7129,43.65111],[-79.71488,43.65282],[-79.71507,43.65396],[-79.70391,43.66453],[-79.69851,43.67043],[-79.69518,43.67549],[-79.69182,43.68425],[-79.68927,43.68634],[-79.70048,43.6947],[-79.70086,43.69537],[-79.69647,43.69892],[-79.69293,43.70255],[-79.6926,43.70235],[-79.6932,43.70155],[-79.69298,43.70157],[-79.69229,43.70172],[-79.69207,43.70178],[-79.68935,43.70234],[-79.68841,43.70247],[-79.68818,43.7026],[-79.68829,43.7027],[-79.68905,43.70239],[-79.68935,43.70234],[-79.69008,43.70219],[-79.69011,43.70227],[-79.69207,43.70178],[-79.6926,43.70235],[-79.69322,43.70156],[-79.6932,43.70155],[-79.69316,43.70155],[-79.69298,43.70157],[-79.69207,43.70178],[-79.68935,43.70234],[-79.68911,43.70238],[-79.68822,43.70311],[-79.68411,43.70008],[-79.68346,43.69959],[-79.6834,43.69954],[-79.68306,43.69929],[-79.6826,43.69879],[-79.68264,43.69835],[-79.68323,43.69818],[-79.68371,43.6985],[-79.68371,43.69887],[-79.68359,43.69915],[-79.6834,43.69954],[-79.68332,43.69966],[-79.68317,43.70002],[-79.67706,43.70949],[-79.67597,43.71171],[-79.67529,43.71453],[-79.67465,43.72398],[-79.67334,43.72694],[-79.67135,43.72926],[-79.66893,43.73105],[-79.65097,43.74202],[-79.64664,43.74524],[-79.63967,43.75129],[-79.63564,43.75339],[-79.60319,43.76145],[-79.58387,43.76835],[-79.56296,43.77684],[-79.55669,43.7788],[-79.53163,43.78397],[-79.52413,43.78422],[-79.52263,43.78454],[-79.5223,43.78388],[-79.52314,43.78366],[-79.5234,43.78305]]}},{"type":"Feature","properties":{"route":"48","name":"Guelph / Hwy 407 Terminal","dir":"1","shape":"447301","trips":16,"toronto":false},"geometry":{"type":"LineString","coordinates":[[-79.52445,43.78308],[-79.52569,43.78292],[-79.52365,43.78343],[-79.52266,43.78196],[-79.52148,43.78227],[-79.52357,43.78691],[-79.52723,43.78642],[-79.5305,43.78496],[-79.53409,43.78399],[-79.55778,43.77889],[-79.5635,43.77706],[-79.58463,43.7684],[-79.60185,43.76226],[-79.60916,43.76014],[-79.63631,43.75351],[-79.64013,43.75139],[-79.64764,43.74491],[-79.65133,43.74219],[-79.66743,43.73245],[-79.67192,43.72924],[-79.67399,43.72664],[-79.67513,43.72386],[-79.67571,43.7147],[-79.67642,43.71176],[-79.67766,43.70927],[-79.68215,43.70276],[-79.68522,43.70102],[-79.68812,43.70318],[-79.68911,43.70238],[-79.69207,43.70178],[-79.69307,43.70262],[-79.69635,43.69924],[-79.70129,43.69512],[-79.69286,43.68867],[-79.69225,43.68787],[-79.69214,43.68677],[-79.69301,43.68292],[-79.6948,43.67746],[-79.69699,43.67336],[-79.69946,43.67002],[-79.70441,43.66464],[-79.71223,43.65749],[-79.71448,43.65591],[-79.71702,43.65535],[-79.71806,43.6547],[-79.71692,43.65387],[-79.71679,43.65378],[-79.71631,43.65342],[-79.71509,43.65253],[-79.71181,43.65008],[-79.70959,43.65188],[-79.71023,43.65235],[-79.7129,43.65111],[-79.71309,43.65123],[-79.71332,43.6514],[-79.71499,43.65262],[-79.71621,43.65352],[-79.71669,43.65387],[-79.71683,43.65397],[-79.71735,43.65458],[-79.71714,43.65508],[-79.71624,43.65503],[-79.71625,43.65432],[-79.71663,43.65393],[-79.71669,43.65387],[-79.71679,43.65378],[-79.71692,43.65367],[-79.71716,43.65337],[-79.72016,43.65105],[-79.72414,43.64852],[-79.73459,43.64299],[-79.74165,43.63768],[-79.7443,43.63507],[-79.75015,43.62833],[-79.75785,43.62127],[-79.76016,43.6197],[-79.76301,43.61959],[-79.76405,43.61895],[-79.75085,43.60878],[-79.74228,43.60267],[-79.74024,43.60077],[-79.73923,43.59894],[-79.739,43.5968],[-79.73937,43.59515],[-79.74131,43.59042],[-79.74323,43.59083],[-79.75091,43.59488],[-79.7561,43.59533],[-79.75545,43.59738],[-79.75451,43.5975],[-79.75522,43.59788],[-79.75594,43.59637],[-79.75605,43.59588],[-79.7561,43.59533],[-79.75607,43.59276],[-79.75616,43.59276],[-79.75601,43.59021],[-79.75613,43.58944],[-79.75675,43.58814],[-79.75795,43.58697],[-79.76365,43.58288],[-79.77115,43.5882],[-79.77639,43.58407],[-79.7878,43.57356],[-79.78911,43.57274],[-79.79002,43.57259],[-79.79495,43.57514],[-79.80625,43.58341],[-79.80892,43.58573],[-79.81,43.5878],[-79.81013,43.58843],[-79.81014,43.58854],[-79.81017,43.58908],[-79.8101,43.58984],[-79.80917,43.59206],[-79.80746,43.59356],[-79.8066,43.59362],[-79.80591,43.59309],[-79.80679,43.59152],[-79.80855,43.59002],[-79.80967,43.58895],[-79.81014,43.58854],[-79.81417,43.58491],[-79.81496,43.58423],[-79.85854,43.54513],[-79.86164,43.54272],[-79.86517,43.54091],[-79.86886,43.53972],[-79.8821,43.53768],[-79.88548,43.53689],[-79.90188,43.52983],[-79.90648,43.52958],[-79.90687,43.52908],[-79.90668,43.52893],[-79.90552,43.52803],[-79.90532,43.52789],[-79.90514,43.52773],[-79.90386,43.52682],[-79.90372,43.52691],[-79.90335,43.52719],[-79.90294,43.5275],[-79.90371,43.52811],[-79.90413,43.52799],[-79.90335,43.52719],[-79.90372,43.52691],[-79.90447,43.52743],[-79.90518,43.52795],[-79.90538,43.5281],[-79.90564,43.5283],[-79.90613,43.529],[-79.90543,43.52956],[-79.90431,43.52945],[-79.90411,43.52892],[-79.90509,43.52823],[-79.90538,43.5281],[-79.90552,43.52803],[-79.90572,43.52793],[-79.90649,43.52756],[-79.90838,43.52691],[-79.92754,43.52453],[-79.93137,43.52344],[-79.95024,43.51165],[-79.9527,43.50924],[-79.96036,43.49941],[-79.96219,43.49787],[-79.96446,43.49675],[-79.96745,43.49603],[-79.97972,43.49488],[-79.98185,43.49435],[-80.00494,43.48215],[-80.03505,43.47372],[-80.03999,43.4729],[-80.05898,43.47209],[-80.06321,43.47152],[-80.11593,43.45679],[-80.12146,43.45481],[-80.12612,43.45456],[-80.12701,43.45489],[-80.13373,43.45979],[-80.13323,43.4605],[-80.13468,43.4615],[-80.13527,43.4611],[-80.13685,43.4623],[-80.14474,43.46926],[-80.15398,43.4739],[-80.16069,43.4796],[-80.19212,43.50269],[-80.19407,43.50507],[-80.19676,43.51141],[-80.1997,43.5139],[-80.1995,43.51403],[-80.1995,43.51403],[-80.1995,43.51403],[-80.1995,43.51403],[-80.1997,43.5139],[-80.20334,43.51653],[-80.20312,43.51668],[-80.20312,43.51668],[-80.20312,43.51668],[-80.20312,43.51668],[-80.20334,43.51653],[-80.20716,43.51929],[-80.21312,43.52246],[-80.21784,43.52455],[-80.22518,43.52692],[-80.22643,43.52779],[-80.22427,43.52941],[-80.22549,43.5303],[-80.22594,43.52999],[-80.22528,43.5294]]}},{"type":"Feature","properties":{"route":"52","name":"Oshawa / Hwy 407 Terminal","dir":"0","shape":"447303","trips":3,"toronto":false},"geometry":{"type":"LineString","coordinates":[[-79.52445,43.78308],[-79.52569,43.78292],[-79.52365,43.78343],[-79.52266,43.78196],[-79.52148,43.78227],[-79.52201,43.78482],[-79.52149,43.78564],[-79.52051,43.78623],[-79.5135,43.78829],[-79.49458,43.79305],[-79.4888,43.79557],[-79.48455,43.79866],[-79.48174,43.80208],[-79.48014,43.80599],[-79.47953,43.81264],[-79.47902,43.81467],[-79.47728,43.8175],[-79.47422,43.82021],[-79.46793,43.82351],[-79.46034,43.82607],[-79.45016,43.82817],[-79.43534,43.83181],[-79.43216,43.83234],[-79.42817,43.83247],[-79.42852,43.83413],[-79.42905,43.83646],[-79.4294,43.83816],[-79.42941,43.83902],[-79.42787,43.83941],[-79.42654,43.83917],[-79.42648,43.83928],[-79.42614,43.83972],[-79.42605,43.84021],[-79.42593,43.84033],[-79.42587,43.84038],[-79.42562,43.84047],[-79.4251,43.83998],[-79.42506,43.83959],[-79.42531,43.83951],[-79.42597,43.84029],[-79.42614,43.83972],[-79.42618,43.83966],[-79.42648,43.83928],[-79.42753,43.83952],[-79.4298,43.83927],[-79.42978,43.83846],[-79.42965,43.83848],[-79.42883,43.83442],[-79.42876,43.8342],[-79.42872,43.83405],[-79.42868,43.83391],[-79.42882,43.83293],[-79.42969,43.83248],[-79.43034,43.83276],[-79.43015,43.83332],[-79.42918,43.83386],[-79.42872,43.83405],[-79.42852,43.83413],[-79.42684,43.83484],[-79.42657,43.83495],[-79.42459,43.83582],[-79.42022,43.83741],[-79.41582,43.8383],[-79.41022,43.83846],[-79.39251,43.83657],[-79.38165,43.83686],[-79.34061,43.84302],[-79.32797,43.84548],[-79.31373,43.8487],[-79.31077,43.84912],[-79.30775,43.84871],[-79.30686,43.84902],[-79.307,43.84936],[-79.30735,43.84986],[-79.30739,43.84993],[-79.30742,43.85],[-79.30747,43.8501],[-79.30758,43.85029],[-79.30762,43.85037],[-79.30789,43.85126],[-79.30746,43.85337],[-79.3076,43.85341],[-79.30826,43.8535],[-79.30854,43.85349],[-79.30857,43.85358],[-79.30857,43.85358],[-79.30857,43.85358],[-79.30857,43.85358],[-79.30854,43.85349],[-79.30863,43.85347],[-79.30879,43.85346],[-79.31114,43.85291],[-79.31228,43.85262],[-79.31353,43.8522],[-79.31439,43.85198],[-79.31453,43.85202],[-79.31436,43.85185],[-79.30879,43.85346],[-79.3076,43.85341],[-79.30805,43.85143],[-79.3079,43.85068],[-79.30777,43.85034],[-79.30771,43.85019],[-79.30763,43.85005],[-79.30758,43.84996],[-79.30745,43.84965],[-79.30741,43.84933],[-79.30792,43.84887],[-79.30857,43.849],[-79.30873,43.84949],[-79.30836,43.84979],[-79.30822,43.84985],[-79.30783,43.84997],[-79.30763,43.85005],[-79.30756,43.85007],[-79.30718,43.85021],[-79.28404,43.85556],[-79.26922,43.8586],[-79.25325,43.86476],[-79.24412,43.86767],[-79.23721,43.86923],[-79.23439,43.86879],[-79.23294,43.86905],[-79.23284,43.86909],[-79.23324,43.86997],[-79.2333,43.8702],[-79.23336,43.87047],[-79.23341,43.87076],[-79.23339,43.87274],[-79.23345,43.87281],[-79.23377,43.87447],[-79.23492,43.87913],[-79.23506,43.87979],[-79.23524,43.88069],[-79.23208,43.88155],[-79.23196,43.8811],[-79.23163,43.88115],[-79.23132,43.87998],[-79.23165,43.87993],[-79.23157,43.88009],[-79.23168,43.88008],[-79.23196,43.8811],[-79.23208,43.88155],[-79.23352,43.88116],[-79.23524,43.88069],[-79.23377,43.87447],[-79.23355,43.87346],[-79.23345,43.87281],[-79.23356,43.87101],[-79.2335,43.87023],[-79.23349,43.87015],[-79.23344,43.86988],[-79.23342,43.86971],[-79.23344,43.86939],[-79.23425,43.86896],[-79.23472,43.86924],[-79.23459,43.86975],[-79.23431,43.86989],[-79.23409,43.86997],[-79.23349,43.87015],[-79.23343,43.87016],[-79.2333,43.8702],[-79.23318,43.87022],[-79.23268,43.87039],[-79.20522,43.8763],[-79.20109,43.87754],[-79.19696,43.87949],[-79.19401,43.88154],[-79.19142,43.88403],[-79.18399,43.89285],[-79.18158,43.89482],[-79.17861,43.89646],[-79.17474,43.89783],[-79.10792,43.91331],[-79.10342,43.91467],[-79.10041,43.91618],[-79.09778,43.91817],[-79.08657,43.92929],[-79.08409,43.93121],[-79.0736,43.93636],[-79.06757,43.93861],[-79.02103,43.94953],[-79.01468,43.95051],[-78.98596,43.9513],[-78.98191,43.95089],[-78.96896,43.94805],[-78.96196,43.94747],[-78.95519,43.94781],[-78.94616,43.94924],[-78.94217,43.95033],[-78.93871,43.95175],[-78.91392,43.96672],[-78.91105,43.9683],[-78.90903,43.96896],[-78.90564,43.96921],[-78.89661,43.9488],[-78.8957,43.94761],[-78.89258,43.94539],[-78.89412,43.94405],[-78.89591,43.94329],[-78.89461,43.94355],[-78.89247,43.94532],[-78.88144,43.93774],[-78.88064,43.93684],[-78.86584,43.90252],[-78.86581,43.90181],[-78.86738,43.90132],[-78.86755,43.90096],[-78.86234,43.89005],[-78.88017,43.88607],[-78.87837,43.88218],[-78.87637,43.87674],[-78.87583,43.87582],[-78.87521,43.87494],[-78.87426,43.87555],[-78.87427,43.87629],[-78.87573,43.87586],[-78.87583,43.87582],[-78.8765,43.87558],[-78.87703,43.8754],[-78.8775,43.87526],[-78.88814,43.87279],[-78.88815,43.87205],[-78.88743,43.87049],[-78.88572,43.87103]]}},{"type":"Feature","properties":{"route":"52","name":"Oshawa / Hwy 407 Terminal","dir":"1","shape":"447302","trips":3,"toronto":false},"geometry":{"type":"LineString","coordinates":[[-78.88572,43.87103],[-78.88743,43.87049],[-78.88815,43.87205],[-78.88814,43.87279],[-78.87826,43.87506],[-78.87703,43.8754],[-78.87583,43.87582],[-78.87573,43.87586],[-78.87558,43.8759],[-78.87535,43.87595],[-78.87506,43.87606],[-78.87438,43.87605],[-78.87426,43.87555],[-78.87509,43.87498],[-78.87515,43.87509],[-78.8756,43.87567],[-78.87573,43.87586],[-78.8758,43.87599],[-78.88017,43.88607],[-78.86036,43.89051],[-78.86755,43.90639],[-78.87103,43.91434],[-78.87126,43.91551],[-78.88076,43.93702],[-78.88144,43.93774],[-78.89064,43.94424],[-78.89247,43.94548],[-78.89412,43.94405],[-78.89591,43.94329],[-78.89461,43.94355],[-78.89236,43.94541],[-78.89247,43.94548],[-78.89264,43.94561],[-78.8934,43.94613],[-78.89433,43.94677],[-78.89447,43.94687],[-78.89504,43.94726],[-78.8955,43.9476],[-78.8967,43.94915],[-78.90293,43.96364],[-78.90303,43.96362],[-78.90497,43.96804],[-78.90611,43.97024],[-78.9063,43.97066],[-78.90646,43.97104],[-78.90652,43.97117],[-78.90657,43.97212],[-78.90604,43.97251],[-78.90523,43.97221],[-78.90557,43.97151],[-78.90617,43.97116],[-78.90646,43.97104],[-78.90651,43.97102],[-78.9085,43.97008],[-78.91169,43.96846],[-78.91444,43.96691],[-78.938,43.95258],[-78.94102,43.95117],[-78.94609,43.94965],[-78.9561,43.9481],[-78.96207,43.94785],[-78.97051,43.94871],[-78.98127,43.95114],[-78.98527,43.95166],[-79.01463,43.95087],[-79.02196,43.94971],[-79.06818,43.93877],[-79.07289,43.93704],[-79.08381,43.93182],[-79.08691,43.92951],[-79.09896,43.91775],[-79.10129,43.91617],[-79.10415,43.91479],[-79.10821,43.91353],[-79.17746,43.89732],[-79.18076,43.89577],[-79.18385,43.89351],[-79.19216,43.88383],[-79.19492,43.88131],[-79.19934,43.87865],[-79.20452,43.87683],[-79.22657,43.87205],[-79.2302,43.87167],[-79.23338,43.87232],[-79.23339,43.87274],[-79.23345,43.87281],[-79.23355,43.87346],[-79.23377,43.87447],[-79.23492,43.87913],[-79.23506,43.87979],[-79.23524,43.88069],[-79.23208,43.88155],[-79.23196,43.8811],[-79.23163,43.88115],[-79.23132,43.87998],[-79.23165,43.87993],[-79.23157,43.88009],[-79.23168,43.88007],[-79.23196,43.8811],[-79.23208,43.88155],[-79.23352,43.88116],[-79.23524,43.88069],[-79.23492,43.87913],[-79.23355,43.87346],[-79.2338,43.87182],[-79.23466,43.87091],[-79.25189,43.86562],[-79.26622,43.85997],[-79.27084,43.85853],[-79.30389,43.8515],[-79.30792,43.85195],[-79.30746,43.85337],[-79.3076,43.85341],[-79.30826,43.8535],[-79.30854,43.85349],[-79.30857,43.85358],[-79.30857,43.85358],[-79.30857,43.85358],[-79.30857,43.85358],[-79.30854,43.85349],[-79.30863,43.85347],[-79.30879,43.85346],[-79.31114,43.85291],[-79.31228,43.85262],[-79.31353,43.8522],[-79.31439,43.85198],[-79.31453,43.85202],[-79.31436,43.85185],[-79.30879,43.85346],[-79.3076,43.85341],[-79.30816,43.85114],[-79.30896,43.85044],[-79.32484,43.8465],[-79.3414,43.84323],[-79.38162,43.83719],[-79.39262,43.83693],[-79.41246,43.83885],[-79.41812,43.83831],[-79.42494,43.83637],[-79.42905,43.83646],[-79.42931,43.83916],[-79.42762,43.83942],[-79.42654,43.83917],[-79.42648,43.83928],[-79.42614,43.83972],[-79.42605,43.84021],[-79.42593,43.84033],[-79.42587,43.84038],[-79.42562,43.84047],[-79.4251,43.83998],[-79.42506,43.83959],[-79.42531,43.83951],[-79.42597,43.84029],[-79.42614,43.83972],[-79.42618,43.83966],[-79.42648,43.83928],[-79.42753,43.83952],[-79.4298,43.83927],[-79.42944,43.83748],[-79.42963,43.83512],[-79.43062,43.834],[-79.43245,43.83312],[-79.43458,43.83235],[-79.44778,43.82909],[-79.46256,43.82578],[-79.46813,43.82377],[-79.47315,43.82134],[-79.47656,43.8188],[-79.47893,43.81587],[-79.47986,43.8134],[-79.48036,43.80726],[-79.48108,43.80433],[-79.4831,43.8008],[-79.48635,43.79765],[-79.49033,43.79518],[-79.49593,43.79299],[-79.51504,43.78831],[-79.52377,43.78688],[-79.5223,43.78388],[-79.52314,43.78366],[-79.5234,43.78305]]}},{"type":"Feature","properties":{"route":"56","name":"Oshawa / Oakville","dir":"0","shape":"447311","trips":33,"toronto":false},"geometry":{"type":"LineString","coordinates":[[-79.68172,43.456],[-79.68139,43.45639],[-79.68157,43.45668],[-79.68276,43.4557],[-79.68377,43.45634],[-79.68125,43.45726],[-79.6836,43.46135],[-79.68511,43.46302],[-79.69571,43.47065],[-79.69814,43.46957],[-79.6982,43.46928],[-79.69555,43.47053],[-79.69571,43.47065],[-79.69705,43.47161],[-79.69916,43.47319],[-79.70224,43.47529],[-79.70218,43.47534],[-79.70465,43.47689],[-79.70531,43.47757],[-79.70854,43.4797],[-79.74419,43.50613],[-79.74435,43.50593],[-79.74518,43.50528],[-79.74591,43.50537],[-79.74669,43.50607],[-79.74624,43.50662],[-79.7458,43.50661],[-79.74468,43.50574],[-79.74419,43.50613],[-79.74628,43.50785],[-79.74666,43.50882],[-79.74622,43.5096],[-79.74169,43.51397],[-79.73224,43.52154],[-79.72581,43.52738],[-79.71777,43.53581],[-79.71325,43.53992],[-79.69928,43.55151],[-79.69805,43.55206],[-79.69566,43.55233],[-79.69522,43.55263],[-79.69483,43.55306],[-79.69474,43.55326],[-79.69861,43.55507],[-79.70029,43.55377],[-79.70018,43.55366],[-79.69941,43.55316],[-79.69934,43.55293],[-79.70172,43.55123],[-79.70164,43.55102],[-79.69935,43.55291],[-79.69934,43.55293],[-79.69933,43.55306],[-79.69933,43.55309],[-79.69941,43.55316],[-79.70018,43.55366],[-79.6988,43.5549],[-79.69483,43.55306],[-79.69479,43.55313],[-79.69474,43.55326],[-79.69473,43.55335],[-79.69476,43.55461],[-79.69446,43.55506],[-79.68413,43.56185],[-79.68055,43.56477],[-79.67794,43.56733],[-79.66996,43.57649],[-79.6623,43.58333],[-79.65927,43.58442],[-79.65789,43.58726],[-79.64911,43.59546],[-79.6471,43.59431],[-79.64394,43.59727],[-79.64314,43.59783],[-79.64172,43.59867],[-79.64164,43.59872],[-79.64116,43.59898],[-79.6401,43.59884],[-79.63992,43.59819],[-79.64079,43.59813],[-79.64109,43.5983],[-79.64164,43.59872],[-79.64169,43.59876],[-79.6432,43.59986],[-79.6436,43.60043],[-79.64355,43.60096],[-79.64035,43.60441],[-79.63331,43.61104],[-79.6321,43.61281],[-79.63164,43.61457],[-79.63184,43.61653],[-79.63289,43.6186],[-79.63472,43.62059],[-79.64879,43.63148],[-79.65366,43.6359],[-79.66121,43.63995],[-79.70136,43.67016],[-79.70294,43.67217],[-79.70689,43.68069],[-79.70927,43.68438],[-79.70951,43.68623],[-79.71033,43.68681],[-79.70117,43.69511],[-79.69647,43.69892],[-79.69293,43.70255],[-79.6926,43.70235],[-79.6932,43.70155],[-79.69298,43.70157],[-79.69229,43.70172],[-79.69207,43.70178],[-79.68935,43.70234],[-79.68841,43.70247],[-79.68818,43.7026],[-79.68829,43.7027],[-79.68905,43.70239],[-79.68935,43.70234],[-79.69008,43.70219],[-79.69011,43.70227],[-79.69207,43.70178],[-79.6926,43.70235],[-79.69322,43.70156],[-79.6932,43.70155],[-79.69316,43.70155],[-79.69298,43.70157],[-79.69207,43.70178],[-79.68935,43.70234],[-79.68911,43.70238],[-79.68822,43.70311],[-79.68411,43.70008],[-79.68346,43.69959],[-79.6834,43.69954],[-79.68306,43.69929],[-79.6826,43.69879],[-79.68264,43.69835],[-79.68323,43.69818],[-79.68371,43.6985],[-79.68371,43.69887],[-79.68359,43.69915],[-79.6834,43.69954],[-79.68332,43.69966],[-79.68317,43.70002],[-79.67706,43.70949],[-79.67583,43.71211],[-79.67529,43.71453],[-79.67473,43.72362],[-79.67382,43.72613],[-79.67244,43.72811],[-79.66916,43.73089],[-79.65023,43.74253],[-79.64664,43.74524],[-79.64021,43.75086],[-79.63794,43.75238],[-79.63433,43.7538],[-79.60918,43.75977],[-79.60157,43.76197],[-79.58387,43.76835],[-79.56296,43.77684],[-79.55645,43.77886],[-79.53132,43.78401],[-79.52413,43.78422],[-79.52263,43.78454],[-79.5223,43.78388],[-79.52314,43.78366],[-79.5234,43.78305],[-79.52266,43.78196],[-79.52165,43.78222],[-79.52201,43.78482],[-79.52149,43.78564],[-79.52051,43.78623],[-79.5135,43.78829],[-79.49609,43.79261],[-79.4917,43.79413],[-79.4888,43.79557],[-79.4857,43.79767],[-79.48353,43.79968],[-79.48217,43.80141],[-79.48095,43.80358],[-79.48017,43.80587],[-79.47948,43.81301],[-79.47888,43.815],[-79.47728,43.8175],[-79.47422,43.82021],[-79.46793,43.82351],[-79.46034,43.82607],[-79.45016,43.82817],[-79.43534,43.83181],[-79.43216,43.83234],[-79.42817,43.83247],[-79.42852,43.83413],[-79.42905,43.83646],[-79.4294,43.83816],[-79.42941,43.83902],[-79.42787,43.83941],[-79.42654,43.83917],[-79.42648,43.83928],[-79.42614,43.83972],[-79.42605,43.84021],[-79.42593,43.84033],[-79.42587,43.84038],[-79.42562,43.84047],[-79.4251,43.83998],[-79.42506,43.83959],[-79.42531,43.83951],[-79.42597,43.84029],[-79.42614,43.83972],[-79.42618,43.83966],[-79.42648,43.83928],[-79.42753,43.83952],[-79.4298,43.83927],[-79.42978,43.83846],[-79.42965,43.83848],[-79.42883,43.83442],[-79.42876,43.8342],[-79.42872,43.83405],[-79.42868,43.83391],[-79.42882,43.83293],[-79.42969,43.83248],[-79.43034,43.83276],[-79.43015,43.83332],[-79.42918,43.83386],[-79.42872,43.83405],[-79.42852,43.83413],[-79.42684,43.83484],[-79.42657,43.83495],[-79.42459,43.83582],[-79.42022,43.83741],[-79.41582,43.8383],[-79.41022,43.83846],[-79.39251,43.83657],[-79.38165,43.83686],[-79.34061,43.84302],[-79.32797,43.84548],[-79.31373,43.8487],[-79.31077,43.84912],[-79.30775,43.84871],[-79.30686,43.84902],[-79.307,43.84936],[-79.30735,43.84986],[-79.30739,43.84993],[-79.30742,43.85],[-79.30747,43.8501],[-79.30758,43.85029],[-79.30762,43.85037],[-79.30789,43.85126],[-79.30746,43.85337],[-79.3076,43.85341],[-79.30826,43.8535],[-79.30854,43.85349],[-79.30857,43.85358],[-79.30857,43.85358],[-79.30857,43.85358],[-79.30857,43.85358],[-79.30854,43.85349],[-79.30863,43.85347],[-79.30879,43.85346],[-79.31114,43.85291],[-79.31228,43.85262],[-79.31353,43.8522],[-79.31439,43.85198],[-79.31453,43.85202],[-79.31436,43.85185],[-79.30879,43.85346],[-79.3076,43.85341],[-79.30805,43.85143],[-79.3079,43.85068],[-79.30777,43.85034],[-79.30771,43.85019],[-79.30763,43.85005],[-79.30758,43.84996],[-79.30745,43.84965],[-79.30741,43.84933],[-79.30792,43.84887],[-79.30857,43.849],[-79.30873,43.84949],[-79.30836,43.84979],[-79.30822,43.84985],[-79.30783,43.84997],[-79.30763,43.85005],[-79.30756,43.85007],[-79.30718,43.85021],[-79.28404,43.85556],[-79.26922,43.8586],[-79.25325,43.86476],[-79.24412,43.86767],[-79.23721,43.86923],[-79.23439,43.86879],[-79.23294,43.86905],[-79.23284,43.86909],[-79.23324,43.86997],[-79.2333,43.8702],[-79.23336,43.87047],[-79.23341,43.87076],[-79.23339,43.87274],[-79.23345,43.87281],[-79.23377,43.87447],[-79.23492,43.87913],[-79.23506,43.87979],[-79.23524,43.88069],[-79.23208,43.88155],[-79.23196,43.8811],[-79.23163,43.88115],[-79.23132,43.87998],[-79.23165,43.87993],[-79.23157,43.88009],[-79.23168,43.88008],[-79.23196,43.8811],[-79.23208,43.88155],[-79.23352,43.88116],[-79.23524,43.88069],[-79.23377,43.87447],[-79.23347,43.87301],[-79.23345,43.87281],[-79.23356,43.87101],[-79.2335,43.87023],[-79.23349,43.87015],[-79.23344,43.86988],[-79.23342,43.86971],[-79.23342,43.86948],[-79.23401,43.86896],[-79.23467,43.86917],[-79.23465,43.8697],[-79.23431,43.86989],[-79.23409,43.86997],[-79.23349,43.87015],[-79.23343,43.87016],[-79.2333,43.8702],[-79.23318,43.87022],[-79.23268,43.87039],[-79.20472,43.87642],[-79.19862,43.87861],[-79.19504,43.88076],[-79.19231,43.88308],[-79.18295,43.89381],[-79.17997,43.8958],[-79.17552,43.89762],[-79.10665,43.91362],[-79.09971,43.91619],[-79.09625,43.91689],[-79.09536,43.91557],[-79.09506,43.91379],[-79.0961,43.91365],[-79.09642,43.91282],[-79.09775,43.91273],[-79.09766,43.9123],[-79.09538,43.91205],[-79.09484,43.91435],[-79.09521,43.9157],[-79.09625,43.9176],[-79.09613,43.91895],[-79.09379,43.92211],[-79.08657,43.92929],[-79.08409,43.93121],[-79.08168,43.93256],[-79.07223,43.93695],[-79.06757,43.93861],[-79.02022,43.94971],[-79.01208,43.95066],[-78.98771,43.95133],[-78.98191,43.95089],[-78.96982,43.94809],[-78.96402,43.94725],[-78.9615,43.94617],[-78.95948,43.94625],[-78.95887,43.94403],[-78.9604,43.94383],[-78.96067,43.94502],[-78.95961,43.94515],[-78.95967,43.94451],[-78.95935,43.94396],[-78.95887,43.94403],[-78.95862,43.94268],[-78.95917,43.94595],[-78.95896,43.9467],[-78.95842,43.94718],[-78.94583,43.94931],[-78.93973,43.95128],[-78.91392,43.96672],[-78.91105,43.9683],[-78.90903,43.96896],[-78.90564,43.96921],[-78.89661,43.9488],[-78.8957,43.94761],[-78.89258,43.94539],[-78.89412,43.94405],[-78.89591,43.94329],[-78.89461,43.94355],[-78.89247,43.94532],[-78.88144,43.93774],[-78.88064,43.93684],[-78.86584,43.90252],[-78.86581,43.90181],[-78.86738,43.90132],[-78.86755,43.90096],[-78.86234,43.89005],[-78.88017,43.88607],[-78.87837,43.88218],[-78.87637,43.87674],[-78.87583,43.87582],[-78.87521,43.87494],[-78.87426,43.87555],[-78.87427,43.87629],[-78.87573,43.87586],[-78.87583,43.87582],[-78.8765,43.87558],[-78.87703,43.8754],[-78.8775,43.87526],[-78.88814,43.87279],[-78.88815,43.87205],[-78.88743,43.87049],[-78.88572,43.87103]]}},{"type":"Feature","properties":{"route":"56","name":"Oshawa / Oakville","dir":"1","shape":"447310","trips":33,"toronto":false},"geometry":{"type":"LineString","coordinates":[[-78.88572,43.87103],[-78.88743,43.87049],[-78.88815,43.87205],[-78.88814,43.87279],[-78.87826,43.87506],[-78.87703,43.8754],[-78.87583,43.87582],[-78.87573,43.87586],[-78.87558,43.8759],[-78.87535,43.87595],[-78.87506,43.87606],[-78.87438,43.87605],[-78.87426,43.87555],[-78.87509,43.87498],[-78.87515,43.87509],[-78.8756,43.87567],[-78.87573,43.87586],[-78.8758,43.87599],[-78.88017,43.88607],[-78.86036,43.89051],[-78.86755,43.90639],[-78.87103,43.91434],[-78.87126,43.91551],[-78.88076,43.93702],[-78.88144,43.93774],[-78.89064,43.94424],[-78.89247,43.94548],[-78.89412,43.94405],[-78.89591,43.94329],[-78.89461,43.94355],[-78.89236,43.94541],[-78.89247,43.94548],[-78.89264,43.94561],[-78.8934,43.94613],[-78.89433,43.94677],[-78.89447,43.94687],[-78.89504,43.94726],[-78.8955,43.9476],[-78.8967,43.94915],[-78.90293,43.96364],[-78.90303,43.96362],[-78.90497,43.96804],[-78.90611,43.97024],[-78.9063,43.97066],[-78.90646,43.97104],[-78.90652,43.97117],[-78.90657,43.97212],[-78.90604,43.97251],[-78.90523,43.97221],[-78.90557,43.97151],[-78.90617,43.97116],[-78.90646,43.97104],[-78.90651,43.97102],[-78.9085,43.97008],[-78.90966,43.96951],[-78.9131,43.96769],[-78.93712,43.95309],[-78.94085,43.95124],[-78.94609,43.94965],[-78.95354,43.94844],[-78.95641,43.94823],[-78.95937,43.94923],[-78.96086,43.94898],[-78.96022,43.94785],[-78.96001,43.94747],[-78.95948,43.94625],[-78.95887,43.94403],[-78.9604,43.94383],[-78.96067,43.94502],[-78.95961,43.94515],[-78.95967,43.94451],[-78.95935,43.94396],[-78.95887,43.94403],[-78.95862,43.94268],[-78.95866,43.94385],[-78.95934,43.94627],[-78.95982,43.94747],[-78.95995,43.9477],[-78.96005,43.94786],[-78.96017,43.94805],[-78.96,43.94883],[-78.95927,43.94899],[-78.95883,43.94872],[-78.9588,43.94834],[-78.95987,43.94786],[-78.96005,43.94786],[-78.96022,43.94785],[-78.96062,43.94785],[-78.96099,43.94783],[-78.96365,43.9479],[-78.96657,43.94813],[-78.97171,43.94894],[-78.98127,43.95114],[-78.98622,43.9517],[-79.01255,43.95101],[-79.02117,43.94988],[-79.06818,43.93877],[-79.07289,43.93704],[-79.08381,43.93182],[-79.08661,43.92978],[-79.09517,43.92154],[-79.09959,43.91963],[-79.09939,43.91947],[-79.09815,43.91847],[-79.09778,43.91817],[-79.09746,43.91794],[-79.09625,43.91689],[-79.09519,43.91505],[-79.09506,43.91379],[-79.0961,43.91365],[-79.09642,43.91282],[-79.09774,43.91288],[-79.09766,43.9123],[-79.09538,43.91205],[-79.09484,43.91395],[-79.09505,43.91529],[-79.09592,43.91677],[-79.09645,43.91729],[-79.09763,43.9183],[-79.09792,43.91853],[-79.098,43.9186],[-79.09835,43.91888],[-79.09875,43.91932],[-79.09883,43.91974],[-79.09832,43.9201],[-79.09759,43.91992],[-79.09745,43.91933],[-79.09788,43.91872],[-79.09793,43.91867],[-79.098,43.9186],[-79.09815,43.91847],[-79.09843,43.91821],[-79.09856,43.9181],[-79.09942,43.91739],[-79.10223,43.91566],[-79.10674,43.91391],[-79.17658,43.89762],[-79.18076,43.89577],[-79.18385,43.89351],[-79.19216,43.88383],[-79.19533,43.88101],[-79.20036,43.8782],[-79.20563,43.87657],[-79.22657,43.87205],[-79.2302,43.87167],[-79.23338,43.87232],[-79.23339,43.87274],[-79.23345,43.87281],[-79.23355,43.87346],[-79.23377,43.87447],[-79.23492,43.87913],[-79.23506,43.87979],[-79.23524,43.88069],[-79.23208,43.88155],[-79.23196,43.8811],[-79.23163,43.88115],[-79.23132,43.87998],[-79.23165,43.87993],[-79.23157,43.88009],[-79.23168,43.88007],[-79.23196,43.8811],[-79.23208,43.88155],[-79.23352,43.88116],[-79.23524,43.88069],[-79.23492,43.87913],[-79.23355,43.87346],[-79.2338,43.87182],[-79.23466,43.87091],[-79.25189,43.86562],[-79.26622,43.85997],[-79.27084,43.85853],[-79.30389,43.8515],[-79.30792,43.85195],[-79.30746,43.85337],[-79.3076,43.85341],[-79.30826,43.8535],[-79.30854,43.85349],[-79.30857,43.85358],[-79.30857,43.85358],[-79.30857,43.85358],[-79.30857,43.85358],[-79.30854,43.85349],[-79.30863,43.85347],[-79.30879,43.85346],[-79.31114,43.85291],[-79.31228,43.85262],[-79.31353,43.8522],[-79.31439,43.85198],[-79.31453,43.85202],[-79.31436,43.85185],[-79.30879,43.85346],[-79.3076,43.85341],[-79.30816,43.85114],[-79.30896,43.85044],[-79.32484,43.8465],[-79.3414,43.84323],[-79.38162,43.83719],[-79.39262,43.83693],[-79.41246,43.83885],[-79.41812,43.83831],[-79.42494,43.83637],[-79.42905,43.83646],[-79.42931,43.83916],[-79.42762,43.83942],[-79.42654,43.83917],[-79.42648,43.83928],[-79.42614,43.83972],[-79.42605,43.84021],[-79.42593,43.84033],[-79.42587,43.84038],[-79.42562,43.84047],[-79.4251,43.83998],[-79.42506,43.83959],[-79.42531,43.83951],[-79.42597,43.84029],[-79.42614,43.83972],[-79.42618,43.83966],[-79.42648,43.83928],[-79.42753,43.83952],[-79.4298,43.83927],[-79.42944,43.83748],[-79.42963,43.83512],[-79.43062,43.834],[-79.43245,43.83312],[-79.43458,43.83235],[-79.44778,43.82909],[-79.46319,43.82559],[-79.46977,43.82303],[-79.47478,43.82026],[-79.47794,43.81735],[-79.4794,43.81486],[-79.47994,43.81293],[-79.48055,43.80608],[-79.48125,43.80393],[-79.48255,43.80155],[-79.48438,43.79936],[-79.48679,43.79732],[-79.49239,43.79424],[-79.49743,43.79258],[-79.51504,43.78831],[-79.52042,43.78735],[-79.52183,43.78714],[-79.52357,43.78691],[-79.52377,43.78688],[-79.5223,43.78388],[-79.52346,43.78332],[-79.52284,43.78226],[-79.52321,43.7822],[-79.52394,43.78305],[-79.52569,43.78292],[-79.52365,43.78343],[-79.52346,43.78332],[-79.52266,43.78196],[-79.52165,43.78222],[-79.52182,43.78315],[-79.52357,43.78691],[-79.52723,43.78642],[-79.5305,43.78496],[-79.53409,43.78399],[-79.55749,43.77896],[-79.5635,43.77706],[-79.58463,43.7684],[-79.60185,43.76226],[-79.60916,43.76014],[-79.63437,43.75413],[-79.63795,43.75276],[-79.64045,43.75114],[-79.65011,43.74302],[-79.6694,43.7312],[-79.67258,43.72857],[-79.67413,43.7264],[-79.67513,43.72386],[-79.67571,43.7147],[-79.67642,43.71176],[-79.67899,43.70722],[-79.68246,43.70245],[-79.68522,43.70102],[-79.68812,43.70318],[-79.68911,43.70238],[-79.69207,43.70178],[-79.69307,43.70262],[-79.69635,43.69924],[-79.70046,43.69597],[-79.70939,43.68789],[-79.71045,43.68688],[-79.71181,43.68566],[-79.71192,43.68554],[-79.712,43.68545],[-79.71293,43.68507],[-79.71352,43.68553],[-79.71308,43.68597],[-79.71231,43.6858],[-79.7118,43.68546],[-79.71053,43.68454],[-79.70864,43.68252],[-79.7073,43.6803],[-79.70354,43.67219],[-79.70087,43.66914],[-79.63934,43.62322],[-79.63447,43.61994],[-79.63312,43.61844],[-79.63213,43.6164],[-79.63196,43.61451],[-79.63245,43.61287],[-79.63376,43.61101],[-79.64029,43.60486],[-79.6427,43.60299],[-79.6452,43.60243],[-79.64617,43.60182],[-79.6425,43.59885],[-79.6471,43.59431],[-79.64928,43.59557],[-79.65754,43.58764],[-79.65884,43.58622],[-79.6591,43.58525],[-79.6596,43.58537],[-79.66015,43.58578],[-79.66034,43.58591],[-79.66047,43.586],[-79.66056,43.58606],[-79.66092,43.58645],[-79.66119,43.58696],[-79.66102,43.58738],[-79.66003,43.58748],[-79.65973,43.58689],[-79.65984,43.58669],[-79.66012,43.58637],[-79.66047,43.586],[-79.66056,43.58592],[-79.66071,43.5857],[-79.67027,43.5766],[-79.67815,43.56741],[-79.68121,43.56444],[-79.68469,43.56176],[-79.69384,43.55629],[-79.695,43.55588],[-79.69809,43.55562],[-79.70029,43.55377],[-79.70018,43.55366],[-79.69933,43.55309],[-79.69935,43.55291],[-79.70177,43.55112],[-79.70164,43.55102],[-79.69935,43.55291],[-79.70018,43.55366],[-79.6988,43.5549],[-79.69804,43.55409],[-79.69846,43.55316],[-79.71679,43.53708],[-79.72636,43.52723],[-79.73117,43.52417],[-79.73532,43.51956],[-79.74314,43.513],[-79.74604,43.51096],[-79.74858,43.51055],[-79.74952,43.51001],[-79.74561,43.50707],[-79.74539,43.50616],[-79.74468,43.50574],[-79.74424,43.50605],[-79.73863,43.5019],[-79.73879,43.50177],[-79.73706,43.50086],[-79.72037,43.48845],[-79.71308,43.48275],[-79.71256,43.48268],[-79.70512,43.47697],[-79.6997,43.47357],[-79.69571,43.47065],[-79.69814,43.46957],[-79.6982,43.46928],[-79.69555,43.47053],[-79.6851,43.4628],[-79.68389,43.46154],[-79.68143,43.45721],[-79.68377,43.45634],[-79.68287,43.45571],[-79.68172,43.456]]}},{"type":"Feature","properties":{"route":"61","name":"Richmond Hill","dir":"0","shape":"447313","trips":10,"toronto":true},"geometry":{"type":"LineString","coordinates":[[-79.37716,43.64395],[-79.37738,43.64426],[-79.37689,43.64436],[-79.3768,43.64414],[-79.37722,43.64406],[-79.3773,43.64423],[-79.37688,43.64432],[-79.37671,43.64393],[-79.38101,43.64172],[-79.38073,43.64102],[-79.37746,43.64212],[-79.37767,43.64287],[-79.37748,43.64327],[-79.37304,43.64507],[-79.36297,43.64724],[-79.3572,43.64897],[-79.35199,43.64903],[-79.34958,43.64996],[-79.34853,43.6508],[-79.34817,43.65204],[-79.34857,43.65298],[-79.35394,43.65851],[-79.35732,43.66959],[-79.36039,43.67333],[-79.36175,43.67641],[-79.36246,43.68173],[-79.36101,43.68526],[-79.36046,43.68903],[-79.35983,43.69038],[-79.35836,43.69222],[-79.35214,43.69723],[-79.34969,43.69786],[-79.34422,43.69732],[-79.34194,43.69758],[-79.34027,43.69829],[-79.33744,43.70026],[-79.33342,43.7021],[-79.33206,43.70378],[-79.33084,43.70803],[-79.32595,43.71203],[-79.32518,43.71329],[-79.32501,43.71466],[-79.32555,43.71603],[-79.32867,43.71967],[-79.32994,43.72247],[-79.33051,43.72964],[-79.33203,43.7371],[-79.33217,43.74222],[-79.33318,43.74699],[-79.33379,43.75233],[-79.33678,43.76304],[-79.33727,43.76781],[-79.33857,43.7716],[-79.34023,43.78043],[-79.34656,43.80906],[-79.34735,43.81047],[-79.34871,43.81167],[-79.35576,43.81478],[-79.3577,43.81604],[-79.35919,43.81765],[-79.3642,43.82927],[-79.36498,43.83201],[-79.36539,43.83506],[-79.36652,43.83732],[-79.36857,43.8388],[-79.37135,43.83933],[-79.37879,43.83764],[-79.38569,43.83693],[-79.3945,43.83704],[-79.40183,43.83797],[-79.40316,43.83839],[-79.40488,43.83962],[-79.40636,43.83958],[-79.40778,43.84507],[-79.41032,43.84469],[-79.41328,43.84309],[-79.41935,43.84269],[-79.42318,43.84197],[-79.42247,43.84094],[-79.42096,43.84002],[-79.42037,43.83858],[-79.42504,43.83763],[-79.42661,43.83934],[-79.42948,43.83949],[-79.43055,43.84275],[-79.43454,43.85952],[-79.43442,43.86001],[-79.43609,43.8661],[-79.43712,43.87081],[-79.43691,43.87083],[-79.43721,43.87124],[-79.42461,43.87398],[-79.42524,43.87644],[-79.42658,43.87613],[-79.42662,43.87582],[-79.42524,43.87644],[-79.42659,43.87947],[-79.43071,43.8838],[-79.4319,43.88668],[-79.43229,43.89019],[-79.43152,43.89107],[-79.43137,43.89181],[-79.42251,43.89371],[-79.41981,43.89364],[-79.42502,43.9145],[-79.42866,43.93106],[-79.40722,43.93552],[-79.40101,43.93837],[-79.39593,43.93957],[-79.39688,43.94068],[-79.3973,43.94129],[-79.39853,43.94094],[-79.39816,43.94054],[-79.39697,43.94081],[-79.39688,43.94068],[-79.39675,43.94053],[-79.39602,43.93974],[-79.39593,43.93957],[-79.39266,43.93989],[-79.3923,43.93987],[-79.3915,43.93993],[-79.39015,43.94005],[-79.38971,43.94008],[-79.3894,43.94011],[-79.38898,43.94014],[-79.3882,43.94001],[-79.38803,43.93945],[-79.38898,43.93924],[-79.38923,43.93957],[-79.38933,43.93985],[-79.38938,43.94006],[-79.3894,43.94011],[-79.38942,43.94019],[-79.38956,43.94047],[-79.39184,43.94956],[-79.39262,43.95548],[-79.39228,43.97371],[-79.392,43.97598],[-79.39058,43.97733],[-79.39052,43.97782],[-79.39074,43.97826],[-79.3951,43.97724],[-79.395,43.97668],[-79.39391,43.9763],[-79.39372,43.97582],[-79.39408,43.97513],[-79.39453,43.97497],[-79.39757,43.97512],[-79.39783,43.97541],[-79.39758,43.97554]]}},{"type":"Feature","properties":{"route":"61","name":"Richmond Hill","dir":"1","shape":"447314","trips":6,"toronto":true},"geometry":{"type":"LineString","coordinates":[[-79.39758,43.97554],[-79.39782,43.97554],[-79.39777,43.97619],[-79.39738,43.97642],[-79.39431,43.97626],[-79.39398,43.97561],[-79.39372,43.97582],[-79.39391,43.9763],[-79.395,43.97668],[-79.39491,43.97694],[-79.39361,43.97647],[-79.39302,43.9753],[-79.39271,43.97318],[-79.39302,43.95534],[-79.39257,43.95127],[-79.3909,43.94288],[-79.39167,43.94082],[-79.39161,43.94001],[-79.39593,43.93957],[-79.39602,43.93974],[-79.3962,43.93994],[-79.39647,43.94024],[-79.39675,43.94053],[-79.39688,43.94068],[-79.3973,43.94129],[-79.39841,43.94104],[-79.39816,43.94054],[-79.39697,43.94081],[-79.39688,43.94068],[-79.39675,43.94053],[-79.3962,43.93994],[-79.39631,43.93968],[-79.40215,43.93794],[-79.40752,43.93542],[-79.42866,43.93106],[-79.42502,43.9145],[-79.41981,43.89364],[-79.42251,43.89371],[-79.43137,43.89181],[-79.43152,43.89107],[-79.43229,43.89019],[-79.4319,43.88668],[-79.43071,43.8838],[-79.42659,43.87947],[-79.42524,43.87644],[-79.42658,43.87613],[-79.42662,43.87582],[-79.42524,43.87644],[-79.42466,43.87412],[-79.43721,43.87124],[-79.43388,43.85576],[-79.43098,43.84461],[-79.43121,43.84458],[-79.43121,43.84458],[-79.43121,43.84458],[-79.43121,43.84458],[-79.43098,43.84461],[-79.43029,43.84144],[-79.42891,43.84162],[-79.42665,43.84135],[-79.42318,43.84197],[-79.42247,43.84094],[-79.42096,43.84002],[-79.42033,43.83847],[-79.40965,43.83989],[-79.40975,43.84112],[-79.40948,43.84178],[-79.40861,43.84235],[-79.40735,43.84258],[-79.4067,43.83977],[-79.40656,43.83979],[-79.40638,43.83902],[-79.40619,43.83836],[-79.40611,43.83804],[-79.40609,43.83794],[-79.40603,43.83769],[-79.40619,43.83703],[-79.40695,43.83683],[-79.40747,43.83746],[-79.40659,43.83794],[-79.40609,43.83794],[-79.40539,43.83792],[-79.39496,43.83672],[-79.38929,43.83649],[-79.38216,43.8367],[-79.37238,43.83766],[-79.36971,43.83717],[-79.36779,43.83581],[-79.3664,43.83349],[-79.36106,43.82075],[-79.35918,43.81707],[-79.3564,43.81476],[-79.34898,43.8115],[-79.34765,43.81033],[-79.34691,43.80904],[-79.34077,43.78126],[-79.33874,43.76745],[-79.3371,43.7632],[-79.33395,43.75193],[-79.33339,43.74681],[-79.33237,43.74243],[-79.33224,43.73712],[-79.33079,43.72954],[-79.33032,43.72288],[-79.32936,43.72036],[-79.32613,43.71601],[-79.32552,43.71428],[-79.32574,43.71298],[-79.32647,43.71184],[-79.33107,43.70795],[-79.33223,43.70378],[-79.3335,43.70223],[-79.33783,43.70024],[-79.34052,43.69831],[-79.34217,43.69768],[-79.34407,43.69749],[-79.34929,43.69812],[-79.3522,43.69742],[-79.35838,43.69239],[-79.35971,43.69087],[-79.36061,43.68909],[-79.36119,43.68521],[-79.36262,43.68159],[-79.36189,43.67639],[-79.3608,43.67372],[-79.35737,43.66933],[-79.35402,43.65842],[-79.34877,43.6529],[-79.34861,43.65179],[-79.34901,43.65085],[-79.35012,43.64992],[-79.35194,43.6492],[-79.35754,43.64905],[-79.3662,43.64671],[-79.37411,43.64507],[-79.37713,43.64371],[-79.37716,43.64395]]}},{"type":"Feature","properties":{"route":"65","name":"Newmarket / Toronto","dir":"0","shape":"447316","trips":3,"toronto":true},"geometry":{"type":"LineString","coordinates":[[-79.37716,43.64395],[-79.37738,43.64426],[-79.37689,43.64436],[-79.3768,43.64414],[-79.37722,43.64406],[-79.3773,43.64423],[-79.37688,43.64432],[-79.37671,43.64393],[-79.38283,43.64091],[-79.38679,43.63972],[-79.39717,43.63797],[-79.40257,43.63807],[-79.41218,43.63743],[-79.43111,43.63255],[-79.43466,43.63304],[-79.44424,43.63709],[-79.44858,43.63829],[-79.4548,43.63901],[-79.46029,43.63862],[-79.46441,43.63759],[-79.46927,43.63558],[-79.47517,43.63224],[-79.48057,43.62828],[-79.483,43.62729],[-79.50547,43.62202],[-79.53723,43.61583],[-79.54849,43.6147],[-79.54974,43.61506],[-79.55053,43.61566],[-79.55255,43.61885],[-79.55694,43.62886],[-79.56175,43.6421],[-79.5698,43.65924],[-79.57386,43.6697],[-79.577,43.67371],[-79.57749,43.67504],[-79.57733,43.67664],[-79.57568,43.68042],[-79.56907,43.69198],[-79.56099,43.70112],[-79.55351,43.70834],[-79.55054,43.70965],[-79.52715,43.71509],[-79.52319,43.71547],[-79.51972,43.71503],[-79.51888,43.71531],[-79.51849,43.71579],[-79.51874,43.71679],[-79.52239,43.72168],[-79.52322,43.72384],[-79.54463,43.81411],[-79.54565,43.82277],[-79.54555,43.82523],[-79.54496,43.82631],[-79.54281,43.82767],[-79.54284,43.82857],[-79.53426,43.83034],[-79.52845,43.83205],[-79.5064,43.83674],[-79.50061,43.83894],[-79.50036,43.83862],[-79.50028,43.83861],[-79.49926,43.83871],[-79.49924,43.83862],[-79.49892,43.83889],[-79.49908,43.83913],[-79.50028,43.83861],[-79.50067,43.83904],[-79.50513,43.83724],[-79.50803,43.8365],[-79.51237,43.85487],[-79.51043,43.8559],[-79.49874,43.85849],[-79.49992,43.86137],[-79.50221,43.8608],[-79.50385,43.86045],[-79.50578,43.85997],[-79.50635,43.86004],[-79.50646,43.85984],[-79.50615,43.85984],[-79.50385,43.86045],[-79.50493,43.86297],[-79.51378,43.86101],[-79.51521,43.8673],[-79.51501,43.86733],[-79.51501,43.86733],[-79.51501,43.86733],[-79.51501,43.86733],[-79.51521,43.8673],[-79.51639,43.87322],[-79.5193,43.88464],[-79.52362,43.90391],[-79.52374,43.9052],[-79.52298,43.90887],[-79.52308,43.91008],[-79.5282,43.92871],[-79.50137,43.93483],[-79.45467,43.94455],[-79.46295,43.9809],[-79.46756,43.99966],[-79.45679,44.00203],[-79.45629,44.00063],[-79.45645,44.00021],[-79.45588,43.99897],[-79.45848,43.99842],[-79.45866,43.99946],[-79.4591,44.00024],[-79.45946,44.00014],[-79.45941,43.99978],[-79.45866,43.99946],[-79.45818,43.99987],[-79.45645,44.00021],[-79.45629,44.0004],[-79.45629,44.00063],[-79.45652,44.00135],[-79.45679,44.00203],[-79.44373,44.00502],[-79.4473,44.02067],[-79.44769,44.02347],[-79.45341,44.04744],[-79.45289,44.04935],[-79.45341,44.05688],[-79.4539,44.05972],[-79.45426,44.06077],[-79.46122,44.05921],[-79.46318,44.0634],[-79.46269,44.06464],[-79.46066,44.06551],[-79.45987,44.06623],[-79.45983,44.06843],[-79.45869,44.07093],[-79.46033,44.07822],[-79.45786,44.07871],[-79.45767,44.07818],[-79.45667,44.07823]]}},{"type":"Feature","properties":{"route":"65","name":"Newmarket / Toronto","dir":"1","shape":"447317","trips":6,"toronto":true},"geometry":{"type":"LineString","coordinates":[[-79.45667,44.07823],[-79.45602,44.07873],[-79.45713,44.07863],[-79.45767,44.07818],[-79.45791,44.07886],[-79.46037,44.07837],[-79.45869,44.07093],[-79.45983,44.06843],[-79.45987,44.06623],[-79.46066,44.06551],[-79.46269,44.06464],[-79.46318,44.0634],[-79.46115,44.05907],[-79.45423,44.06063],[-79.45342,44.05699],[-79.45293,44.04948],[-79.45341,44.04744],[-79.44391,44.00509],[-79.45679,44.00203],[-79.45629,44.00063],[-79.45645,44.00021],[-79.45588,43.99897],[-79.45848,43.99842],[-79.45866,43.99946],[-79.45913,44.00027],[-79.45944,44.00019],[-79.45941,43.99978],[-79.45866,43.99946],[-79.45818,43.99987],[-79.45671,44.00011],[-79.45653,44.00017],[-79.45645,44.00021],[-79.45642,44.00024],[-79.45629,44.00063],[-79.45652,44.00135],[-79.45679,44.00203],[-79.4088,44.01318],[-79.4086,44.01279],[-79.40743,44.01297],[-79.40726,44.0125],[-79.40773,44.01188],[-79.40647,44.01076],[-79.40526,44.00696],[-79.40411,44.00481],[-79.39855,43.99909],[-79.39681,43.99636],[-79.39616,43.99428],[-79.39488,43.98529],[-79.3928,43.97561],[-79.39298,43.95476],[-79.3922,43.94922],[-79.39011,43.94101],[-79.38966,43.9378],[-79.39055,43.92885],[-79.39032,43.9254],[-79.37269,43.85323],[-79.36897,43.84038],[-79.3597,43.81784],[-79.3584,43.81621],[-79.35667,43.81492],[-79.34861,43.81126],[-79.34691,43.80904],[-79.34077,43.78126],[-79.33874,43.76745],[-79.3371,43.7632],[-79.33395,43.75193],[-79.33339,43.74681],[-79.33237,43.74243],[-79.33224,43.73712],[-79.33079,43.72954],[-79.33032,43.72288],[-79.32904,43.71982],[-79.32613,43.71601],[-79.32559,43.71485],[-79.3256,43.71343],[-79.32632,43.71202],[-79.33107,43.70795],[-79.33223,43.70378],[-79.33344,43.70227],[-79.33783,43.70024],[-79.34052,43.69831],[-79.34217,43.69768],[-79.34407,43.69749],[-79.34929,43.69812],[-79.3522,43.69742],[-79.35838,43.69239],[-79.35971,43.69087],[-79.36061,43.68909],[-79.36119,43.68521],[-79.36262,43.68159],[-79.36189,43.67639],[-79.3608,43.67372],[-79.35737,43.66933],[-79.35402,43.65842],[-79.34877,43.6529],[-79.34861,43.65179],[-79.34901,43.65085],[-79.35012,43.64992],[-79.35194,43.6492],[-79.35754,43.64905],[-79.3662,43.64671],[-79.37411,43.64507],[-79.37713,43.64371],[-79.37716,43.64395]]}},{"type":"Feature","properties":{"route":"67","name":"Keswick / North York","dir":"0","shape":"447331","trips":3,"toronto":true},"geometry":{"type":"LineString","coordinates":[[-79.41512,43.78218],[-79.41441,43.78242],[-79.41422,43.78208],[-79.41608,43.78163],[-79.416,43.78085],[-79.4137,43.77246],[-79.41393,43.77242],[-79.41393,43.77242],[-79.41393,43.77242],[-79.41393,43.77242],[-79.4137,43.77246],[-79.4133,43.77093],[-79.4112,43.76161],[-79.40971,43.7564],[-79.40802,43.75252],[-79.40641,43.75304],[-79.4061,43.75427],[-79.40521,43.75509],[-79.39866,43.75922],[-79.39594,43.76058],[-79.39225,43.76188],[-79.38105,43.76422],[-79.37118,43.76564],[-79.34758,43.76658],[-79.34314,43.76651],[-79.33924,43.76561],[-79.33812,43.76585],[-79.33756,43.76654],[-79.33768,43.76819],[-79.3395,43.77521],[-79.34023,43.78043],[-79.34656,43.80906],[-79.34726,43.81035],[-79.34843,43.81148],[-79.35658,43.81526],[-79.35823,43.81652],[-79.35966,43.81843],[-79.36572,43.83286],[-79.37019,43.84541],[-79.37842,43.87846],[-79.3786,43.88081],[-79.37772,43.88259],[-79.37772,43.88315],[-79.37799,43.88371],[-79.37916,43.88345],[-79.37954,43.88336],[-79.3796,43.88335],[-79.38018,43.8832],[-79.3817,43.88287],[-79.38152,43.88248],[-79.38044,43.8828],[-79.38006,43.88161],[-79.38109,43.88145],[-79.38152,43.88248],[-79.38165,43.88279],[-79.38003,43.88313],[-79.37957,43.88323],[-79.3795,43.88325],[-79.3794,43.88328],[-79.3791,43.88334],[-79.37888,43.88335],[-79.3782,43.88325],[-79.37793,43.88289],[-79.37826,43.88242],[-79.37894,43.8824],[-79.37924,43.88264],[-79.37937,43.88289],[-79.37945,43.88312],[-79.3795,43.88325],[-79.37954,43.88336],[-79.37963,43.8835],[-79.39006,43.92659],[-79.39012,43.92905],[-79.38932,43.93528],[-79.38926,43.93829],[-79.39216,43.95128],[-79.39272,43.95902],[-79.3921,43.97545],[-79.39184,43.97626],[-79.39049,43.97771],[-79.39074,43.97826],[-79.39244,43.97786],[-79.39262,43.97782],[-79.39269,43.9778],[-79.39311,43.97771],[-79.39356,43.97759],[-79.3951,43.97724],[-79.395,43.97668],[-79.39391,43.9763],[-79.39372,43.97582],[-79.39408,43.97513],[-79.39453,43.97497],[-79.39757,43.97512],[-79.39783,43.97541],[-79.39758,43.97554],[-79.39782,43.97554],[-79.39777,43.97619],[-79.39738,43.97642],[-79.39431,43.97626],[-79.39398,43.97561],[-79.39372,43.97582],[-79.39391,43.9763],[-79.395,43.97668],[-79.39505,43.97715],[-79.39309,43.97762],[-79.39268,43.97771],[-79.39259,43.97773],[-79.39235,43.97778],[-79.39179,43.97784],[-79.3912,43.9773],[-79.39154,43.97687],[-79.39217,43.97693],[-79.39242,43.97722],[-79.39254,43.97752],[-79.39259,43.97773],[-79.39262,43.97782],[-79.39268,43.97804],[-79.39279,43.9783],[-79.39452,43.98561],[-79.39599,43.9953],[-79.39771,43.99868],[-79.40283,44.00379],[-79.40459,44.00644],[-79.40573,44.01049],[-79.4056,44.01215],[-79.40429,44.01344],[-79.40448,44.01426],[-79.40638,44.01383],[-79.40698,44.01369],[-79.40888,44.01328],[-79.4086,44.01279],[-79.40746,44.013],[-79.40727,44.01246],[-79.40779,44.01205],[-79.40842,44.01239],[-79.40846,44.01246],[-79.4086,44.01279],[-79.4088,44.01318],[-79.40734,44.01351],[-79.40688,44.01362],[-79.40644,44.01372],[-79.40635,44.01374],[-79.40596,44.01384],[-79.40567,44.01385],[-79.40494,44.0133],[-79.40522,44.01287],[-79.40595,44.01292],[-79.40618,44.01321],[-79.40629,44.01354],[-79.40635,44.01374],[-79.40638,44.01383],[-79.40642,44.01403],[-79.40656,44.01431],[-79.4103,44.03189],[-79.41676,44.05155],[-79.41944,44.06456],[-79.41945,44.06656],[-79.41814,44.06795],[-79.41805,44.06841],[-79.41823,44.06891],[-79.42001,44.06852],[-79.42013,44.06849],[-79.42046,44.06842],[-79.42077,44.06835],[-79.42267,44.06796],[-79.42245,44.06747],[-79.42196,44.06757],[-79.42161,44.06762],[-79.4216,44.06756],[-79.42157,44.06762],[-79.42144,44.06756],[-79.42202,44.06722],[-79.42245,44.06747],[-79.42261,44.06784],[-79.42242,44.0679],[-79.42074,44.06826],[-79.42022,44.06838],[-79.42011,44.06841],[-79.41992,44.06845],[-79.41945,44.06849],[-79.4186,44.06802],[-79.41901,44.06757],[-79.41969,44.06766],[-79.41996,44.06796],[-79.42007,44.06826],[-79.42011,44.06841],[-79.42013,44.06849],[-79.42023,44.06883],[-79.42038,44.06914],[-79.42117,44.07344],[-79.42139,44.0794],[-79.42398,44.09047],[-79.42354,44.09389],[-79.42115,44.09874],[-79.42044,44.10097],[-79.42026,44.10408],[-79.4208,44.10687],[-79.42244,44.1135],[-79.42348,44.11624],[-79.42497,44.11852],[-79.43155,44.12561],[-79.43421,44.13009],[-79.43632,44.1383],[-79.43628,44.13916],[-79.4354,44.14091],[-79.43574,44.14202],[-79.4361,44.14207],[-79.43715,44.14183],[-79.43735,44.14179],[-79.43806,44.14164],[-79.43949,44.14135],[-79.4405,44.14113],[-79.44065,44.14152],[-79.44016,44.14162],[-79.44031,44.14188],[-79.44105,44.142],[-79.44064,44.14099],[-79.4373,44.14167],[-79.43599,44.14197],[-79.43573,44.14113],[-79.43615,44.14078],[-79.43679,44.14082],[-79.43712,44.14114],[-79.4373,44.14167],[-79.43735,44.14179],[-79.43747,44.14203],[-79.43994,44.15123],[-79.44799,44.17499],[-79.44826,44.17777],[-79.44795,44.18061],[-79.44721,44.18305],[-79.44559,44.18613],[-79.44365,44.18853],[-79.44167,44.19025],[-79.44003,44.19092],[-79.43924,44.19111],[-79.43787,44.19135],[-79.43692,44.19156],[-79.43678,44.19165],[-79.43679,44.19169],[-79.43679,44.19172],[-79.43686,44.19197],[-79.43698,44.19226],[-79.43742,44.19221],[-79.43679,44.19169],[-79.43771,44.19139],[-79.44443,44.21681],[-79.46205,44.213]]}},{"type":"Feature","properties":{"route":"67","name":"Keswick / North York","dir":"1","shape":"447330","trips":4,"toronto":true},"geometry":{"type":"LineString","coordinates":[[-79.46205,44.213],[-79.46499,44.21226],[-79.46553,44.21076],[-79.46767,44.20704],[-79.46437,44.19329],[-79.43967,44.19871],[-79.4386,44.19465],[-79.43865,44.19455],[-79.4385,44.19398],[-79.43821,44.19268],[-79.43787,44.19135],[-79.43692,44.19156],[-79.43684,44.19159],[-79.43678,44.19165],[-79.43679,44.19169],[-79.43679,44.19172],[-79.43686,44.19197],[-79.43698,44.19226],[-79.43742,44.19221],[-79.43679,44.19169],[-79.43771,44.19139],[-79.43835,44.194],[-79.4385,44.19398],[-79.43866,44.19393],[-79.43922,44.1937],[-79.44362,44.18938],[-79.44594,44.18666],[-79.4475,44.18392],[-79.44847,44.18104],[-79.44883,44.17856],[-79.44868,44.17545],[-79.44025,44.15022],[-79.43808,44.14201],[-79.43802,44.14006],[-79.4389,44.13963],[-79.43979,44.13986],[-79.44065,44.14152],[-79.44016,44.14162],[-79.44031,44.14188],[-79.44105,44.142],[-79.43997,44.13965],[-79.43799,44.13848],[-79.43716,44.13761],[-79.43483,44.13017],[-79.43289,44.12653],[-79.43079,44.12388],[-79.42577,44.11865],[-79.4241,44.11619],[-79.42313,44.11373],[-79.42117,44.10589],[-79.42085,44.10352],[-79.42117,44.10056],[-79.42396,44.09432],[-79.42454,44.09106],[-79.42438,44.08917],[-79.42171,44.07803],[-79.4215,44.07073],[-79.42292,44.06864],[-79.42245,44.06747],[-79.42196,44.06757],[-79.42161,44.06762],[-79.4216,44.06756],[-79.42157,44.06762],[-79.42139,44.06744],[-79.42202,44.06722],[-79.42245,44.06747],[-79.42234,44.0672],[-79.4207,44.06609],[-79.42025,44.06542],[-79.41647,44.04861],[-79.41072,44.03179],[-79.40768,44.01724],[-79.40774,44.01535],[-79.40899,44.0141],[-79.40905,44.01367],[-79.4086,44.01279],[-79.40743,44.01297],[-79.40726,44.0125],[-79.40773,44.01188],[-79.40647,44.01076],[-79.40451,44.00544],[-79.40293,44.00335],[-79.39818,43.99864],[-79.39696,43.99667],[-79.39621,43.99449],[-79.39383,43.97976],[-79.394,43.97908],[-79.39529,43.97771],[-79.395,43.97668],[-79.39391,43.9763],[-79.39372,43.97582],[-79.39408,43.97513],[-79.39453,43.97497],[-79.39757,43.97512],[-79.39783,43.97541],[-79.39758,43.97554],[-79.39782,43.97554],[-79.39777,43.97619],[-79.39738,43.97642],[-79.39431,43.97626],[-79.39398,43.97561],[-79.39372,43.97582],[-79.39391,43.9763],[-79.395,43.97668],[-79.39491,43.97694],[-79.39361,43.97647],[-79.39302,43.9753],[-79.39271,43.97318],[-79.39312,43.9592],[-79.39295,43.95434],[-79.3922,43.94922],[-79.39011,43.94101],[-79.38966,43.9378],[-79.39055,43.92885],[-79.39043,43.92618],[-79.38104,43.88733],[-79.38105,43.88557],[-79.38196,43.8835],[-79.38152,43.88248],[-79.38044,43.8828],[-79.38006,43.88161],[-79.38109,43.88145],[-79.3796,43.88019],[-79.37878,43.87812],[-79.37269,43.85323],[-79.36923,43.84112],[-79.36006,43.8185],[-79.35918,43.81707],[-79.35737,43.81536],[-79.34898,43.8115],[-79.34765,43.81033],[-79.34691,43.80904],[-79.34077,43.78126],[-79.3395,43.77325],[-79.33944,43.7702],[-79.33987,43.76877],[-79.3409,43.76826],[-79.34909,43.76728],[-79.3719,43.76613],[-79.37817,43.76545],[-79.39462,43.76172],[-79.3985,43.76004],[-79.4056,43.75582],[-79.40848,43.75534],[-79.40923,43.75578],[-79.40965,43.75673],[-79.41591,43.78196]]}},{"type":"Feature","properties":{"route":"68","name":"Barrie / Newmarket","dir":"0","shape":"447342","trips":6,"toronto":true},"geometry":{"type":"LineString","coordinates":[[-79.45941,43.99978],[-79.45866,43.99946],[-79.45818,43.99987],[-79.45642,44.00024],[-79.45629,44.00063],[-79.45679,44.00203],[-79.44373,44.00502],[-79.4473,44.02067],[-79.44769,44.02347],[-79.45341,44.04744],[-79.45289,44.04935],[-79.45341,44.05688],[-79.4539,44.05972],[-79.45426,44.06077],[-79.46122,44.05921],[-79.46318,44.0634],[-79.46269,44.06464],[-79.46066,44.06551],[-79.45987,44.06623],[-79.45983,44.06843],[-79.45869,44.07093],[-79.46033,44.07822],[-79.45786,44.07871],[-79.45767,44.07818],[-79.45667,44.07823],[-79.45602,44.07873],[-79.45713,44.07863],[-79.45767,44.07818],[-79.45791,44.07886],[-79.46094,44.07826],[-79.48475,44.07298],[-79.48651,44.08021],[-79.48751,44.08236],[-79.48716,44.08293],[-79.48975,44.08471],[-79.49244,44.08725],[-79.49238,44.08792],[-79.48974,44.09146],[-79.48942,44.09241],[-79.49155,44.10144],[-79.49723,44.1002],[-79.5013,44.10216],[-79.51362,44.10539],[-79.5149,44.10501],[-79.51795,44.10583],[-79.51879,44.10503],[-79.52057,44.10622],[-79.52268,44.10712],[-79.54553,44.11322],[-79.55613,44.11568],[-79.55556,44.11641],[-79.5571,44.11787],[-79.55777,44.11775],[-79.55729,44.11587],[-79.56482,44.11428],[-79.57004,44.13462],[-79.58857,44.21146],[-79.59021,44.21562],[-79.59289,44.22059],[-79.59393,44.22367],[-79.60079,44.25144],[-79.61342,44.29941],[-79.61626,44.31288],[-79.62448,44.34419],[-79.62525,44.34581],[-79.62702,44.34817],[-79.63008,44.35048],[-79.6295,44.35128],[-79.62831,44.35091],[-79.62785,44.35149],[-79.62888,44.35186],[-79.62912,44.3512],[-79.6295,44.35128],[-79.62994,44.35065],[-79.63008,44.35048],[-79.64976,44.35775],[-79.6552,44.36056],[-79.66246,44.36647],[-79.668,44.36981],[-79.67742,44.3716],[-79.68582,44.37106],[-79.69069,44.37161],[-79.69207,44.37212],[-79.69031,44.37466],[-79.68876,44.37489],[-79.68887,44.37431],[-79.68926,44.37441]]}},{"type":"Feature","properties":{"route":"68","name":"Barrie / Newmarket","dir":"1","shape":"447339","trips":5,"toronto":true},"geometry":{"type":"LineString","coordinates":[[-79.68926,44.37441],[-79.68985,44.37418],[-79.68891,44.37402],[-79.68871,44.37499],[-79.69031,44.37466],[-79.69207,44.37212],[-79.69053,44.37155],[-79.68582,44.37106],[-79.67742,44.3716],[-79.668,44.36981],[-79.66283,44.36665],[-79.6552,44.36056],[-79.64976,44.35775],[-79.63008,44.35048],[-79.6295,44.35128],[-79.62831,44.35091],[-79.62785,44.35149],[-79.62888,44.35186],[-79.62912,44.3512],[-79.6295,44.35128],[-79.62994,44.35065],[-79.63008,44.35048],[-79.62738,44.34847],[-79.62538,44.34602],[-79.62448,44.34419],[-79.61626,44.31288],[-79.61349,44.29933],[-79.60924,44.28381],[-79.59393,44.22367],[-79.59289,44.22059],[-79.58857,44.21146],[-79.57004,44.13462],[-79.56482,44.11428],[-79.55799,44.11583],[-79.55613,44.11568],[-79.55556,44.11641],[-79.5571,44.11787],[-79.55777,44.11775],[-79.55729,44.11587],[-79.55613,44.11568],[-79.54553,44.11322],[-79.52304,44.10716],[-79.52049,44.10603],[-79.51891,44.10495],[-79.51795,44.10583],[-79.5149,44.10501],[-79.51362,44.10539],[-79.5013,44.10216],[-79.49723,44.1002],[-79.49155,44.10144],[-79.48942,44.09241],[-79.48974,44.09146],[-79.49238,44.08792],[-79.49244,44.08725],[-79.48975,44.08471],[-79.48727,44.08298],[-79.48782,44.08241],[-79.48667,44.08031],[-79.4849,44.07282],[-79.46107,44.07815],[-79.45786,44.07871],[-79.45767,44.07818],[-79.45667,44.07823]]}},{"type":"Feature","properties":{"route":"70","name":"Uxbridge / Mount Joy","dir":"0","shape":"447347","trips":5,"toronto":false},"geometry":{"type":"LineString","coordinates":[[-79.26353,43.90048],[-79.26353,43.9008],[-79.26381,43.90078],[-79.26586,43.90031],[-79.27341,43.93251],[-79.27443,43.93575],[-79.2777,43.94356],[-79.27841,43.95213],[-79.27916,43.95659],[-79.28084,43.96133],[-79.28076,43.96374],[-79.23119,43.97485],[-79.23467,43.98975],[-79.23556,43.98958],[-79.23686,43.98917],[-79.23694,43.98981],[-79.23746,43.9899],[-79.23772,43.98899],[-79.23601,43.98934],[-79.23467,43.98975],[-79.23908,44.00904],[-79.23893,44.01062],[-79.2379,44.0126],[-79.23782,44.01402],[-79.21989,44.02429],[-79.17037,44.05138],[-79.16803,44.05224],[-79.15693,44.05488],[-79.15507,44.05582],[-79.15384,44.05771],[-79.15319,44.05964],[-79.15327,44.06049],[-79.16063,44.0773],[-79.16081,44.07865],[-79.16036,44.07991],[-79.15919,44.08112],[-79.15763,44.08189],[-79.13829,44.08634],[-79.1364,44.08711],[-79.13445,44.0886],[-79.12599,44.10088],[-79.12544,44.1034],[-79.12275,44.10813],[-79.12233,44.11075],[-79.12446,44.11022],[-79.12521,44.10956]]}},{"type":"Feature","properties":{"route":"70","name":"Uxbridge / Mount Joy","dir":"1","shape":"447345","trips":4,"toronto":false},"geometry":{"type":"LineString","coordinates":[[-79.12521,44.10956],[-79.12546,44.10891],[-79.12252,44.10955],[-79.12279,44.108],[-79.12547,44.10334],[-79.12589,44.10108],[-79.13549,44.08774],[-79.13848,44.08629],[-79.15763,44.08189],[-79.15919,44.08112],[-79.16036,44.07991],[-79.16081,44.07865],[-79.16063,44.0773],[-79.15327,44.06049],[-79.15319,44.05964],[-79.15384,44.05771],[-79.15507,44.05582],[-79.15693,44.05488],[-79.16803,44.05224],[-79.17037,44.05138],[-79.23169,44.0176],[-79.23188,44.01777],[-79.23188,44.01777],[-79.23188,44.01777],[-79.23188,44.01777],[-79.23169,44.0176],[-79.23819,44.014],[-79.23786,44.01277],[-79.23893,44.01062],[-79.23905,44.00879],[-79.23467,43.98975],[-79.23556,43.98958],[-79.23686,43.98917],[-79.23694,43.98981],[-79.23746,43.9899],[-79.23772,43.98899],[-79.23601,43.98934],[-79.23467,43.98975],[-79.23119,43.97485],[-79.28092,43.96383],[-79.28084,43.96133],[-79.2791,43.95593],[-79.27841,43.95213],[-79.27777,43.94383],[-79.27405,43.93458],[-79.26849,43.91174],[-79.26726,43.90447],[-79.26604,43.90015],[-79.26397,43.90066],[-79.26353,43.90048]]}},{"type":"Feature","properties":{"route":"71","name":"Stouffville","dir":"0","shape":"447351","trips":4,"toronto":true},"geometry":{"type":"LineString","coordinates":[[-79.37716,43.64395],[-79.37738,43.64426],[-79.37689,43.64436],[-79.3768,43.64414],[-79.37722,43.64406],[-79.3773,43.64423],[-79.37688,43.64432],[-79.37671,43.64393],[-79.38101,43.64172],[-79.38073,43.64102],[-79.37746,43.64212],[-79.37767,43.64287],[-79.37748,43.64327],[-79.37304,43.64507],[-79.36297,43.64724],[-79.3572,43.64897],[-79.35199,43.64903],[-79.34958,43.64996],[-79.34853,43.6508],[-79.34817,43.65204],[-79.34857,43.65298],[-79.35394,43.65851],[-79.35732,43.66959],[-79.36039,43.67333],[-79.36175,43.67641],[-79.36246,43.68173],[-79.36101,43.68526],[-79.36046,43.68903],[-79.35983,43.69038],[-79.35836,43.69222],[-79.35214,43.69723],[-79.34969,43.69786],[-79.34422,43.69732],[-79.34194,43.69758],[-79.34027,43.69829],[-79.33744,43.70026],[-79.33342,43.7021],[-79.33206,43.70378],[-79.33084,43.70803],[-79.32595,43.71203],[-79.325,43.71413],[-79.32545,43.71587],[-79.32841,43.71926],[-79.32994,43.72247],[-79.33051,43.72964],[-79.33203,43.7371],[-79.33217,43.74222],[-79.33318,43.74699],[-79.33379,43.75233],[-79.33678,43.76304],[-79.33727,43.76781],[-79.33857,43.7716],[-79.34023,43.78043],[-79.34656,43.80906],[-79.34735,43.81047],[-79.34871,43.81167],[-79.35576,43.81478],[-79.3577,43.81604],[-79.35924,43.81772],[-79.3642,43.82927],[-79.36513,43.83317],[-79.36476,43.83614],[-79.36409,43.83721],[-79.36283,43.83819],[-79.35703,43.84047],[-79.33944,43.84323],[-79.31373,43.8487],[-79.31077,43.84912],[-79.30805,43.84866],[-79.30686,43.84902],[-79.30789,43.85126],[-79.30746,43.85337],[-79.30854,43.85349],[-79.30857,43.85358],[-79.30857,43.85358],[-79.30857,43.85358],[-79.30857,43.85358],[-79.30854,43.85349],[-79.30863,43.85347],[-79.30879,43.85346],[-79.31114,43.85291],[-79.31228,43.85262],[-79.31353,43.8522],[-79.31439,43.85198],[-79.31453,43.85202],[-79.31436,43.85185],[-79.30879,43.85346],[-79.30746,43.85337],[-79.30286,43.85888],[-79.3027,43.86025],[-79.30361,43.86265],[-79.29186,43.86538],[-79.29302,43.86803],[-79.29285,43.86882],[-79.29219,43.86937],[-79.28951,43.87017],[-79.28754,43.87235],[-79.28172,43.87373],[-79.27978,43.87464],[-79.27259,43.87635],[-79.27159,43.87728],[-79.26527,43.87875],[-79.26314,43.88082],[-79.26158,43.88126],[-79.26583,43.90019],[-79.26397,43.90066],[-79.26353,43.90048],[-79.2635,43.90069],[-79.26381,43.90078],[-79.26586,43.90031],[-79.26597,43.90068],[-79.27341,43.93251],[-79.27443,43.93575],[-79.2777,43.94356],[-79.27841,43.95213],[-79.27916,43.95659],[-79.28084,43.96133],[-79.2809,43.96329],[-79.28076,43.96374],[-79.27891,43.96427],[-79.23119,43.97485],[-79.23467,43.98975],[-79.23686,43.98917],[-79.23694,43.98981],[-79.23746,43.9899]]}},{"type":"Feature","properties":{"route":"71","name":"Stouffville","dir":"1","shape":"447353","trips":4,"toronto":true},"geometry":{"type":"LineString","coordinates":[[-79.12521,44.10956],[-79.12546,44.10891],[-79.12252,44.10955],[-79.12279,44.108],[-79.12547,44.10334],[-79.12589,44.10108],[-79.13549,44.08774],[-79.13848,44.08629],[-79.15763,44.08189],[-79.15919,44.08112],[-79.16036,44.07991],[-79.16081,44.07865],[-79.16063,44.0773],[-79.15327,44.06049],[-79.15319,44.05964],[-79.15384,44.05771],[-79.15507,44.05582],[-79.15693,44.05488],[-79.16803,44.05224],[-79.17037,44.05138],[-79.23169,44.0176],[-79.23188,44.01777],[-79.23188,44.01777],[-79.23188,44.01777],[-79.23188,44.01777],[-79.23169,44.0176],[-79.23819,44.014],[-79.23786,44.01277],[-79.23893,44.01062],[-79.23905,44.00879],[-79.23467,43.98975],[-79.23556,43.98958],[-79.23686,43.98917],[-79.23694,43.98981],[-79.23746,43.9899],[-79.23772,43.98899],[-79.23601,43.98934],[-79.23467,43.98975],[-79.23119,43.97485],[-79.28092,43.96383],[-79.28084,43.96133],[-79.2791,43.95593],[-79.27841,43.95213],[-79.27777,43.94383],[-79.27405,43.93458],[-79.26849,43.91174],[-79.26726,43.90447],[-79.26604,43.90015],[-79.26397,43.90066],[-79.26353,43.90048],[-79.2635,43.90069],[-79.26381,43.90078],[-79.26607,43.90026],[-79.26604,43.90015],[-79.26594,43.89973],[-79.26569,43.89871],[-79.26516,43.89638],[-79.26525,43.89637],[-79.26158,43.88126],[-79.26314,43.88082],[-79.26527,43.87875],[-79.27159,43.87728],[-79.27259,43.87635],[-79.27947,43.87475],[-79.28172,43.87373],[-79.28754,43.87235],[-79.28814,43.87206],[-79.28951,43.87017],[-79.29219,43.86937],[-79.29285,43.86882],[-79.29304,43.86761],[-79.29191,43.86549],[-79.3038,43.86273],[-79.3027,43.86025],[-79.30286,43.85888],[-79.3076,43.85341],[-79.30857,43.85358],[-79.30857,43.85358],[-79.30857,43.85358],[-79.30857,43.85358],[-79.30854,43.85349],[-79.30863,43.85347],[-79.30879,43.85346],[-79.31114,43.85291],[-79.31228,43.85262],[-79.31353,43.8522],[-79.31439,43.85198],[-79.31453,43.85202],[-79.31436,43.85185],[-79.30879,43.85346],[-79.3076,43.85341],[-79.30816,43.85114],[-79.30896,43.85044],[-79.32484,43.8465],[-79.3414,43.84323],[-79.35723,43.84109],[-79.36307,43.84112],[-79.36714,43.83958],[-79.36871,43.83931],[-79.36931,43.83923],[-79.37048,43.83906],[-79.37073,43.83903],[-79.37183,43.83924],[-79.372,43.83999],[-79.37148,43.84036],[-79.37063,43.84032],[-79.36961,43.83957],[-79.36944,43.83939],[-79.36931,43.83923],[-79.36918,43.83905],[-79.369,43.83873],[-79.3664,43.83349],[-79.36006,43.8185],[-79.35918,43.81707],[-79.3564,43.81476],[-79.34898,43.8115],[-79.34765,43.81033],[-79.34691,43.80904],[-79.34077,43.78126],[-79.33874,43.76745],[-79.3371,43.7632],[-79.33395,43.75193],[-79.33339,43.74681],[-79.33237,43.74243],[-79.33224,43.73712],[-79.33079,43.72954],[-79.33032,43.72288],[-79.32904,43.71982],[-79.3259,43.71565],[-79.32552,43.71394],[-79.32647,43.71184],[-79.33092,43.70818],[-79.33223,43.70378],[-79.3335,43.70223],[-79.33783,43.70024],[-79.34052,43.69831],[-79.34217,43.69768],[-79.34407,43.69749],[-79.34929,43.69812],[-79.3522,43.69742],[-79.35838,43.69239],[-79.35971,43.69087],[-79.36061,43.68909],[-79.36119,43.68521],[-79.36262,43.68159],[-79.36189,43.67639],[-79.3608,43.67372],[-79.35737,43.66933],[-79.35402,43.65842],[-79.34877,43.6529],[-79.34861,43.65179],[-79.34901,43.65085],[-79.35012,43.64992],[-79.35194,43.6492],[-79.35754,43.64905],[-79.3662,43.64671],[-79.37411,43.64507],[-79.37713,43.64371],[-79.37716,43.64395]]}},{"type":"Feature","properties":{"route":"88","name":"Peterborough / Oshawa","dir":"0","shape":"447917","trips":10,"toronto":false},"geometry":{"type":"LineString","coordinates":[[-78.88572,43.87103],[-78.88743,43.87049],[-78.88815,43.87205],[-78.88814,43.87279],[-78.87826,43.87506],[-78.87703,43.8754],[-78.87583,43.87582],[-78.87535,43.87595],[-78.87506,43.87606],[-78.87434,43.87602],[-78.87431,43.87547],[-78.87509,43.87498],[-78.87536,43.87588],[-78.87535,43.87595],[-78.87535,43.87596],[-78.87531,43.87606],[-78.87525,43.87618],[-78.87498,43.87643],[-78.86832,43.87862],[-78.83487,43.88628],[-78.83077,43.88687],[-78.8265,43.88703],[-78.8219,43.88673],[-78.81514,43.88524],[-78.80936,43.8828],[-78.80247,43.8783],[-78.79981,43.87699],[-78.79598,43.87584],[-78.79125,43.87536],[-78.78796,43.87557],[-78.70963,43.88564],[-78.70428,43.88734],[-78.69204,43.89312],[-78.69095,43.8933],[-78.69001,43.89275],[-78.68886,43.89324],[-78.69059,43.89759],[-78.69197,43.89956],[-78.69285,43.90049],[-78.69738,43.90264],[-78.69904,43.90422],[-78.702,43.91123],[-78.70771,43.90978],[-78.70671,43.90743],[-78.70503,43.90771],[-78.70446,43.9081],[-78.7059,43.90908],[-78.70637,43.90989],[-78.70444,43.91043],[-78.70395,43.91065],[-78.70254,43.91106],[-78.70218,43.91118],[-78.702,43.91123],[-78.70183,43.91128],[-78.70118,43.9115],[-78.70088,43.91158],[-78.70006,43.91185],[-78.69822,43.9124],[-78.69685,43.91271],[-78.69194,43.91289],[-78.68496,43.91103],[-78.68106,43.91038],[-78.67038,43.91242],[-78.66533,43.91242],[-78.65948,43.91125],[-78.65754,43.91114],[-78.64871,43.91249],[-78.63919,43.91245],[-78.62223,43.91304],[-78.61441,43.91223],[-78.61327,43.91219],[-78.61283,43.91219],[-78.61263,43.9122],[-78.61213,43.91223],[-78.61192,43.91224],[-78.61215,43.91301],[-78.61297,43.91291],[-78.61311,43.91263],[-78.61281,43.91252],[-78.61215,43.91301],[-78.61195,43.91249],[-78.61192,43.91224],[-78.61365,43.91246],[-78.61325,43.91403],[-78.60103,43.92568],[-78.59945,43.92828],[-78.59888,43.93071],[-78.59936,43.93401],[-78.60556,43.94821],[-78.60637,43.95242],[-78.61053,43.96185],[-78.61089,43.96507],[-78.60993,43.96997],[-78.60995,43.97161],[-78.61106,43.97626],[-78.61446,43.98383],[-78.61482,43.98542],[-78.61471,43.98721],[-78.61392,43.98917],[-78.60562,43.99873],[-78.60496,44.00009],[-78.60485,44.00153],[-78.6104,44.01545],[-78.61112,44.01928],[-78.61462,44.02757],[-78.61453,44.02947],[-78.61319,44.03259],[-78.6134,44.0346],[-78.61832,44.0459],[-78.61983,44.05037],[-78.62311,44.05477],[-78.62379,44.05617],[-78.62386,44.05787],[-78.62307,44.05959],[-78.62224,44.06049],[-78.62204,44.06061],[-78.62198,44.06067],[-78.62179,44.06083],[-78.62166,44.06093],[-78.62143,44.06105],[-78.62081,44.06109],[-78.62043,44.06077],[-78.62081,44.06022],[-78.62164,44.06038],[-78.62188,44.06057],[-78.62198,44.06067],[-78.62213,44.0608],[-78.62274,44.06134],[-78.62373,44.0622],[-78.62408,44.06248],[-78.62544,44.06399],[-78.626,44.06376],[-78.62602,44.06448],[-78.62571,44.0645],[-78.62552,44.06412],[-78.62544,44.06399],[-78.62532,44.06381],[-78.6249,44.0633],[-78.62408,44.06248],[-78.62377,44.06221],[-78.62371,44.06211],[-78.62282,44.06131],[-78.62218,44.06074],[-78.62204,44.06061],[-78.6219,44.06049],[-78.62177,44.06039],[-78.62121,44.06014],[-78.6206,44.06024],[-78.62033,44.06073],[-78.62075,44.06173],[-78.61983,44.06299],[-78.59879,44.08412],[-78.58499,44.09116],[-78.58222,44.09288],[-78.57982,44.09495],[-78.56813,44.1067],[-78.53431,44.13079],[-78.53151,44.13241],[-78.50842,44.14354],[-78.48417,44.16144],[-78.47513,44.16962],[-78.47019,44.17726],[-78.46674,44.18122],[-78.46504,44.18261],[-78.4618,44.1834],[-78.46264,44.18542],[-78.46277,44.1857],[-78.46293,44.18606],[-78.46363,44.18777],[-78.46367,44.18784],[-78.46378,44.18778],[-78.46438,44.18763],[-78.46445,44.1876],[-78.46449,44.18757],[-78.46452,44.18756],[-78.46463,44.18749],[-78.46466,44.18747],[-78.46491,44.18705],[-78.4644,44.18722],[-78.46445,44.1876],[-78.46363,44.18777],[-78.46327,44.18688],[-78.46293,44.18606],[-78.46277,44.1857],[-78.46264,44.18542],[-78.46184,44.18349],[-78.46334,44.18327],[-78.46382,44.1835],[-78.464,44.184],[-78.46335,44.18505],[-78.46302,44.18541],[-78.46277,44.1857],[-78.46169,44.18691],[-78.46128,44.18736],[-78.45924,44.18967],[-78.4509,44.19902],[-78.45022,44.19975],[-78.44647,44.20397],[-78.44444,44.20579],[-78.4411,44.20748],[-78.3917,44.22456],[-78.35632,44.25029],[-78.35343,44.25349],[-78.35011,44.26023],[-78.34753,44.26373],[-78.34776,44.26603],[-78.34743,44.26685],[-78.35089,44.2663],[-78.35088,44.26723],[-78.34916,44.26798],[-78.34957,44.26872],[-78.34936,44.27102],[-78.34648,44.27175],[-78.34616,44.27053],[-78.34529,44.2695],[-78.34052,44.27396],[-78.34043,44.27494],[-78.3438,44.2823],[-78.3175,44.28888],[-78.31906,44.29248],[-78.31972,44.30078],[-78.31881,44.30092],[-78.3188,44.30103],[-78.31903,44.30207],[-78.31884,44.30473],[-78.32327,44.30452],[-78.323,44.30065],[-78.31881,44.30092],[-78.31903,44.30207],[-78.31875,44.3035],[-78.3196,44.31597],[-78.31065,44.3182],[-78.30966,44.32364],[-78.3101,44.32717],[-78.30834,44.33122],[-78.30908,44.33762],[-78.30597,44.34117],[-78.30532,44.34249],[-78.30561,44.34408],[-78.30499,44.34536],[-78.30299,44.34642],[-78.30075,44.34833],[-78.29925,44.35012],[-78.29781,44.35091],[-78.29653,44.3513],[-78.29548,44.35016],[-78.29379,44.34959],[-78.29224,44.34951],[-78.29115,44.34987],[-78.29051,44.35071],[-78.2908,44.35186],[-78.28978,44.35241],[-78.28652,44.35317],[-78.286,44.35527],[-78.2869,44.35658],[-78.28666,44.3576],[-78.28702,44.357]]}},{"type":"Feature","properties":{"route":"88","name":"Peterborough / Oshawa","dir":"1","shape":"447919","trips":9,"toronto":false},"geometry":{"type":"LineString","coordinates":[[-78.28702,44.357],[-78.286,44.35527],[-78.28652,44.35317],[-78.28978,44.35241],[-78.2908,44.35186],[-78.29051,44.35071],[-78.29115,44.34987],[-78.29224,44.34951],[-78.29379,44.34959],[-78.29548,44.35016],[-78.29653,44.3513],[-78.29781,44.35091],[-78.29925,44.35012],[-78.30075,44.34833],[-78.30299,44.34642],[-78.30499,44.34536],[-78.30561,44.34408],[-78.30532,44.34249],[-78.30597,44.34117],[-78.30908,44.33762],[-78.30834,44.33122],[-78.3101,44.32717],[-78.30966,44.32364],[-78.31065,44.3182],[-78.3207,44.31569],[-78.31995,44.30468],[-78.32327,44.30452],[-78.323,44.30065],[-78.31972,44.30078],[-78.31902,44.29223],[-78.3175,44.28888],[-78.3439,44.28227],[-78.3406,44.27522],[-78.34061,44.27409],[-78.34219,44.2724],[-78.34641,44.26844],[-78.3475,44.26684],[-78.35089,44.2663],[-78.35088,44.26723],[-78.34916,44.26798],[-78.34957,44.26872],[-78.34936,44.27102],[-78.34648,44.27175],[-78.34616,44.27053],[-78.34529,44.2695],[-78.34565,44.26918],[-78.34641,44.26844],[-78.3466,44.26824],[-78.34728,44.26728],[-78.34733,44.26716],[-78.3475,44.26684],[-78.34753,44.26678],[-78.34776,44.26625],[-78.3488,44.26426],[-78.35323,44.25444],[-78.35459,44.2525],[-78.35668,44.2504],[-78.39179,44.22484],[-78.44105,44.20779],[-78.44425,44.20637],[-78.44685,44.20412],[-78.46019,44.18924],[-78.46131,44.18844],[-78.46367,44.18784],[-78.46378,44.18778],[-78.46438,44.18763],[-78.46445,44.1876],[-78.46449,44.18757],[-78.46452,44.18756],[-78.46463,44.18749],[-78.46466,44.18747],[-78.46491,44.18705],[-78.4644,44.18722],[-78.46445,44.1876],[-78.46285,44.18793],[-78.46203,44.18748],[-78.46264,44.18636],[-78.47048,44.17744],[-78.47537,44.16985],[-78.48415,44.16184],[-78.50819,44.14404],[-78.53355,44.13163],[-78.56726,44.10776],[-78.56952,44.1059],[-78.58018,44.09504],[-78.58245,44.09308],[-78.58529,44.09133],[-78.59768,44.08521],[-78.60013,44.08344],[-78.62151,44.06166],[-78.62219,44.06141],[-78.62291,44.06161],[-78.62544,44.06399],[-78.626,44.06376],[-78.62602,44.06448],[-78.62571,44.0645],[-78.62552,44.06412],[-78.62544,44.06399],[-78.62532,44.06381],[-78.62518,44.06363],[-78.62269,44.06094],[-78.62398,44.05791],[-78.62383,44.05584],[-78.61993,44.05027],[-78.61853,44.04607],[-78.61348,44.03447],[-78.61334,44.03252],[-78.61468,44.0294],[-78.61471,44.02744],[-78.61115,44.01899],[-78.6106,44.0155],[-78.60496,44.00137],[-78.60515,43.99992],[-78.60579,43.99871],[-78.61394,43.9894],[-78.61476,43.98752],[-78.61497,43.98538],[-78.61449,43.98352],[-78.61118,43.97621],[-78.61008,43.97161],[-78.61009,43.96981],[-78.61103,43.96503],[-78.61066,43.96184],[-78.6064,43.95215],[-78.6057,43.94823],[-78.59948,43.93396],[-78.59902,43.9307],[-78.59991,43.9276],[-78.60177,43.92506],[-78.61203,43.91557],[-78.61394,43.91414],[-78.61626,43.91356],[-78.61687,43.91256],[-78.61192,43.91224],[-78.61215,43.91301],[-78.61297,43.91291],[-78.61311,43.91263],[-78.61281,43.91252],[-78.61215,43.91301],[-78.61195,43.91249],[-78.61192,43.91224],[-78.61355,43.91219],[-78.62183,43.91303],[-78.62182,43.91312],[-78.64284,43.91244],[-78.64766,43.91257],[-78.65754,43.91114],[-78.66533,43.91242],[-78.67008,43.91251],[-78.68172,43.91043],[-78.6908,43.91267],[-78.69507,43.91304],[-78.70771,43.90978],[-78.70671,43.90743],[-78.70503,43.90771],[-78.70446,43.9081],[-78.7059,43.90908],[-78.70637,43.90989],[-78.703,43.91092],[-78.70206,43.91081],[-78.7005,43.90702],[-78.69884,43.90395],[-78.69738,43.90264],[-78.69367,43.9009],[-78.69217,43.89978],[-78.69112,43.8983],[-78.69015,43.89505],[-78.69544,43.89185],[-78.70384,43.88774],[-78.70949,43.88586],[-78.7881,43.87574],[-78.79143,43.87554],[-78.79613,43.87606],[-78.80027,43.87736],[-78.80959,43.88309],[-78.81549,43.8855],[-78.8222,43.88689],[-78.83004,43.88708],[-78.83509,43.88642],[-78.87288,43.87777],[-78.87684,43.87798],[-78.87648,43.87694],[-78.87583,43.87582],[-78.87521,43.87494],[-78.8744,43.87536],[-78.87427,43.87629],[-78.87573,43.87586],[-78.87583,43.87582],[-78.8765,43.87558],[-78.87703,43.8754],[-78.8775,43.87526],[-78.88814,43.87279],[-78.88815,43.87205],[-78.88743,43.87049],[-78.88572,43.87103]]}},{"type":"Feature","properties":{"route":"90","name":"Lakeshore East","dir":"0","shape":"447922","trips":3,"toronto":true},"geometry":{"type":"LineString","coordinates":[[-79.37716,43.64395],[-79.37738,43.64426],[-79.37689,43.64436],[-79.3768,43.64414],[-79.37722,43.64406],[-79.3773,43.64423],[-79.37688,43.64432],[-79.37671,43.64393],[-79.38101,43.64172],[-79.38073,43.64102],[-79.37746,43.64212],[-79.37767,43.64287],[-79.37748,43.64327],[-79.37304,43.64507],[-79.36297,43.64724],[-79.3572,43.64897],[-79.35199,43.64903],[-79.34958,43.64996],[-79.34853,43.6508],[-79.34817,43.65204],[-79.34857,43.65298],[-79.35394,43.65851],[-79.35732,43.66959],[-79.36039,43.67333],[-79.36175,43.67641],[-79.36246,43.68173],[-79.36101,43.68526],[-79.36046,43.68903],[-79.35983,43.69038],[-79.35836,43.69222],[-79.35214,43.69723],[-79.34969,43.69786],[-79.34422,43.69732],[-79.34194,43.69758],[-79.34027,43.69829],[-79.33744,43.70026],[-79.33342,43.7021],[-79.33206,43.70378],[-79.33078,43.70811],[-79.32625,43.71175],[-79.32518,43.71329],[-79.32501,43.71466],[-79.32538,43.71575],[-79.32867,43.71967],[-79.33008,43.72312],[-79.33047,43.72929],[-79.33203,43.7371],[-79.33217,43.74222],[-79.33318,43.74699],[-79.33358,43.75111],[-79.33672,43.76281],[-79.33661,43.76667],[-79.33601,43.76736],[-79.32938,43.76799],[-79.3147,43.76825],[-79.31043,43.76882],[-79.27383,43.77733],[-79.24031,43.78411],[-79.22948,43.78731],[-79.21936,43.79216],[-79.21292,43.79387],[-79.17634,43.79915],[-79.17107,43.79965],[-79.16619,43.79917],[-79.15486,43.79552],[-79.15184,43.79526],[-79.14859,43.79565],[-79.14635,43.79635],[-79.14408,43.7975],[-79.1348,43.80382],[-79.12063,43.81232],[-79.1061,43.82203],[-79.09733,43.82624],[-79.07022,43.83848],[-79.06852,43.83472],[-79.06798,43.83328],[-79.06815,43.83301],[-79.07057,43.8324],[-79.07211,43.83205],[-79.07388,43.83166],[-79.07504,43.83139],[-79.07695,43.83096],[-79.07837,43.83069],[-79.07847,43.83062],[-79.08308,43.82965],[-79.0832,43.82962],[-79.08384,43.83107],[-79.08402,43.83112],[-79.08455,43.83099],[-79.08479,43.83067],[-79.08384,43.83107],[-79.08372,43.8309],[-79.0832,43.82962],[-79.07833,43.8306],[-79.0677,43.83299],[-79.07007,43.83854],[-79.06516,43.84126],[-79.05363,43.84637],[-79.04044,43.84874],[-79.03929,43.84661],[-79.04041,43.8462],[-79.0409,43.8461],[-79.04132,43.84699],[-79.04096,43.84735],[-79.04127,43.84754],[-79.04132,43.84699],[-79.04102,43.84632],[-79.0409,43.8461],[-79.04041,43.8462],[-79.04023,43.84624],[-79.03915,43.84666],[-79.0403,43.84876],[-79.01502,43.85475],[-79.00343,43.85717],[-78.97686,43.86404],[-78.96197,43.86652],[-78.95439,43.86716],[-78.93601,43.86614],[-78.93468,43.86582],[-78.93452,43.86519],[-78.93493,43.86493],[-78.9368,43.8649],[-78.93709,43.86505],[-78.93713,43.8651],[-78.9374,43.86572],[-78.9376,43.86588],[-78.93794,43.86573],[-78.93805,43.86543],[-78.93793,43.86508],[-78.93753,43.86506],[-78.93796,43.86558],[-78.9376,43.86588],[-78.93744,43.86578],[-78.9374,43.86572],[-78.93722,43.86531],[-78.93713,43.8651],[-78.93712,43.86508],[-78.93709,43.86505],[-78.93704,43.865],[-78.93698,43.86496],[-78.9368,43.8649],[-78.9366,43.86489],[-78.93647,43.86484],[-78.93518,43.86483],[-78.93466,43.86492],[-78.93336,43.86585],[-78.92416,43.86552],[-78.92048,43.86575],[-78.90737,43.86826],[-78.90552,43.86784],[-78.90453,43.868],[-78.90373,43.86574],[-78.8962,43.8689],[-78.89284,43.8713],[-78.89092,43.8721],[-78.88814,43.87279],[-78.88815,43.87205],[-78.88743,43.87049],[-78.88572,43.87103]]}},{"type":"Feature","properties":{"route":"90","name":"Lakeshore East","dir":"1","shape":"447921","trips":2,"toronto":true},"geometry":{"type":"LineString","coordinates":[[-78.88572,43.87103],[-78.88743,43.87049],[-78.88815,43.87205],[-78.88814,43.87279],[-78.89092,43.8721],[-78.89284,43.8713],[-78.8962,43.8689],[-78.90346,43.86596],[-78.90368,43.86604],[-78.90441,43.86803],[-78.90453,43.86831],[-78.90477,43.86884],[-78.90485,43.86902],[-78.90503,43.86943],[-78.90506,43.86948],[-78.90508,43.87023],[-78.90456,43.87049],[-78.90406,43.87031],[-78.90406,43.86986],[-78.90439,43.86965],[-78.9047,43.86954],[-78.90513,43.8694],[-78.90538,43.86934],[-78.90582,43.86917],[-78.92125,43.86585],[-78.92538,43.86573],[-78.93301,43.86635],[-78.93358,43.86677],[-78.93366,43.86805],[-78.93695,43.86749],[-78.93677,43.86701],[-78.93651,43.86633],[-78.93644,43.86616],[-78.93624,43.86565],[-78.93609,43.86528],[-78.93597,43.86492],[-78.93704,43.865],[-78.9374,43.86572],[-78.9376,43.86588],[-78.93794,43.86573],[-78.93805,43.86543],[-78.93793,43.86508],[-78.93753,43.86506],[-78.93796,43.86558],[-78.9376,43.86588],[-78.93704,43.865],[-78.93577,43.86482],[-78.93588,43.86545],[-78.93621,43.86615],[-78.93628,43.86632],[-78.93675,43.86741],[-78.93387,43.86794],[-78.93411,43.86658],[-78.93612,43.86631],[-78.93628,43.86632],[-78.93651,43.86633],[-78.93837,43.86644],[-78.94068,43.86653],[-78.95431,43.86734],[-78.95895,43.86713],[-78.97653,43.86433],[-78.99768,43.85879],[-79.01483,43.8551],[-79.03344,43.8506],[-79.03735,43.85012],[-79.04081,43.85069],[-79.04058,43.8493],[-79.04039,43.8486],[-79.03929,43.84661],[-79.04009,43.84629],[-79.0409,43.8461],[-79.04132,43.84699],[-79.04101,43.84752],[-79.04136,43.84738],[-79.0413,43.84713],[-79.04132,43.84704],[-79.04132,43.84699],[-79.04131,43.84694],[-79.0409,43.8461],[-79.04023,43.84624],[-79.04009,43.84629],[-79.03954,43.8465],[-79.03915,43.84666],[-79.04001,43.84802],[-79.04026,43.84863],[-79.04042,43.84921],[-79.04045,43.84933],[-79.04048,43.84951],[-79.04036,43.85026],[-79.03967,43.85049],[-79.03915,43.85017],[-79.03926,43.84976],[-79.0395,43.84961],[-79.04004,43.84944],[-79.04045,43.84933],[-79.04058,43.8493],[-79.04113,43.84908],[-79.0544,43.84636],[-79.06549,43.84142],[-79.06801,43.84058],[-79.07105,43.84046],[-79.06852,43.83472],[-79.06798,43.83328],[-79.06815,43.83301],[-79.0832,43.82962],[-79.08402,43.83112],[-79.08455,43.83099],[-79.08479,43.83067],[-79.08441,43.83061],[-79.08433,43.83104],[-79.08402,43.83112],[-79.08384,43.83107],[-79.0832,43.82962],[-79.08733,43.82882],[-79.08852,43.83069],[-79.08858,43.83088],[-79.0886,43.83096],[-79.08863,43.8311],[-79.0887,43.83138],[-79.08869,43.83173],[-79.08842,43.83205],[-79.08782,43.83202],[-79.08764,43.83161],[-79.08792,43.83133],[-79.08808,43.83124],[-79.0886,43.83096],[-79.08876,43.83087],[-79.08907,43.83067],[-79.10682,43.8225],[-79.12113,43.81276],[-79.13936,43.80186],[-79.14468,43.79789],[-79.14701,43.79672],[-79.14914,43.79608],[-79.15189,43.79581],[-79.15514,43.79613],[-79.16571,43.7997],[-79.1681,43.80022],[-79.17352,43.80006],[-79.21519,43.7938],[-79.22012,43.79225],[-79.22934,43.78754],[-79.24027,43.78428],[-79.27409,43.77745],[-79.3113,43.76884],[-79.31533,43.76841],[-79.33037,43.76819],[-79.33246,43.76832],[-79.33655,43.7696],[-79.33783,43.7694],[-79.33858,43.76862],[-79.33857,43.7673],[-79.33418,43.75298],[-79.33331,43.74635],[-79.33239,43.74255],[-79.33224,43.73712],[-79.33079,43.72954],[-79.33032,43.72288],[-79.32904,43.71982],[-79.32582,43.71549],[-79.32552,43.71428],[-79.32566,43.71321],[-79.32663,43.71168],[-79.33092,43.70818],[-79.33228,43.70365],[-79.33379,43.70202],[-79.33783,43.70024],[-79.34052,43.69831],[-79.34217,43.69768],[-79.34407,43.69749],[-79.34929,43.69812],[-79.3522,43.69742],[-79.35838,43.69239],[-79.35971,43.69087],[-79.36061,43.68909],[-79.36119,43.68521],[-79.36262,43.68159],[-79.36189,43.67639],[-79.3608,43.67372],[-79.35737,43.66933],[-79.35402,43.65842],[-79.34877,43.6529],[-79.34861,43.65179],[-79.34901,43.65085],[-79.35012,43.64992],[-79.35194,43.6492],[-79.35754,43.64905],[-79.3662,43.64671],[-79.37411,43.64507],[-79.37713,43.64371],[-79.37716,43.64395]]}},{"type":"Feature","properties":{"route":"92","name":"Oshawa / Yorkdale","dir":"0","shape":"447926","trips":19,"toronto":true},"geometry":{"type":"LineString","coordinates":[[-79.44884,43.72494],[-79.44929,43.7248],[-79.44943,43.72536],[-79.44671,43.72609],[-79.44667,43.72662],[-79.44756,43.72758],[-79.4456,43.72942],[-79.44174,43.7307],[-79.42603,43.74024],[-79.41827,43.74522],[-79.41426,43.74914],[-79.40972,43.75203],[-79.40898,43.75224],[-79.40849,43.75201],[-79.40838,43.75038],[-79.40694,43.74508],[-79.40618,43.74519],[-79.40624,43.74542],[-79.40699,43.74533],[-79.40801,43.74999],[-79.40805,43.75254],[-79.40648,43.75298],[-79.4061,43.75427],[-79.40521,43.75509],[-79.39923,43.75888],[-79.39594,43.76058],[-79.3931,43.76165],[-79.38038,43.76435],[-79.37184,43.76559],[-79.34326,43.76674],[-79.33071,43.76794],[-79.31261,43.76844],[-79.29647,43.77181],[-79.27464,43.77694],[-79.26625,43.77835],[-79.26511,43.77821],[-79.26425,43.77761],[-79.26239,43.77333],[-79.26104,43.77363],[-79.26088,43.77486],[-79.2618,43.7758],[-79.2611,43.7775],[-79.26038,43.77809],[-79.25696,43.77882],[-79.25545,43.77843],[-79.2534,43.77917],[-79.25353,43.78028],[-79.25243,43.78102],[-79.23988,43.78399],[-79.22927,43.78717],[-79.21929,43.79201],[-79.2156,43.79336],[-79.17634,43.79915],[-79.17107,43.79965],[-79.16705,43.79934],[-79.15608,43.79562],[-79.15249,43.79483],[-79.14149,43.80191],[-79.13575,43.805],[-79.13127,43.80845],[-79.12571,43.81109],[-79.12285,43.81362],[-79.11093,43.82228],[-79.10299,43.8246],[-79.10148,43.82532],[-79.10043,43.82627],[-79.09769,43.83007],[-79.08641,43.83869],[-79.08129,43.8431],[-79.06999,43.85066],[-79.06845,43.85141],[-79.00199,43.86662],[-78.96365,43.87495],[-78.86576,43.8971],[-78.86234,43.89005],[-78.88017,43.88607],[-78.87837,43.88218],[-78.87637,43.87674],[-78.87583,43.87582],[-78.87521,43.87494],[-78.87426,43.87555],[-78.87427,43.87629],[-78.87573,43.87586],[-78.87583,43.87582],[-78.8765,43.87558],[-78.87703,43.8754],[-78.8775,43.87526],[-78.88814,43.87279],[-78.88815,43.87205],[-78.88743,43.87049],[-78.88572,43.87103]]}},{"type":"Feature","properties":{"route":"92","name":"Oshawa / Yorkdale","dir":"1","shape":"447925","trips":19,"toronto":true},"geometry":{"type":"LineString","coordinates":[[-78.88572,43.87103],[-78.88743,43.87049],[-78.88815,43.87205],[-78.88814,43.87279],[-78.87826,43.87506],[-78.87703,43.8754],[-78.87583,43.87582],[-78.87573,43.87586],[-78.87558,43.8759],[-78.87535,43.87595],[-78.87506,43.87606],[-78.87438,43.87605],[-78.87426,43.87555],[-78.87509,43.87498],[-78.87515,43.87509],[-78.8756,43.87567],[-78.87573,43.87586],[-78.8758,43.87599],[-78.88017,43.88607],[-78.86036,43.89051],[-78.86404,43.89844],[-78.88434,43.89387],[-78.8868,43.89247],[-78.88857,43.89196],[-78.96268,43.87524],[-79.02654,43.86127],[-79.06845,43.85141],[-79.07434,43.84786],[-79.08129,43.8431],[-79.08673,43.83855],[-79.09683,43.83096],[-79.09823,43.82948],[-79.10053,43.82614],[-79.10148,43.82532],[-79.10299,43.8246],[-79.10633,43.82386],[-79.11093,43.82228],[-79.11598,43.81891],[-79.12591,43.81107],[-79.1312,43.8086],[-79.13552,43.80526],[-79.1457,43.79956],[-79.14987,43.79671],[-79.15281,43.79618],[-79.15514,43.79629],[-79.16597,43.79977],[-79.16851,43.80027],[-79.17172,43.8004],[-79.21593,43.79395],[-79.2212,43.79203],[-79.22833,43.78816],[-79.23527,43.78584],[-79.24088,43.78433],[-79.25037,43.78236],[-79.25243,43.78212],[-79.25427,43.78287],[-79.25554,43.78272],[-79.25388,43.77857],[-79.2538,43.77716],[-79.25454,43.77715],[-79.25522,43.77841],[-79.25642,43.77889],[-79.26046,43.77818],[-79.26126,43.77753],[-79.26191,43.77586],[-79.26239,43.77555],[-79.2627,43.77544],[-79.26299,43.77536],[-79.26309,43.77534],[-79.26317,43.77533],[-79.26326,43.77531],[-79.26239,43.77333],[-79.26104,43.77363],[-79.26088,43.77486],[-79.26191,43.77586],[-79.26309,43.77534],[-79.26344,43.77629],[-79.26448,43.77879],[-79.26478,43.77958],[-79.26482,43.77968],[-79.26485,43.77973],[-79.26491,43.78043],[-79.2644,43.78071],[-79.26385,43.7805],[-79.26389,43.78002],[-79.26427,43.77981],[-79.26442,43.77977],[-79.26482,43.77968],[-79.26495,43.77966],[-79.26559,43.77946],[-79.3123,43.76868],[-79.34279,43.76777],[-79.37291,43.76605],[-79.37774,43.76554],[-79.39363,43.76203],[-79.39792,43.76034],[-79.40545,43.7559],[-79.40808,43.75526],[-79.40892,43.7548],[-79.4085,43.75382],[-79.40824,43.75265],[-79.40816,43.74996],[-79.40694,43.74508],[-79.40618,43.74519],[-79.40624,43.74542],[-79.40699,43.74533],[-79.40797,43.74977],[-79.40803,43.75244],[-79.40828,43.75346],[-79.40833,43.75365],[-79.40836,43.75377],[-79.40837,43.75383],[-79.40845,43.75412],[-79.4085,43.75469],[-79.40809,43.75514],[-79.40748,43.75494],[-79.40766,43.75441],[-79.40802,43.75414],[-79.40823,43.754],[-79.40839,43.75389],[-79.4085,43.75382],[-79.40877,43.75358],[-79.41544,43.74924],[-79.41862,43.7457],[-79.4264,43.7407],[-79.43717,43.73433],[-79.44045,43.73266],[-79.44291,43.73217],[-79.44634,43.73091],[-79.44917,43.7303],[-79.44935,43.73026],[-79.44953,43.73021],[-79.4497,43.73017],[-79.44997,43.73014],[-79.45053,43.73038],[-79.45045,43.73082],[-79.44982,43.73092],[-79.44939,43.73055],[-79.44935,43.73033],[-79.44935,43.73026],[-79.44933,43.73013],[-79.44929,43.72992],[-79.44927,43.72972],[-79.44894,43.72795],[-79.44945,43.72756],[-79.44845,43.72521],[-79.44884,43.72494]]}},{"type":"Feature","properties":{"route":"94","name":"Pickering / Square One","dir":"0","shape":"447927","trips":20,"toronto":true},"geometry":{"type":"LineString","coordinates":[[-79.64766,43.59455],[-79.6471,43.59431],[-79.64394,43.59727],[-79.64154,43.59877],[-79.64231,43.59934],[-79.64281,43.60021],[-79.64222,43.60181],[-79.6385,43.60569],[-79.6312,43.61223],[-79.62959,43.61572],[-79.61694,43.6282],[-79.60885,43.63476],[-79.60688,43.63575],[-79.60681,43.63656],[-79.60724,43.63713],[-79.61365,43.64108],[-79.61394,43.64153],[-79.61388,43.64233],[-79.6087,43.6466],[-79.60621,43.64937],[-79.59326,43.66104],[-79.59169,43.66287],[-79.58913,43.66491],[-79.58821,43.66596],[-79.58728,43.66793],[-79.58788,43.66787],[-79.58889,43.66645],[-79.59007,43.66699],[-79.59114,43.66857],[-79.59329,43.67222],[-79.59215,43.67284],[-79.59312,43.6752],[-79.59367,43.67959],[-79.59446,43.68101],[-79.5959,43.68221],[-79.60236,43.68454],[-79.60255,43.68456],[-79.60273,43.68457],[-79.60287,43.68456],[-79.60357,43.68444],[-79.60531,43.6838],[-79.60524,43.68359],[-79.60479,43.6835],[-79.60273,43.68457],[-79.60219,43.68493],[-79.60207,43.68546],[-79.60278,43.68588],[-79.60794,43.68543],[-79.61134,43.68581],[-79.61231,43.68605],[-79.61258,43.68615],[-79.61281,43.68623],[-79.61339,43.68641],[-79.61384,43.68645],[-79.61438,43.68619],[-79.61531,43.68489],[-79.61532,43.68444],[-79.61356,43.6831],[-79.61301,43.68229],[-79.61219,43.68188],[-79.61083,43.68191],[-79.6099,43.68267],[-79.60959,43.68398],[-79.60969,43.68531],[-79.61021,43.68562],[-79.61213,43.6858],[-79.6124,43.68598],[-79.61258,43.68615],[-79.6128,43.68644],[-79.61296,43.6869],[-79.61042,43.6944],[-79.60967,43.69577],[-79.60848,43.69664],[-79.60587,43.69718],[-79.59448,43.69662],[-79.59046,43.69712],[-79.58465,43.69837],[-79.57863,43.69839],[-79.57476,43.69884],[-79.57174,43.69958],[-79.56807,43.70103],[-79.56204,43.70493],[-79.55725,43.70535],[-79.55315,43.7087],[-79.55054,43.70965],[-79.52575,43.71536],[-79.5077,43.71744],[-79.50165,43.71751],[-79.49688,43.7189],[-79.48657,43.72107],[-79.48376,43.72148],[-79.48145,43.72111],[-79.48083,43.72125],[-79.48078,43.72212],[-79.47612,43.72362],[-79.4636,43.72644],[-79.46053,43.72686],[-79.45769,43.72667],[-79.45553,43.72789],[-79.45215,43.72863],[-79.44932,43.72744],[-79.44872,43.72606],[-79.44876,43.72598],[-79.44863,43.72566],[-79.4486,43.72557],[-79.44845,43.72521],[-79.44846,43.72498],[-79.44929,43.7248],[-79.44945,43.72532],[-79.44863,43.72566],[-79.44714,43.72582],[-79.44671,43.72609],[-79.44667,43.72662],[-79.44756,43.72758],[-79.4456,43.72942],[-79.44174,43.7307],[-79.42603,43.74024],[-79.41798,43.74544],[-79.41373,43.74955],[-79.41145,43.75109],[-79.40972,43.75203],[-79.4093,43.75222],[-79.40829,43.75263],[-79.40824,43.75265],[-79.40809,43.75269],[-79.40772,43.75285],[-79.40703,43.75331],[-79.40674,43.75467],[-79.40746,43.75543],[-79.40939,43.75635],[-79.41048,43.76004],[-79.41064,43.75999],[-79.41109,43.75988],[-79.41121,43.75984],[-79.41215,43.7596],[-79.41315,43.76104],[-79.41179,43.76133],[-79.41102,43.76149],[-79.41075,43.76005],[-79.41066,43.76007],[-79.41064,43.75999],[-79.41047,43.7593],[-79.41042,43.75911],[-79.41021,43.75828],[-79.41024,43.75828],[-79.40971,43.7564],[-79.40824,43.75265],[-79.40788,43.75252],[-79.40641,43.75304],[-79.4061,43.75427],[-79.40521,43.75509],[-79.39803,43.75959],[-79.39505,43.76096],[-79.39151,43.76205],[-79.37493,43.76528],[-79.34326,43.76674],[-79.33071,43.76794],[-79.31261,43.76844],[-79.29647,43.77181],[-79.27464,43.77694],[-79.26625,43.77835],[-79.26511,43.77821],[-79.26425,43.77761],[-79.26239,43.77333],[-79.26104,43.77363],[-79.26088,43.77486],[-79.2618,43.7758],[-79.2611,43.7775],[-79.26028,43.77813],[-79.25696,43.77882],[-79.25545,43.77843],[-79.2534,43.77917],[-79.25355,43.78023],[-79.25268,43.78093],[-79.24045,43.78385],[-79.23223,43.78618],[-79.22681,43.78817],[-79.21829,43.79242],[-79.21552,43.79339],[-79.21292,43.79387],[-79.17634,43.79915],[-79.17107,43.79965],[-79.16619,43.79917],[-79.15449,43.79546],[-79.15138,43.79527],[-79.14819,43.79574],[-79.14408,43.7975],[-79.1348,43.80382],[-79.11962,43.81297],[-79.11695,43.81436],[-79.11384,43.8149],[-79.11541,43.81894],[-79.11037,43.82256],[-79.10299,43.8246],[-79.10148,43.82532],[-79.10043,43.82627],[-79.09769,43.83007],[-79.09101,43.83524],[-79.09037,43.83519],[-79.08849,43.8303],[-79.08742,43.82868],[-79.0832,43.82962],[-79.08384,43.83107],[-79.08455,43.83099]]}},{"type":"Feature","properties":{"route":"94","name":"Pickering / Square One","dir":"1","shape":"447928","trips":22,"toronto":true},"geometry":{"type":"LineString","coordinates":[[-79.08455,43.83099],[-79.08474,43.83059],[-79.08384,43.83107],[-79.0832,43.82962],[-79.08733,43.82882],[-79.08838,43.83036],[-79.08913,43.83309],[-79.09047,43.83581],[-79.09683,43.83096],[-79.09823,43.82948],[-79.10053,43.82614],[-79.10148,43.82532],[-79.10299,43.8246],[-79.10633,43.82386],[-79.11093,43.82228],[-79.11129,43.82204],[-79.11015,43.82117],[-79.11015,43.82043],[-79.11403,43.81735],[-79.12232,43.81202],[-79.1388,43.80223],[-79.14468,43.79789],[-79.14852,43.79623],[-79.15095,43.79583],[-79.15438,43.79599],[-79.16597,43.79977],[-79.16851,43.80027],[-79.17172,43.8004],[-79.21593,43.79395],[-79.2212,43.79203],[-79.22833,43.78816],[-79.23527,43.78584],[-79.24088,43.78433],[-79.25037,43.78236],[-79.25243,43.78212],[-79.25427,43.78287],[-79.25554,43.78272],[-79.25388,43.77857],[-79.2538,43.77716],[-79.25454,43.77715],[-79.25522,43.77841],[-79.25642,43.77889],[-79.26046,43.77818],[-79.26126,43.77753],[-79.26191,43.77586],[-79.26239,43.77555],[-79.2627,43.77544],[-79.26299,43.77536],[-79.26309,43.77534],[-79.26317,43.77533],[-79.26326,43.77531],[-79.26239,43.77333],[-79.26104,43.77363],[-79.26088,43.77486],[-79.26191,43.77586],[-79.26309,43.77534],[-79.26344,43.77629],[-79.26448,43.77879],[-79.26478,43.77958],[-79.26482,43.77968],[-79.26485,43.77973],[-79.26491,43.78043],[-79.2644,43.78071],[-79.26385,43.7805],[-79.26389,43.78002],[-79.26427,43.77981],[-79.26442,43.77977],[-79.26482,43.77968],[-79.26495,43.77966],[-79.26559,43.77946],[-79.31257,43.76883],[-79.33234,43.76848],[-79.35417,43.76693],[-79.3719,43.76613],[-79.37774,43.76554],[-79.39462,43.76172],[-79.3985,43.76004],[-79.40545,43.7559],[-79.40733,43.75543],[-79.40856,43.75535],[-79.40923,43.75578],[-79.41048,43.76004],[-79.41064,43.75999],[-79.41109,43.75988],[-79.41121,43.75984],[-79.41215,43.7596],[-79.41315,43.76104],[-79.41179,43.76133],[-79.41102,43.76149],[-79.41075,43.76005],[-79.41066,43.76007],[-79.41064,43.75999],[-79.41047,43.7593],[-79.41042,43.75911],[-79.41021,43.75828],[-79.41024,43.75828],[-79.40928,43.75488],[-79.40924,43.75397],[-79.40974,43.75317],[-79.41544,43.74924],[-79.41872,43.74563],[-79.43717,43.73433],[-79.44045,43.73266],[-79.44291,43.73217],[-79.44634,43.73091],[-79.44663,43.73084],[-79.44692,43.73077],[-79.44917,43.7303],[-79.44935,43.73026],[-79.44953,43.73021],[-79.4497,43.73017],[-79.44997,43.73014],[-79.45053,43.73038],[-79.45045,43.73082],[-79.44982,43.73092],[-79.44939,43.73055],[-79.44935,43.73033],[-79.44935,43.73026],[-79.44933,43.73013],[-79.44929,43.72992],[-79.44927,43.72972],[-79.44894,43.72795],[-79.44945,43.72756],[-79.44872,43.72606],[-79.44876,43.72598],[-79.44863,43.72566],[-79.4486,43.72557],[-79.44845,43.72521],[-79.44846,43.72498],[-79.44929,43.7248],[-79.44945,43.72532],[-79.44863,43.72566],[-79.44714,43.72582],[-79.44665,43.72621],[-79.44672,43.72669],[-79.44759,43.72725],[-79.4478,43.7278],[-79.44661,43.72919],[-79.44636,43.73018],[-79.44651,43.73063],[-79.44663,43.73084],[-79.4467,43.73093],[-79.44737,43.73144],[-79.44914,43.73169],[-79.45558,43.72898],[-79.45796,43.72828],[-79.478,43.72391],[-79.48042,43.72453],[-79.4817,43.72438],[-79.48174,43.7234],[-79.48233,43.72295],[-79.49121,43.72055],[-79.49849,43.71988],[-79.50475,43.71835],[-79.52509,43.71609],[-79.54514,43.71178],[-79.55438,43.70916],[-79.55825,43.70568],[-79.56218,43.70502],[-79.56799,43.70126],[-79.57099,43.70001],[-79.57441,43.69908],[-79.57811,43.69855],[-79.58477,43.69852],[-79.59058,43.69727],[-79.5945,43.69678],[-79.59878,43.69674],[-79.6056,43.69734],[-79.60807,43.69693],[-79.61002,43.69574],[-79.61124,43.69407],[-79.61338,43.68686],[-79.61487,43.68475],[-79.61488,43.6842],[-79.61301,43.68229],[-79.61175,43.68179],[-79.61055,43.68207],[-79.60912,43.68344],[-79.60845,43.68372],[-79.60552,43.68365],[-79.60274,43.68446],[-79.59718,43.6828],[-79.59555,43.68199],[-79.59393,43.68023],[-79.59336,43.67796],[-79.59326,43.67645],[-79.59462,43.67561],[-79.59474,43.67443],[-79.59059,43.66738],[-79.58871,43.66579],[-79.58925,43.66482],[-79.59146,43.66319],[-79.59326,43.66104],[-79.60621,43.64937],[-79.6087,43.6466],[-79.61388,43.64233],[-79.61394,43.64153],[-79.61365,43.64108],[-79.60724,43.63713],[-79.60681,43.63656],[-79.60688,43.63575],[-79.60885,43.63476],[-79.61694,43.6282],[-79.62959,43.61572],[-79.6312,43.61223],[-79.6385,43.60569],[-79.64222,43.60181],[-79.64281,43.60021],[-79.64164,43.59884],[-79.64427,43.59718],[-79.6471,43.59431],[-79.64752,43.59469]]}},{"type":"Feature","properties":{"route":"96","name":"Oshawa / Finch Express","dir":"0","shape":"447930","trips":16,"toronto":true},"geometry":{"type":"LineString","coordinates":[[-79.41512,43.78218],[-79.41441,43.78242],[-79.41422,43.78208],[-79.41608,43.78163],[-79.416,43.78085],[-79.4137,43.77246],[-79.41393,43.77242],[-79.41393,43.77242],[-79.41393,43.77242],[-79.41393,43.77242],[-79.4137,43.77246],[-79.4133,43.77093],[-79.4112,43.76161],[-79.40971,43.7564],[-79.40824,43.75265],[-79.40795,43.75251],[-79.40641,43.75304],[-79.4061,43.75427],[-79.40521,43.75509],[-79.39803,43.75959],[-79.39505,43.76096],[-79.39151,43.76205],[-79.37493,43.76528],[-79.34326,43.76674],[-79.33071,43.76794],[-79.31261,43.76844],[-79.29647,43.77181],[-79.27464,43.77694],[-79.26625,43.77835],[-79.26511,43.77821],[-79.26425,43.77761],[-79.26239,43.77333],[-79.26104,43.77363],[-79.26088,43.77486],[-79.2618,43.7758],[-79.2611,43.7775],[-79.26038,43.77809],[-79.25696,43.77882],[-79.25545,43.77843],[-79.2534,43.77917],[-79.25353,43.78028],[-79.25243,43.78102],[-79.23988,43.78399],[-79.23108,43.78656],[-79.22681,43.78817],[-79.21929,43.79201],[-79.21471,43.79356],[-79.17145,43.79993],[-79.16602,43.79938],[-79.15434,43.79561],[-79.15047,43.79552],[-79.14694,43.79634],[-79.14442,43.79764],[-79.13707,43.80269],[-79.12091,43.81242],[-79.10551,43.82237],[-79.07195,43.83816],[-79.056,43.84548],[-79.05333,43.84645],[-79.04044,43.84874],[-79.03929,43.84661],[-79.04041,43.8462],[-79.0409,43.8461],[-79.04132,43.84699],[-79.04096,43.84735],[-79.04127,43.84754],[-79.04132,43.84699],[-79.04102,43.84632],[-79.0409,43.8461],[-79.04041,43.8462],[-79.04023,43.84624],[-79.03915,43.84666],[-79.0403,43.84876],[-79.01502,43.85475],[-79.00343,43.85717],[-78.97686,43.86404],[-78.96197,43.86652],[-78.95439,43.86716],[-78.93601,43.86614],[-78.93468,43.86582],[-78.93452,43.86519],[-78.93493,43.86493],[-78.9368,43.8649],[-78.93709,43.86505],[-78.93713,43.8651],[-78.9374,43.86572],[-78.9376,43.86588],[-78.93794,43.86573],[-78.93805,43.86543],[-78.93793,43.86508],[-78.93753,43.86506],[-78.93796,43.86558],[-78.9376,43.86588],[-78.93744,43.86578],[-78.9374,43.86572],[-78.93722,43.86531],[-78.93713,43.8651],[-78.93712,43.86508],[-78.93709,43.86505],[-78.93704,43.865],[-78.93698,43.86496],[-78.9368,43.8649],[-78.9366,43.86489],[-78.93647,43.86484],[-78.93518,43.86483],[-78.93466,43.86492],[-78.93336,43.86585],[-78.92416,43.86552],[-78.92048,43.86575],[-78.90737,43.86826],[-78.90552,43.86784],[-78.90453,43.868],[-78.90373,43.86574],[-78.8962,43.8689],[-78.89284,43.8713],[-78.89092,43.8721],[-78.88814,43.87279],[-78.88815,43.87205],[-78.88743,43.87049],[-78.88572,43.87103]]}},{"type":"Feature","properties":{"route":"96","name":"Oshawa / Finch Express","dir":"1","shape":"447929","trips":14,"toronto":true},"geometry":{"type":"LineString","coordinates":[[-78.88572,43.87103],[-78.88743,43.87049],[-78.88815,43.87205],[-78.88814,43.87279],[-78.89092,43.8721],[-78.89284,43.8713],[-78.8962,43.8689],[-78.90346,43.86596],[-78.90368,43.86604],[-78.90441,43.86803],[-78.90453,43.86831],[-78.90477,43.86884],[-78.90485,43.86902],[-78.90503,43.86943],[-78.90506,43.86948],[-78.90508,43.87023],[-78.90456,43.87049],[-78.90406,43.87031],[-78.90406,43.86986],[-78.90439,43.86965],[-78.9047,43.86954],[-78.90513,43.8694],[-78.90538,43.86934],[-78.90582,43.86917],[-78.92125,43.86585],[-78.92538,43.86573],[-78.93301,43.86635],[-78.93358,43.86677],[-78.93366,43.86805],[-78.93695,43.86749],[-78.93677,43.86701],[-78.93651,43.86633],[-78.93644,43.86616],[-78.93624,43.86565],[-78.93609,43.86528],[-78.93597,43.86492],[-78.93704,43.865],[-78.9374,43.86572],[-78.9376,43.86588],[-78.93794,43.86573],[-78.93805,43.86543],[-78.93793,43.86508],[-78.93753,43.86506],[-78.93796,43.86558],[-78.9376,43.86588],[-78.93704,43.865],[-78.93577,43.86482],[-78.93588,43.86545],[-78.93621,43.86615],[-78.93628,43.86632],[-78.93675,43.86741],[-78.93387,43.86794],[-78.93411,43.86658],[-78.93612,43.86631],[-78.93628,43.86632],[-78.93651,43.86633],[-78.93837,43.86644],[-78.94068,43.86653],[-78.95431,43.86734],[-78.95895,43.86713],[-78.97653,43.86433],[-78.99768,43.85879],[-79.01483,43.8551],[-79.03344,43.8506],[-79.03735,43.85012],[-79.04081,43.85069],[-79.04058,43.8493],[-79.04039,43.8486],[-79.03929,43.84661],[-79.0409,43.8461],[-79.04131,43.84694],[-79.04105,43.84755],[-79.04136,43.84732],[-79.04131,43.84694],[-79.04102,43.84632],[-79.0409,43.8461],[-79.03915,43.84666],[-79.04045,43.84933],[-79.04039,43.85021],[-79.03977,43.8505],[-79.0392,43.85024],[-79.03926,43.84976],[-79.0395,43.84961],[-79.04004,43.84944],[-79.04045,43.84933],[-79.04058,43.8493],[-79.04113,43.84908],[-79.05526,43.84608],[-79.10518,43.82299],[-79.12095,43.81261],[-79.13918,43.80178],[-79.14488,43.79778],[-79.14746,43.79655],[-79.15062,43.79586],[-79.15405,43.79593],[-79.16597,43.79977],[-79.16851,43.80027],[-79.17172,43.8004],[-79.21593,43.79395],[-79.2212,43.79203],[-79.22833,43.78816],[-79.23527,43.78584],[-79.24088,43.78433],[-79.25037,43.78236],[-79.25243,43.78212],[-79.25427,43.78287],[-79.25554,43.78272],[-79.25388,43.77857],[-79.2538,43.77716],[-79.25454,43.77715],[-79.25522,43.77841],[-79.25642,43.77889],[-79.26046,43.77818],[-79.26126,43.77753],[-79.26191,43.77586],[-79.26239,43.77555],[-79.2627,43.77544],[-79.26299,43.77536],[-79.26309,43.77534],[-79.26317,43.77533],[-79.26326,43.77531],[-79.26239,43.77333],[-79.26104,43.77363],[-79.26088,43.77486],[-79.26191,43.77586],[-79.26309,43.77534],[-79.26344,43.77629],[-79.26448,43.77879],[-79.26478,43.77958],[-79.26482,43.77968],[-79.26485,43.77973],[-79.26494,43.78037],[-79.2645,43.7807],[-79.2639,43.78055],[-79.26389,43.78002],[-79.26427,43.77981],[-79.26442,43.77977],[-79.26482,43.77968],[-79.26495,43.77966],[-79.26559,43.77946],[-79.31257,43.76883],[-79.33234,43.76848],[-79.35417,43.76693],[-79.3719,43.76613],[-79.37774,43.76554],[-79.39462,43.76172],[-79.3985,43.76004],[-79.40545,43.7559],[-79.40835,43.75533],[-79.40923,43.75578],[-79.40965,43.75673],[-79.41591,43.78196]]}}]}